image;original;title;page;author;license;license_url;faces_blurred
images/real/real_61204a9c4a.jpg;2022_City_-_371_37782a25.jpg;File:2022 ГАЗель City НТА в Санкт-Петербурге маршрут 371.jpg;https://commons.wikimedia.org/wiki/File%3A2022_%D0%93%D0%90%D0%97%D0%B5%D0%BB%D1%8C_City_%D0%9D%D0%A2%D0%90_%D0%B2_%D0%A1%D0%B0%D0%BD%D0%BA%D1%82-%D0%9F%D0%B5%D1%82%D0%B5%D1%80%D0%B1%D1%83%D1%80%D0%B3%D0%B5_%D0%BC%D0%B0%D1%80%D1%88%D1%80%D1%83%D1%82_371.jpg;Горный человек;CC BY-SA 4.0;https://creativecommons.org/licenses/by-sa/4.0;1
images/real/real_229a9e95bc.jpg;20240419_Sergiev_Posad_city_walk_06_70677__a3b24e30.jpg;File:20240419 Sergiev Posad city walk 06 (70677).jpg;https://commons.wikimedia.org/wiki/File%3A20240419_Sergiev_Posad_city_walk_06_%2870677%29.jpg;Sergey A. Demidov;CC BY 4.0;https://creativecommons.org/licenses/by/4.0;0
images/real/real_b8a951e3b6.jpg;2025-09-21_Moscow_marathon_RGVIO_bus_02_c10bf3f8.jpg;File:2025-09-21 Moscow marathon, RGVIO bus 02.jpg;https://commons.wikimedia.org/wiki/File%3A2025-09-21_Moscow_marathon%2C_RGVIO_bus_02.jpg;Retired electrician;CC0;http://creativecommons.org/publicdomain/zero/1.0/deed.en;8
images/real/real_ba394eb316.jpg;2025-09-21_Moscow_marathon_RGVIO_bus_03_9e73888e.jpg;File:2025-09-21 Moscow marathon, RGVIO bus 03.jpg;https://commons.wikimedia.org/wiki/File%3A2025-09-21_Moscow_marathon%2C_RGVIO_bus_03.jpg;Retired electrician;CC0;http://creativecommons.org/publicdomain/zero/1.0/deed.en;1
images/real/real_a9403a5b99.jpg;2025_A_NefAZ-5299-40-52_bus_on_route_6_in_Naberezhnye_Chelny_5fcfe7c1.jpg;File:2025 A NefAZ-5299-40-52 bus on route 6 in Naberezhnye Chelny.jpg;https://commons.wikimedia.org/wiki/File%3A2025_A_NefAZ-5299-40-52_bus_on_route_6_in_Naberezhnye_Chelny.jpg;Gshwu68votk;CC0;http://creativecommons.org/publicdomain/zero/1.0/deed.en;0
images/real/real_4ff3a409b7.jpg;2316525_-5299__66a5f203.jpg;File:2316525 НефАЗ-5299 в Ижевске.jpg;https://commons.wikimedia.org/wiki/File%3A2316525_%D0%9D%D0%B5%D1%84%D0%90%D0%97-5299_%D0%B2_%D0%98%D0%B6%D0%B5%D0%B2%D1%81%D0%BA%D0%B5.jpg;Сэм.;CC BY-SA 4.0;https://creativecommons.org/licenses/by-sa/4.0;5
images/real/real_c1b5e18826.jpg;2353832_-103__87d81f71.jpg;File:2353832 МАЗ-103 в Пензе.jpg;https://commons.wikimedia.org/wiki/File%3A2353832_%D0%9C%D0%90%D0%97-103_%D0%B2_%D0%9F%D0%B5%D0%BD%D0%B7%D0%B5.jpg;Сэм.;CC BY-SA 4.0;https://creativecommons.org/licenses/by-sa/4.0;0
images/real/real_4b3c514c02.jpg;2354036_-4270__d95822f0.jpg;File:2354036 КАвЗ-4270 в Пензе.jpg;https://commons.wikimedia.org/wiki/File%3A2354036_%D0%9A%D0%90%D0%B2%D0%97-4270_%D0%B2_%D0%9F%D0%B5%D0%BD%D0%B7%D0%B5.jpg;Сэм.;CC BY-SA 4.0;https://creativecommons.org/licenses/by-sa/4.0;3
images/real/real_0bd8467f12.jpg;2354040_Mercedes-Benz_O530_Citaro__5bf5febf.jpg;File:2354040 Mercedes-Benz O530 Citaro в Пензе.jpg;https://commons.wikimedia.org/wiki/File%3A2354040_Mercedes-Benz_O530_Citaro_%D0%B2_%D0%9F%D0%B5%D0%BD%D0%B7%D0%B5.jpg;Сэм.;CC BY-SA 4.0;https://creativecommons.org/licenses/by-sa/4.0;1
images/real/real_34bb42aa0c.jpg;2396756_MAN_A21__b3f160a7.jpg;File:2396756 MAN A21 в Пензе.jpg;https://commons.wikimedia.org/wiki/File%3A2396756_MAN_A21_%D0%B2_%D0%9F%D0%B5%D0%BD%D0%B7%D0%B5.jpg;Сэм.;CC BY-SA 4.0;https://creativecommons.org/licenses/by-sa/4.0;4
images/real/real_3a6676d1e1.jpg;2446347_Mercedes-Benz_O405__19891266.jpg;File:2446347 Mercedes-Benz O405 в Пензе.jpg;https://commons.wikimedia.org/wiki/File%3A2446347_Mercedes-Benz_O405_%D0%B2_%D0%9F%D0%B5%D0%BD%D0%B7%D0%B5.jpg;Сэм.;CC BY-SA 4.0;https://creativecommons.org/licenses/by-sa/4.0;0
images/real/real_22f9988f2f.jpg;2446374_Mercedes-Benz_O405__666dec29.jpg;File:2446374 Mercedes-Benz O405 в Пензе.jpg;https://commons.wikimedia.org/wiki/File%3A2446374_Mercedes-Benz_O405_%D0%B2_%D0%9F%D0%B5%D0%BD%D0%B7%D0%B5.jpg;Сэм.;CC BY-SA 4.0;https://creativecommons.org/licenses/by-sa/4.0;8
images/real/real_bfa246c5db.jpg;25_years_marshrutka_in_Kaliningrad_e1c7575f.jpg;File:25 years marshrutka in Kaliningrad.jpg;https://commons.wikimedia.org/wiki/File%3A25_years_marshrutka_in_Kaliningrad.jpg;Александр Подгорчук;CC BY 4.0;https://creativecommons.org/licenses/by/4.0;0
images/real/real_1f22252263.jpg;29busKTM_29d81620.jpg;File:29busKTM.jpg;https://commons.wikimedia.org/wiki/File%3A29busKTM.jpg;Andman 51 rus;CC BY 4.0;https://creativecommons.org/licenses/by/4.0;1
images/real/real_48b6d9afd7.jpg;338_big2_e5d910da.jpg;File:338 big2.jpg;https://commons.wikimedia.org/wiki/File%3A338_big2.jpg;Ольга Белякова;CC0;http://creativecommons.org/publicdomain/zero/1.0/deed.en;2
images/real/real_a1c318b566.jpg;4._993_9c8ef250.jpg;File:4. ЕС 993.jpg;https://commons.wikimedia.org/wiki/File%3A4._%D0%95%D0%A1_993.jpg;Roman645;CC BY-SA 4.0;https://creativecommons.org/licenses/by-sa/4.0;0
images/real/real_0daf584772.jpg;419_2020.04.25_31-_DSC_0153_2df2af0c.jpg;File:419=2020.04.25=Автобус=31-й маршрут(Казань)=DSC 0153.JPG;https://commons.wikimedia.org/wiki/File%3A419%3D2020.04.25%3D%D0%90%D0%B2%D1%82%D0%BE%D0%B1%D1%83%D1%81%3D31-%D0%B9_%D0%BC%D0%B0%D1%80%D1%88%D1%80%D1%83%D1%82%28%D0%9A%D0%B0%D0%B7%D0%B0%D0%BD%D1%8C%29%3DDSC_0153.JPG;MarSaf;CC0;http://creativecommons.org/publicdomain/zero/1.0/deed.en;0
images/real/real_a306ea719f.jpg;428_2020.04.29_90-_LOTOS-206-_NG_DSC_0557_695d8fa3.jpg;File:428=2020.04.29=Автобус=90-й маршрут=LOTOS-206-СNG(Казань)=DSC 0557.JPG;https://commons.wikimedia.org/wiki/File%3A428%3D2020.04.29%3D%D0%90%D0%B2%D1%82%D0%BE%D0%B1%D1%83%D1%81%3D90-%D0%B9_%D0%BC%D0%B0%D1%80%D1%88%D1%80%D1%83%D1%82%3DLOTOS-206-%D0%A1NG%28%D0%9A%D0%B0%D0%B7%D0%B0%D0%BD%D1%8C%29%3DDSC_0557.JPG;MarSaf;CC0;http://creativecommons.org/publicdomain/zero/1.0/deed.en;0
images/real/real_a678690d71.jpg;Arzamas_Nizhny_Novgorod_Oblast_Russia_-_panoramio_23__9bc1a430.jpg;File:Arzamas, Nizhny Novgorod Oblast, Russia - panoramio (23).jpg;https://commons.wikimedia.org/wiki/File%3AArzamas%2C_Nizhny_Novgorod_Oblast%2C_Russia_-_panoramio_%2823%29.jpg;Svetlov Artem;CC BY 3.0;https://creativecommons.org/licenses/by/3.0;9
images/real/real_160380c58a.jpg;Arzamas_Nizhny_Novgorod_Oblast_Russia_-_panoramio_33__9f584efe.jpg;File:Arzamas, Nizhny Novgorod Oblast, Russia - panoramio (33).jpg;https://commons.wikimedia.org/wiki/File%3AArzamas%2C_Nizhny_Novgorod_Oblast%2C_Russia_-_panoramio_%2833%29.jpg;Svetlov Artem;CC BY 3.0;https://creativecommons.org/licenses/by/3.0;0
images/real/real_e306f625bf.jpg;Arzamas_Nizhny_Novgorod_Oblast_Russia_-_panoramio_35__dc042b35.jpg;File:Arzamas, Nizhny Novgorod Oblast, Russia - panoramio (35).jpg;https://commons.wikimedia.org/wiki/File%3AArzamas%2C_Nizhny_Novgorod_Oblast%2C_Russia_-_panoramio_%2835%29.jpg;Svetlov Artem;CC BY 3.0;https://creativecommons.org/licenses/by/3.0;0
images/real/real_445b4ca76a.jpg;Arzamas_bus_191_252_2026-08_1787323026_Sobornaya_Square_PAZ-3204_e5aec9b6.jpg;File:Arzamas bus А191ОВ252 2026-08 1787323026 Sobornaya Square PAZ-3204.jpg;https://commons.wikimedia.org/wiki/File%3AArzamas_bus_%D0%90191%D0%9E%D0%92252_2026-08_1787323026_Sobornaya_Square_PAZ-3204.jpg;Artyom Svetlov;CC BY 4.0;https://creativecommons.org/licenses/by/4.0;4
images/real/real_2bf38fbe87.jpg;Arzamas_bus_458_152_2026-08_1787327280_Krasnyi_Put_street_LiAZ-5256_e605ae83.jpg;File:Arzamas bus А458АА152 2026-08 1787327280 Krasnyi Put street LiAZ-5256.jpg;https://commons.wikimedia.org/wiki/File%3AArzamas_bus_%D0%90458%D0%90%D0%90152_2026-08_1787327280_Krasnyi_Put_street_LiAZ-5256.jpg;Artyom Svetlov;CC BY 4.0;https://creativecommons.org/licenses/by/4.0;0
images/real/real_16e0880e30.jpg;Arzamas_bus_491_152_2026-08_1787323946_Muchnoi_Ryad_street_LiAZ-5256_441ee6ce.jpg;File:Arzamas bus А491АА152 2026-08 1787323946 Muchnoi Ryad street LiAZ-5256.jpg;https://commons.wikimedia.org/wiki/File%3AArzamas_bus_%D0%90491%D0%90%D0%90152_2026-08_1787323946_Muchnoi_Ryad_street_LiAZ-5256.jpg;Artyom Svetlov;CC BY 4.0;https://creativecommons.org/licenses/by/4.0;0
images/real/real_c94e37727f.jpg;Arzamas_bus_531_252_2026-08_1787323057_Sobornaya_Square_LiAZ-5256_653d549b.jpg;File:Arzamas bus 531УР252 2026-08 1787323057 Sobornaya Square LiAZ-5256.jpg;https://commons.wikimedia.org/wiki/File%3AArzamas_bus_531%D0%A3%D0%A0252_2026-08_1787323057_Sobornaya_Square_LiAZ-5256.jpg;Artyom Svetlov;CC BY 4.0;https://creativecommons.org/licenses/by/4.0;0
images/real/real_5aebf0e0ed.jpg;Auferstehungskathedrale_-_panoramio_2__12098ec2.jpg;File:Auferstehungskathedrale - panoramio (2).jpg;https://commons.wikimedia.org/wiki/File%3AAuferstehungskathedrale_-_panoramio_%282%29.jpg;Kurt Basis;CC BY 3.0;https://creativecommons.org/licenses/by/3.0;0
images/real/real_b13daccbeb.jpg;Avtobus13_b0d7f856.jpg;File:Avtobus13.jpg;https://commons.wikimedia.org/wiki/File%3AAvtobus13.jpg;Matvei.ratseevM;CC BY-SA 4.0;https://creativecommons.org/licenses/by-sa/4.0;0
images/real/real_d5004f12ba.jpg;Balashikha_Moscow_Oblast_Russia_-_panoramio_160__9aac399e.jpg;File:Balashikha, Moscow Oblast, Russia - panoramio (160).jpg;https://commons.wikimedia.org/wiki/File%3ABalashikha%2C_Moscow_Oblast%2C_Russia_-_panoramio_%28160%29.jpg;Svetlov Artem;CC BY 3.0;https://creativecommons.org/licenses/by/3.0;0
images/real/real_b5603cb911.jpg;Baltic_Shuttle_Bus_in_Saint_Petersburg_cb0d6286.jpg;File:Baltic Shuttle Bus in Saint Petersburg.jpg;https://commons.wikimedia.org/wiki/File%3ABaltic_Shuttle_Bus_in_Saint_Petersburg.jpg;Leshe;CC BY-SA 4.0;https://creativecommons.org/licenses/by-sa/4.0;0
images/real/real_b9de87c6d9.jpg;Belgorod_bus_03_18d11c2e.jpg;File:Belgorod bus 03.JPG;https://commons.wikimedia.org/wiki/File%3ABelgorod_bus_03.JPG;Лобачев Владимир;CC BY-SA 3.0;https://creativecommons.org/licenses/by-sa/3.0;2
images/real/real_0b73937cd8.jpg;Belgorod_bus_04_9c4e5890.jpg;File:Belgorod bus 04.JPG;https://commons.wikimedia.org/wiki/File%3ABelgorod_bus_04.JPG;Лобачев Владимир;CC BY-SA 3.0;https://creativecommons.org/licenses/by-sa/3.0;1
images/real/real_bcf1ce66e5.jpg;Belgorod_bus_05_f1b57926.jpg;File:Belgorod bus 05.JPG;https://commons.wikimedia.org/wiki/File%3ABelgorod_bus_05.JPG;Лобачев Владимир;CC BY-SA 3.0;https://creativecommons.org/licenses/by-sa/3.0;0
images/real/real_13568c2494.jpg;Belgorod_bus_17_f4c61d9d.jpg;File:Belgorod bus 17.jpg;https://commons.wikimedia.org/wiki/File%3ABelgorod_bus_17.jpg;Лобачев Владимир;CC BY-SA 3.0;https://creativecommons.org/licenses/by-sa/3.0;0
images/real/real_0f6228599a.jpg;Bogdan-A092_13d33c0e.jpg;File:Bogdan-A092.jpg;https://commons.wikimedia.org/wiki/File%3ABogdan-A092.jpg;Павел Королевский (Chelyabinsk74);CC BY 3.0;https://creativecommons.org/licenses/by/3.0;2
images/real/real_1d158b8e4a.jpg;Brodneva_Street_03__c15208a2.jpg;File:Brodneva Street (03).jpg;https://commons.wikimedia.org/wiki/File%3ABrodneva_Street_%2803%29.jpg;Vasyatka1;CC BY-SA 4.0;https://creativecommons.org/licenses/by-sa/4.0;0
images/real/real_f38bb179dd.jpg;Bryansk_bus_LiAZ-4292_768_32_2019-05_21f679ae.jpg;File:Bryansk bus LiAZ-4292 АМ 768 32 2019-05.jpg;https://commons.wikimedia.org/wiki/File%3ABryansk_bus_LiAZ-4292_%D0%90%D0%9C_768_32_2019-05.jpg;Svetlov Artem;CC0;http://creativecommons.org/publicdomain/zero/1.0/deed.en;1
images/real/real_b9b8e2a5d6.jpg;Bryansk_bus_LiAZ-4292_802_32_2019-05_ed39aeee.jpg;File:Bryansk bus LiAZ-4292 АМ 802 32 2019-05.jpg;https://commons.wikimedia.org/wiki/File%3ABryansk_bus_LiAZ-4292_%D0%90%D0%9C_802_32_2019-05.jpg;Svetlov Artem;CC0;http://creativecommons.org/publicdomain/zero/1.0/deed.en;1
images/real/real_c386a96298.jpg;Bryansk_bus_LiAZ-4292_819_32_2019-05_b4f85662.jpg;File:Bryansk bus LiAZ-4292 АМ 819 32 2019-05.jpg;https://commons.wikimedia.org/wiki/File%3ABryansk_bus_LiAZ-4292_%D0%90%D0%9C_819_32_2019-05.jpg;Svetlov Artem;CC0;http://creativecommons.org/publicdomain/zero/1.0/deed.en;0
images/real/real_0f32c0a00c.jpg;Bryansk_bus_Sovtransavto_Ikarus_178_32_2_669c9e0b.jpg;File:Bryansk bus Sovtransavto Ikarus АЕ178 32 2.jpg;https://commons.wikimedia.org/wiki/File%3ABryansk_bus_Sovtransavto_Ikarus_%D0%90%D0%95178_32_2.jpg;Svetlov Artem;CC0;http://creativecommons.org/publicdomain/zero/1.0/deed.en;0
images/real/real_913a0e8542.jpg;Bryansk_bus_Sovtransavto_Ikarus_178_32_3651c9b2.jpg;File:Bryansk bus Sovtransavto Ikarus АЕ178 32.jpg;https://commons.wikimedia.org/wiki/File%3ABryansk_bus_Sovtransavto_Ikarus_%D0%90%D0%95178_32.jpg;Svetlov Artem;CC0;http://creativecommons.org/publicdomain/zero/1.0/deed.en;0
images/real/real_225e0e5af4.jpg;Bus_160352_on_route_85_on_Kashirskoye_Shosse_Moscow_08.05.2025__796685ba.jpg;File:Bus 160352 on route е85 on Kashirskoye Shosse, Moscow (08.05.2025).jpg;https://commons.wikimedia.org/wiki/File%3ABus_160352_on_route_%D0%B585_on_Kashirskoye_Shosse%2C_Moscow_%2808.05.2025%29.jpg;Brateevsky;CC BY-SA 4.0;https://creativecommons.org/licenses/by-sa/4.0;1
images/real/real_9fb1f8a793.jpg;Bus_162490_on_route_80_near_Kashirskaya_metro_station_Moscow_08.05.2025__5169d315.jpg;File:Bus 162490 on route е80 near Kashirskaya metro station, Moscow (08.05.2025).jpg;https://commons.wikimedia.org/wiki/File%3ABus_162490_on_route_%D0%B580_near_Kashirskaya_metro_station%2C_Moscow_%2808.05.2025%29.jpg;Brateevsky;CC BY-SA 4.0;https://creativecommons.org/licenses/by-sa/4.0;1
images/real/real_92d62d2a80.jpg;Bus_In_Cheboksary_d2b41039.jpg;File:Bus In Cheboksary.jpg;https://commons.wikimedia.org/wiki/File%3ABus_In_Cheboksary.jpg;Горизонт событий;CC BY-SA 4.0;https://creativecommons.org/licenses/by-sa/4.0;1
images/real/real_ae7aad844d.jpg;Bus_Sochi_2018_50afa43d.jpg;File:Bus Sochi 2018.jpg;https://commons.wikimedia.org/wiki/File%3ABus_Sochi_2018.jpg;Константин2244;CC BY 4.0;https://creativecommons.org/licenses/by/4.0;2
images/real/real_83e4136023.jpg;Bus_in_Kudrovo_596A_103533_8f759088.jpg;File:Bus in Kudrovo 596A 103533.jpg;https://commons.wikimedia.org/wiki/File%3ABus_in_Kudrovo_596A_103533.jpg;Andrey Petrov;CC BY-SA 4.0;https://creativecommons.org/licenses/by-sa/4.0;0
images/real/real_e5c62ec15e.jpg;Bus_in_Kudrovo_618_7467_817abee4.jpg;File:Bus in Kudrovo 618 7467.jpg;https://commons.wikimedia.org/wiki/File%3ABus_in_Kudrovo_618_7467.jpg;Andrey Petrov;CC BY-SA 4.0;https://creativecommons.org/licenses/by-sa/4.0;0
images/real/real_326911cd2e.jpg;Bus_routes_37_and_25_on_Lenina_Avenue_Bryansk_1e5e6c65.jpg;File:Bus routes 37 and 25 on Lenina Avenue Bryansk.jpg;https://commons.wikimedia.org/wiki/File%3ABus_routes_37_and_25_on_Lenina_Avenue_Bryansk.jpg;Брянская мэрия;CC0;http://creativecommons.org/publicdomain/zero/1.0/deed.en;3
images/real/real_f8dc108047.jpg;Buso_NefAZ-5299-40_en_strato_la_20-a_Linio_Rostov_e_Dono_01_07d957b5.jpg;File:Buso NefAZ-5299-40 en strato la 20-a Linio (Rostov ĉe Dono) 01.jpg;https://commons.wikimedia.org/wiki/File%3ABuso_NefAZ-5299-40_en_strato_la_20-a_Linio_%28Rostov_%C4%89e_Dono%29_01.jpg;RG72;CC BY-SA 4.0;https://creativecommons.org/licenses/by-sa/4.0;1
images/real/real_2ea04f5aeb.jpg;Buso_NefAZ-5299-40_en_strato_la_20-a_Linio_Rostov_e_Dono__e3b67069.jpg;File:Buso NefAZ-5299-40 en strato la 20-a Linio (Rostov ĉe Dono).jpg;https://commons.wikimedia.org/wiki/File%3ABuso_NefAZ-5299-40_en_strato_la_20-a_Linio_%28Rostov_%C4%89e_Dono%29.jpg;RG72;CC BY-SA 4.0;https://creativecommons.org/licenses/by-sa/4.0;0
images/real/real_ef0d45c505.jpg;Delta_Star_bus_Podolsk_838_50_14876651954__431e4b6d.jpg;File:Delta Star bus Podolsk ЕР 838 50 (14876651954).jpg;https://commons.wikimedia.org/wiki/File%3ADelta_Star_bus_Podolsk_%D0%95%D0%A0_838_50_%2814876651954%29.jpg;Artem Svetlov from Moscow, Russia;CC BY 2.0;https://creativecommons.org/licenses/by/2.0;0
images/real/real_d87dc7c902.jpg;Domodedovsky_District_bus_2026-07_Vokzalnaya_street_Lotos-105_494_5596e8e6.jpg;File:Domodedovsky District bus 2026-07 Vokzalnaya street Lotos-105 494.JPG;https://commons.wikimedia.org/wiki/File%3ADomodedovsky_District_bus_2026-07_Vokzalnaya_street_Lotos-105_494.JPG;Artyom Svetlov;CC BY 4.0;https://creativecommons.org/licenses/by/4.0;0
images/real/real_538d74a195.jpg;Electrically-powered_bus_in_Sochi_01_26542be2.jpg;File:Electrically-powered bus in Sochi 01.jpg;https://commons.wikimedia.org/wiki/File%3AElectrically-powered_bus_in_Sochi_01.jpg;Stolbovsky;CC BY-SA 3.0;https://creativecommons.org/licenses/by-sa/3.0;0
images/real/real_af5aaf000d.jpg;Electrically-powered_bus_in_Sochi_02_59709d1b.jpg;File:Electrically-powered bus in Sochi 02.jpg;https://commons.wikimedia.org/wiki/File%3AElectrically-powered_bus_in_Sochi_02.jpg;Stolbovsky;CC BY-SA 3.0;https://creativecommons.org/licenses/by-sa/3.0;2
images/real/real_34256c6a06.jpg;Every_monkey_like_to_be_-_panoramio_2d006288.jpg;File:Every monkey like to be - panoramio.jpg;https://commons.wikimedia.org/wiki/File%3AEvery_monkey_like_to_be_-_panoramio.jpg;Иван Манилов;CC BY 3.0;https://creativecommons.org/licenses/by/3.0;0
images/real/real_67bdd9998e.jpg;FachGesch_ft_auf_dem_Platz_-_panoramio_e1d27939.jpg;File:FachGeschäft auf dem Platz - panoramio.jpg;https://commons.wikimedia.org/wiki/File%3AFachGesch%C3%A4ft_auf_dem_Platz_-_panoramio.jpg;Kurt Basis;CC BY 3.0;https://creativecommons.org/licenses/by/3.0;0
images/real/real_7ab7f06614.jpg;Ford_Transit__11e18091.jpg;File:Ford Transit ИП Лебедевы в Сергиевом Посаде.jpg;https://commons.wikimedia.org/wiki/File%3AFord_Transit_%D0%98%D0%9F_%D0%9B%D0%B5%D0%B1%D0%B5%D0%B4%D0%B5%D0%B2%D1%8B_%D0%B2_%D0%A1%D0%B5%D1%80%D0%B3%D0%B8%D0%B5%D0%B2%D0%BE%D0%BC_%D0%9F%D0%BE%D1%81%D0%B0%D0%B4%D0%B5.jpg;ATI1999;CC BY-SA 4.0;https://creativecommons.org/licenses/by-sa/4.0;1
images/real/real_2693cf3ae5.jpg;Ford_Transit_in_Chelyabinsk_f22a699b.jpg;File:Ford Transit in Chelyabinsk.jpg;https://commons.wikimedia.org/wiki/File%3AFord_Transit_in_Chelyabinsk.jpg;Павел Королевский (Chelyabinsk74);CC BY 3.0;https://creativecommons.org/licenses/by/3.0;0
images/real/real_03e7a868fe.jpg;Freightliner_FS-65_in_Moscow_rear_view__15fe29f5.jpg;File:Freightliner FS-65 in Moscow (rear view).jpg;https://commons.wikimedia.org/wiki/File%3AFreightliner_FS-65_in_Moscow_%28rear_view%29.jpg;Kirill Borisenko;CC BY-SA 4.0;https://creativecommons.org/licenses/by-sa/4.0;1
images/real/real_5820232c0a.jpg;G_ppel_Go4City_19_in_SPB_01_9ea6c708.jpg;File:Göppel Go4City 19 in SPB 01.jpg;https://commons.wikimedia.org/wiki/File%3AG%C3%B6ppel_Go4City_19_in_SPB_01.jpg;Florstein (Telegram:WikiPhoto.Space);CC BY-SA 4.0;https://creativecommons.org/licenses/by-sa/4.0;1
images/real/real_07ad5f2b4e.jpg;Gatchina-20210102_PAZ-320412-05-Vector_O_334_EKh_47_bb96ab99.jpg;File:Gatchina-20210102 PAZ-320412-05-Vector O 334 EKh 47.jpg;https://commons.wikimedia.org/wiki/File%3AGatchina-20210102_PAZ-320412-05-Vector_O_334_EKh_47.jpg;RussianCreativeNeptune;CC0;http://creativecommons.org/publicdomain/zero/1.0/deed.en;0
images/real/real_629b06603b.jpg;Gatchina-20220813_LiAZ-5256.58_3480_Route-K-18_c7d39663.jpg;File:Gatchina-20220813 LiAZ-5256.58 3480 Route-K-18.jpg;https://commons.wikimedia.org/wiki/File%3AGatchina-20220813_LiAZ-5256.58_3480_Route-K-18.jpg;RussianCreativeNeptune;CC0;http://creativecommons.org/publicdomain/zero/1.0/deed.en;0
images/real/real_e69abc5adc.jpg;Gatchina-20220814_PAZ-320412-05-Vector_O_334_EKh_47_9190e448.jpg;File:Gatchina-20220814 PAZ-320412-05-Vector O 334 EKh 47.jpg;https://commons.wikimedia.org/wiki/File%3AGatchina-20220814_PAZ-320412-05-Vector_O_334_EKh_47.jpg;RussianCreativeNeptune;CC0;http://creativecommons.org/publicdomain/zero/1.0/deed.en;0
images/real/real_bee86bcb3c.jpg;Gatchina-20220927_PAZ-320412-05-Vector_O_273_SKh_47_Route-7_7abed626.jpg;File:Gatchina-20220927 PAZ-320412-05-Vector O 273 SKh 47 Route-7.jpg;https://commons.wikimedia.org/wiki/File%3AGatchina-20220927_PAZ-320412-05-Vector_O_273_SKh_47_Route-7.jpg;RussianCreativeNeptune;CC0;http://creativecommons.org/publicdomain/zero/1.0/deed.en;2
images/real/real_c48e1c5234.jpg;Gatchina-20221203_PAZ-320435-04-Vector-Next_V_715_AV_147_Route-27_994c3d39.jpg;File:Gatchina-20221203 PAZ-320435-04-Vector-Next V 715 AV 147 Route-27.jpg;https://commons.wikimedia.org/wiki/File%3AGatchina-20221203_PAZ-320435-04-Vector-Next_V_715_AV_147_Route-27.jpg;RussianCreativeNeptune;CC0;http://creativecommons.org/publicdomain/zero/1.0/deed.en;0
images/real/real_d49b8a5ddb.jpg;Gatchina-20230116_PAZ-320435-04-Vector-Next_V_400_NU_147_72dbe82f.jpg;File:Gatchina-20230116 PAZ-320435-04-Vector-Next V 400 NU 147.jpg;https://commons.wikimedia.org/wiki/File%3AGatchina-20230116_PAZ-320435-04-Vector-Next_V_400_NU_147.jpg;RussianCreativeNeptune;CC0;http://creativecommons.org/publicdomain/zero/1.0/deed.en;0
images/real/real_8039f5a62f.jpg;Gatchina-20230126_PAZ-320412-05-Vector_O_458_RN_47_Route-3_539bc530.jpg;File:Gatchina-20230126 PAZ-320412-05-Vector O 458 RN 47 Route-3.jpg;https://commons.wikimedia.org/wiki/File%3AGatchina-20230126_PAZ-320412-05-Vector_O_458_RN_47_Route-3.jpg;RussianCreativeNeptune;CC0;http://creativecommons.org/publicdomain/zero/1.0/deed.en;1
images/real/real_100abfcb72.jpg;Gatchina-20230126_PAZ-320435-04-Vector-Next_V_401_NN_147_Route-4_88d425a3.jpg;File:Gatchina-20230126 PAZ-320435-04-Vector-Next V 401 NN 147 Route-4.jpg;https://commons.wikimedia.org/wiki/File%3AGatchina-20230126_PAZ-320435-04-Vector-Next_V_401_NN_147_Route-4.jpg;RussianCreativeNeptune;CC0;http://creativecommons.org/publicdomain/zero/1.0/deed.en;1
images/real/real_f0603e1712.jpg;Gatchina-20230206_PAZ-320412-05-Vector_O_337_EKh_47_Route-22_4033774f.jpg;File:Gatchina-20230206 PAZ-320412-05-Vector O 337 EKh 47 Route-22.jpg;https://commons.wikimedia.org/wiki/File%3AGatchina-20230206_PAZ-320412-05-Vector_O_337_EKh_47_Route-22.jpg;RussianCreativeNeptune;CC0;http://creativecommons.org/publicdomain/zero/1.0/deed.en;0
images/real/real_213dfa8708.jpg;Gatchina-20230206_PAZ-320412-05-Vector_O_338_EKh_47_Route-22_cdd3675a.jpg;File:Gatchina-20230206 PAZ-320412-05-Vector O 338 EKh 47 Route-22.jpg;https://commons.wikimedia.org/wiki/File%3AGatchina-20230206_PAZ-320412-05-Vector_O_338_EKh_47_Route-22.jpg;RussianCreativeNeptune;CC0;http://creativecommons.org/publicdomain/zero/1.0/deed.en;0
images/real/real_c6a6b3b022.jpg;Gatchina-20230207_PAZ-320412-05-Vector_O_273_SKh_47_Route-29_0863fbcb.jpg;File:Gatchina-20230207 PAZ-320412-05-Vector O 273 SKh 47 Route-29.jpg;https://commons.wikimedia.org/wiki/File%3AGatchina-20230207_PAZ-320412-05-Vector_O_273_SKh_47_Route-29.jpg;RussianCreativeNeptune;CC0;http://creativecommons.org/publicdomain/zero/1.0/deed.en;0
images/real/real_ee132b7a41.jpg;Gatchina-20230208_PAZ-320402-05_Kh_507_NO_47_Route-29_ecf71ec7.jpg;File:Gatchina-20230208 PAZ-320402-05 Kh 507 NO 47 Route-29.jpg;https://commons.wikimedia.org/wiki/File%3AGatchina-20230208_PAZ-320402-05_Kh_507_NO_47_Route-29.jpg;RussianCreativeNeptune;CC0;http://creativecommons.org/publicdomain/zero/1.0/deed.en;0
images/real/real_c9b98a1acb.jpg;Gatchina-20230208_PAZ-320412-05-Vector_O_331_EKh_47_Route-22_d187d8e0.jpg;File:Gatchina-20230208 PAZ-320412-05-Vector O 331 EKh 47 Route-22.jpg;https://commons.wikimedia.org/wiki/File%3AGatchina-20230208_PAZ-320412-05-Vector_O_331_EKh_47_Route-22.jpg;RussianCreativeNeptune;CC0;http://creativecommons.org/publicdomain/zero/1.0/deed.en;0
images/real/real_55103197ca.jpg;Gatchina-20230219_PAZ-320402-05_Kh_507_NO_47_Route-21_25738e3d.jpg;File:Gatchina-20230219 PAZ-320402-05 Kh 507 NO 47 Route-21.jpg;https://commons.wikimedia.org/wiki/File%3AGatchina-20230219_PAZ-320402-05_Kh_507_NO_47_Route-21.jpg;RussianCreativeNeptune;CC0;http://creativecommons.org/publicdomain/zero/1.0/deed.en;0
images/real/real_ccb3c3c7a6.jpg;Gatchina-20230219_PAZ-320435-04-Vector-Next_V_401_NN_147_Route-8_f081572d.jpg;File:Gatchina-20230219 PAZ-320435-04-Vector-Next V 401 NN 147 Route-8.jpg;https://commons.wikimedia.org/wiki/File%3AGatchina-20230219_PAZ-320435-04-Vector-Next_V_401_NN_147_Route-8.jpg;RussianCreativeNeptune;CC0;http://creativecommons.org/publicdomain/zero/1.0/deed.en;1
images/real/real_5ebd9a0829.jpg;Gatchina-20230306_PAZ-320402-05_Kh_506_NO_47_Route-21_78f7f8db.jpg;File:Gatchina-20230306 PAZ-320402-05 Kh 506 NO 47 Route-21.jpg;https://commons.wikimedia.org/wiki/File%3AGatchina-20230306_PAZ-320402-05_Kh_506_NO_47_Route-21.jpg;RussianCreativeNeptune;CC0;http://creativecommons.org/publicdomain/zero/1.0/deed.en;0
images/real/real_0a50cd7e8d.jpg;Gatchina-20230306_PAZ-320435-04-Vector-Next_V_400_MM_147_Route-27_f96251b9.jpg;File:Gatchina-20230306 PAZ-320435-04-Vector-Next V 400 MM 147 Route-27.jpg;https://commons.wikimedia.org/wiki/File%3AGatchina-20230306_PAZ-320435-04-Vector-Next_V_400_MM_147_Route-27.jpg;RussianCreativeNeptune;CC0;http://creativecommons.org/publicdomain/zero/1.0/deed.en;1
images/real/real_d2f23e9177.jpg;Gatchina-20230325_LiAZ-5293.60_3836_Route-431_ed73975a.jpg;File:Gatchina-20230325 LiAZ-5293.60 3836 Route-431.jpg;https://commons.wikimedia.org/wiki/File%3AGatchina-20230325_LiAZ-5293.60_3836_Route-431.jpg;RussianCreativeNeptune;CC0;http://creativecommons.org/publicdomain/zero/1.0/deed.en;0
images/real/real_8ec9a39774.jpg;Gatchina-20230329_PAZ-320402-05_Kh_714_UM_47_Route-29_e9f6b871.jpg;File:Gatchina-20230329 PAZ-320402-05 Kh 714 UM 47 Route-29.jpg;https://commons.wikimedia.org/wiki/File%3AGatchina-20230329_PAZ-320402-05_Kh_714_UM_47_Route-29.jpg;RussianCreativeNeptune;CC0;http://creativecommons.org/publicdomain/zero/1.0/deed.en;0
images/real/real_14a93dc622.jpg;Gatchina-20230403_Lotos-105_4956_Route-631_52cc8c54.jpg;File:Gatchina-20230403 Lotos-105 4956 Route-631.jpg;https://commons.wikimedia.org/wiki/File%3AGatchina-20230403_Lotos-105_4956_Route-631.jpg;RussianCreativeNeptune;CC0;http://creativecommons.org/publicdomain/zero/1.0/deed.en;0
images/real/real_fa16648cb9.jpg;Gatchina-20230404_PAZ-320402-05_Kh_508_NO_47_Route-27_e75e2e45.jpg;File:Gatchina-20230404 PAZ-320402-05 Kh 508 NO 47 Route-27.jpg;https://commons.wikimedia.org/wiki/File%3AGatchina-20230404_PAZ-320402-05_Kh_508_NO_47_Route-27.jpg;RussianCreativeNeptune;CC0;http://creativecommons.org/publicdomain/zero/1.0/deed.en;0
images/real/real_3bf5df36c5.jpg;Gatchina-20230405_PAZ-320402-05_Kh_507_NO_47_Route-27_f0ce94ff.jpg;File:Gatchina-20230405 PAZ-320402-05 Kh 507 NO 47 Route-27.jpg;https://commons.wikimedia.org/wiki/File%3AGatchina-20230405_PAZ-320402-05_Kh_507_NO_47_Route-27.jpg;RussianCreativeNeptune;CC0;http://creativecommons.org/publicdomain/zero/1.0/deed.en;0
images/real/real_4c4f69fc83.jpg;Gatchina-20230410_Lotos-105_4982_Route-631_f7c459da.jpg;File:Gatchina-20230410 Lotos-105 4982 Route-631.jpg;https://commons.wikimedia.org/wiki/File%3AGatchina-20230410_Lotos-105_4982_Route-631.jpg;RussianCreativeNeptune;CC0;http://creativecommons.org/publicdomain/zero/1.0/deed.en;1
images/real/real_8b9834b639.jpg;Gatchina-20230411_PAZ-320435-04-Vector-Next_V_429_KU_147_13ec994c.jpg;File:Gatchina-20230411 PAZ-320435-04-Vector-Next V 429 KU 147.jpg;https://commons.wikimedia.org/wiki/File%3AGatchina-20230411_PAZ-320435-04-Vector-Next_V_429_KU_147.jpg;RussianCreativeNeptune;CC0;http://creativecommons.org/publicdomain/zero/1.0/deed.en;0
images/real/real_7404699970.jpg;Gatchina-20230414_PAZ-320402-05_Kh_509_NO_47_Route-8_ed3bb7d4.jpg;File:Gatchina-20230414 PAZ-320402-05 Kh 509 NO 47 Route-8.jpg;https://commons.wikimedia.org/wiki/File%3AGatchina-20230414_PAZ-320402-05_Kh_509_NO_47_Route-8.jpg;RussianCreativeNeptune;CC0;http://creativecommons.org/publicdomain/zero/1.0/deed.en;2
images/real/real_828512cdfe.jpg;Gatchina-20230414_PAZ-320435-04-Vector-Next_V_401_NN_147_Route-29_7fecd33e.jpg;File:Gatchina-20230414 PAZ-320435-04-Vector-Next V 401 NN 147 Route-29.jpg;https://commons.wikimedia.org/wiki/File%3AGatchina-20230414_PAZ-320435-04-Vector-Next_V_401_NN_147_Route-29.jpg;RussianCreativeNeptune;CC0;http://creativecommons.org/publicdomain/zero/1.0/deed.en;0
images/real/real_a3edae4fbf.jpg;Gatchina-20230416_PAZ-320435-04-Vector-Next_V_377_SR_147_d36f23a3.jpg;File:Gatchina-20230416 PAZ-320435-04-Vector-Next V 377 SR 147.jpg;https://commons.wikimedia.org/wiki/File%3AGatchina-20230416_PAZ-320435-04-Vector-Next_V_377_SR_147.jpg;RussianCreativeNeptune;CC0;http://creativecommons.org/publicdomain/zero/1.0/deed.en;0
images/real/real_95322fe265.jpg;Gatchina-20230417_PAZ-320402-05_Kh_507_NO_47_Route-4_2f2215d8.jpg;File:Gatchina-20230417 PAZ-320402-05 Kh 507 NO 47 Route-4.jpg;https://commons.wikimedia.org/wiki/File%3AGatchina-20230417_PAZ-320402-05_Kh_507_NO_47_Route-4.jpg;RussianCreativeNeptune;CC0;http://creativecommons.org/publicdomain/zero/1.0/deed.en;0
images/real/real_71657d722f.jpg;Gatchina-20230417_PAZ-320412-05-Vector_O_447_KhV_47_Route-8_768cc0c5.jpg;File:Gatchina-20230417 PAZ-320412-05-Vector O 447 KhV 47 Route-8.jpg;https://commons.wikimedia.org/wiki/File%3AGatchina-20230417_PAZ-320412-05-Vector_O_447_KhV_47_Route-8.jpg;RussianCreativeNeptune;CC0;http://creativecommons.org/publicdomain/zero/1.0/deed.en;0
images/real/real_f894f102e3.jpg;Gatchina-20240110_PAZ-320302-08_9260_Route-535_b7d331de.jpg;File:Gatchina-20240110 PAZ-320302-08 9260 Route-535.jpg;https://commons.wikimedia.org/wiki/File%3AGatchina-20240110_PAZ-320302-08_9260_Route-535.jpg;RussianCreativeNeptune;CC0;http://creativecommons.org/publicdomain/zero/1.0/deed.en;3
images/real/real_c3b847fb63.jpg;Gatchina-20240221_PAZ-320302-08_9252_Route-535_178b5f73.jpg;File:Gatchina-20240221 PAZ-320302-08 9252 Route-535.jpg;https://commons.wikimedia.org/wiki/File%3AGatchina-20240221_PAZ-320302-08_9252_Route-535.jpg;RussianCreativeNeptune;CC0;http://creativecommons.org/publicdomain/zero/1.0/deed.en;1
images/real/real_a610fe8fbb.jpg;Gatchina-20240311_PAZ-320435-04_Vector_Next_9995_Route-536_8fac9c7d.jpg;File:Gatchina-20240311 PAZ-320435-04 Vector Next 9995 Route-536.jpg;https://commons.wikimedia.org/wiki/File%3AGatchina-20240311_PAZ-320435-04_Vector_Next_9995_Route-536.jpg;RussianCreativeNeptune;CC0;http://creativecommons.org/publicdomain/zero/1.0/deed.en;0
images/real/real_b0b8a9ac12.jpg;Gatchina_LiAZ-5256.60_3738_Route-431_c7bb6a80.jpg;File:Gatchina LiAZ-5256.60 3738 Route-431.jpg;https://commons.wikimedia.org/wiki/File%3AGatchina_LiAZ-5256.60_3738_Route-431.jpg;RussianCreativeNeptune;CC0;http://creativecommons.org/publicdomain/zero/1.0/deed.en;0
images/real/real_52eb730d60.jpg;Gatchina_PAZ-320402-05_Kh_508_NO_47_Route-8_48a5e41d.jpg;File:Gatchina PAZ-320402-05 Kh 508 NO 47 Route-8.jpg;https://commons.wikimedia.org/wiki/File%3AGatchina_PAZ-320402-05_Kh_508_NO_47_Route-8.jpg;RussianCreativeNeptune;CC0;http://creativecommons.org/publicdomain/zero/1.0/deed.en;0
images/real/real_fda4b29ca5.jpg;Gatchina_PAZ-320402-05_O_751_NR_47_Route-29_65e79965.jpg;File:Gatchina PAZ-320402-05 O 751 NR 47 Route-29.jpg;https://commons.wikimedia.org/wiki/File%3AGatchina_PAZ-320402-05_O_751_NR_47_Route-29.jpg;RussianCreativeNeptune;CC0;http://creativecommons.org/publicdomain/zero/1.0/deed.en;1
images/real/real_c6920beba1.jpg;Hauptverkehrszeit_-_panoramio_3a97ffc9.jpg;File:Hauptverkehrszeit - panoramio.jpg;https://commons.wikimedia.org/wiki/File%3AHauptverkehrszeit_-_panoramio.jpg;Kurt Basis;CC BY 3.0;https://creativecommons.org/licenses/by/3.0;1
images/real/real_2bfd8d4062.jpg;Hyundai__8fc1a3cf.jpg;"File:Hyundai курсирует ""заказной"" в Луганске с наклейками ""Луганскгортранс"".jpg";https://commons.wikimedia.org/wiki/File%3AHyundai_%D0%BA%D1%83%D1%80%D1%81%D0%B8%D1%80%D1%83%D0%B5%D1%82_%22%D0%B7%D0%B0%D0%BA%D0%B0%D0%B7%D0%BD%D0%BE%D0%B9%22_%D0%B2_%D0%9B%D1%83%D0%B3%D0%B0%D0%BD%D1%81%D0%BA%D0%B5_%D1%81_%D0%BD%D0%B0%D0%BA%D0%BB%D0%B5%D0%B9%D0%BA%D0%B0%D0%BC%D0%B8_%22%D0%9B%D1%83%D0%B3%D0%B0%D0%BD%D1%81%D0%BA%D0%B3%D0%BE%D1%80%D1%82%D1%80%D0%B0%D0%BD%D1%81%22.jpg;Chebur 21+;CC BY-SA 4.0;https://creativecommons.org/licenses/by-sa/4.0;3
images/real/real_c44714b532.jpg;Ikarus-283_Saint-Petersburg_museum_2021-05_778052c2.jpg;File:Ikarus-283 Saint-Petersburg museum 2021-05.jpg;https://commons.wikimedia.org/wiki/File%3AIkarus-283_Saint-Petersburg_museum_2021-05.jpg;Artyom Svetlov;CC0;http://creativecommons.org/publicdomain/zero/1.0/deed.en;4
images/real/real_c3c02ebe5d.jpg;Industrialnyy_rayon_Cherepovets_Vologodskaya_oblast_Russia_-_panoramio_27__0b6f49d4.jpg;File:Industrialnyy rayon, Cherepovets, Vologodskaya oblast', Russia - panoramio (27).jpg;https://commons.wikimedia.org/wiki/File%3AIndustrialnyy_rayon%2C_Cherepovets%2C_Vologodskaya_oblast%27%2C_Russia_-_panoramio_%2827%29.jpg;Svetlov Artem;CC BY 3.0;https://creativecommons.org/licenses/by/3.0;1
images/real/real_9a5d501308.jpg;Industrialnyy_rayon_Cherepovets_Vologodskaya_oblast_Russia_-_panoramio_7__0e9c61b4.jpg;File:Industrialnyy rayon, Cherepovets, Vologodskaya oblast', Russia - panoramio (7).jpg;https://commons.wikimedia.org/wiki/File%3AIndustrialnyy_rayon%2C_Cherepovets%2C_Vologodskaya_oblast%27%2C_Russia_-_panoramio_%287%29.jpg;Svetlov Artem;CC BY 3.0;https://creativecommons.org/licenses/by/3.0;2
images/real/real_86423df57d.jpg;It_is_all_around_us_-_panoramio_d41e4903.jpg;File:It is all around us - panoramio.jpg;https://commons.wikimedia.org/wiki/File%3AIt_is_all_around_us_-_panoramio.jpg;Kurt Basis;CC BY 3.0;https://creativecommons.org/licenses/by/3.0;3
images/real/real_5b2d43036f.jpg;Itinera_taksio_N_6_en_Tjumeno_01_cf0bc39c.jpg;File:Itinera taksio N 6 en Tjumeno 01.jpg;https://commons.wikimedia.org/wiki/File%3AItinera_taksio_N_6_en_Tjumeno_01.jpg;RG72;CC BY-SA 4.0;https://creativecommons.org/licenses/by-sa/4.0;1
images/real/real_62ab57c34b.jpg;Itinera_taksio_e_strato_Melnikaite_Tjumeno__28d4ad05.jpg;File:Itinera taksio ĉe strato Melnikaite (Tjumeno).jpg;https://commons.wikimedia.org/wiki/File%3AItinera_taksio_%C4%89e_strato_Melnikaite_%28Tjumeno%29.jpg;RG72;CC BY 4.0;https://creativecommons.org/licenses/by/4.0;0
images/real/real_b732f5e9df.jpg;Kaliningrad_Leninskiy_Prospekt_111-117_None2025-05_00442_0eef6e58.jpg;File:Kaliningrad Leninskiy Prospekt 111-117 None2025-05 00442.JPG;https://commons.wikimedia.org/wiki/File%3AKaliningrad_Leninskiy_Prospekt_111-117_None2025-05_00442.JPG;Artyom Svetlov;CC BY 4.0;https://creativecommons.org/licenses/by/4.0;1
images/real/real_128f2c3807.jpg;Kaliningrad_Rally_Don_t_call_him_Dimon_2017-03-26__0b958240.jpg;File:Kaliningrad Rally «Don't call him Dimon» (2017-03-26).jpg;https://commons.wikimedia.org/wiki/File%3AKaliningrad_Rally_%C2%ABDon%27t_call_him_Dimon%C2%BB_%282017-03-26%29.jpg;Олег Кичанов / Klops.ru;CC BY-SA 4.0;https://creativecommons.org/licenses/by-sa/4.0;6
images/real/real_a0e63fd279.jpg;Kaliningrad_bus_54510232632__5fc23459.jpg;File:Kaliningrad bus (54510232632).jpg;https://commons.wikimedia.org/wiki/File%3AKaliningrad_bus_%2854510232632%29.jpg;Artem Svetlov from Moscow, Russia;CC BY 2.0;https://creativecommons.org/licenses/by/2.0;1
images/real/real_145b34e18e.jpg;Kavz_4238_ryazan_0f153182.jpg;File:Kavz 4238 ryazan.jpg;https://commons.wikimedia.org/wiki/File%3AKavz_4238_ryazan.jpg;NikBerdskiy;CC BY-SA 4.0;https://creativecommons.org/licenses/by-sa/4.0;1
images/real/real_e0194428e3.jpg;Khabarovsk_Seryshev_street_1_2024-08_08_ad129555.jpg;File:Khabarovsk Seryshev street 1 2024-08 08.jpg;https://commons.wikimedia.org/wiki/File%3AKhabarovsk_Seryshev_street_1_2024-08_08.jpg;Artyom Svetlov;CC BY 4.0;https://creativecommons.org/licenses/by/4.0;0
images/real/real_0091c9be77.jpg;Khlobystova_Street_8_k2_Moscow_bus_652_77_2025-03_1742658826_Khlobystova_Street__2b5afa91.jpg;File:Khlobystova Street 8 k2, Moscow bus С652НЕ77 2025-03 1742658826 Khlobystova Street 8 k2, Moscow Nissan Homy.jpg;https://commons.wikimedia.org/wiki/File%3AKhlobystova_Street_8_k2%2C_Moscow_bus_%D0%A1652%D0%9D%D0%9577_2025-03_1742658826_Khlobystova_Street_8_k2%2C_Moscow_Nissan_Homy.jpg;Artyom Svetlov;CC BY 4.0;https://creativecommons.org/licenses/by/4.0;0
images/real/real_534be51106.jpg;Khlobystova_Street_8_k2_Moscow_bus_652_77_2025-03_1742658834_Khlobystova_Street__8e1dc927.jpg;File:Khlobystova Street 8 k2, Moscow bus С652НЕ77 2025-03 1742658834 Khlobystova Street 8 k2, Moscow Nissan Homy.jpg;https://commons.wikimedia.org/wiki/File%3AKhlobystova_Street_8_k2%2C_Moscow_bus_%D0%A1652%D0%9D%D0%9577_2025-03_1742658834_Khlobystova_Street_8_k2%2C_Moscow_Nissan_Homy.jpg;Artyom Svetlov;CC BY 4.0;https://creativecommons.org/licenses/by/4.0;0
images/real/real_4c62eeacd3.jpg;Krasnoyarsk_bus_MAZ-103_2020-08_22c4cc87.jpg;File:Krasnoyarsk bus MAZ-103 2020-08.jpg;https://commons.wikimedia.org/wiki/File%3AKrasnoyarsk_bus_MAZ-103_2020-08.jpg;Svetlov Artem;CC0;http://creativecommons.org/publicdomain/zero/1.0/deed.en;1
images/real/real_ee072301c9.jpg;Krasny_Avenue_Novosibirsk_1_74c656ed.jpg;File:Krasny Avenue, Novosibirsk 1.jpg;https://commons.wikimedia.org/wiki/File%3AKrasny_Avenue%2C_Novosibirsk_1.jpg;К.Артём.1;CC BY-SA 4.0;https://creativecommons.org/licenses/by-sa/4.0;0
images/real/real_a1ce26700d.jpg;Leninskiy_r-n_Ivanovo_Ivanovskaya_oblast_Russia_-_panoramio_16__d8ba1e96.jpg;File:Leninskiy r-n, Ivanovo, Ivanovskaya oblast', Russia - panoramio (16).jpg;https://commons.wikimedia.org/wiki/File%3ALeninskiy_r-n%2C_Ivanovo%2C_Ivanovskaya_oblast%27%2C_Russia_-_panoramio_%2816%29.jpg;Svetlov Artem;CC BY 3.0;https://creativecommons.org/licenses/by/3.0;1
images/real/real_f4a9f263f1.jpg;Leninskiy_r-n_Ivanovo_Ivanovskaya_oblast_Russia_-_panoramio_9__aeabd7b5.jpg;File:Leninskiy r-n, Ivanovo, Ivanovskaya oblast', Russia - panoramio (9).jpg;https://commons.wikimedia.org/wiki/File%3ALeninskiy_r-n%2C_Ivanovo%2C_Ivanovskaya_oblast%27%2C_Russia_-_panoramio_%289%29.jpg;Svetlov Artem;CC BY 3.0;https://creativecommons.org/licenses/by/3.0;9
images/real/real_a206583181.jpg;LiAZ-5292.22_at_the_bus_station_in_Odintsovo_b2e8b517.jpg;File:LiAZ-5292.22 at the bus station in Odintsovo.jpg;https://commons.wikimedia.org/wiki/File%3ALiAZ-5292.22_at_the_bus_station_in_Odintsovo.jpg;ЛеАЗ-1977;CC BY-SA 4.0;https://creativecommons.org/licenses/by-sa/4.0;0
images/real/real_e1686ac271.jpg;LiAZ-5292_Ryazan_13e083e1.jpg;File:LiAZ-5292 Ryazan.jpg;https://commons.wikimedia.org/wiki/File%3ALiAZ-5292_Ryazan.jpg;NikBerdskiy;CC BY-SA 4.0;https://creativecommons.org/licenses/by-sa/4.0;0
images/real/real_61a630dfc6.jpg;Lipetsk_Lipetsk_Oblast_Russia_-_panoramio_24__6635606b.jpg;File:Lipetsk, Lipetsk Oblast, Russia - panoramio (24).jpg;https://commons.wikimedia.org/wiki/File%3ALipetsk%2C_Lipetsk_Oblast%2C_Russia_-_panoramio_%2824%29.jpg;Svetlov Artem;CC BY 3.0;https://creativecommons.org/licenses/by/3.0;1
images/real/real_10d4262cee.jpg;Lipetsk_Lipetsk_Oblast_Russia_-_panoramio_25__34405c7a.jpg;File:Lipetsk, Lipetsk Oblast, Russia - panoramio (25).jpg;https://commons.wikimedia.org/wiki/File%3ALipetsk%2C_Lipetsk_Oblast%2C_Russia_-_panoramio_%2825%29.jpg;Svetlov Artem;CC BY 3.0;https://creativecommons.org/licenses/by/3.0;3
images/real/real_ba16ad6d4e.jpg;MAN_A21_NL263_8d19ed66.jpg;File:MAN A21 NL263.jpg;https://commons.wikimedia.org/wiki/File%3AMAN_A21_NL263.jpg;Sildream1;CC BY 4.0;https://creativecommons.org/licenses/by/4.0;3
images/real/real_bf403e3a40.jpg;MAN_SL202._20__81e3b21f.jpg;File:MAN SL202. Маршрут 20 К П площадь 'Спартака'.jpg;https://commons.wikimedia.org/wiki/File%3AMAN_SL202._%D0%9C%D0%B0%D1%80%D1%88%D1%80%D1%83%D1%82_20_%D0%9A_%D0%9F_%D0%BF%D0%BB%D0%BE%D1%89%D0%B0%D0%B4%D1%8C_%27%D0%A1%D0%BF%D0%B0%D1%80%D1%82%D0%B0%D0%BA%D0%B0%27.jpg;Google3277mjl;CC BY-SA 4.0;https://creativecommons.org/licenses/by-sa/4.0;4
images/real/real_96dcc2129f.jpg;MAZ-103_in_Mariupol_d83665d3.jpg;File:MAZ-103 in Mariupol.jpg;https://commons.wikimedia.org/wiki/File%3AMAZ-103_in_Mariupol.jpg;Wladoff;CC BY-SA 4.0;https://creativecommons.org/licenses/by-sa/4.0;0
images/real/real_1c11865e17.jpg;MAZ-103_on_Lenina_Avenue_in_Bryansk_53a6bce0.jpg;File:MAZ-103 on Lenina Avenue in Bryansk.jpg;https://commons.wikimedia.org/wiki/File%3AMAZ-103_on_Lenina_Avenue_in_Bryansk.jpg;Андрей Осиновский;CC0;http://creativecommons.org/publicdomain/zero/1.0/deed.en;2
images/real/real_3f9b92720d.jpg;MAZ-206_at_the_Bryansk-2_stop_25fb4c62.jpg;File:MAZ-206 at the Bryansk-2 stop.jpg;https://commons.wikimedia.org/wiki/File%3AMAZ-206_at_the_Bryansk-2_stop.jpg;Андрей Осиновский;CC0;http://creativecommons.org/publicdomain/zero/1.0/deed.en;0
images/real/real_80a267995a.jpg;MAZ-231_in_Belovo_cb973533.jpg;File:MAZ-231 in Belovo.JPG;https://commons.wikimedia.org/wiki/File%3AMAZ-231_in_Belovo.JPG;Ilya Plekhanov;CC BY-SA 4.0;https://creativecommons.org/licenses/by-sa/4.0;1
images/real/real_3759d6b935.jpg;MBS_Classic_2d68753c.jpg;File:MBS Classic.jpg;https://commons.wikimedia.org/wiki/File%3AMBS_Classic.jpg;Chebur 21+;CC BY-SA 4.0;https://creativecommons.org/licenses/by-sa/4.0;2
images/real/real_58bd412fc9.jpg;MEGA_Family_Shopping_Centre_Novosibirsk_06_b5a90b98.jpg;File:MEGA Family Shopping Centre, Novosibirsk 06.jpg;https://commons.wikimedia.org/wiki/File%3AMEGA_Family_Shopping_Centre%2C_Novosibirsk_06.jpg;К.Артём.1;CC BY-SA 4.0;https://creativecommons.org/licenses/by-sa/4.0;1
images/real/real_75b0f4ea8c.jpg;MG_4487_1__33ac7796.jpg;File:MG 4487 (1).jpg;https://commons.wikimedia.org/wiki/File%3AMG_4487_%281%29.jpg;SilbVogel;CC BY-SA 4.0;https://creativecommons.org/licenses/by-sa/4.0;0
images/real/real_538d10e068.jpg;MG_4640_1__f25b6dfd.jpg;File:MG 4640 (1).jpg;https://commons.wikimedia.org/wiki/File%3AMG_4640_%281%29.jpg;SilbVogel;CC BY-SA 4.0;https://creativecommons.org/licenses/by-sa/4.0;3
images/real/real_4a05329a33.jpg;Mariupol._Bogdan_A092_c9ea6833.jpg;File:Mariupol. Bogdan A092.jpg;https://commons.wikimedia.org/wiki/File%3AMariupol._Bogdan_A092.jpg;Wladoff;CC BY-SA 4.0;https://creativecommons.org/licenses/by-sa/4.0;2
images/real/real_cf8dea637e.jpg;Moscow_-_2025_-_Bus_at_Bolotnaya_Embankment_cf31c0d0.jpg;File:Moscow - 2025 - Bus at Bolotnaya Embankment.jpg;https://commons.wikimedia.org/wiki/File%3AMoscow_-_2025_-_Bus_at_Bolotnaya_Embankment.jpg;Юрий Д.К.;CC BY 4.0;https://creativecommons.org/licenses/by/4.0;3
images/real/real_81be5ea18a.jpg;Moscow_-_2025_-_King_Long_white_bus_1070e024.jpg;File:Moscow - 2025 - King Long white bus.jpg;https://commons.wikimedia.org/wiki/File%3AMoscow_-_2025_-_King_Long_white_bus.jpg;Юрий Д.К.;CC BY 4.0;https://creativecommons.org/licenses/by/4.0;0
images/real/real_d6a7965b17.jpg;Moscow_B_bus_on_Krasnokholmsky_bridge_Aug_2025_01_555c7d68.jpg;File:Moscow, Б (B) bus on Krasnokholmsky bridge, Aug 2025 01.jpg;https://commons.wikimedia.org/wiki/File%3AMoscow%2C_%D0%91_%28B%29_bus_on_Krasnokholmsky_bridge%2C_Aug_2025_01.jpg;Retired electrician;CC0;http://creativecommons.org/publicdomain/zero/1.0/deed.en;1
images/real/real_87cc450b01.jpg;Moscow_Barrikadnaya_Street_e-bus_May_2025_01_890b2a53.jpg;File:Moscow, Barrikadnaya Street, e-bus, May 2025 01.jpg;https://commons.wikimedia.org/wiki/File%3AMoscow%2C_Barrikadnaya_Street%2C_e-bus%2C_May_2025_01.jpg;Retired electrician;CC0;http://creativecommons.org/publicdomain/zero/1.0/deed.en;8
images/real/real_6b499b31b8.jpg;Moscow_Bolotnaya_Embankment_red_bus_Sept_2025_02_18c23f09.jpg;File:Moscow, Bolotnaya Embankment, red bus, Sept 2025 02.jpg;https://commons.wikimedia.org/wiki/File%3AMoscow%2C_Bolotnaya_Embankment%2C_red_bus%2C_Sept_2025_02.jpg;Retired electrician;CC0;http://creativecommons.org/publicdomain/zero/1.0/deed.en;4
images/real/real_426c972932.jpg;Moscow_Bolotnaya_Embankment_red_bus_Sept_2025_06_7f2fa812.jpg;File:Moscow, Bolotnaya Embankment, red bus, Sept 2025 06.jpg;https://commons.wikimedia.org/wiki/File%3AMoscow%2C_Bolotnaya_Embankment%2C_red_bus%2C_Sept_2025_06.jpg;Retired electrician;CC0;http://creativecommons.org/publicdomain/zero/1.0/deed.en;4
images/real/real_47156474c0.jpg;Moscow_Bolotnaya_Square_red_sightseeing_bus_June_2025_02_9368d5fd.jpg;File:Moscow, Bolotnaya Square, red sightseeing bus, June 2025 02.jpg;https://commons.wikimedia.org/wiki/File%3AMoscow%2C_Bolotnaya_Square%2C_red_sightseeing_bus%2C_June_2025_02.jpg;Retired electrician;CC0;http://creativecommons.org/publicdomain/zero/1.0/deed.en;2
images/real/real_65e792eeeb.jpg;Moscow_Bolshaya_Polyanka_bus_on_route_m9_Aug_2025_01_83389956.jpg;File:Moscow, Bolshaya Polyanka, bus on route m9, Aug 2025 01.jpg;https://commons.wikimedia.org/wiki/File%3AMoscow%2C_Bolshaya_Polyanka%2C_bus_on_route_m9%2C_Aug_2025_01.jpg;Retired electrician;CC0;http://creativecommons.org/publicdomain/zero/1.0/deed.en;0
images/real/real_38c1948927.jpg;Moscow_Filyovskaya_Poyma_bus_terminal_June_2025_06_d38b6bc7.jpg;File:Moscow, Filyovskaya Poyma bus terminal, June 2025 06.jpg;https://commons.wikimedia.org/wiki/File%3AMoscow%2C_Filyovskaya_Poyma_bus_terminal%2C_June_2025_06.jpg;Retired electrician;CC0;http://creativecommons.org/publicdomain/zero/1.0/deed.en;0
images/real/real_59bc1bdeef.jpg;Moscow_Filyovskaya_Poyma_bus_terminal_June_2025_07_0778670d.jpg;File:Moscow, Filyovskaya Poyma bus terminal, June 2025 07.jpg;https://commons.wikimedia.org/wiki/File%3AMoscow%2C_Filyovskaya_Poyma_bus_terminal%2C_June_2025_07.jpg;Retired electrician;CC0;http://creativecommons.org/publicdomain/zero/1.0/deed.en;0
images/real/real_bec0640cca.jpg;Moscow_Ford_Transit_-_Yandex_office_shuttle_bus_Sept_2025_01_bde73e77.jpg;File:Moscow, Ford Transit - Yandex office shuttle bus, Sept 2025 01.jpg;https://commons.wikimedia.org/wiki/File%3AMoscow%2C_Ford_Transit_-_Yandex_office_shuttle_bus%2C_Sept_2025_01.jpg;Retired electrician;CC0;http://creativecommons.org/publicdomain/zero/1.0/deed.en;4
images/real/real_f17b7a119d.jpg;Moscow_GAZ_Sobol_bus_Sept_2025_01_851c139a.jpg;File:Moscow, GAZ Sobol bus, Sept 2025 01.jpg;https://commons.wikimedia.org/wiki/File%3AMoscow%2C_GAZ_Sobol_bus%2C_Sept_2025_01.jpg;Retired electrician;CC0;http://creativecommons.org/publicdomain/zero/1.0/deed.en;0
images/real/real_a7ef4a496e.jpg;Moscow_GAZ_Vector_Next_bus_Sept_2025_01_55065d7e.jpg;File:Moscow, GAZ Vector Next bus, Sept 2025 01.jpg;https://commons.wikimedia.org/wiki/File%3AMoscow%2C_GAZ_Vector_Next_bus%2C_Sept_2025_01.jpg;Retired electrician;CC0;http://creativecommons.org/publicdomain/zero/1.0/deed.en;0
images/real/real_bc85ecad5e.jpg;Moscow_GAZ_Vector_Next_bus_Sept_2025_02_eaf18098.jpg;File:Moscow, GAZ Vector Next bus, Sept 2025 02.jpg;https://commons.wikimedia.org/wiki/File%3AMoscow%2C_GAZ_Vector_Next_bus%2C_Sept_2025_02.jpg;Retired electrician;CC0;http://creativecommons.org/publicdomain/zero/1.0/deed.en;1
images/real/real_8b1f5aba6f.jpg;Moscow_Gagarina_Square_bus_June_2025_01_e9b217ff.jpg;File:Moscow, Gagarina Square bus June 2025 01.jpg;https://commons.wikimedia.org/wiki/File%3AMoscow%2C_Gagarina_Square_bus_June_2025_01.jpg;Retired electrician;CC0;http://creativecommons.org/publicdomain/zero/1.0/deed.en;4
images/real/real_e2228ce2a2.jpg;Moscow_Gagarina_Square_bus_stop_June_2025_08_fa966602.jpg;File:Moscow, Gagarina Square, bus stop June 2025 08.jpg;https://commons.wikimedia.org/wiki/File%3AMoscow%2C_Gagarina_Square%2C_bus_stop_June_2025_08.jpg;Retired electrician;CC0;http://creativecommons.org/publicdomain/zero/1.0/deed.en;0
images/real/real_30a84c2651.jpg;Moscow_Gagarina_Square_bus_stop_June_2025_10_c8130da1.jpg;File:Moscow, Gagarina Square, bus stop June 2025 10.jpg;https://commons.wikimedia.org/wiki/File%3AMoscow%2C_Gagarina_Square%2C_bus_stop_June_2025_10.jpg;Retired electrician;CC0;http://creativecommons.org/publicdomain/zero/1.0/deed.en;0
images/real/real_66f63bff74.jpg;Moscow_Gagarina_Square_bus_stop_June_2025_12_b6c95fd9.jpg;File:Moscow, Gagarina Square, bus stop June 2025 12.jpg;https://commons.wikimedia.org/wiki/File%3AMoscow%2C_Gagarina_Square%2C_bus_stop_June_2025_12.jpg;Retired electrician;CC0;http://creativecommons.org/publicdomain/zero/1.0/deed.en;0
images/real/real_99d60d3aa5.jpg;Moscow_Gagarina_Square_bus_stop_June_2025_13_6a372b59.jpg;File:Moscow, Gagarina Square, bus stop June 2025 13.jpg;https://commons.wikimedia.org/wiki/File%3AMoscow%2C_Gagarina_Square%2C_bus_stop_June_2025_13.jpg;Retired electrician;CC0;http://creativecommons.org/publicdomain/zero/1.0/deed.en;1
images/real/real_abc2c66d22.jpg;Moscow_Gazelle_Next_Mosvodostok_crew_bus_Sept_2025_01_f91707f6.jpg;File:Moscow, Gazelle Next Mosvodostok crew bus, Sept 2025 01.jpg;https://commons.wikimedia.org/wiki/File%3AMoscow%2C_Gazelle_Next_Mosvodostok_crew_bus%2C_Sept_2025_01.jpg;Retired electrician;CC0;http://creativecommons.org/publicdomain/zero/1.0/deed.en;2
images/real/real_e188fc9788.jpg;Moscow_Katukova_Street_Liaz-5292_bus_July_2025_01_23aeea6e.jpg;File:Moscow, Katukova Street, Liaz-5292 bus July 2025 01.jpg;https://commons.wikimedia.org/wiki/File%3AMoscow%2C_Katukova_Street%2C_Liaz-5292_bus_July_2025_01.jpg;Retired electrician;CC0;http://creativecommons.org/publicdomain/zero/1.0/deed.en;0
images/real/real_70d9ee9ac7.jpg;Moscow_Katukova_Street_bus_on_route_631_July_2025_01_93650210.jpg;File:Moscow, Katukova Street, bus on route 631, July 2025 01.jpg;https://commons.wikimedia.org/wiki/File%3AMoscow%2C_Katukova_Street%2C_bus_on_route_631%2C_July_2025_01.jpg;Retired electrician;CC0;http://creativecommons.org/publicdomain/zero/1.0/deed.en;0
images/real/real_41d87939d9.jpg;Moscow_Kievsky_Terminal_square_bus_station_June_2025_03_3a7a3c19.jpg;File:Moscow, Kievsky Terminal square, bus station, June 2025 03.jpg;https://commons.wikimedia.org/wiki/File%3AMoscow%2C_Kievsky_Terminal_square%2C_bus_station%2C_June_2025_03.jpg;Retired electrician;CC0;http://creativecommons.org/publicdomain/zero/1.0/deed.en;4
images/real/real_d4c3e381df.jpg;Moscow_Kievsky_Terminal_square_bus_station_June_2025_06_5867ca3f.jpg;File:Moscow, Kievsky Terminal square, bus station, June 2025 06.jpg;https://commons.wikimedia.org/wiki/File%3AMoscow%2C_Kievsky_Terminal_square%2C_bus_station%2C_June_2025_06.jpg;Retired electrician;CC0;http://creativecommons.org/publicdomain/zero/1.0/deed.en;4
images/real/real_de0a058795.jpg;Moscow_Kievsky_Terminal_square_bus_station_June_2025_07_ef990e01.jpg;File:Moscow, Kievsky Terminal square, bus station, June 2025 07.jpg;https://commons.wikimedia.org/wiki/File%3AMoscow%2C_Kievsky_Terminal_square%2C_bus_station%2C_June_2025_07.jpg;Retired electrician;CC0;http://creativecommons.org/publicdomain/zero/1.0/deed.en;6
images/real/real_4864a38dcf.jpg;Moscow_Kievsky_Terminal_square_bus_station_June_2025_09_5ab38957.jpg;File:Moscow, Kievsky Terminal square, bus station, June 2025 09.jpg;https://commons.wikimedia.org/wiki/File%3AMoscow%2C_Kievsky_Terminal_square%2C_bus_station%2C_June_2025_09.jpg;Retired electrician;CC0;http://creativecommons.org/publicdomain/zero/1.0/deed.en;3
images/real/real_899ac4ba52.jpg;Moscow_Kievsky_Terminal_square_bus_station_June_2025_11_f939a394.jpg;File:Moscow, Kievsky Terminal square, bus station, June 2025 11.jpg;https://commons.wikimedia.org/wiki/File%3AMoscow%2C_Kievsky_Terminal_square%2C_bus_station%2C_June_2025_11.jpg;Retired electrician;CC0;http://creativecommons.org/publicdomain/zero/1.0/deed.en;0
images/real/real_64644976ce.jpg;Moscow_Kievsky_Terminal_square_bus_station_June_2025_13_72ad6908.jpg;File:Moscow, Kievsky Terminal square, bus station, June 2025 13.jpg;https://commons.wikimedia.org/wiki/File%3AMoscow%2C_Kievsky_Terminal_square%2C_bus_station%2C_June_2025_13.jpg;Retired electrician;CC0;http://creativecommons.org/publicdomain/zero/1.0/deed.en;2
images/real/real_06472a0dd6.jpg;Moscow_King_Long_tour_bus_Sept_2025_01_d87af1cf.jpg;File:Moscow, King Long tour bus, Sept 2025 01.jpg;https://commons.wikimedia.org/wiki/File%3AMoscow%2C_King_Long_tour_bus%2C_Sept_2025_01.jpg;Retired electrician;CC0;http://creativecommons.org/publicdomain/zero/1.0/deed.en;0
images/real/real_4f3611114a.jpg;Moscow_Kosmodamianskaya_4_battery_bus_June_2025_02_184dd6a9.jpg;File:Moscow, Kosmodamianskaya 4, battery bus, June 2025 02.jpg;https://commons.wikimedia.org/wiki/File%3AMoscow%2C_Kosmodamianskaya_4%2C_battery_bus%2C_June_2025_02.jpg;Retired electrician;CC0;http://creativecommons.org/publicdomain/zero/1.0/deed.en;0
images/real/real_d0f5a9e8bc.jpg;Moscow_Kozhevnicheskaya_Street_autonomous_tram_on_route_90_bus_913_Sept_2025_01_33705f23.jpg;File:Moscow, Kozhevnicheskaya Street, autonomous tram on route 90, bus 913, Sept 2025 01.jpg;https://commons.wikimedia.org/wiki/File%3AMoscow%2C_Kozhevnicheskaya_Street%2C_autonomous_tram_on_route_90%2C_bus_913%2C_Sept_2025_01.jpg;Retired electrician;CC0;http://creativecommons.org/publicdomain/zero/1.0/deed.en;3
images/real/real_24c8b2456b.jpg;Moscow_Kozhevnicheskaya_Street_bus_on_route_913_Aug_2025_01_e9a8df9b.jpg;File:Moscow, Kozhevnicheskaya Street, bus on route 913, Aug 2025 01.jpg;https://commons.wikimedia.org/wiki/File%3AMoscow%2C_Kozhevnicheskaya_Street%2C_bus_on_route_913%2C_Aug_2025_01.jpg;Retired electrician;CC0;http://creativecommons.org/publicdomain/zero/1.0/deed.en;5
images/real/real_c19487f3ce.jpg;Moscow_Kozhevnicheskaya_Street_bus_on_route_913_Aug_2025_03_b183ce5c.jpg;File:Moscow, Kozhevnicheskaya Street, bus on route 913, Aug 2025 03.jpg;https://commons.wikimedia.org/wiki/File%3AMoscow%2C_Kozhevnicheskaya_Street%2C_bus_on_route_913%2C_Aug_2025_03.jpg;Retired electrician;CC0;http://creativecommons.org/publicdomain/zero/1.0/deed.en;2
images/real/real_1e69d10ccf.jpg;Moscow_Krasnopresnenskaya_vestibule_south_MAN_bus_May_2025_01_8fc87f9b.jpg;File:Moscow, 'Krasnopresnenskaya' vestibule south MAN bus, May 2025 01.jpg;https://commons.wikimedia.org/wiki/File%3AMoscow%2C_%27Krasnopresnenskaya%27_vestibule_south_MAN_bus%2C_May_2025_01.jpg;Retired electrician;CC0;http://creativecommons.org/publicdomain/zero/1.0/deed.en;1
images/real/real_57b3884c3a.jpg;Moscow_Kremlevskaya_Embankment_tour_buses_-_Higer_grey_Sept_2025_01_4d75cd13.jpg;File:Moscow, Kremlevskaya Embankment, tour buses - Higer grey, Sept 2025 01.jpg;https://commons.wikimedia.org/wiki/File%3AMoscow%2C_Kremlevskaya_Embankment%2C_tour_buses_-_Higer_grey%2C_Sept_2025_01.jpg;Retired electrician;CC0;http://creativecommons.org/publicdomain/zero/1.0/deed.en;2
images/real/real_3da9420f3c.jpg;Moscow_Kremlevskaya_Embankment_tour_buses_-_Higer_white_Sept_2025_01_566c5aa5.jpg;File:Moscow, Kremlevskaya Embankment, tour buses - Higer white, Sept 2025 01.jpg;https://commons.wikimedia.org/wiki/File%3AMoscow%2C_Kremlevskaya_Embankment%2C_tour_buses_-_Higer_white%2C_Sept_2025_01.jpg;Retired electrician;CC0;http://creativecommons.org/publicdomain/zero/1.0/deed.en;0
images/real/real_61a6daf25c.jpg;Moscow_Kremlevskaya_Embankment_tour_buses_-_Yutong_white_Sept_2025_01_fb094731.jpg;File:Moscow, Kremlevskaya Embankment, tour buses - Yutong white, Sept 2025 01.jpg;https://commons.wikimedia.org/wiki/File%3AMoscow%2C_Kremlevskaya_Embankment%2C_tour_buses_-_Yutong_white%2C_Sept_2025_01.jpg;Retired electrician;CC0;http://creativecommons.org/publicdomain/zero/1.0/deed.en;3
images/real/real_ab83b603f4.jpg;Moscow_Kremlevskaya_Embankment_tour_buses_-_Yutong_white_Sept_2025_03_dda7d0f9.jpg;File:Moscow, Kremlevskaya Embankment, tour buses - Yutong white, Sept 2025 03.jpg;https://commons.wikimedia.org/wiki/File%3AMoscow%2C_Kremlevskaya_Embankment%2C_tour_buses_-_Yutong_white%2C_Sept_2025_03.jpg;Retired electrician;CC0;http://creativecommons.org/publicdomain/zero/1.0/deed.en;0
images/real/real_04e378276c.jpg;Moscow_LIAZ-6274_bus_on_route_510_Trifonovskaya_Sept_2025_01_9a5a40ad.jpg;File:Moscow, LIAZ-6274 bus on route с510 (Trifonovskaya), Sept 2025 01.jpg;https://commons.wikimedia.org/wiki/File%3AMoscow%2C_LIAZ-6274_bus_on_route_%D1%81510_%28Trifonovskaya%29%2C_Sept_2025_01.jpg;Retired electrician;CC0;http://creativecommons.org/publicdomain/zero/1.0/deed.en;0
images/real/real_90c7fe6344.jpg;Moscow_LIAZ-6274_bus_on_route_538_July_2025_01_9c81d09b.jpg;File:Moscow, LIAZ-6274 bus on route 538, July 2025 01.jpg;https://commons.wikimedia.org/wiki/File%3AMoscow%2C_LIAZ-6274_bus_on_route_538%2C_July_2025_01.jpg;Retired electrician;CC0;http://creativecommons.org/publicdomain/zero/1.0/deed.en;0
images/real/real_bbfce7b7dc.jpg;Moscow_LIAZ-6274_bus_on_route_538_July_2025_02_573fb301.jpg;File:Moscow, LIAZ-6274 bus on route 538, July 2025 02.jpg;https://commons.wikimedia.org/wiki/File%3AMoscow%2C_LIAZ-6274_bus_on_route_538%2C_July_2025_02.jpg;Retired electrician;CC0;http://creativecommons.org/publicdomain/zero/1.0/deed.en;2
images/real/real_d4307b9a8f.jpg;Moscow_LIAZ-6274_bus_on_route_538_July_2025_03_d4831174.jpg;File:Moscow, LIAZ-6274 bus on route 538, July 2025 03.jpg;https://commons.wikimedia.org/wiki/File%3AMoscow%2C_LIAZ-6274_bus_on_route_538%2C_July_2025_03.jpg;Retired electrician;CC0;http://creativecommons.org/publicdomain/zero/1.0/deed.en;0
images/real/real_f084db1e3e.jpg;Moscow_LIAZ-6274_bus_on_route_53_Sept_2025_01_203b0510.jpg;File:Moscow, LIAZ-6274 bus on route м53, Sept 2025 01.jpg;https://commons.wikimedia.org/wiki/File%3AMoscow%2C_LIAZ-6274_bus_on_route_%D0%BC53%2C_Sept_2025_01.jpg;Retired electrician;CC0;http://creativecommons.org/publicdomain/zero/1.0/deed.en;2
images/real/real_32a2c8e1b2.jpg;Moscow_LIAZ-6274_bus_on_route_53_Sept_2025_02_62d7ebef.jpg;File:Moscow, LIAZ-6274 bus on route м53, Sept 2025 02.jpg;https://commons.wikimedia.org/wiki/File%3AMoscow%2C_LIAZ-6274_bus_on_route_%D0%BC53%2C_Sept_2025_02.jpg;Retired electrician;CC0;http://creativecommons.org/publicdomain/zero/1.0/deed.en;1
images/real/real_d2fd14c6c6.jpg;Moscow_Leninsky_Prospect_38_bus_June_2025_01_f56a8588.jpg;File:Moscow, Leninsky Prospect 38, bus June 2025 01.jpg;https://commons.wikimedia.org/wiki/File%3AMoscow%2C_Leninsky_Prospect_38%2C_bus_June_2025_01.jpg;Retired electrician;CC0;http://creativecommons.org/publicdomain/zero/1.0/deed.en;0
images/real/real_51f3d30346.jpg;Moscow_Nakhimovsky_58_Icube_bus_Apr_2025_01_c7711d7e.jpg;File:Moscow, Nakhimovsky 58 (Icube), bus Apr 2025 01.jpg;https://commons.wikimedia.org/wiki/File%3AMoscow%2C_Nakhimovsky_58_%28Icube%29%2C_bus_Apr_2025_01.jpg;Retired electrician;CC0;http://creativecommons.org/publicdomain/zero/1.0/deed.en;0
images/real/real_29cde7917b.jpg;Moscow_Oblast_bus_4448_on_route_305_in_Kapotnya_19.03.2022__69169b9f.jpg;File:Moscow Oblast bus 4448 on route 305 in Kapotnya (19.03.2022).jpg;https://commons.wikimedia.org/wiki/File%3AMoscow_Oblast_bus_4448_on_route_305_in_Kapotnya_%2819.03.2022%29.jpg;Brateevsky;CC BY-SA 4.0;https://creativecommons.org/licenses/by-sa/4.0;1
images/real/real_135c2fdcd8.jpg;Moscow_Oblast_bus_574_790_2025-01_1737299235_Moscow_Altufyevskoye_Highway_LiAZ-4_affe1bad.jpg;File:Moscow Oblast bus В574ОЕ790 2025-01 1737299235 Moscow Altufyevskoye Highway LiAZ-4292.jpg;https://commons.wikimedia.org/wiki/File%3AMoscow_Oblast_bus_%D0%92574%D0%9E%D0%95790_2025-01_1737299235_Moscow_Altufyevskoye_Highway_LiAZ-4292.jpg;Artyom Svetlov;CC BY 4.0;https://creativecommons.org/licenses/by/4.0;0
images/real/real_ef401be562.jpg;Moscow_Oblast_bus_on_route_305_in_Dzerzhinsky_24.06.2020__47c87e71.jpg;File:Moscow Oblast bus on route 305 in Dzerzhinsky (24.06.2020).jpg;https://commons.wikimedia.org/wiki/File%3AMoscow_Oblast_bus_on_route_305_in_Dzerzhinsky_%2824.06.2020%29.jpg;Brateevsky;CC BY-SA 4.0;https://creativecommons.org/licenses/by-sa/4.0;1
images/real/real_1a2d8adced.jpg;Moscow_Orekhovo_bus_station_route_c854_Aug_2025_01_d86cf986.jpg;File:Moscow, Orekhovo bus station, route c854, Aug 2025 01.jpg;https://commons.wikimedia.org/wiki/File%3AMoscow%2C_Orekhovo_bus_station%2C_route_c854%2C_Aug_2025_01.jpg;Retired electrician;CC0;http://creativecommons.org/publicdomain/zero/1.0/deed.en;0
images/real/real_0085e1da4e.jpg;Moscow_Orekhovo_bus_station_route_c854_Aug_2025_02_072cf327.jpg;File:Moscow, Orekhovo bus station, route c854, Aug 2025 02.jpg;https://commons.wikimedia.org/wiki/File%3AMoscow%2C_Orekhovo_bus_station%2C_route_c854%2C_Aug_2025_02.jpg;Retired electrician;CC0;http://creativecommons.org/publicdomain/zero/1.0/deed.en;0
images/real/real_7bc5e807ac.jpg;Moscow_Paveletskaya_Square_GAZ_Vector_Next_police_bus_Aug_2025_01_63140acf.jpg;File:Moscow, Paveletskaya Square, GAZ Vector Next police bus Aug 2025 01.jpg;https://commons.wikimedia.org/wiki/File%3AMoscow%2C_Paveletskaya_Square%2C_GAZ_Vector_Next_police_bus_Aug_2025_01.jpg;Retired electrician;CC0;http://creativecommons.org/publicdomain/zero/1.0/deed.en;1
images/real/real_dedcdcf77b.jpg;Moscow_Paveletskaya_Square_bus_on_route_913_Mar_2025_01_d85a1dce.jpg;File:Moscow, Paveletskaya Square, bus on route 913, Mar 2025 01.jpg;https://commons.wikimedia.org/wiki/File%3AMoscow%2C_Paveletskaya_Square%2C_bus_on_route_913%2C_Mar_2025_01.jpg;Retired electrician;CC0;http://creativecommons.org/publicdomain/zero/1.0/deed.en;1
images/real/real_9dc3fa4c2b.jpg;Moscow_Paveletskaya_Square_bus_on_route_913_Sept_2025_01_9742b389.jpg;File:Moscow, Paveletskaya Square, bus on route 913, Sept 2025 01.jpg;https://commons.wikimedia.org/wiki/File%3AMoscow%2C_Paveletskaya_Square%2C_bus_on_route_913%2C_Sept_2025_01.jpg;Retired electrician;CC0;http://creativecommons.org/publicdomain/zero/1.0/deed.en;2
images/real/real_bdbd5c306e.jpg;Moscow_Paveletskaya_Square_people_at_bus_stop_Sept_2025_01_55ba68eb.jpg;File:Moscow, Paveletskaya Square, people at bus stop Sept 2025 01.jpg;https://commons.wikimedia.org/wiki/File%3AMoscow%2C_Paveletskaya_Square%2C_people_at_bus_stop_Sept_2025_01.jpg;Retired electrician;CC0;http://creativecommons.org/publicdomain/zero/1.0/deed.en;2
images/real/real_0d2c189b41.jpg;Moscow_Rogozhsky_Market_-_Setra_S515HD_bus_Sept_2025_04_133f2f61.jpg;File:Moscow, Rogozhsky Market - Setra S515HD bus, Sept 2025 04.jpg;https://commons.wikimedia.org/wiki/File%3AMoscow%2C_Rogozhsky_Market_-_Setra_S515HD_bus%2C_Sept_2025_04.jpg;Retired electrician;CC0;http://creativecommons.org/publicdomain/zero/1.0/deed.en;3
images/real/real_225f0e8551.jpg;Moscow_Ryazansky_27_Karacharovo_bus_terminus_June_2025_04_0048ea51.jpg;File:Moscow, Ryazansky 27, Karacharovo bus terminus June 2025 04.jpg;https://commons.wikimedia.org/wiki/File%3AMoscow%2C_Ryazansky_27%2C_Karacharovo_bus_terminus_June_2025_04.jpg;Retired electrician;CC0;http://creativecommons.org/publicdomain/zero/1.0/deed.en;0
images/real/real_2580313d13.jpg;Moscow_Shchukino_bus_station_Liaz-5292_July_2025_01_5f807dcf.jpg;File:Moscow, Shchukino bus station, Liaz-5292 July 2025 01.jpg;https://commons.wikimedia.org/wiki/File%3AMoscow%2C_Shchukino_bus_station%2C_Liaz-5292_July_2025_01.jpg;Retired electrician;CC0;http://creativecommons.org/publicdomain/zero/1.0/deed.en;1
images/real/real_32f0c5c9ca.jpg;Moscow_Shchukino_bus_station_Liaz-5292_July_2025_02_4ecb1852.jpg;File:Moscow, Shchukino bus station, Liaz-5292 July 2025 02.jpg;https://commons.wikimedia.org/wiki/File%3AMoscow%2C_Shchukino_bus_station%2C_Liaz-5292_July_2025_02.jpg;Retired electrician;CC0;http://creativecommons.org/publicdomain/zero/1.0/deed.en;2
images/real/real_aed276a893.jpg;Moscow_Shipilovsky_Proezd_bus_on_route_858_Aug_2025_01_35f4bceb.jpg;File:Moscow, Shipilovsky Proezd, bus on route 858, Aug 2025 01.jpg;https://commons.wikimedia.org/wiki/File%3AMoscow%2C_Shipilovsky_Proezd%2C_bus_on_route_858%2C_Aug_2025_01.jpg;Retired electrician;CC0;http://creativecommons.org/publicdomain/zero/1.0/deed.en;0
images/real/real_c5d5d190d8.jpg;Moscow_Shlyuzovaya_Embankment_red_bus_May_2025_01_501d0d65.jpg;File:Moscow, Shlyuzovaya Embankment, red bus, May 2025 01.jpg;https://commons.wikimedia.org/wiki/File%3AMoscow%2C_Shlyuzovaya_Embankment%2C_red_bus%2C_May_2025_01.jpg;Retired electrician;CC0;http://creativecommons.org/publicdomain/zero/1.0/deed.en;0
images/real/real_6b63f20108.jpg;Moscow_Shlyuzovaya_Embankment_red_bus_May_2025_02_8c310fbb.jpg;File:Moscow, Shlyuzovaya Embankment, red bus, May 2025 02.jpg;https://commons.wikimedia.org/wiki/File%3AMoscow%2C_Shlyuzovaya_Embankment%2C_red_bus%2C_May_2025_02.jpg;Retired electrician;CC0;http://creativecommons.org/publicdomain/zero/1.0/deed.en;0
images/real/real_be8cde60aa.jpg;Moscow_Stroginskoye_Highway_Liaz-5292_bus_route_137_July_2025_01_d3b2de73.jpg;File:Moscow, Stroginskoye Highway, Liaz-5292 bus route 137 July 2025 01.jpg;https://commons.wikimedia.org/wiki/File%3AMoscow%2C_Stroginskoye_Highway%2C_Liaz-5292_bus_route_137_July_2025_01.jpg;Retired electrician;CC0;http://creativecommons.org/publicdomain/zero/1.0/deed.en;0
images/real/real_9d711e40d3.jpg;Moscow_Stroginskoye_Highway_bus_route_310_July_2025_02_7f840058.jpg;File:Moscow, Stroginskoye Highway, bus route 310 July 2025 02.jpg;https://commons.wikimedia.org/wiki/File%3AMoscow%2C_Stroginskoye_Highway%2C_bus_route_310_July_2025_02.jpg;Retired electrician;CC0;http://creativecommons.org/publicdomain/zero/1.0/deed.en;1
images/real/real_e58f1b2d28.jpg;Moscow_Stroginsky_bridge_Liaz-5292_bus_route_638_July_2025_01_74b2d41c.jpg;File:Moscow, Stroginsky bridge, Liaz-5292 bus route 638 July 2025 01.jpg;https://commons.wikimedia.org/wiki/File%3AMoscow%2C_Stroginsky_bridge%2C_Liaz-5292_bus_route_638_July_2025_01.jpg;Retired electrician;CC0;http://creativecommons.org/publicdomain/zero/1.0/deed.en;0
images/real/real_cbb0ece7ff.jpg;Moscow_Stroginsky_bridge_Liaz-5292_bus_route_638_July_2025_02_4adb7dc5.jpg;File:Moscow, Stroginsky bridge, Liaz-5292 bus route 638 July 2025 02.jpg;https://commons.wikimedia.org/wiki/File%3AMoscow%2C_Stroginsky_bridge%2C_Liaz-5292_bus_route_638_July_2025_02.jpg;Retired electrician;CC0;http://creativecommons.org/publicdomain/zero/1.0/deed.en;0
images/real/real_5f84984453.jpg;Moscow_Stroginsky_bridge_Liaz-5292_bus_route_638_July_2025_03_de7cbab9.jpg;File:Moscow, Stroginsky bridge, Liaz-5292 bus route 638 July 2025 03.jpg;https://commons.wikimedia.org/wiki/File%3AMoscow%2C_Stroginsky_bridge%2C_Liaz-5292_bus_route_638_July_2025_03.jpg;Retired electrician;CC0;http://creativecommons.org/publicdomain/zero/1.0/deed.en;0
images/real/real_241cbfeda3.jpg;Moscow_Taganka_Nefaz-5299_bus_on_route_766_Sept_2025_01_96fea2f0.jpg;File:Moscow, Taganka, Nefaz-5299 bus on route 766, Sept 2025 01.jpg;https://commons.wikimedia.org/wiki/File%3AMoscow%2C_Taganka%2C_Nefaz-5299_bus_on_route_766%2C_Sept_2025_01.jpg;Retired electrician;CC0;http://creativecommons.org/publicdomain/zero/1.0/deed.en;1
images/real/real_2f2d2cde60.jpg;Moscow_Taganka_buses_April_2025_02_1c2af20f.jpg;File:Moscow, Taganka, buses April 2025 02.jpg;https://commons.wikimedia.org/wiki/File%3AMoscow%2C_Taganka%2C_buses_April_2025_02.jpg;Retired electrician;CC0;http://creativecommons.org/publicdomain/zero/1.0/deed.en;3
images/real/real_231db4375e.jpg;Moscow_Taganka_buses_April_2025_03_04b8d4af.jpg;File:Moscow, Taganka, buses April 2025 03.jpg;https://commons.wikimedia.org/wiki/File%3AMoscow%2C_Taganka%2C_buses_April_2025_03.jpg;Retired electrician;CC0;http://creativecommons.org/publicdomain/zero/1.0/deed.en;0
images/real/real_a5acfcd884.jpg;Moscow_Taganka_buses_April_2025_04_1ec3f9bb.jpg;File:Moscow, Taganka, buses April 2025 04.jpg;https://commons.wikimedia.org/wiki/File%3AMoscow%2C_Taganka%2C_buses_April_2025_04.jpg;Retired electrician;CC0;http://creativecommons.org/publicdomain/zero/1.0/deed.en;4
images/real/real_1d0a64cbeb.jpg;Moscow_Taganka_buses_April_2025_05_2edea9d3.jpg;File:Moscow, Taganka, buses April 2025 05.jpg;https://commons.wikimedia.org/wiki/File%3AMoscow%2C_Taganka%2C_buses_April_2025_05.jpg;Retired electrician;CC0;http://creativecommons.org/publicdomain/zero/1.0/deed.en;2
images/real/real_421a2b26ff.jpg;Moscow_Taganka_buses_April_2025_06_b4d71d5d.jpg;File:Moscow, Taganka, buses April 2025 06.jpg;https://commons.wikimedia.org/wiki/File%3AMoscow%2C_Taganka%2C_buses_April_2025_06.jpg;Retired electrician;CC0;http://creativecommons.org/publicdomain/zero/1.0/deed.en;2
images/real/real_c0d8975116.jpg;Moscow_Taganka_buses_April_2025_07_047881b1.jpg;File:Moscow, Taganka, buses April 2025 07.jpg;https://commons.wikimedia.org/wiki/File%3AMoscow%2C_Taganka%2C_buses_April_2025_07.jpg;Retired electrician;CC0;http://creativecommons.org/publicdomain/zero/1.0/deed.en;1
images/real/real_e358480e49.jpg;Moscow_Taganka_buses_April_2025_08_b61705bd.jpg;File:Moscow, Taganka, buses April 2025 08.jpg;https://commons.wikimedia.org/wiki/File%3AMoscow%2C_Taganka%2C_buses_April_2025_08.jpg;Retired electrician;CC0;http://creativecommons.org/publicdomain/zero/1.0/deed.en;0
images/real/real_da70814346.jpg;Moscow_Taganskaya_Square_buses_and_a_superbike_July_2025_01_crop_79ce0dfb.jpg;File:Moscow, Taganskaya Square, buses and a superbike July 2025 01 crop.jpg;https://commons.wikimedia.org/wiki/File%3AMoscow%2C_Taganskaya_Square%2C_buses_and_a_superbike_July_2025_01_crop.jpg;Retired electrician;CC0;http://creativecommons.org/publicdomain/zero/1.0/deed.en;4
images/real/real_2211288b11.jpg;Moscow_Volkhonka_tour_buses_Kinglong_white_Sept_2025_01_c788bf01.jpg;File:Moscow, Volkhonka, tour buses, Kinglong white, Sept 2025 01.jpg;https://commons.wikimedia.org/wiki/File%3AMoscow%2C_Volkhonka%2C_tour_buses%2C_Kinglong_white%2C_Sept_2025_01.jpg;Retired electrician;CC0;http://creativecommons.org/publicdomain/zero/1.0/deed.en;0
images/real/real_3cf26cbd9b.jpg;Moscow_Volkhonka_tour_buses_Mercedes_silver_Sept_2025_01_3d6de857.jpg;File:Moscow, Volkhonka, tour buses, Mercedes silver, Sept 2025 01.jpg;https://commons.wikimedia.org/wiki/File%3AMoscow%2C_Volkhonka%2C_tour_buses%2C_Mercedes_silver%2C_Sept_2025_01.jpg;Retired electrician;CC0;http://creativecommons.org/publicdomain/zero/1.0/deed.en;3
images/real/real_6b7546149c.jpg;Moscow_Volkhonka_tour_buses_Mercedes_silver_Sept_2025_02_fd1f9abf.jpg;File:Moscow, Volkhonka, tour buses, Mercedes silver, Sept 2025 02.jpg;https://commons.wikimedia.org/wiki/File%3AMoscow%2C_Volkhonka%2C_tour_buses%2C_Mercedes_silver%2C_Sept_2025_02.jpg;Retired electrician;CC0;http://creativecommons.org/publicdomain/zero/1.0/deed.en;1
images/real/real_3806839d9e.jpg;Moscow_Volkhonka_tour_buses_Yutong_red_Sept_2025_01_71e29b9e.jpg;File:Moscow, Volkhonka, tour buses, Yutong red, Sept 2025 01.jpg;https://commons.wikimedia.org/wiki/File%3AMoscow%2C_Volkhonka%2C_tour_buses%2C_Yutong_red%2C_Sept_2025_01.jpg;Retired electrician;CC0;http://creativecommons.org/publicdomain/zero/1.0/deed.en;1
images/real/real_cd25dfdd6a.jpg;Moscow_Volkhonka_tour_buses_Yutong_red_Sept_2025_02_471b4ba3.jpg;File:Moscow, Volkhonka, tour buses, Yutong red, Sept 2025 02.jpg;https://commons.wikimedia.org/wiki/File%3AMoscow%2C_Volkhonka%2C_tour_buses%2C_Yutong_red%2C_Sept_2025_02.jpg;Retired electrician;CC0;http://creativecommons.org/publicdomain/zero/1.0/deed.en;0
images/real/real_9e4732f0b8.jpg;Moscow_Volkhonka_tour_buses_Yutong_white_Sept_2025_01_66a792da.jpg;File:Moscow, Volkhonka, tour buses, Yutong white, Sept 2025 01.jpg;https://commons.wikimedia.org/wiki/File%3AMoscow%2C_Volkhonka%2C_tour_buses%2C_Yutong_white%2C_Sept_2025_01.jpg;Retired electrician;CC0;http://creativecommons.org/publicdomain/zero/1.0/deed.en;1
images/real/real_d708b65f6a.jpg;Moscow_Yauzskie_Vorota_bus_on_route_70_Sept_2025_01_942b5bdb.jpg;File:Moscow, Yauzskie Vorota, bus on route е70, Sept 2025 01.jpg;https://commons.wikimedia.org/wiki/File%3AMoscow%2C_Yauzskie_Vorota%2C_bus_on_route_%D0%B570%2C_Sept_2025_01.jpg;Retired electrician;CC0;http://creativecommons.org/publicdomain/zero/1.0/deed.en;2
images/real/real_5251313066.jpg;Moscow_Yerevanskaya_street_bus_terminus_2025-03_129_dd2d82cc.jpg;File:Moscow Yerevanskaya street bus terminus 2025-03 129.jpg;https://commons.wikimedia.org/wiki/File%3AMoscow_Yerevanskaya_street_bus_terminus_2025-03_129.jpg;Artyom Svetlov;CC BY 4.0;https://creativecommons.org/licenses/by/4.0;0
images/real/real_2d99c78cbb.jpg;Moscow_Zaryadye_bus_stop_Kamaz-6282_on_route_c755_Aug_2025_01_20993dcc.jpg;File:Moscow, Zaryadye bus stop, Kamaz-6282 on route c755, Aug 2025 01.jpg;https://commons.wikimedia.org/wiki/File%3AMoscow%2C_Zaryadye_bus_stop%2C_Kamaz-6282_on_route_c755%2C_Aug_2025_01.jpg;Retired electrician;CC0;http://creativecommons.org/publicdomain/zero/1.0/deed.en;7
images/real/real_525312893c.jpg;Moscow_ZhongTong_bus_Dec_2025_02_b0eecf89.jpg;File:Moscow, ZhongTong bus, Dec 2025 02.jpg;https://commons.wikimedia.org/wiki/File%3AMoscow%2C_ZhongTong_bus%2C_Dec_2025_02.jpg;Retired electrician;CC0;http://creativecommons.org/publicdomain/zero/1.0/deed.en;0
images/real/real_696b5924aa.jpg;Moscow_bus_011427_2025-04_Varshavskoye_Highway_NefAZ-5299-40_006_48b44817.jpg;File:Moscow bus 011427 2025-04 Varshavskoye Highway NefAZ-5299-40 006.JPG;https://commons.wikimedia.org/wiki/File%3AMoscow_bus_011427_2025-04_Varshavskoye_Highway_NefAZ-5299-40_006.JPG;Artyom Svetlov;CC BY 4.0;https://creativecommons.org/licenses/by/4.0;0
images/real/real_98c12457e0.jpg;Moscow_bus_012108_2025-01_Chertanovskaya_Street_LiAZ-6213_108_d6530bba.jpg;File:Moscow bus 012108 2025-01 Chertanovskaya Street LiAZ-6213 108.JPG;https://commons.wikimedia.org/wiki/File%3AMoscow_bus_012108_2025-01_Chertanovskaya_Street_LiAZ-6213_108.JPG;Artyom Svetlov;CC BY 4.0;https://creativecommons.org/licenses/by/4.0;0
images/real/real_d3d04a701e.jpg;Moscow_bus_012219_2025-02_1738497092_Kantemirovskaya_Street_LiAZ-6213_265_684cd80f.tif;File:Moscow bus 012219 2025-02 1738497092 Kantemirovskaya Street LiAZ-6213 265.tif;https://commons.wikimedia.org/wiki/File%3AMoscow_bus_012219_2025-02_1738497092_Kantemirovskaya_Street_LiAZ-6213_265.tif;Artyom Svetlov;CC BY 4.0;https://creativecommons.org/licenses/by/4.0;1
images/real/real_d35ab45f95.jpg;Moscow_bus_012219_2025-03_Medikov_Street_LiAZ-6213_014_0361f8dd.jpg;File:Moscow bus 012219 2025-03 Medikov Street LiAZ-6213 014.jpg;https://commons.wikimedia.org/wiki/File%3AMoscow_bus_012219_2025-03_Medikov_Street_LiAZ-6213_014.jpg;Artyom Svetlov;CC BY 4.0;https://creativecommons.org/licenses/by/4.0;2
images/real/real_fabfdee22d.jpg;Moscow_bus_012236_2025-02_1738497476_Kantemirovskaya_Street_LiAZ-6213_286_73fa2d66.tif;File:Moscow bus 012236 2025-02 1738497476 Kantemirovskaya Street LiAZ-6213 286.tif;https://commons.wikimedia.org/wiki/File%3AMoscow_bus_012236_2025-02_1738497476_Kantemirovskaya_Street_LiAZ-6213_286.tif;Artyom Svetlov;CC BY 4.0;https://creativecommons.org/licenses/by/4.0;1
images/real/real_49259ef4d8.jpg;Moscow_bus_030317_2025-01_1737298353_Cherepovetskaya_Street_LiAZ-6213_8a8cc80a.jpg;File:Moscow bus 030317 2025-01 1737298353 Cherepovetskaya Street LiAZ-6213.JPG;https://commons.wikimedia.org/wiki/File%3AMoscow_bus_030317_2025-01_1737298353_Cherepovetskaya_Street_LiAZ-6213.JPG;Artyom Svetlov;CC BY 4.0;https://creativecommons.org/licenses/by/4.0;0
images/real/real_8ec65c57f2.jpg;Moscow_bus_030556_2025-01_1737301763_Altufyevskoye_Highway_NefAZ-5299-40_a230a6e0.tif;File:Moscow bus 030556 2025-01 1737301763 Altufyevskoye Highway NefAZ-5299-40.tif;https://commons.wikimedia.org/wiki/File%3AMoscow_bus_030556_2025-01_1737301763_Altufyevskoye_Highway_NefAZ-5299-40.tif;Artyom Svetlov;CC BY 4.0;https://creativecommons.org/licenses/by/4.0;0
images/real/real_e1beaf2cf1.jpg;Moscow_bus_030887_2025-04_Bolshaya_Serpukhovskaya_Street_NefAZ-5299-40_456_2ebab569.jpg;File:Moscow bus 030887 2025-04 Bolshaya Serpukhovskaya Street NefAZ-5299-40 456.JPG;https://commons.wikimedia.org/wiki/File%3AMoscow_bus_030887_2025-04_Bolshaya_Serpukhovskaya_Street_NefAZ-5299-40_456.JPG;Artyom Svetlov;CC BY 4.0;https://creativecommons.org/licenses/by/4.0;6
images/real/real_588806dccd.jpg;Moscow_bus_031358_2025-02_1739359031_Semyonovskaya_Embankment_LiAZ-6213_c8b102dc.jpg;File:Moscow bus 031358 2025-02 1739359031 Semyonovskaya Embankment LiAZ-6213.JPG;https://commons.wikimedia.org/wiki/File%3AMoscow_bus_031358_2025-02_1739359031_Semyonovskaya_Embankment_LiAZ-6213.JPG;Artyom Svetlov;CC BY 4.0;https://creativecommons.org/licenses/by/4.0;0
images/real/real_02902e53a4.jpg;Moscow_bus_031358_2025-02_1739359042_Semyonovskaya_Embankment_LiAZ-6213_d6e168cc.jpg;File:Moscow bus 031358 2025-02 1739359042 Semyonovskaya Embankment LiAZ-6213.JPG;https://commons.wikimedia.org/wiki/File%3AMoscow_bus_031358_2025-02_1739359042_Semyonovskaya_Embankment_LiAZ-6213.JPG;Artyom Svetlov;CC BY 4.0;https://creativecommons.org/licenses/by/4.0;2
images/real/real_3142caef17.jpg;Moscow_bus_031563_2025-12_Novaya_Basmannaya_Street_NefAZ-5299-40_31_f40ad7c4.jpg;File:Moscow bus 031563 2025-12 Novaya Basmannaya Street NefAZ-5299-40 31.jpg;https://commons.wikimedia.org/wiki/File%3AMoscow_bus_031563_2025-12_Novaya_Basmannaya_Street_NefAZ-5299-40_31.jpg;Artyom Svetlov;CC BY 4.0;https://creativecommons.org/licenses/by/4.0;1
images/real/real_bdbb912844.jpg;Moscow_bus_031693_2025-01_1736696436_Budyonnogo_Prospekt_LiAZ-5292_be174505.jpg;File:Moscow bus 031693 2025-01 1736696436 Budyonnogo Prospekt LiAZ-5292.JPG;https://commons.wikimedia.org/wiki/File%3AMoscow_bus_031693_2025-01_1736696436_Budyonnogo_Prospekt_LiAZ-5292.JPG;Artyom Svetlov;CC BY 4.0;https://creativecommons.org/licenses/by/4.0;1
images/real/real_44a6999ef3.jpg;Moscow_bus_031949_2025-09_Pervomayskaya_Street_LiAZ-5292_84_153ab621.jpg;File:Moscow bus 031949 2025-09 Pervomayskaya Street LiAZ-5292 84.jpg;https://commons.wikimedia.org/wiki/File%3AMoscow_bus_031949_2025-09_Pervomayskaya_Street_LiAZ-5292_84.jpg;Artyom Svetlov;CC BY 4.0;https://creativecommons.org/licenses/by/4.0;1
images/real/real_47bbd331bf.jpg;Moscow_bus_032870_2025-04_Lyusinovskaya_Street_NefAZ-5299-40_436_b0ef87f6.jpg;File:Moscow bus 032870 2025-04 Lyusinovskaya Street NefAZ-5299-40 436.JPG;https://commons.wikimedia.org/wiki/File%3AMoscow_bus_032870_2025-04_Lyusinovskaya_Street_NefAZ-5299-40_436.JPG;Artyom Svetlov;CC BY 4.0;https://creativecommons.org/licenses/by/4.0;0
images/real/real_bb450b6fbe.jpg;Moscow_bus_032997_2025-02_Sirenevy_Boulevard_LiAZ-5292_209_f80c4b3d.jpg;File:Moscow bus 032997 2025-02 Sirenevy Boulevard LiAZ-5292 209.JPG;https://commons.wikimedia.org/wiki/File%3AMoscow_bus_032997_2025-02_Sirenevy_Boulevard_LiAZ-5292_209.JPG;Artyom Svetlov;CC BY 4.0;https://creativecommons.org/licenses/by/4.0;0
images/real/real_38c353f110.jpg;Moscow_bus_080157_2025-01_1737298085_Cherepovetskaya_Street_LiAZ-4292_fd8a2f23.jpg;File:Moscow bus 080157 2025-01 1737298085 Cherepovetskaya Street LiAZ-4292.JPG;https://commons.wikimedia.org/wiki/File%3AMoscow_bus_080157_2025-01_1737298085_Cherepovetskaya_Street_LiAZ-4292.JPG;Artyom Svetlov;CC BY 4.0;https://creativecommons.org/licenses/by/4.0;0
images/real/real_e2f4a4f870.jpg;Moscow_bus_081600_2025-04_Dmitriya_Ulyanova_Street_LiAZ-5292_384_4a425c66.jpg;File:Moscow bus 081600 2025-04 Dmitriya Ulyanova Street LiAZ-5292 384.JPG;https://commons.wikimedia.org/wiki/File%3AMoscow_bus_081600_2025-04_Dmitriya_Ulyanova_Street_LiAZ-5292_384.JPG;Artyom Svetlov;CC BY 4.0;https://creativecommons.org/licenses/by/4.0;1
images/real/real_41252a7134.jpg;Moscow_bus_082946_2025-04_Danilovskaya_Manufaktura_tram_loop_NefAZ-5299-40_010_bbb0dd78.jpg;File:Moscow bus 082946 2025-04 Danilovskaya Manufaktura tram loop NefAZ-5299-40 010.JPG;https://commons.wikimedia.org/wiki/File%3AMoscow_bus_082946_2025-04_Danilovskaya_Manufaktura_tram_loop_NefAZ-5299-40_010.JPG;Artyom Svetlov;CC BY 4.0;https://creativecommons.org/licenses/by/4.0;1
images/real/real_4dc6a467a9.jpg;Moscow_bus_125_790_2025-01_1737301707_Altufyevskoye_Highway_PAZ_Vector_Next_f6f4f8cd.tif;File:Moscow bus У125РО790 2025-01 1737301707 Altufyevskoye Highway PAZ Vector Next.tif;https://commons.wikimedia.org/wiki/File%3AMoscow_bus_%D0%A3125%D0%A0%D0%9E790_2025-01_1737301707_Altufyevskoye_Highway_PAZ_Vector_Next.tif;Artyom Svetlov;CC BY 4.0;https://creativecommons.org/licenses/by/4.0;2
images/real/real_987816320f.jpg;Moscow_bus_1322026_2025-01_1737297764_Cherepovetskaya_Street_LiAZ-5292_75566cec.jpg;File:Moscow bus 1322026 2025-01 1737297764 Cherepovetskaya Street LiAZ-5292.JPG;https://commons.wikimedia.org/wiki/File%3AMoscow_bus_1322026_2025-01_1737297764_Cherepovetskaya_Street_LiAZ-5292.JPG;Artyom Svetlov;CC BY 4.0;https://creativecommons.org/licenses/by/4.0;1
images/real/real_665b8626fa.jpg;Moscow_bus_1322057_2025-01_1737299249_Ulitza_Leskova_LiAZ-5292_5baa83fd.jpg;File:Moscow bus 1322057 2025-01 1737299249 Ulitza Leskova LiAZ-5292.JPG;https://commons.wikimedia.org/wiki/File%3AMoscow_bus_1322057_2025-01_1737299249_Ulitza_Leskova_LiAZ-5292.JPG;Artyom Svetlov;CC BY 4.0;https://creativecommons.org/licenses/by/4.0;2
images/real/real_22b911fbdc.jpg;Moscow_bus_1322057_2025-01_1737301623_Altufyevskoye_Highway_LiAZ-5292_5b5fe5e2.tif;File:Moscow bus 1322057 2025-01 1737301623 Altufyevskoye Highway LiAZ-5292.tif;https://commons.wikimedia.org/wiki/File%3AMoscow_bus_1322057_2025-01_1737301623_Altufyevskoye_Highway_LiAZ-5292.tif;Artyom Svetlov;CC BY 4.0;https://creativecommons.org/licenses/by/4.0;0
images/real/real_ff0df9053f.jpg;Moscow_bus_1322068_2025-01_1737301748_Altufyevskoye_Highway_LiAZ-5292_558839c9.tif;File:Moscow bus 1322068 2025-01 1737301748 Altufyevskoye Highway LiAZ-5292.tif;https://commons.wikimedia.org/wiki/File%3AMoscow_bus_1322068_2025-01_1737301748_Altufyevskoye_Highway_LiAZ-5292.tif;Artyom Svetlov;CC BY 4.0;https://creativecommons.org/licenses/by/4.0;1
images/real/real_57515c927f.jpg;Moscow_bus_1322095_2025-01_1737297978_Cherepovetskaya_Street_LiAZ-5292_a8d8fa59.jpg;File:Moscow bus 1322095 2025-01 1737297978 Cherepovetskaya Street LiAZ-5292.JPG;https://commons.wikimedia.org/wiki/File%3AMoscow_bus_1322095_2025-01_1737297978_Cherepovetskaya_Street_LiAZ-5292.JPG;Artyom Svetlov;CC BY 4.0;https://creativecommons.org/licenses/by/4.0;0
images/real/real_26a04f650c.jpg;Moscow_bus_1325011_2025-01_1737303910_Keramichesky_Passage_LiAZ-5292_4c467168.jpg;File:Moscow bus 1325011 2025-01 1737303910 Keramichesky Passage LiAZ-5292.JPG;https://commons.wikimedia.org/wiki/File%3AMoscow_bus_1325011_2025-01_1737303910_Keramichesky_Passage_LiAZ-5292.JPG;Artyom Svetlov;CC BY 4.0;https://creativecommons.org/licenses/by/4.0;2
images/real/real_53c80f5dc4.jpg;Moscow_bus_160452_2025-04_Varshavskoye_Highway_LiAZ-6213_023_7a4dab4e.jpg;File:Moscow bus 160452 2025-04 Varshavskoye Highway LiAZ-6213 023.JPG;https://commons.wikimedia.org/wiki/File%3AMoscow_bus_160452_2025-04_Varshavskoye_Highway_LiAZ-6213_023.JPG;Artyom Svetlov;CC BY 4.0;https://creativecommons.org/licenses/by/4.0;0
images/real/real_0f9decc81c.jpg;Moscow_bus_160679_2025-03_Kavkazsky_Boulevard_LiAZ-4292_478_845d8d74.jpg;File:Moscow bus 160679 2025-03 Kavkazsky Boulevard LiAZ-4292 478.jpg;https://commons.wikimedia.org/wiki/File%3AMoscow_bus_160679_2025-03_Kavkazsky_Boulevard_LiAZ-4292_478.jpg;Artyom Svetlov;CC BY 4.0;https://creativecommons.org/licenses/by/4.0;2
images/real/real_add2cfa29e.jpg;Moscow_bus_160747_2025-03_Kavkazsky_Boulevard_LiAZ-6213_508_a0e741ef.jpg;File:Moscow bus 160747 2025-03 Kavkazsky Boulevard LiAZ-6213 508.jpg;https://commons.wikimedia.org/wiki/File%3AMoscow_bus_160747_2025-03_Kavkazsky_Boulevard_LiAZ-6213_508.jpg;Artyom Svetlov;CC BY 4.0;https://creativecommons.org/licenses/by/4.0;0
images/real/real_a65ac27b50.jpg;Moscow_bus_160748_2025-03_Erevanskaya_street_LiAZ-6213_127_060db898.jpg;File:Moscow bus 160748 2025-03 Erevanskaya street LiAZ-6213 127.jpg;https://commons.wikimedia.org/wiki/File%3AMoscow_bus_160748_2025-03_Erevanskaya_street_LiAZ-6213_127.jpg;Artyom Svetlov;CC BY 4.0;https://creativecommons.org/licenses/by/4.0;0
images/real/real_51f15a16b1.jpg;Moscow_bus_160866_2025-03_Kavkazsky_Boulevard_LiAZ-6213_348_668244d6.jpg;File:Moscow bus 160866 2025-03 Kavkazsky Boulevard LiAZ-6213 348.jpg;https://commons.wikimedia.org/wiki/File%3AMoscow_bus_160866_2025-03_Kavkazsky_Boulevard_LiAZ-6213_348.jpg;Artyom Svetlov;CC BY 4.0;https://creativecommons.org/licenses/by/4.0;1
images/real/real_d6124c7605.jpg;Moscow_bus_161680_2025-03_1741529534_Yunykh_Lenintsev_street_NefAZ-5299-40_53ec7d36.jpg;File:Moscow bus 161680 2025-03 1741529534 Yunykh Lenintsev street NefAZ-5299-40.jpg;https://commons.wikimedia.org/wiki/File%3AMoscow_bus_161680_2025-03_1741529534_Yunykh_Lenintsev_street_NefAZ-5299-40.jpg;Artyom Svetlov;CC BY 4.0;https://creativecommons.org/licenses/by/4.0;0
images/real/real_57afa860bb.jpg;Moscow_bus_162223_2025-04_Varshavskoye_Highway_LiAZ-5292_012_dc1f0508.jpg;File:Moscow bus 162223 2025-04 Varshavskoye Highway LiAZ-5292 012.JPG;https://commons.wikimedia.org/wiki/File%3AMoscow_bus_162223_2025-04_Varshavskoye_Highway_LiAZ-5292_012.JPG;Artyom Svetlov;CC BY 4.0;https://creativecommons.org/licenses/by/4.0;1
images/real/real_a53badf456.jpg;Moscow_bus_162257_2025-03_Kavkazsky_Boulevard_LiAZ-6213_349_3ecedd4f.jpg;File:Moscow bus 162257 2025-03 Kavkazsky Boulevard LiAZ-6213 349.jpg;https://commons.wikimedia.org/wiki/File%3AMoscow_bus_162257_2025-03_Kavkazsky_Boulevard_LiAZ-6213_349.jpg;Artyom Svetlov;CC BY 4.0;https://creativecommons.org/licenses/by/4.0;1
images/real/real_562af51009.jpg;Moscow_bus_162296_2025-02_1738498109_Proletarsky_Prospect_LiAZ-6213_319_98acc360.tif;File:Moscow bus 162296 2025-02 1738498109 Proletarsky Prospect LiAZ-6213 319.tif;https://commons.wikimedia.org/wiki/File%3AMoscow_bus_162296_2025-02_1738498109_Proletarsky_Prospect_LiAZ-6213_319.tif;Artyom Svetlov;CC BY 4.0;https://creativecommons.org/licenses/by/4.0;3
images/real/real_b18199c585.jpg;Moscow_bus_162388_2025-03_Kavkazsky_Boulevard_LiAZ-5292_505_e1e1d48c.jpg;File:Moscow bus 162388 2025-03 Kavkazsky Boulevard LiAZ-5292 505.jpg;https://commons.wikimedia.org/wiki/File%3AMoscow_bus_162388_2025-03_Kavkazsky_Boulevard_LiAZ-5292_505.jpg;Artyom Svetlov;CC BY 4.0;https://creativecommons.org/licenses/by/4.0;0
images/real/real_cb36e592d9.jpg;Moscow_bus_1785001_2025-03_1741543411_Ivanteyevskaya_Street_MAZ-206_29d854fe.jpg;File:Moscow bus 1785001 2025-03 1741543411 Ivanteyevskaya Street MAZ-206.jpg;https://commons.wikimedia.org/wiki/File%3AMoscow_bus_1785001_2025-03_1741543411_Ivanteyevskaya_Street_MAZ-206.jpg;Artyom Svetlov;CC BY 4.0;https://creativecommons.org/licenses/by/4.0;2
images/real/real_50480f32d9.jpg;Moscow_bus_1785002_2025-04_Akademika_Lyulki_Square_MAZ-206_0008_c213c240.jpg;File:Moscow bus 1785002 2025-04 Akademika Lyulki Square MAZ-206 0008.JPG;https://commons.wikimedia.org/wiki/File%3AMoscow_bus_1785002_2025-04_Akademika_Lyulki_Square_MAZ-206_0008.JPG;Artyom Svetlov;CC BY 4.0;https://creativecommons.org/licenses/by/4.0;0
images/real/real_acfdfa74ad.jpg;Moscow_bus_1787225_2025-03_1741530328_Yunykh_Lenintsev_street_Ford_Transit_2013__1530b863.jpg;File:Moscow bus 1787225 2025-03 1741530328 Yunykh Lenintsev street Ford Transit (2013) buses.jpg;https://commons.wikimedia.org/wiki/File%3AMoscow_bus_1787225_2025-03_1741530328_Yunykh_Lenintsev_street_Ford_Transit_%282013%29_buses.jpg;Artyom Svetlov;CC BY 4.0;https://creativecommons.org/licenses/by/4.0;0
images/real/real_cc368382a5.jpg;Moscow_bus_190508_2025-01_1737299055_Altufyevskoye_Highway_LiAZ-5292_283e76b0.jpg;File:Moscow bus 190508 2025-01 1737299055 Altufyevskoye Highway LiAZ-5292.JPG;https://commons.wikimedia.org/wiki/File%3AMoscow_bus_190508_2025-01_1737299055_Altufyevskoye_Highway_LiAZ-5292.JPG;Artyom Svetlov;CC BY 4.0;https://creativecommons.org/licenses/by/4.0;0
images/real/real_81cde9dee4.jpg;Moscow_bus_191535_2025-01_1737297940_Cherepovetskaya_Street_LiAZ-5292_1bc9f906.jpg;File:Moscow bus 191535 2025-01 1737297940 Cherepovetskaya Street LiAZ-5292.JPG;https://commons.wikimedia.org/wiki/File%3AMoscow_bus_191535_2025-01_1737297940_Cherepovetskaya_Street_LiAZ-5292.JPG;Artyom Svetlov;CC BY 4.0;https://creativecommons.org/licenses/by/4.0;0
images/real/real_6ac130a504.jpg;Moscow_bus_2158364_2025-03_1741529133_Yunykh_Lenintsev_street_LiAZ-5292_9faa8bb8.jpg;File:Moscow bus 2158364 2025-03 1741529133 Yunykh Lenintsev street LiAZ-5292.jpg;https://commons.wikimedia.org/wiki/File%3AMoscow_bus_2158364_2025-03_1741529133_Yunykh_Lenintsev_street_LiAZ-5292.jpg;Artyom Svetlov;CC BY 4.0;https://creativecommons.org/licenses/by/4.0;1
images/real/real_59517bf6d2.jpg;Moscow_bus_400504_2025-02_Sevastopolsky_prospekt_KamAZ-6282_1042_b12d5c9c.jpg;File:Moscow bus 400504 2025-02 Sevastopolsky prospekt KamAZ-6282 1042.JPG;https://commons.wikimedia.org/wiki/File%3AMoscow_bus_400504_2025-02_Sevastopolsky_prospekt_KamAZ-6282_1042.JPG;Artyom Svetlov;CC BY 4.0;https://creativecommons.org/licenses/by/4.0;2
images/real/real_d052d09c1d.jpg;Moscow_bus_410718_2025-02_Khamovnichesky_Val_Street_KamAZ-6282_0317_b6acf32a.jpg;File:Moscow bus 410718 2025-02 Khamovnichesky Val Street KamAZ-6282 0317.JPG;https://commons.wikimedia.org/wiki/File%3AMoscow_bus_410718_2025-02_Khamovnichesky_Val_Street_KamAZ-6282_0317.JPG;Artyom Svetlov;CC BY 4.0;https://creativecommons.org/licenses/by/4.0;0
images/real/real_6a81d10c41.jpg;Moscow_bus_412529_2025-04_Dmitriya_Ulyanova_Street_KamAZ-6282_385_35641e13.jpg;File:Moscow bus 412529 2025-04 Dmitriya Ulyanova Street KamAZ-6282 385.JPG;https://commons.wikimedia.org/wiki/File%3AMoscow_bus_412529_2025-04_Dmitriya_Ulyanova_Street_KamAZ-6282_385.JPG;Artyom Svetlov;CC BY 4.0;https://creativecommons.org/licenses/by/4.0;1
images/real/real_b6e1ca79c1.jpg;Moscow_bus_412530_2025-04_Bolshaya_Cheryomushkinskaya_Street_KamAZ-6282_333_e58d0729.jpg;File:Moscow bus 412530 2025-04 Bolshaya Cheryomushkinskaya Street KamAZ-6282 333.JPG;https://commons.wikimedia.org/wiki/File%3AMoscow_bus_412530_2025-04_Bolshaya_Cheryomushkinskaya_Street_KamAZ-6282_333.JPG;Artyom Svetlov;CC BY 4.0;https://creativecommons.org/licenses/by/4.0;0
images/real/real_d8cda27d8c.jpg;Moscow_bus_430111_2025-01_1737298896_Altufyevskoye_Highway_LiAZ-6274_41e9e04c.tif;File:Moscow bus 430111 2025-01 1737298896 Altufyevskoye Highway LiAZ-6274.tif;https://commons.wikimedia.org/wiki/File%3AMoscow_bus_430111_2025-01_1737298896_Altufyevskoye_Highway_LiAZ-6274.tif;Artyom Svetlov;CC BY 4.0;https://creativecommons.org/licenses/by/4.0;0
images/real/real_d631995c5f.jpg;Moscow_bus_430239_2025-02_Matrossky_Bridge_LiAZ-6274_276_1958ef34.jpg;File:Moscow bus 430239 2025-02 Matrossky Bridge LiAZ-6274 276.jpg;https://commons.wikimedia.org/wiki/File%3AMoscow_bus_430239_2025-02_Matrossky_Bridge_LiAZ-6274_276.jpg;Artyom Svetlov;CC BY 4.0;https://creativecommons.org/licenses/by/4.0;1
images/real/real_91381589fa.jpg;Moscow_bus_430469_2025-01_1737301600_Altufyevskoye_Highway_KamAZ-6282_cfd23ee5.tif;File:Moscow bus 430469 2025-01 1737301600 Altufyevskoye Highway KamAZ-6282.tif;https://commons.wikimedia.org/wiki/File%3AMoscow_bus_430469_2025-01_1737301600_Altufyevskoye_Highway_KamAZ-6282.tif;Artyom Svetlov;CC BY 4.0;https://creativecommons.org/licenses/by/4.0;1
images/real/real_3aa06100fb.jpg;Moscow_bus_430491_2025-01_1737299154_Altufyevskoye_Highway_KamAZ-6282_56913e07.jpg;File:Moscow bus 430491 2025-01 1737299154 Altufyevskoye Highway KamAZ-6282.JPG;https://commons.wikimedia.org/wiki/File%3AMoscow_bus_430491_2025-01_1737299154_Altufyevskoye_Highway_KamAZ-6282.JPG;Artyom Svetlov;CC BY 4.0;https://creativecommons.org/licenses/by/4.0;0
images/real/real_624c7db37f.jpg;Moscow_bus_430660_2025-01_1737304313_Putevoy_passage_KamAZ-6282_1da69a0a.jpg;File:Moscow bus 430660 2025-01 1737304313 Putevoy passage KamAZ-6282.JPG;https://commons.wikimedia.org/wiki/File%3AMoscow_bus_430660_2025-01_1737304313_Putevoy_passage_KamAZ-6282.JPG;Artyom Svetlov;CC BY 4.0;https://creativecommons.org/licenses/by/4.0;2
images/real/real_4114e793fe.jpg;Moscow_bus_430660_2025-01_1737304319_Putevoy_passage_KamAZ-6282_34c1320a.jpg;File:Moscow bus 430660 2025-01 1737304319 Putevoy passage KamAZ-6282.JPG;https://commons.wikimedia.org/wiki/File%3AMoscow_bus_430660_2025-01_1737304319_Putevoy_passage_KamAZ-6282.JPG;Artyom Svetlov;CC BY 4.0;https://creativecommons.org/licenses/by/4.0;2
images/real/real_7fc060d7ab.jpg;Moscow_bus_430666_2025-01_1737298599_Cherepovetskaya_Street_KamAZ-6282_1ec2e631.jpg;File:Moscow bus 430666 2025-01 1737298599 Cherepovetskaya Street KamAZ-6282.JPG;https://commons.wikimedia.org/wiki/File%3AMoscow_bus_430666_2025-01_1737298599_Cherepovetskaya_Street_KamAZ-6282.JPG;Artyom Svetlov;CC BY 4.0;https://creativecommons.org/licenses/by/4.0;0
images/real/real_8c36c7fdf8.jpg;Moscow_bus_430803_2025-01_1737299647_Leskova_street_KamAZ-6282_efcde667.tif;File:Moscow bus 430803 2025-01 1737299647 Leskova street KamAZ-6282.tif;https://commons.wikimedia.org/wiki/File%3AMoscow_bus_430803_2025-01_1737299647_Leskova_street_KamAZ-6282.tif;Artyom Svetlov;CC BY 4.0;https://creativecommons.org/licenses/by/4.0;3
images/real/real_74c42fc01e.jpg;Moscow_bus_430851_2025-04_Menzhinskogo_Street_LiAZ-6274_0023_df7e6dcb.jpg;File:Moscow bus 430851 2025-04 Menzhinskogo Street LiAZ-6274 0023.JPG;https://commons.wikimedia.org/wiki/File%3AMoscow_bus_430851_2025-04_Menzhinskogo_Street_LiAZ-6274_0023.JPG;Artyom Svetlov;CC BY 4.0;https://creativecommons.org/licenses/by/4.0;1
images/real/real_bced3d19f9.jpg;Moscow_bus_430853_2025-01_1737297626_Abramtsevskaya_Street_LiAZ-6274_af0a8dc1.jpg;File:Moscow bus 430853 2025-01 1737297626 Abramtsevskaya Street LiAZ-6274.JPG;https://commons.wikimedia.org/wiki/File%3AMoscow_bus_430853_2025-01_1737297626_Abramtsevskaya_Street_LiAZ-6274.JPG;Artyom Svetlov;CC BY 4.0;https://creativecommons.org/licenses/by/4.0;3
images/real/real_efec5280b3.jpg;Moscow_bus_430853_2025-01_1737297631_Abramtsevskaya_Street_LiAZ-6274_5f06f165.jpg;File:Moscow bus 430853 2025-01 1737297631 Abramtsevskaya Street LiAZ-6274.JPG;https://commons.wikimedia.org/wiki/File%3AMoscow_bus_430853_2025-01_1737297631_Abramtsevskaya_Street_LiAZ-6274.JPG;Artyom Svetlov;CC BY 4.0;https://creativecommons.org/licenses/by/4.0;3
images/real/real_ff2e94464e.jpg;Moscow_bus_431410_2025-01_1737298419_Cherepovetskaya_Street_KamAZ-6282_c27519c7.jpg;File:Moscow bus 431410 2025-01 1737298419 Cherepovetskaya Street KamAZ-6282.JPG;https://commons.wikimedia.org/wiki/File%3AMoscow_bus_431410_2025-01_1737298419_Cherepovetskaya_Street_KamAZ-6282.JPG;Artyom Svetlov;CC BY 4.0;https://creativecommons.org/licenses/by/4.0;2
images/real/real_1b90c6911d.jpg;Moscow_bus_431410_2025-01_1737298451_Cherepovetskaya_Street_KamAZ-6282_ff930b1e.jpg;File:Moscow bus 431410 2025-01 1737298451 Cherepovetskaya Street KamAZ-6282.JPG;https://commons.wikimedia.org/wiki/File%3AMoscow_bus_431410_2025-01_1737298451_Cherepovetskaya_Street_KamAZ-6282.JPG;Artyom Svetlov;CC BY 4.0;https://creativecommons.org/licenses/by/4.0;0
images/real/real_885578b973.jpg;Moscow_bus_431410_2025-01_1737298456_Cherepovetskaya_Street_KamAZ-6282_a723c4b7.jpg;File:Moscow bus 431410 2025-01 1737298456 Cherepovetskaya Street KamAZ-6282.JPG;https://commons.wikimedia.org/wiki/File%3AMoscow_bus_431410_2025-01_1737298456_Cherepovetskaya_Street_KamAZ-6282.JPG;Artyom Svetlov;CC BY 4.0;https://creativecommons.org/licenses/by/4.0;0
images/real/real_e91c88a763.jpg;Moscow_bus_431624_2025-01_1737297567_Cherepovetskaya_Street_KamAZ-6282_15798892.jpg;File:Moscow bus 431624 2025-01 1737297567 Cherepovetskaya Street KamAZ-6282.JPG;https://commons.wikimedia.org/wiki/File%3AMoscow_bus_431624_2025-01_1737297567_Cherepovetskaya_Street_KamAZ-6282.JPG;Artyom Svetlov;CC BY 4.0;https://creativecommons.org/licenses/by/4.0;0
images/real/real_0542e93713.jpg;Moscow_bus_432078_2025-02_1739359717_Bakuninskaya_Street_KamAZ-6282_61c0338a.jpg;File:Moscow bus 432078 2025-02 1739359717 Bakuninskaya Street KamAZ-6282.JPG;https://commons.wikimedia.org/wiki/File%3AMoscow_bus_432078_2025-02_1739359717_Bakuninskaya_Street_KamAZ-6282.JPG;Artyom Svetlov;CC BY 4.0;https://creativecommons.org/licenses/by/4.0;0
images/real/real_0f63ab7e69.jpg;Moscow_bus_433024_2025-02_1739359733_Bakuninskaya_Street_KamAZ-6282_188a2f7b.jpg;File:Moscow bus 433024 2025-02 1739359733 Bakuninskaya Street KamAZ-6282.JPG;https://commons.wikimedia.org/wiki/File%3AMoscow_bus_433024_2025-02_1739359733_Bakuninskaya_Street_KamAZ-6282.JPG;Artyom Svetlov;CC BY 4.0;https://creativecommons.org/licenses/by/4.0;0
images/real/real_18e782da96.jpg;Moscow_bus_466_799_2025-03_Medikov_Street_RAF-2203_051_c177bfe1.jpg;File:Moscow bus Р466ОС799 2025-03 Medikov Street RAF-2203 051.jpg;https://commons.wikimedia.org/wiki/File%3AMoscow_bus_%D0%A0466%D0%9E%D0%A1799_2025-03_Medikov_Street_RAF-2203_051.jpg;Artyom Svetlov;CC BY 4.0;https://creativecommons.org/licenses/by/4.0;0
images/real/real_b7afa15871.jpg;Moscow_bus_8490914_2025-01_1737299105_Altufyevskoye_Highway_LiAZ-5292_b7576589.jpg;File:Moscow bus 8490914 2025-01 1737299105 Altufyevskoye Highway LiAZ-5292.JPG;https://commons.wikimedia.org/wiki/File%3AMoscow_bus_8490914_2025-01_1737299105_Altufyevskoye_Highway_LiAZ-5292.JPG;Artyom Svetlov;CC BY 4.0;https://creativecommons.org/licenses/by/4.0;0
images/real/real_ff7c6d8734.jpg;Moscow_bus_8490914_2025-01_1737299130_Cherepovetskaya_Street_LiAZ-5292_9a081abf.jpg;File:Moscow bus 8490914 2025-01 1737299130 Cherepovetskaya Street LiAZ-5292.JPG;https://commons.wikimedia.org/wiki/File%3AMoscow_bus_8490914_2025-01_1737299130_Cherepovetskaya_Street_LiAZ-5292.JPG;Artyom Svetlov;CC BY 4.0;https://creativecommons.org/licenses/by/4.0;7
images/real/real_b3813fd9ef.jpg;Moscow_bus_lane_2025-01_1737298229_ed6699a8.jpg;File:Moscow bus lane 2025-01 1737298229.JPG;https://commons.wikimedia.org/wiki/File%3AMoscow_bus_lane_2025-01_1737298229.JPG;Artyom Svetlov;CC BY 4.0;https://creativecommons.org/licenses/by/4.0;1
images/real/real_21d404575f.jpg;Moscow_old_Setra_bus_from_Oryol_May_2025_01_c20fc4fa.jpg;File:Moscow, old Setra bus from Oryol, May 2025 01.jpg;https://commons.wikimedia.org/wiki/File%3AMoscow%2C_old_Setra_bus_from_Oryol%2C_May_2025_01.jpg;Retired electrician;CC0;http://creativecommons.org/publicdomain/zero/1.0/deed.en;0
images/real/real_fef3cc8f39.jpg;Moscow_perspective_14573779890__22ed2f7c.jpg;File:Moscow perspective (14573779890).jpg;https://commons.wikimedia.org/wiki/File%3AMoscow_perspective_%2814573779890%29.jpg;Artem Svetlov from Moscow, Russia;CC BY 2.0;https://creativecommons.org/licenses/by/2.0;3
images/real/real_84affe9e69.jpg;Moscow_prospect_Andropova_buses_April_2025_01_f0cafbba.jpg;File:Moscow, prospect Andropova, buses April 2025 01.jpg;https://commons.wikimedia.org/wiki/File%3AMoscow%2C_prospect_Andropova%2C_buses_April_2025_01.jpg;Retired electrician;CC0;http://creativecommons.org/publicdomain/zero/1.0/deed.en;0
images/real/real_32f96b7dea.jpg;Moscow_prospect_Andropova_buses_April_2025_02_4a0ccf4a.jpg;File:Moscow, prospect Andropova, buses April 2025 02.jpg;https://commons.wikimedia.org/wiki/File%3AMoscow%2C_prospect_Andropova%2C_buses_April_2025_02.jpg;Retired electrician;CC0;http://creativecommons.org/publicdomain/zero/1.0/deed.en;1
images/real/real_52fdb93de0.jpg;Moscow_prospect_Andropova_buses_April_2025_03_93f95857.jpg;File:Moscow, prospect Andropova, buses April 2025 03.jpg;https://commons.wikimedia.org/wiki/File%3AMoscow%2C_prospect_Andropova%2C_buses_April_2025_03.jpg;Retired electrician;CC0;http://creativecommons.org/publicdomain/zero/1.0/deed.en;1
images/real/real_2ba1cabe2b.jpg;Moscow_prospect_Andropova_buses_April_2025_04_b5f7b16b.jpg;File:Moscow, prospect Andropova, buses April 2025 04.jpg;https://commons.wikimedia.org/wiki/File%3AMoscow%2C_prospect_Andropova%2C_buses_April_2025_04.jpg;Retired electrician;CC0;http://creativecommons.org/publicdomain/zero/1.0/deed.en;1
images/real/real_bd082a5e8c.jpg;Moscow_tour_buses_Mercedes-Benz_grey_Sept_2025_01_b0e3b5c1.jpg;File:Moscow, tour buses, Mercedes-Benz grey, Sept 2025 01.jpg;https://commons.wikimedia.org/wiki/File%3AMoscow%2C_tour_buses%2C_Mercedes-Benz_grey%2C_Sept_2025_01.jpg;Retired electrician;CC0;http://creativecommons.org/publicdomain/zero/1.0/deed.en;1
images/real/real_b0ac712fef.jpg;Mudan_MD_6750_Hopper_e57550f7.jpg;File:Mudan MD 6750 Hopper.jpg;https://commons.wikimedia.org/wiki/File%3AMudan_MD_6750_Hopper.jpg;Fufel17;CC BY-SA 4.0;https://creativecommons.org/licenses/by-sa/4.0;2
images/real/real_9e3db5c375.jpg;Murino_2019-01-29-P1722665_36_762b0c6a.jpg;File:Murino, 2019-01-29-P1722665 36.jpg;https://commons.wikimedia.org/wiki/File%3AMurino%2C_2019-01-29-P1722665_36.jpg;Ilya Varlamov;CC BY-SA 4.0;https://creativecommons.org/licenses/by-sa/4.0;4
images/real/real_9f78525e13.jpg;Murmansk_bus_MAZ-103_800_51_2022-05_656b1d7b.jpg;File:Murmansk bus MAZ-103 Р800МС51 2022-05.jpg;https://commons.wikimedia.org/wiki/File%3AMurmansk_bus_MAZ-103_%D0%A0800%D0%9C%D0%A151_2022-05.jpg;Svetlov Artem;CC0;http://creativecommons.org/publicdomain/zero/1.0/deed.en;1
images/real/real_903682a46b.jpg;NefAZ-5299-30-51_f30d0527.jpg;File:NefAZ-5299-30-51.jpg;https://commons.wikimedia.org/wiki/File%3ANefAZ-5299-30-51.jpg;The original uploader was Vario Solo at Russian Wikipedia.;CC BY-SA 3.0;https://creativecommons.org/licenses/by-sa/3.0;1
images/real/real_fa5e016a06.jpg;NefAZ-5299_CNG_bus_for_Naberezhnye_Chelny_7be99707.jpg;File:NefAZ-5299 CNG bus for Naberezhnye Chelny.jpg;https://commons.wikimedia.org/wiki/File%3ANefAZ-5299_CNG_bus_for_Naberezhnye_Chelny.jpg;Artem Svetlov;CC BY 2.0;https://creativecommons.org/licenses/by/2.0;0
images/real/real_e86c849334.jpg;NefAZ-5299_CNG_bus_for_Naberezhnye_Chelny_No2_6e6811a3.jpg;File:NefAZ-5299 CNG bus for Naberezhnye Chelny No2.jpg;https://commons.wikimedia.org/wiki/File%3ANefAZ-5299_CNG_bus_for_Naberezhnye_Chelny_No2.jpg;Artem Svetlov;CC BY 2.0;https://creativecommons.org/licenses/by/2.0;2
images/real/real_2caee08997.jpg;New_buses_in_Kemerovo_02_e8f325fb.jpg;File:New buses in Kemerovo 02.jpg;https://commons.wikimedia.org/wiki/File%3ANew_buses_in_Kemerovo_02.jpg;ФГБУ «Информавтодор»;CC BY 4.0;https://creativecommons.org/licenses/by/4.0;4
images/real/real_89313e82d9.jpg;Nizhny_Novgorod_buses_4cddaca3.jpg;File:Nizhny Novgorod buses.jpg;https://commons.wikimedia.org/wiki/File%3ANizhny_Novgorod_buses.jpg;https://bkdrf.ru/News/Read/blagodarya-natsproektu-v-nizhnem-novgorode-na-gorodskoy-marshrut-vyshli-20-novyh-avtobusov;CC BY 4.0;https://creativecommons.org/licenses/by/4.0;0
images/real/real_e82507a3d0.jpg;Novosibirsk_-_190225_DSC_4038_99ea7e4f.jpg;File:Novosibirsk - 190225 DSC 4038.jpg;https://commons.wikimedia.org/wiki/File%3ANovosibirsk_-_190225_DSC_4038.jpg;Ilya Varlamov;CC BY-SA 4.0;https://creativecommons.org/licenses/by-sa/4.0;0
images/real/real_7469b84881.jpg;Novosibirsk_-_190225_DSC_4321_22e4ab43.jpg;File:Novosibirsk - 190225 DSC 4321.jpg;https://commons.wikimedia.org/wiki/File%3ANovosibirsk_-_190225_DSC_4321.jpg;Ilya Varlamov;CC BY-SA 4.0;https://creativecommons.org/licenses/by-sa/4.0;3
images/real/real_3dfc7a66fa.jpg;Novosibirsk_-_190225_DSC_4475_26d25a1a.jpg;File:Novosibirsk - 190225 DSC 4475.jpg;https://commons.wikimedia.org/wiki/File%3ANovosibirsk_-_190225_DSC_4475.jpg;Ilya Varlamov;CC BY-SA 4.0;https://creativecommons.org/licenses/by-sa/4.0;1
images/real/real_750c876c69.jpg;Oktyabrskiy_rayon_Ivanovo_Ivanovskaya_oblast_Russia_-_panoramio_48__0efcca79.jpg;File:Oktyabrskiy rayon, Ivanovo, Ivanovskaya oblast', Russia - panoramio (48).jpg;https://commons.wikimedia.org/wiki/File%3AOktyabrskiy_rayon%2C_Ivanovo%2C_Ivanovskaya_oblast%27%2C_Russia_-_panoramio_%2848%29.jpg;Svetlov Artem;CC BY 3.0;https://creativecommons.org/licenses/by/3.0;1
images/real/real_9f63336434.jpg;Oktyabrskiy_rayon_Ivanovo_Ivanovskaya_oblast_Russia_-_panoramio_87__9922dfde.jpg;File:Oktyabrskiy rayon, Ivanovo, Ivanovskaya oblast', Russia - panoramio (87).jpg;https://commons.wikimedia.org/wiki/File%3AOktyabrskiy_rayon%2C_Ivanovo%2C_Ivanovskaya_oblast%27%2C_Russia_-_panoramio_%2887%29.jpg;Svetlov Artem;CC BY 3.0;https://creativecommons.org/licenses/by/3.0;0
images/real/real_75159a9381.jpg;Once_upon_a_time_-_panoramio_1__4e76bf46.jpg;File:Once upon a time - panoramio (1).jpg;https://commons.wikimedia.org/wiki/File%3AOnce_upon_a_time_-_panoramio_%281%29.jpg;James Ryen;CC BY 3.0;https://creativecommons.org/licenses/by/3.0;0
images/real/real_d5791c486c.jpg;PAZ-32053_Chelyabinsk_e774cbd1.jpg;File:PAZ-32053 Chelyabinsk.jpg;https://commons.wikimedia.org/wiki/File%3APAZ-32053_Chelyabinsk.jpg;Павел Королевский (Chelyabinsk74);CC BY 3.0;https://creativecommons.org/licenses/by/3.0;0
images/real/real_b4f3e5b118.jpg;PAZ-4234_M16_Bryansk_fd6a12fe.jpg;File:PAZ-4234 M16, Bryansk.jpg;https://commons.wikimedia.org/wiki/File%3APAZ-4234_M16%2C_Bryansk.jpg;Андрей Осиновский;CC0;http://creativecommons.org/publicdomain/zero/1.0/deed.en;0
images/real/real_884360f81f.jpg;PAZ_Vector_Next_at_the_Bryansk-2_stop_0c4ee2a6.jpg;File:PAZ Vector Next at the Bryansk-2 stop.jpg;https://commons.wikimedia.org/wiki/File%3APAZ_Vector_Next_at_the_Bryansk-2_stop.jpg;Андрей Осиновский;CC0;http://creativecommons.org/publicdomain/zero/1.0/deed.en;1
images/real/real_3bd7862f60.jpg;Proletarsky_Prospect_18_k3_Moscow_bus_317_977_2025-03_Proletarsky_Prospect_18_k3_2f635f45.jpg;File:Proletarsky Prospect 18 k3, Moscow bus С317КЕ977 2025-03 Proletarsky Prospect 18 k3, Moscow UAZ-452 406.jpg;https://commons.wikimedia.org/wiki/File%3AProletarsky_Prospect_18_k3%2C_Moscow_bus_%D0%A1317%D0%9A%D0%95977_2025-03_Proletarsky_Prospect_18_k3%2C_Moscow_UAZ-452_406.jpg;Artyom Svetlov;CC BY 4.0;https://creativecommons.org/licenses/by/4.0;0
images/real/real_e1a0926756.jpg;Ramenskoye_Moscow_Oblast_Russia_-_panoramio_30__e40b4354.jpg;File:Ramenskoye, Moscow Oblast, Russia - panoramio (30).jpg;https://commons.wikimedia.org/wiki/File%3ARamenskoye%2C_Moscow_Oblast%2C_Russia_-_panoramio_%2830%29.jpg;Svetlov Artem;CC BY 3.0;https://creativecommons.org/licenses/by/3.0;4
images/real/real_27b5dff3ef.jpg;Ramenskoye_bus_538_750_2024-12_1735655870_Mikhalevich_street_Luidor-2250DS_3f198678.jpg;File:Ramenskoye bus Т538РР750 2024-12 1735655870 Mikhalevich street Luidor-2250DS.jpg;https://commons.wikimedia.org/wiki/File%3ARamenskoye_bus_%D0%A2538%D0%A0%D0%A0750_2024-12_1735655870_Mikhalevich_street_Luidor-2250DS.jpg;Artyom Svetlov;CC BY 4.0;https://creativecommons.org/licenses/by/4.0;0
images/real/real_803aacace6.jpg;Rechnoy_Vokzal_Bus_Stop_Novosibirsk_02_04e75a27.jpg;File:Rechnoy Vokzal Bus Stop, Novosibirsk 02.jpg;https://commons.wikimedia.org/wiki/File%3ARechnoy_Vokzal_Bus_Stop%2C_Novosibirsk_02.jpg;К.Артём.1;CC BY-SA 4.0;https://creativecommons.org/licenses/by-sa/4.0;0
images/real/real_562ef6e1b2.jpg;Rechnoy_Vokzal_Bus_Stop_Novosibirsk_04_267f627b.jpg;File:Rechnoy Vokzal Bus Stop, Novosibirsk 04.jpg;https://commons.wikimedia.org/wiki/File%3ARechnoy_Vokzal_Bus_Stop%2C_Novosibirsk_04.jpg;К.Артём.1;CC BY-SA 4.0;https://creativecommons.org/licenses/by-sa/4.0;2
images/real/real_769ce00816.jpg;Riparado_de_Permjakov-viadukto_01_7254da71.jpg;File:Riparado de Permjakov-viadukto 01.jpg;https://commons.wikimedia.org/wiki/File%3ARiparado_de_Permjakov-viadukto_01.jpg;RG72;CC BY-SA 4.0;https://creativecommons.org/licenses/by-sa/4.0;0
images/real/real_a23d0ba781.jpg;Saint_Petersburg_bus_041_98_2025-03_Moscow_Square_Renault_FR1_147_c9cd975a.jpg;File:Saint Petersburg bus Е041ОН98 2025-03 Moscow Square Renault FR1 147.JPG;https://commons.wikimedia.org/wiki/File%3ASaint_Petersburg_bus_%D0%95041%D0%9E%D0%9D98_2025-03_Moscow_Square_Renault_FR1_147.JPG;Artyom Svetlov;CC BY 4.0;https://creativecommons.org/licenses/by/4.0;0
images/real/real_c7360f006d.jpg;Saint_Petersburg_bus_1166_2025-03_Moscow_Square_MAZ-216_149_db959118.jpg;File:Saint Petersburg bus 1166 2025-03 Moscow Square MAZ-216 149.JPG;https://commons.wikimedia.org/wiki/File%3ASaint_Petersburg_bus_1166_2025-03_Moscow_Square_MAZ-216_149.JPG;Artyom Svetlov;CC BY 4.0;https://creativecommons.org/licenses/by/4.0;0
images/real/real_87e177a693.jpg;Saint_Petersburg_bus_38393_2025-03_Moscow_Square_MAZ-206_154_a0cceab8.jpg;File:Saint Petersburg bus 38393 2025-03 Moscow Square MAZ-206 154.JPG;https://commons.wikimedia.org/wiki/File%3ASaint_Petersburg_bus_38393_2025-03_Moscow_Square_MAZ-206_154.JPG;Artyom Svetlov;CC BY 4.0;https://creativecommons.org/licenses/by/4.0;1
images/real/real_28143123c6.jpg;Saint_Petersburg_bus_6954_2025-03_Moscow_Square_Volgabus-5270_148_f67a4c8c.jpg;File:Saint Petersburg bus 6954 2025-03 Moscow Square Volgabus-5270 148.JPG;https://commons.wikimedia.org/wiki/File%3ASaint_Petersburg_bus_6954_2025-03_Moscow_Square_Volgabus-5270_148.JPG;Artyom Svetlov;CC BY 4.0;https://creativecommons.org/licenses/by/4.0;3
images/real/real_e209b3c082.jpg;Saint_Petersburg_bus_7820_2025-03_Moscow_Square_Volgabus_CityRhythm-18_145_b85a870c.jpg;File:Saint Petersburg bus 7820 2025-03 Moscow Square Volgabus CityRhythm-18 145.JPG;https://commons.wikimedia.org/wiki/File%3ASaint_Petersburg_bus_7820_2025-03_Moscow_Square_Volgabus_CityRhythm-18_145.JPG;Artyom Svetlov;CC BY 4.0;https://creativecommons.org/licenses/by/4.0;1
images/real/real_48cb233812.jpg;Saint_Petersburg_trolleybus_2814_2014-09_1411218732_Baltic_Rail_Terminal_Square__6129f299.jpg;File:Saint Petersburg trolleybus 2814 2014-09 1411218732 Baltic Rail Terminal Square VMZ-5298.JPG;https://commons.wikimedia.org/wiki/File%3ASaint_Petersburg_trolleybus_2814_2014-09_1411218732_Baltic_Rail_Terminal_Square_VMZ-5298.JPG;Artyom Svetlov;CC BY-SA 4.0;https://creativecommons.org/licenses/by-sa/4.0;0
images/real/real_33b78a0762.jpg;Samara_bus_Belkommunmash_E420_667_763_2023-09_1693641508_6daf0d33.tiff;File:Samara bus Belkommunmash E420 е667ус763 2023-09 1693641508.tiff;https://commons.wikimedia.org/wiki/File%3ASamara_bus_Belkommunmash_E420_%D0%B5667%D1%83%D1%81763_2023-09_1693641508.tiff;Artyom Svetlov;CC BY-SA 4.0;https://creativecommons.org/licenses/by-sa/4.0;4
images/real/real_1cabbd6b36.jpg;Samara_bus_Belkommunmash_E420_667_763_2023-09_1693641511_2909932a.tif;File:Samara bus Belkommunmash E420 е667ус763 2023-09 1693641511.tif;https://commons.wikimedia.org/wiki/File%3ASamara_bus_Belkommunmash_E420_%D0%B5667%D1%83%D1%81763_2023-09_1693641511.tif;Artyom Svetlov;CC BY-SA 4.0;https://creativecommons.org/licenses/by-sa/4.0;1
images/real/real_1fee28a94c.jpg;Samara_bus_Belkommunmash_E420_667_763_2023-09_1693641518_1e5562a0.tif;File:Samara bus Belkommunmash E420 е667ус763 2023-09 1693641518.tif;https://commons.wikimedia.org/wiki/File%3ASamara_bus_Belkommunmash_E420_%D0%B5667%D1%83%D1%81763_2023-09_1693641518.tif;Artyom Svetlov;CC BY-SA 4.0;https://creativecommons.org/licenses/by-sa/4.0;0
images/real/real_f8f900fdd5.jpg;Sarapul_Buses_4_500a1c58.jpg;File:Sarapul Buses 4.jpg;https://commons.wikimedia.org/wiki/File%3ASarapul_Buses_4.jpg;Emaus;CC BY-SA 4.0;https://creativecommons.org/licenses/by-sa/4.0;2
images/real/real_4696b5063b.jpg;Sarapul_Buses_5_4321c981.jpg;File:Sarapul Buses 5.jpg;https://commons.wikimedia.org/wiki/File%3ASarapul_Buses_5.jpg;Emaus;CC BY-SA 4.0;https://creativecommons.org/licenses/by-sa/4.0;4
images/real/real_338225d8f4.jpg;Sarapul_buses_1_0b2c327e.jpg;File:Sarapul buses 1.jpg;https://commons.wikimedia.org/wiki/File%3ASarapul_buses_1.jpg;Emaus;CC BY-SA 4.0;https://creativecommons.org/licenses/by-sa/4.0;2
images/real/real_67aa30f302.jpg;Sarapul_buses_2_a2b4f15b.jpg;File:Sarapul buses 2.jpg;https://commons.wikimedia.org/wiki/File%3ASarapul_buses_2.jpg;Emaus;CC BY-SA 4.0;https://creativecommons.org/licenses/by-sa/4.0;0
images/real/real_94a09b882f.jpg;Saratov_bus_772_67_Muzeinaya_ploshad_29052615335__5e58ad21.jpg;File:Saratov bus Р772ЕР67 Muzeinaya ploshad (29052615335).jpg;https://commons.wikimedia.org/wiki/File%3ASaratov_bus_%D0%A0772%D0%95%D0%A067_Muzeinaya_ploshad_%2829052615335%29.jpg;Artem Svetlov from Moscow, Russia;CC BY 2.0;https://creativecommons.org/licenses/by/2.0;5
images/real/real_b2fd89b51f.jpg;Saratov_bus_Ikarus-256_926_64_29052603545__81d7095c.jpg;File:Saratov bus Ikarus-256 АО 926 64 (29052603545).jpg;https://commons.wikimedia.org/wiki/File%3ASaratov_bus_Ikarus-256_%D0%90%D0%9E_926_64_%2829052603545%29.jpg;Artem Svetlov from Moscow, Russia;CC BY 2.0;https://creativecommons.org/licenses/by/2.0;2
images/real/real_dea4f3b8db.jpg;Saratov_bus_Ikarus-260_211_164_28976195731__ee26ab7a.jpg;File:Saratov bus Ikarus-260 А 211 АК 164 (28976195731).jpg;https://commons.wikimedia.org/wiki/File%3ASaratov_bus_Ikarus-260_%D0%90_211_%D0%90%D0%9A_164_%2828976195731%29.jpg;Artem Svetlov from Moscow, Russia;CC BY 2.0;https://creativecommons.org/licenses/by/2.0;2
images/real/real_9fedf3cac1.jpg;Saratov_bus_Ikarus-280_cropped_457_64_28434733943__ed38f8f7.jpg;File:Saratov bus Ikarus-280 cropped АМ 457 64 (28434733943).jpg;https://commons.wikimedia.org/wiki/File%3ASaratov_bus_Ikarus-280_cropped_%D0%90%D0%9C_457_64_%2828434733943%29.jpg;Artem Svetlov from Moscow, Russia;CC BY 2.0;https://creativecommons.org/licenses/by/2.0;8
images/real/real_feb053516a.jpg;Saratov_bus_Ikarus-280_cropped_457_64_28947067902__e42f55dc.jpg;File:Saratov bus Ikarus-280 cropped АМ 457 64 (28947067902).jpg;https://commons.wikimedia.org/wiki/File%3ASaratov_bus_Ikarus-280_cropped_%D0%90%D0%9C_457_64_%2828947067902%29.jpg;Artem Svetlov from Moscow, Russia;CC BY 2.0;https://creativecommons.org/licenses/by/2.0;5
images/real/real_9a92d109c6.jpg;Saratov_bus_Mercedes-Benz_O405_722_64_ex-Verkehrsbetriebe_Z_rich_VBZ_678_2905261_24fbf77f.jpg;File:Saratov bus Mercedes-Benz O405 АН 722 64 (ex-Verkehrsbetriebe, Zürich (VBZ) 678) (29052615965).jpg;https://commons.wikimedia.org/wiki/File%3ASaratov_bus_Mercedes-Benz_O405_%D0%90%D0%9D_722_64_%28ex-Verkehrsbetriebe%2C_Z%C3%BCrich_%28VBZ%29_678%29_%2829052615965%29.jpg;Artem Svetlov from Moscow, Russia;CC BY 2.0;https://creativecommons.org/licenses/by/2.0;0
images/real/real_b16c159e00.jpg;Simferopol_bus_BAZ-A079.14_446_82_22b85f56.jpg;File:Simferopol bus BAZ-A079.14 А446ТХ82.jpg;https://commons.wikimedia.org/wiki/File%3ASimferopol_bus_BAZ-A079.14_%D0%90446%D0%A2%D0%A582.jpg;Svetlov Artem;CC0;http://creativecommons.org/publicdomain/zero/1.0/deed.en;0
images/real/real_b577eb64b9.jpg;Sovetskiy_rayon_Ivanovo_Ivanovskaya_oblast_Russia_-_panoramio_18__7a91c9e2.jpg;File:Sovetskiy rayon, Ivanovo, Ivanovskaya oblast', Russia - panoramio (18).jpg;https://commons.wikimedia.org/wiki/File%3ASovetskiy_rayon%2C_Ivanovo%2C_Ivanovskaya_oblast%27%2C_Russia_-_panoramio_%2818%29.jpg;Svetlov Artem;CC BY 3.0;https://creativecommons.org/licenses/by/3.0;0
images/real/real_04a49ae182.jpg;Strato_Komsomolskaja_Tjumeno_majo_2019_04_6316eb31.jpg;File:Strato Komsomolskaja (Tjumeno) majo 2019 04.jpg;https://commons.wikimedia.org/wiki/File%3AStrato_Komsomolskaja_%28Tjumeno%29_majo_2019_04.jpg;RG72;CC BY-SA 4.0;https://creativecommons.org/licenses/by-sa/4.0;2
images/real/real_c27a796a1b.jpg;Strato_Profsojuznaja_Tjumeno_junio_2019_23_ce732c68.jpg;File:Strato Profsojuznaja (Tjumeno) junio 2019 23.jpg;https://commons.wikimedia.org/wiki/File%3AStrato_Profsojuznaja_%28Tjumeno%29_junio_2019_23.jpg;RG72;CC BY-SA 4.0;https://creativecommons.org/licenses/by-sa/4.0;2
images/real/real_6a9714fab1.jpg;Suburban_bus_GAZ_group_Aurora_Bryansk_4f7e8f22.jpg;"File:Suburban bus GAZ group ""Aurora"", Bryansk.jpg";https://commons.wikimedia.org/wiki/File%3ASuburban_bus_GAZ_group_%22Aurora%22%2C_Bryansk.jpg;Андрей Осиновский;CC0;http://creativecommons.org/publicdomain/zero/1.0/deed.en;2
images/real/real_20b52a6ed6.jpg;Syzran_bus_PAZ-3205_208_57_2023-09_1693667133_71a87ac8.tif;File:Syzran bus PAZ-3205 о208вн57 2023-09 1693667133.tif;https://commons.wikimedia.org/wiki/File%3ASyzran_bus_PAZ-3205_%D0%BE208%D0%B2%D0%BD57_2023-09_1693667133.tif;Artyom Svetlov;CC BY-SA 4.0;https://creativecommons.org/licenses/by-sa/4.0;0
images/real/real_c52898755f.jpg;Syzran_bus_PAZ-3205_58263_2023-09_1693662694_56370ac1.tif;File:Syzran bus PAZ-3205 ву58263 2023-09 1693662694.tif;https://commons.wikimedia.org/wiki/File%3ASyzran_bus_PAZ-3205_%D0%B2%D1%8358263_2023-09_1693662694.tif;Artyom Svetlov;CC BY-SA 4.0;https://creativecommons.org/licenses/by-sa/4.0;3
images/real/real_98445fc509.jpg;Syzran_bus_PAZ-3205_746_763_2023-09_1693661399_9c409f3b.tif;File:Syzran bus PAZ-3205 746уе763 2023-09 1693661399.tif;https://commons.wikimedia.org/wiki/File%3ASyzran_bus_PAZ-3205_746%D1%83%D0%B5763_2023-09_1693661399.tif;Artyom Svetlov;CC BY-SA 4.0;https://creativecommons.org/licenses/by-sa/4.0;2
images/real/real_e87c802942.jpg;Tomsk_bus_on_route_401_29c4246c.jpg;File:Tomsk bus on route 401.JPG;https://commons.wikimedia.org/wiki/File%3ATomsk_bus_on_route_401.JPG;Ilya Plekhanov;CC BY-SA 4.0;https://creativecommons.org/licenses/by-sa/4.0;0
images/real/real_a7be3c7416.jpg;Tsentralnyy_rayon_Novokuznetsk_Kemerovskaya_oblast_Russia_-_panoramio_26__2bc53342.jpg;File:Tsentralnyy rayon, Novokuznetsk, Kemerovskaya oblast', Russia - panoramio (26).jpg;https://commons.wikimedia.org/wiki/File%3ATsentralnyy_rayon%2C_Novokuznetsk%2C_Kemerovskaya_oblast%27%2C_Russia_-_panoramio_%2826%29.jpg;Валерий Парфёнов;CC BY 3.0;https://creativecommons.org/licenses/by/3.0;1
images/real/real_b1e3c6d67a.jpg;Volgabus-5270.GH__ea866cf7.jpg;File:Volgabus-5270.GH на проспекте Ленина в Чебоксарах.jpg;https://commons.wikimedia.org/wiki/File%3AVolgabus-5270.GH_%D0%BD%D0%B0_%D0%BF%D1%80%D0%BE%D1%81%D0%BF%D0%B5%D0%BA%D1%82%D0%B5_%D0%9B%D0%B5%D0%BD%D0%B8%D0%BD%D0%B0_%D0%B2_%D0%A7%D0%B5%D0%B1%D0%BE%D0%BA%D1%81%D0%B0%D1%80%D0%B0%D1%85.jpg;Алексей Мякишев;CC BY-SA 4.0;https://creativecommons.org/licenses/by-sa/4.0;2
images/real/real_21d651aa70.jpg;Volkswagen_LT35_155_fabeb622.jpg;File:Volkswagen LT35 на маршруте 155.jpg;https://commons.wikimedia.org/wiki/File%3AVolkswagen_LT35_%D0%BD%D0%B0_%D0%BC%D0%B0%D1%80%D1%88%D1%80%D1%83%D1%82%D0%B5_155.jpg;Chebur 21+;CC BY-SA 4.0;https://creativecommons.org/licenses/by-sa/4.0;1
images/real/real_d90e7bdfe6.jpg;_-104_113_86_e0519a50.jpg;File:МАЗ-104 № АК 113 86.jpg;https://commons.wikimedia.org/wiki/File%3A%D0%9C%D0%90%D0%97-104_%E2%84%96_%D0%90%D0%9A_113_86.jpg;Кривич Илья;CC BY-SA 4.0;https://creativecommons.org/licenses/by-sa/4.0;1
images/real/real_197c86bf8a.jpg;_-104_116_86_d0aafec7.jpg;File:МАЗ-104 № АК 116 86.jpg;https://commons.wikimedia.org/wiki/File%3A%D0%9C%D0%90%D0%97-104_%E2%84%96_%D0%90%D0%9A_116_86.jpg;Кривич Илья;CC BY-SA 4.0;https://creativecommons.org/licenses/by-sa/4.0;1
images/real/real_6d5ff971c9.jpg;_-104_180_86_1__5573d03a.jpg;File:МАЗ-104 № АК 180 86 (1).jpg;https://commons.wikimedia.org/wiki/File%3A%D0%9C%D0%90%D0%97-104_%E2%84%96_%D0%90%D0%9A_180_86_%281%29.jpg;Кривич Илья;CC BY-SA 4.0;https://creativecommons.org/licenses/by-sa/4.0;0
images/real/real_8cfdafb349.jpg;_-206__b938be74.jpg;File:МАЗ-206 на улице Композиторов Воробьевых в Чебоксарах.jpg;https://commons.wikimedia.org/wiki/File%3A%D0%9C%D0%90%D0%97-206_%D0%BD%D0%B0_%D1%83%D0%BB%D0%B8%D1%86%D0%B5_%D0%9A%D0%BE%D0%BC%D0%BF%D0%BE%D0%B7%D0%B8%D1%82%D0%BE%D1%80%D0%BE%D0%B2_%D0%92%D0%BE%D1%80%D0%BE%D0%B1%D1%8C%D0%B5%D0%B2%D1%8B%D1%85_%D0%B2_%D0%A7%D0%B5%D0%B1%D0%BE%D0%BA%D1%81%D0%B0%D1%80%D0%B0%D1%85.jpg;Сэм;CC BY-SA 4.0;https://creativecommons.org/licenses/by-sa/4.0;2
images/real/real_73cb0752b8.jpg;_-320530-04_135_5481eabd.jpg;File:ПАЗ-320530-04 в Луганске на маршруте 135.jpg;https://commons.wikimedia.org/wiki/File%3A%D0%9F%D0%90%D0%97-320530-04_%D0%B2_%D0%9B%D1%83%D0%B3%D0%B0%D0%BD%D1%81%D0%BA%D0%B5_%D0%BD%D0%B0_%D0%BC%D0%B0%D1%80%D1%88%D1%80%D1%83%D1%82%D0%B5_135.jpg;Chebur 21+;CC BY-SA 4.0;https://creativecommons.org/licenses/by-sa/4.0;8
images/real/real_d3bed3893f.jpg;_-3237_DEN_7643_e3ef44ba.jpg;File:Автобус ПАЗ-3237 на улице Карла Маркса в Казани DEN 7643.jpg;https://commons.wikimedia.org/wiki/File%3A%D0%90%D0%B2%D1%82%D0%BE%D0%B1%D1%83%D1%81_%D0%9F%D0%90%D0%97-3237_%D0%BD%D0%B0_%D1%83%D0%BB%D0%B8%D1%86%D0%B5_%D0%9A%D0%B0%D1%80%D0%BB%D0%B0_%D0%9C%D0%B0%D1%80%D0%BA%D1%81%D0%B0_%D0%B2_%D0%9A%D0%B0%D0%B7%D0%B0%D0%BD%D0%B8_DEN_7643.jpg;Город Казань KZN.RU;CC BY 4.0;https://creativecommons.org/licenses/by/4.0;2
images/real/real_a5d1104ed3.jpg;_-3976_042_197_2021-07_2_eb06addc.jpg;File:КАвЗ-3976 у042ке197 2021-07 Москва 2.jpg;https://commons.wikimedia.org/wiki/File%3A%D0%9A%D0%90%D0%B2%D0%97-3976_%D1%83042%D0%BA%D0%B5197_2021-07_%D0%9C%D0%BE%D1%81%D0%BA%D0%B2%D0%B0_2.jpg;Svetlov Artem;CC0;http://creativecommons.org/publicdomain/zero/1.0/deed.en;0
images/real/real_762144eed0.jpg;_-3976_042_197_2021-07__5e55071a.jpg;File:КАвЗ-3976 у042ке197 2021-07 Москва.jpg;https://commons.wikimedia.org/wiki/File%3A%D0%9A%D0%90%D0%B2%D0%97-3976_%D1%83042%D0%BA%D0%B5197_2021-07_%D0%9C%D0%BE%D1%81%D0%BA%D0%B2%D0%B0.jpg;Svetlov Artem;CC0;http://creativecommons.org/publicdomain/zero/1.0/deed.en;0
images/real/real_1b20b4595b.jpg;_-422320-04_Citymax_9_1_19_2_b7a1b08b.jpg;File:ПАЗ-422320-04 Citymax 9 Регион Авто 1 у Ашана МЕГА Химки маршрут МО 19к вид 2.jpg;https://commons.wikimedia.org/wiki/File%3A%D0%9F%D0%90%D0%97-422320-04_Citymax_9_%D0%A0%D0%B5%D0%B3%D0%B8%D0%BE%D0%BD_%D0%90%D0%B2%D1%82%D0%BE_1_%D1%83_%D0%90%D1%88%D0%B0%D0%BD%D0%B0_%D0%9C%D0%95%D0%93%D0%90_%D0%A5%D0%B8%D0%BC%D0%BA%D0%B8_%D0%BC%D0%B0%D1%80%D1%88%D1%80%D1%83%D1%82_%D0%9C%D0%9E_19%D0%BA_%D0%B2%D0%B8%D0%B4_2.jpg;ATI1999;CC BY-SA 4.0;https://creativecommons.org/licenses/by-sa/4.0;0
images/real/real_5401880357.jpg;_-422320-04_Citymax_9_1_19__a6208762.jpg;File:ПАЗ-422320-04 Citymax 9 Регион Авто 1 у Ашана МЕГА Химки маршрут МО 19к сзади.jpg;https://commons.wikimedia.org/wiki/File%3A%D0%9F%D0%90%D0%97-422320-04_Citymax_9_%D0%A0%D0%B5%D0%B3%D0%B8%D0%BE%D0%BD_%D0%90%D0%B2%D1%82%D0%BE_1_%D1%83_%D0%90%D1%88%D0%B0%D0%BD%D0%B0_%D0%9C%D0%95%D0%93%D0%90_%D0%A5%D0%B8%D0%BC%D0%BA%D0%B8_%D0%BC%D0%B0%D1%80%D1%88%D1%80%D1%83%D1%82_%D0%9C%D0%9E_19%D0%BA_%D1%81%D0%B7%D0%B0%D0%B4%D0%B8.jpg;ATI1999;CC BY-SA 4.0;https://creativecommons.org/licenses/by-sa/4.0;0
images/real/real_18649405e9.jpg;_-4270_34_e2a61b49.png;File:КАвЗ-4270 Маршрут 34.png;https://commons.wikimedia.org/wiki/File%3A%D0%9A%D0%90%D0%B2%D0%97-4270_%D0%9C%D0%B0%D1%80%D1%88%D1%80%D1%83%D1%82_34.png;Unknown authorUnknown author;CC BY-SA 4.0;https://creativecommons.org/licenses/by-sa/4.0;2
images/real/real_f24c4e613e.jpg;_-4292_2023__776c45a0.jpg;File:ЛиАЗ-4292 МТА 2023 года в Сергиевом Посаде.jpg;https://commons.wikimedia.org/wiki/File%3A%D0%9B%D0%B8%D0%90%D0%97-4292_%D0%9C%D0%A2%D0%90_2023_%D0%B3%D0%BE%D0%B4%D0%B0_%D0%B2_%D0%A1%D0%B5%D1%80%D0%B3%D0%B8%D0%B5%D0%B2%D0%BE%D0%BC_%D0%9F%D0%BE%D1%81%D0%B0%D0%B4%D0%B5.jpg;ATI1999;CC BY-SA 4.0;https://creativecommons.org/licenses/by-sa/4.0;0
images/real/real_4f4a6888b8.jpg;_-4292__2e934dbc.jpg;File:ЛиАЗ-4292 с петербургским ЭМУ в Серпухове.jpg;https://commons.wikimedia.org/wiki/File%3A%D0%9B%D0%B8%D0%90%D0%97-4292_%D1%81_%D0%BF%D0%B5%D1%82%D0%B5%D1%80%D0%B1%D1%83%D1%80%D0%B3%D1%81%D0%BA%D0%B8%D0%BC_%D0%AD%D0%9C%D0%A3_%D0%B2_%D0%A1%D0%B5%D1%80%D0%BF%D1%83%D1%85%D0%BE%D0%B2%D0%B5.jpg;ATI1999;CC BY-SA 4.0;https://creativecommons.org/licenses/by-sa/4.0;0
images/real/real_e4a1e1d053.jpg;_-4292__5a00e04b.jpg;File:ЛиАЗ-4292 в Луганске.jpg;https://commons.wikimedia.org/wiki/File%3A%D0%9B%D0%B8%D0%90%D0%97-4292_%D0%B2_%D0%9B%D1%83%D0%B3%D0%B0%D0%BD%D1%81%D0%BA%D0%B5.jpg;Chebur 21+;CC BY-SA 4.0;https://creativecommons.org/licenses/by-sa/4.0;1
images/real/real_918bd5b71d.jpg;_-5256-26__4796a7c4.jpeg;File:ЛиАЗ-5256-26 в Челябинске.jpeg;https://commons.wikimedia.org/wiki/File%3A%D0%9B%D0%B8%D0%90%D0%97-5256-26_%D0%B2_%D0%A7%D0%B5%D0%BB%D1%8F%D0%B1%D0%B8%D0%BD%D1%81%D0%BA%D0%B5.jpeg;Павел Королевский, то бишь Я.;CC BY 3.0;https://creativecommons.org/licenses/by/3.0;1
images/real/real_169ee01abf.jpg;_-5256-53__de4c9eee.jpeg;File:ЛиАЗ-5256-53 в Челябинске.jpeg;https://commons.wikimedia.org/wiki/File%3A%D0%9B%D0%B8%D0%90%D0%97-5256-53_%D0%B2_%D0%A7%D0%B5%D0%BB%D1%8F%D0%B1%D0%B8%D0%BD%D1%81%D0%BA%D0%B5.jpeg;Павел Королевский, то бишь Я.;CC BY 3.0;https://creativecommons.org/licenses/by/3.0;0
images/real/real_f7710f0f13.jpg;_-5256_452_d25b3307.jpg;File:ЛиАЗ-5256 в Луганске на маршруте 452.jpg;https://commons.wikimedia.org/wiki/File%3A%D0%9B%D0%B8%D0%90%D0%97-5256_%D0%B2_%D0%9B%D1%83%D0%B3%D0%B0%D0%BD%D1%81%D0%BA%D0%B5_%D0%BD%D0%B0_%D0%BC%D0%B0%D1%80%D1%88%D1%80%D1%83%D1%82%D0%B5_452.jpg;Chebur 21+;CC BY-SA 4.0;https://creativecommons.org/licenses/by-sa/4.0;0
images/real/real_e398503848.jpg;_-5292-71__3abf462b.jpeg;File:ЛиАЗ-5292-71 в Челябинске.jpeg;https://commons.wikimedia.org/wiki/File%3A%D0%9B%D0%B8%D0%90%D0%97-5292-71_%D0%B2_%D0%A7%D0%B5%D0%BB%D1%8F%D0%B1%D0%B8%D0%BD%D1%81%D0%BA%D0%B5.jpeg;Павел Королевский, то бишь Я.;CC BY 3.0;https://creativecommons.org/licenses/by/3.0;0
images/real/real_f0f97d305a.jpg;_-5292.65_00edac2a.jpg;File:ЛиАЗ-5292.65.jpg;https://commons.wikimedia.org/wiki/File%3A%D0%9B%D0%B8%D0%90%D0%97-5292.65.jpg;AEther ev;CC BY-SA 4.0;https://creativecommons.org/licenses/by-sa/4.0;1
images/real/real_34ffe4a32a.jpg;_-5292.67_11__beebce52.jpg;File:ЛиАЗ-5292.67 СПГ МТА на ост Санаторий КСД маршрут 11 справа сзади.jpg;https://commons.wikimedia.org/wiki/File%3A%D0%9B%D0%B8%D0%90%D0%97-5292.67_%D0%A1%D0%9F%D0%93_%D0%9C%D0%A2%D0%90_%D0%BD%D0%B0_%D0%BE%D1%81%D1%82_%D0%A1%D0%B0%D0%BD%D0%B0%D1%82%D0%BE%D1%80%D0%B8%D0%B9_%D0%9A%D0%A1%D0%94_%D0%BC%D0%B0%D1%80%D1%88%D1%80%D1%83%D1%82_11_%D1%81%D0%BF%D1%80%D0%B0%D0%B2%D0%B0_%D1%81%D0%B7%D0%B0%D0%B4%D0%B8.jpg;ATI1999;CC BY-SA 4.0;https://creativecommons.org/licenses/by-sa/4.0;0
images/real/real_a274444d9e.jpg;_-5292.67_CNG__8a313564.jpg;File:ЛиАЗ-5292.67 (CNG).jpg;https://commons.wikimedia.org/wiki/File%3A%D0%9B%D0%B8%D0%90%D0%97-5292.67_%28CNG%29.jpg;Unknown authorUnknown author;CC BY 3.0;https://creativecommons.org/licenses/by/3.0;0
images/real/real_976b0a947f.jpg;_-5292_-_-__5666e3ca.jpg;File:Автобусы ЛиАЗ-5292 в Ростове-на-Дону.jpg;https://commons.wikimedia.org/wiki/File%3A%D0%90%D0%B2%D1%82%D0%BE%D0%B1%D1%83%D1%81%D1%8B_%D0%9B%D0%B8%D0%90%D0%97-5292_%D0%B2_%D0%A0%D0%BE%D1%81%D1%82%D0%BE%D0%B2%D0%B5-%D0%BD%D0%B0-%D0%94%D0%BE%D0%BD%D1%83.jpg;Администрация города Ростова-на-Дону.;CC BY 4.0;https://creativecommons.org/licenses/by/4.0;0
images/real/real_68a9edce3d.jpg;_-5292_155_8924df36.jpg;File:ЛиАЗ-5292 в Луганске на маршруте 155.jpg;https://commons.wikimedia.org/wiki/File%3A%D0%9B%D0%B8%D0%90%D0%97-5292_%D0%B2_%D0%9B%D1%83%D0%B3%D0%B0%D0%BD%D1%81%D0%BA%D0%B5_%D0%BD%D0%B0_%D0%BC%D0%B0%D1%80%D1%88%D1%80%D1%83%D1%82%D0%B5_155.jpg;Chebur 21+;CC BY-SA 4.0;https://creativecommons.org/licenses/by-sa/4.0;1
images/real/real_2a73cd5ebb.jpg;_-5293_678_86_0a958824.jpg;File:ЛиАЗ-5293 № АМ 678 86.jpg;https://commons.wikimedia.org/wiki/File%3A%D0%9B%D0%B8%D0%90%D0%97-5293_%E2%84%96_%D0%90%D0%9C_678_86.jpg;Кривич Илья;CC BY-SA 4.0;https://creativecommons.org/licenses/by-sa/4.0;0
images/real/real_9b60a0c9be.jpg;_-5299-20-22_5299__a7de1703.jpeg;File:НефАЗ-5299-20-22 (5299СА) в Челябинске.jpeg;https://commons.wikimedia.org/wiki/File%3A%D0%9D%D0%B5%D1%84%D0%90%D0%97-5299-20-22_%285299%D0%A1%D0%90%29_%D0%B2_%D0%A7%D0%B5%D0%BB%D1%8F%D0%B1%D0%B8%D0%BD%D1%81%D0%BA%D0%B5.jpeg;Павел Королевский, то бишь Я;CC BY 3.0;https://creativecommons.org/licenses/by/3.0;2
images/real/real_176e8c82fb.jpg;_-5299-40-57_10__7caa2341.jpg;File:Автобус НефАЗ-5299-40-57 КПГ маршрута 10 в Набережных Челнах.jpg;https://commons.wikimedia.org/wiki/File%3A%D0%90%D0%B2%D1%82%D0%BE%D0%B1%D1%83%D1%81_%D0%9D%D0%B5%D1%84%D0%90%D0%97-5299-40-57_%D0%9A%D0%9F%D0%93_%D0%BC%D0%B0%D1%80%D1%88%D1%80%D1%83%D1%82%D0%B0_10_%D0%B2_%D0%9D%D0%B0%D0%B1%D0%B5%D1%80%D0%B5%D0%B6%D0%BD%D1%8B%D1%85_%D0%A7%D0%B5%D0%BB%D0%BD%D0%B0%D1%85.jpg;Женя Павлов;CC0;http://creativecommons.org/publicdomain/zero/1.0/deed.en;1
images/real/real_dd7d14bab5.jpg;_-5299_-4_MMB_1995_76149ce3.jpg;File:Автобус НефАЗ-5299 на автомойке в автобусном парке КПАТП-4 MMB 1995.jpg;https://commons.wikimedia.org/wiki/File%3A%D0%90%D0%B2%D1%82%D0%BE%D0%B1%D1%83%D1%81_%D0%9D%D0%B5%D1%84%D0%90%D0%97-5299_%D0%BD%D0%B0_%D0%B0%D0%B2%D1%82%D0%BE%D0%BC%D0%BE%D0%B9%D0%BA%D0%B5_%D0%B2_%D0%B0%D0%B2%D1%82%D0%BE%D0%B1%D1%83%D1%81%D0%BD%D0%BE%D0%BC_%D0%BF%D0%B0%D1%80%D0%BA%D0%B5_%D0%9A%D0%9F%D0%90%D0%A2%D0%9F-4_MMB_1995.jpg;Марат Мугинов;CC BY 4.0;https://creativecommons.org/licenses/by/4.0;1
images/real/real_084b199d3f.jpg;_-5299_-4_MMB_2007_678e1e4f.jpg;File:Автобус НефАЗ-5299 в КПАТП-4 MMB 2007.jpg;https://commons.wikimedia.org/wiki/File%3A%D0%90%D0%B2%D1%82%D0%BE%D0%B1%D1%83%D1%81_%D0%9D%D0%B5%D1%84%D0%90%D0%97-5299_%D0%B2_%D0%9A%D0%9F%D0%90%D0%A2%D0%9F-4_MMB_2007.jpg;Марат Мугинов;CC BY 4.0;https://creativecommons.org/licenses/by/4.0;0
images/real/real_3ed1e5c9c4.jpg;_-5299_-_-__2b204713.jpg;File:Автобус НефАЗ-5299 в Ростове-на-Дону.jpg;https://commons.wikimedia.org/wiki/File%3A%D0%90%D0%B2%D1%82%D0%BE%D0%B1%D1%83%D1%81_%D0%9D%D0%B5%D1%84%D0%90%D0%97-5299_%D0%B2_%D0%A0%D0%BE%D1%81%D1%82%D0%BE%D0%B2%D0%B5-%D0%BD%D0%B0-%D0%94%D0%BE%D0%BD%D1%83.jpg;Администрация Ростова-на-Дону.;CC BY 4.0;https://creativecommons.org/licenses/by/4.0;1
images/real/real_14429b7371.jpg;_-5299_67_-_-__dc9bffeb.jpg;File:Автобус НефАЗ-5299 на маршруте 67 в Ростове-на-Дону.jpg;https://commons.wikimedia.org/wiki/File%3A%D0%90%D0%B2%D1%82%D0%BE%D0%B1%D1%83%D1%81_%D0%9D%D0%B5%D1%84%D0%90%D0%97-5299_%D0%BD%D0%B0_%D0%BC%D0%B0%D1%80%D1%88%D1%80%D1%83%D1%82%D0%B5_67_%D0%B2_%D0%A0%D0%BE%D1%81%D1%82%D0%BE%D0%B2%D0%B5-%D0%BD%D0%B0-%D0%94%D0%BE%D0%BD%D1%83.jpg;Администрация города Ростова-на-Дону.;CC BY 4.0;https://creativecommons.org/licenses/by/4.0;1
images/real/real_77a402c8ab.jpg;_-5299_MMB_0447_ab8b4526.jpg;File:Автобус НефАЗ-5299 в Казани MMB 0447.jpg;https://commons.wikimedia.org/wiki/File%3A%D0%90%D0%B2%D1%82%D0%BE%D0%B1%D1%83%D1%81_%D0%9D%D0%B5%D1%84%D0%90%D0%97-5299_%D0%B2_%D0%9A%D0%B0%D0%B7%D0%B0%D0%BD%D0%B8_MMB_0447.jpg;Марат Мугинов;CC BY 4.0;https://creativecommons.org/licenses/by/4.0;14
images/real/real_0f13f98443.jpg;_-5299__b5f7338e.jpg;File:НефАЗ-5299 МТА в Сергевом Посаде.jpg;https://commons.wikimedia.org/wiki/File%3A%D0%9D%D0%B5%D1%84%D0%90%D0%97-5299_%D0%9C%D0%A2%D0%90_%D0%B2_%D0%A1%D0%B5%D1%80%D0%B3%D0%B5%D0%B2%D0%BE%D0%BC_%D0%9F%D0%BE%D1%81%D0%B0%D0%B4%D0%B5.jpg;ATI1999;CC BY-SA 4.0;https://creativecommons.org/licenses/by-sa/4.0;0
images/real/real_a585400706.jpg;_-5299__ba500868.jpg;"File:НефАЗ-5299 на конечной ""микрорайон Суворовский"".jpg";https://commons.wikimedia.org/wiki/File%3A%D0%9D%D0%B5%D1%84%D0%90%D0%97-5299_%D0%BD%D0%B0_%D0%BA%D0%BE%D0%BD%D0%B5%D1%87%D0%BD%D0%BE%D0%B9_%22%D0%BC%D0%B8%D0%BA%D1%80%D0%BE%D1%80%D0%B0%D0%B9%D0%BE%D0%BD_%D0%A1%D1%83%D0%B2%D0%BE%D1%80%D0%BE%D0%B2%D1%81%D0%BA%D0%B8%D0%B9%22.jpg;Администрация города Ростова-на-Дону.;CC BY 4.0;https://creativecommons.org/licenses/by/4.0;0
images/real/real_79e8a40f75.jpg;_-5_-_-_DSC_6579_421a26c8.jpg;File:Осмотр автобусного парка РМАТП-5 комиссией Городской думы Ростова-на-Дону DSC 6579.jpg;https://commons.wikimedia.org/wiki/File%3A%D0%9E%D1%81%D0%BC%D0%BE%D1%82%D1%80_%D0%B0%D0%B2%D1%82%D0%BE%D0%B1%D1%83%D1%81%D0%BD%D0%BE%D0%B3%D0%BE_%D0%BF%D0%B0%D1%80%D0%BA%D0%B0_%D0%A0%D0%9C%D0%90%D0%A2%D0%9F-5_%D0%BA%D0%BE%D0%BC%D0%B8%D1%81%D1%81%D0%B8%D0%B5%D0%B9_%D0%93%D0%BE%D1%80%D0%BE%D0%B4%D1%81%D0%BA%D0%BE%D0%B9_%D0%B4%D1%83%D0%BC%D1%8B_%D0%A0%D0%BE%D1%81%D1%82%D0%BE%D0%B2%D0%B0-%D0%BD%D0%B0-%D0%94%D0%BE%D0%BD%D1%83_DSC_6579.jpg;Администрация Ростова-на-Дону.;CC BY 4.0;https://creativecommons.org/licenses/by/4.0;19
images/real/real_c559e5ce2e.jpg;_-6212-00__9f15032a.jpeg;File:ЛиАЗ-6212-00 в Челябинске.jpeg;https://commons.wikimedia.org/wiki/File%3A%D0%9B%D0%B8%D0%90%D0%97-6212-00_%D0%B2_%D0%A7%D0%B5%D0%BB%D1%8F%D0%B1%D0%B8%D0%BD%D1%81%D0%BA%D0%B5.jpeg;Павел Королевский, то бишь Я.;CC BY 3.0;https://creativecommons.org/licenses/by/3.0;0
images/real/real_987388dc36.jpg;_-6212__fd362044.jpg;File:ЛиАЗ-6212 на фоне ЮУрГУ.jpg;https://commons.wikimedia.org/wiki/File%3A%D0%9B%D0%B8%D0%90%D0%97-6212_%D0%BD%D0%B0_%D1%84%D0%BE%D0%BD%D0%B5_%D0%AE%D0%A3%D1%80%D0%93%D0%A3.jpg;Chelyabinsk74 (Павел Королевский);CC BY 3.0;https://creativecommons.org/licenses/by/3.0;0
images/real/real_573c164e13.jpg;_-6282_DEN_6000_f3e306fd.jpg;File:Презентация электробуса КамАЗ-6282 в Казани DEN 6000.jpg;https://commons.wikimedia.org/wiki/File%3A%D0%9F%D1%80%D0%B5%D0%B7%D0%B5%D0%BD%D1%82%D0%B0%D1%86%D0%B8%D1%8F_%D1%8D%D0%BB%D0%B5%D0%BA%D1%82%D1%80%D0%BE%D0%B1%D1%83%D1%81%D0%B0_%D0%9A%D0%B0%D0%BC%D0%90%D0%97-6282_%D0%B2_%D0%9A%D0%B0%D0%B7%D0%B0%D0%BD%D0%B8_DEN_6000.jpg;Денис Гордийко;CC BY 4.0;https://creativecommons.org/licenses/by/4.0;2
images/real/real_af7728ce55.jpg;_-6282__9680cd1e.jpg;"File:Курский электробус ""КамАЗ-6282"".jpg";https://commons.wikimedia.org/wiki/File%3A%D0%9A%D1%83%D1%80%D1%81%D0%BA%D0%B8%D0%B9_%D1%8D%D0%BB%D0%B5%D0%BA%D1%82%D1%80%D0%BE%D0%B1%D1%83%D1%81_%22%D0%9A%D0%B0%D0%BC%D0%90%D0%97-6282%22.jpg;Bugromka;CC BY 4.0;https://creativecommons.org/licenses/by/4.0;1
images/real/real_d82a73c8e4.jpg;_-6282_ed9cfd03.jpg;File:Курский электробус КамАЗ-6282.jpg;https://commons.wikimedia.org/wiki/File%3A%D0%9A%D1%83%D1%80%D1%81%D0%BA%D0%B8%D0%B9_%D1%8D%D0%BB%D0%B5%D0%BA%D1%82%D1%80%D0%BE%D0%B1%D1%83%D1%81_%D0%9A%D0%B0%D0%BC%D0%90%D0%97-6282.jpg;Bugromka;CC BY-SA 4.0;https://creativecommons.org/licenses/by-sa/4.0;0
images/real/real_0b6895b69c.jpg;_-695_-4_MMB_2055_eeaa105f.jpg;File:Автобус ЛАЗ-695М на постаменте на территории КПАТП-4 MMB 2055.jpg;https://commons.wikimedia.org/wiki/File%3A%D0%90%D0%B2%D1%82%D0%BE%D0%B1%D1%83%D1%81_%D0%9B%D0%90%D0%97-695%D0%9C_%D0%BD%D0%B0_%D0%BF%D0%BE%D1%81%D1%82%D0%B0%D0%BC%D0%B5%D0%BD%D1%82%D0%B5_%D0%BD%D0%B0_%D1%82%D0%B5%D1%80%D1%80%D0%B8%D1%82%D0%BE%D1%80%D0%B8%D0%B8_%D0%9A%D0%9F%D0%90%D0%A2%D0%9F-4_MMB_2055.jpg;Марат Мугинов;CC BY 4.0;https://creativecommons.org/licenses/by/4.0;0
images/real/real_759a16dbde.jpg;_-699_793_797_2021-05_4a5afe08.jpg;File:ЛАЗ-699Р у793вн797 2021-05.jpg;https://commons.wikimedia.org/wiki/File%3A%D0%9B%D0%90%D0%97-699%D0%A0_%D1%83793%D0%B2%D0%BD797_2021-05.jpg;Artyom Svetlov;CC0;http://creativecommons.org/publicdomain/zero/1.0/deed.en;3
images/real/real_2023e00226.jpg;_-_-__82ea487d.jpg;File:Ростов-на-Дону,остановка Площадь Ленина.jpg;https://commons.wikimedia.org/wiki/File%3A%D0%A0%D0%BE%D1%81%D1%82%D0%BE%D0%B2-%D0%BD%D0%B0-%D0%94%D0%BE%D0%BD%D1%83%2C%D0%BE%D1%81%D1%82%D0%B0%D0%BD%D0%BE%D0%B2%D0%BA%D0%B0_%D0%9F%D0%BB%D0%BE%D1%89%D0%B0%D0%B4%D1%8C_%D0%9B%D0%B5%D0%BD%D0%B8%D0%BD%D0%B0.jpg;Алекс Астрал;CC BY-SA 4.0;https://creativecommons.org/licenses/by-sa/4.0;0
images/real/real_ce87fcdce0.jpg;_-_160_98_26166194.jpg;File:Санкт-Петербург музейный автобус в160ас98.jpg;https://commons.wikimedia.org/wiki/File%3A%D0%A1%D0%B0%D0%BD%D0%BA%D1%82-%D0%9F%D0%B5%D1%82%D0%B5%D1%80%D0%B1%D1%83%D1%80%D0%B3_%D0%BC%D1%83%D0%B7%D0%B5%D0%B9%D0%BD%D1%8B%D0%B9_%D0%B0%D0%B2%D1%82%D0%BE%D0%B1%D1%83%D1%81_%D0%B2160%D0%B0%D1%8198.jpg;Artyom Svetlov;CC0;http://creativecommons.org/publicdomain/zero/1.0/deed.en;1
images/real/real_b496e27b3c.jpg;_._-677_-2_c04fe2c7.jpg;File:Казань. Памятник автобусу ЛиАЗ-677 перед офисом ПАТП-2.jpg;https://commons.wikimedia.org/wiki/File%3A%D0%9A%D0%B0%D0%B7%D0%B0%D0%BD%D1%8C._%D0%9F%D0%B0%D0%BC%D1%8F%D1%82%D0%BD%D0%B8%D0%BA_%D0%B0%D0%B2%D1%82%D0%BE%D0%B1%D1%83%D1%81%D1%83_%D0%9B%D0%B8%D0%90%D0%97-677_%D0%BF%D0%B5%D1%80%D0%B5%D0%B4_%D0%BE%D1%84%D0%B8%D1%81%D0%BE%D0%BC_%D0%9F%D0%90%D0%A2%D0%9F-2.jpg;MarSaf;CC0;http://creativecommons.org/publicdomain/zero/1.0/deed.en;0
images/real/real_7f47a14ee0.jpg;_._16._157_f680f8c5.jpg;File:Автобус. 16. ЕС 157.jpg;https://commons.wikimedia.org/wiki/File%3A%D0%90%D0%B2%D1%82%D0%BE%D0%B1%D1%83%D1%81._16._%D0%95%D0%A1_157.jpg;Roman645;CC BY-SA 4.0;https://creativecommons.org/licenses/by-sa/4.0;0
images/real/real_c2a00ac6ab.jpg;_._31._102_5c69753f.jpg;File:Автобус. 31. КЕ 102.jpg;https://commons.wikimedia.org/wiki/File%3A%D0%90%D0%B2%D1%82%D0%BE%D0%B1%D1%83%D1%81._31._%D0%9A%D0%95_102.jpg;Roman645;CC BY-SA 4.0;https://creativecommons.org/licenses/by-sa/4.0;1
images/real/real_09033720f2.jpg;_._33_ae2d77e3.jpg;File:Петрозаводск, ул.Пограничная, автобус №33.jpg;https://commons.wikimedia.org/wiki/File%3A%D0%9F%D0%B5%D1%82%D1%80%D0%BE%D0%B7%D0%B0%D0%B2%D0%BE%D0%B4%D1%81%D0%BA%2C_%D1%83%D0%BB.%D0%9F%D0%BE%D0%B3%D1%80%D0%B0%D0%BD%D0%B8%D1%87%D0%BD%D0%B0%D1%8F%2C_%D0%B0%D0%B2%D1%82%D0%BE%D0%B1%D1%83%D1%81_%E2%84%9633.jpg;Olksolo;CC BY-SA 4.0;https://creativecommons.org/licenses/by-sa/4.0;0
images/real/real_4333d193ff.jpg;_._City__5cd37959.jpg;File:Альметьевск. Автобус «ГАЗель City» на улице Ленина.jpg;https://commons.wikimedia.org/wiki/File%3A%D0%90%D0%BB%D1%8C%D0%BC%D0%B5%D1%82%D1%8C%D0%B5%D0%B2%D1%81%D0%BA._%D0%90%D0%B2%D1%82%D0%BE%D0%B1%D1%83%D1%81_%C2%AB%D0%93%D0%90%D0%97%D0%B5%D0%BB%D1%8C_City%C2%BB_%D0%BD%D0%B0_%D1%83%D0%BB%D0%B8%D1%86%D0%B5_%D0%9B%D0%B5%D0%BD%D0%B8%D0%BD%D0%B0.jpg;Q139555801;CC BY-SA 4.0;https://creativecommons.org/licenses/by-sa/4.0;1
images/real/real_389ba9c4ce.jpg;_08_0f6fa9ba.jpg;File:Улица Залесского, Новосибирск 08.jpg;https://commons.wikimedia.org/wiki/File%3A%D0%A3%D0%BB%D0%B8%D1%86%D0%B0_%D0%97%D0%B0%D0%BB%D0%B5%D1%81%D1%81%D0%BA%D0%BE%D0%B3%D0%BE%2C_%D0%9D%D0%BE%D0%B2%D0%BE%D1%81%D0%B8%D0%B1%D0%B8%D1%80%D1%81%D0%BA_08.jpg;К.Артём.1;CC BY-SA 4.0;https://creativecommons.org/licenses/by-sa/4.0;1
images/real/real_d5d302ac8f.jpg;_1._457_6b0dce96.jpg;File:Автобус 1. ЕН 457.jpg;https://commons.wikimedia.org/wiki/File%3A%D0%90%D0%B2%D1%82%D0%BE%D0%B1%D1%83%D1%81_1._%D0%95%D0%9D_457.jpg;Roman645;CC BY-SA 4.0;https://creativecommons.org/licenses/by-sa/4.0;0
images/real/real_73cdb0bae2.jpg;_1._749_af75352c.jpg;File:Маршрут1. ВР 749.jpg;https://commons.wikimedia.org/wiki/File%3A%D0%9C%D0%B0%D1%80%D1%88%D1%80%D1%83%D1%821._%D0%92%D0%A0_749.jpg;ru:Roman645;CC BY-SA 3.0;https://creativecommons.org/licenses/by-sa/3.0;1
images/real/real_556644cbe4.jpg;_109_86_a5a3ff34.jpg;File:Фото АК109 86.jpg;https://commons.wikimedia.org/wiki/File%3A%D0%A4%D0%BE%D1%82%D0%BE_%D0%90%D0%9A109_86.jpg;Кривич Илья;CC BY-SA 4.0;https://creativecommons.org/licenses/by-sa/4.0;0
images/real/real_7c6420757d.jpg;_11._921_b5155b4e.jpg;File:Автобус 11. АХ 921.jpg;https://commons.wikimedia.org/wiki/File%3A%D0%90%D0%B2%D1%82%D0%BE%D0%B1%D1%83%D1%81_11._%D0%90%D0%A5_921.jpg;Roman645;CC BY-SA 4.0;https://creativecommons.org/licenses/by-sa/4.0;0
images/real/real_cf72d5c207.jpg;_12_.__3f2ed27b.jpg;"File:Ульяновск, маршрутное такси 12 маршрута на конечной ""Школа"" (пос.Баратаевка).jpg";https://commons.wikimedia.org/wiki/File%3A%D0%A3%D0%BB%D1%8C%D1%8F%D0%BD%D0%BE%D0%B2%D1%81%D0%BA%2C_%D0%BC%D0%B0%D1%80%D1%88%D1%80%D1%83%D1%82%D0%BD%D0%BE%D0%B5_%D1%82%D0%B0%D0%BA%D1%81%D0%B8_12_%D0%BC%D0%B0%D1%80%D1%88%D1%80%D1%83%D1%82%D0%B0_%D0%BD%D0%B0_%D0%BA%D0%BE%D0%BD%D0%B5%D1%87%D0%BD%D0%BE%D0%B9_%22%D0%A8%D0%BA%D0%BE%D0%BB%D0%B0%22_%28%D0%BF%D0%BE%D1%81.%D0%91%D0%B0%D1%80%D0%B0%D1%82%D0%B0%D0%B5%D0%B2%D0%BA%D0%B0%29.jpg;Олег73рус;CC BY-SA 4.0;https://creativecommons.org/licenses/by-sa/4.0;0
images/real/real_cbeafb79dc.jpg;_12_905_10_01.05.2025_7b93b086.png;File:А12 н905кт10 01.05.2025.png;https://commons.wikimedia.org/wiki/File%3A%D0%9012_%D0%BD905%D0%BA%D1%8210_01.05.2025.png;Asdexer240;CC BY-SA 4.0;https://creativecommons.org/licenses/by-sa/4.0;0
images/real/real_276e086d77.jpg;_14._144_50_7aab815d.jpg;File:Автобус 14. КА 144 50.jpg;https://commons.wikimedia.org/wiki/File%3A%D0%90%D0%B2%D1%82%D0%BE%D0%B1%D1%83%D1%81_14._%D0%9A%D0%90_144_50.jpg;Roman645;CC BY-SA 3.0;https://creativecommons.org/licenses/by-sa/3.0;2
images/real/real_9922141b89.jpg;_15._143_38510514.jpg;File:Автобус 15. ка 143.jpg;https://commons.wikimedia.org/wiki/File%3A%D0%90%D0%B2%D1%82%D0%BE%D0%B1%D1%83%D1%81_15._%D0%BA%D0%B0_143.jpg;ru:User:Roman645;CC BY-SA 3.0;https://creativecommons.org/licenses/by-sa/3.0;0
images/real/real_3d2e350d44.jpg;_15._476_2bc44aa5.jpg;File:Автобус15. КВ 476.jpg;https://commons.wikimedia.org/wiki/File%3A%D0%90%D0%B2%D1%82%D0%BE%D0%B1%D1%83%D1%8115._%D0%9A%D0%92_476.jpg;Roman645;CC BY-SA 4.0;https://creativecommons.org/licenses/by-sa/4.0;0
images/real/real_f99a21ca54.jpg;_15._909_50_dff3e0ea.jpg;File:Автобус 15. КА 909 50.jpg;https://commons.wikimedia.org/wiki/File%3A%D0%90%D0%B2%D1%82%D0%BE%D0%B1%D1%83%D1%81_15._%D0%9A%D0%90_909_50.jpg;Roman645;CC BY-SA 3.0;https://creativecommons.org/licenses/by-sa/3.0;0
images/real/real_d3d7017592.jpg;_15_615_50__e08152c5.jpg;File:Автобус №15 (ВМ 615 50).jpg;https://commons.wikimedia.org/wiki/File%3A%D0%90%D0%B2%D1%82%D0%BE%D0%B1%D1%83%D1%81_%E2%84%9615_%28%D0%92%D0%9C_615_50%29.jpg;Roman645;CC BY-SA 3.0;https://creativecommons.org/licenses/by-sa/3.0;0
images/real/real_edcc968f46.jpg;_16._140_50_34eccb69.jpg;File:Автобус №16. КА 140 50.jpg;https://commons.wikimedia.org/wiki/File%3A%D0%90%D0%B2%D1%82%D0%BE%D0%B1%D1%83%D1%81_%E2%84%9616._%D0%9A%D0%90_140_50.jpg;Roman645;CC BY-SA 3.0;https://creativecommons.org/licenses/by-sa/3.0;0
images/real/real_572ffde5ac.jpg;_16._476_2aa70c05.jpg;File:Автобус 16. КВ 476.jpg;https://commons.wikimedia.org/wiki/File%3A%D0%90%D0%B2%D1%82%D0%BE%D0%B1%D1%83%D1%81_16._%D0%9A%D0%92_476.jpg;Roman645;CC BY-SA 4.0;https://creativecommons.org/licenses/by-sa/4.0;1
images/real/real_d3da2369ba.jpg;_16._758_50_0a3e2cc2.jpg;File:Маршрут 16. ВР 758 50.jpg;https://commons.wikimedia.org/wiki/File%3A%D0%9C%D0%B0%D1%80%D1%88%D1%80%D1%83%D1%82_16._%D0%92%D0%A0_758_50.jpg;Roman645;CC BY-SA 3.0;https://creativecommons.org/licenses/by-sa/3.0;1
images/real/real_fa8b048fc2.jpg;_16._948_a9b253a6.jpg;File:Автобус 16. КА 948.jpg;https://commons.wikimedia.org/wiki/File%3A%D0%90%D0%B2%D1%82%D0%BE%D0%B1%D1%83%D1%81_16._%D0%9A%D0%90_948.jpg;Roman645;CC BY-SA 4.0;https://creativecommons.org/licenses/by-sa/4.0;2
images/real/real_3d152fb6a2.jpg;_16_8ea99494.jpeg;File:Автобус №16.jpeg;https://commons.wikimedia.org/wiki/File%3A%D0%90%D0%B2%D1%82%D0%BE%D0%B1%D1%83%D1%81_%E2%84%9616.jpeg;https://commons.wikimedia.org/wiki/User:Roman645;CC BY-SA 3.0;https://creativecommons.org/licenses/by-sa/3.0;0
images/real/real_5c5e2c8c66.jpg;_19_65175c18.jpg;File:Лососинское шоссе автобус 19.jpg;https://commons.wikimedia.org/wiki/File%3A%D0%9B%D0%BE%D1%81%D0%BE%D1%81%D0%B8%D0%BD%D1%81%D0%BA%D0%BE%D0%B5_%D1%88%D0%BE%D1%81%D1%81%D0%B5_%D0%B0%D0%B2%D1%82%D0%BE%D0%B1%D1%83%D1%81_19.jpg;Asdexer240;CC BY-SA 4.0;https://creativecommons.org/licenses/by-sa/4.0;0
images/real/real_f64f5f99b1.jpg;_2._934_6bdf0d51.jpg;File:Автобус 2. КА 934.jpg;https://commons.wikimedia.org/wiki/File%3A%D0%90%D0%B2%D1%82%D0%BE%D0%B1%D1%83%D1%81_2._%D0%9A%D0%90_934.jpg;Roman645;CC BY-SA 4.0;https://creativecommons.org/licenses/by-sa/4.0;0
images/real/real_f70884ff73.jpg;_2020-02_5438ae28.jpg;File:Астрахань, маршрутные такси на улице где ходил трамвай и троллейбус 2020-02.jpg;https://commons.wikimedia.org/wiki/File%3A%D0%90%D1%81%D1%82%D1%80%D0%B0%D1%85%D0%B0%D0%BD%D1%8C%2C_%D0%BC%D0%B0%D1%80%D1%88%D1%80%D1%83%D1%82%D0%BD%D1%8B%D0%B5_%D1%82%D0%B0%D0%BA%D1%81%D0%B8_%D0%BD%D0%B0_%D1%83%D0%BB%D0%B8%D1%86%D0%B5_%D0%B3%D0%B4%D0%B5_%D1%85%D0%BE%D0%B4%D0%B8%D0%BB_%D1%82%D1%80%D0%B0%D0%BC%D0%B2%D0%B0%D0%B9_%D0%B8_%D1%82%D1%80%D0%BE%D0%BB%D0%BB%D0%B5%D0%B9%D0%B1%D1%83%D1%81_2020-02.jpg;Svetlov Artem;CC0;http://creativecommons.org/publicdomain/zero/1.0/deed.en;4
images/real/real_c1fd1f6c31.jpg;_2022-05_b5221936.jpg;File:Газель Уфа 2022-05.jpg;https://commons.wikimedia.org/wiki/File%3A%D0%93%D0%B0%D0%B7%D0%B5%D0%BB%D1%8C_%D0%A3%D1%84%D0%B0_2022-05.jpg;Svetlov Artem;CC BY-SA 4.0;https://creativecommons.org/licenses/by-sa/4.0;0
images/real/real_3db9439706.jpg;_2022_15_c4927ba1.jpg;File:Проводы призванных в рамках мобилизации на площади Нахимова, 2022, 15.jpg;https://commons.wikimedia.org/wiki/File%3A%D0%9F%D1%80%D0%BE%D0%B2%D0%BE%D0%B4%D1%8B_%D0%BF%D1%80%D0%B8%D0%B7%D0%B2%D0%B0%D0%BD%D0%BD%D1%8B%D1%85_%D0%B2_%D1%80%D0%B0%D0%BC%D0%BA%D0%B0%D1%85_%D0%BC%D0%BE%D0%B1%D0%B8%D0%BB%D0%B8%D0%B7%D0%B0%D1%86%D0%B8%D0%B8_%D0%BD%D0%B0_%D0%BF%D0%BB%D0%BE%D1%89%D0%B0%D0%B4%D0%B8_%D0%9D%D0%B0%D1%85%D0%B8%D0%BC%D0%BE%D0%B2%D0%B0%2C_2022%2C_15.jpg;Управление информации и пресс-службы Главы Республики Крым;CC BY 4.0;https://creativecommons.org/licenses/by/4.0;11
images/real/real_63720e2a2c.jpg;_2025-11-07_18-27-05_84d0fbb3.jpg;File:Вода льётся из люка 2025-11-07 18-27-05.jpg;https://commons.wikimedia.org/wiki/File%3A%D0%92%D0%BE%D0%B4%D0%B0_%D0%BB%D1%8C%D1%91%D1%82%D1%81%D1%8F_%D0%B8%D0%B7_%D0%BB%D1%8E%D0%BA%D0%B0_2025-11-07_18-27-05.jpg;ИринаЯ;CC BY-SA 4.0;https://creativecommons.org/licenses/by-sa/4.0;4
images/real/real_e669fedc85.jpg;_2025_71be0775.jpg;File:Ижевский автобус 2025.jpg;https://commons.wikimedia.org/wiki/File%3A%D0%98%D0%B6%D0%B5%D0%B2%D1%81%D0%BA%D0%B8%D0%B9_%D0%B0%D0%B2%D1%82%D0%BE%D0%B1%D1%83%D1%81_2025.jpg;Gshwu68votk;CC0;http://creativecommons.org/publicdomain/zero/1.0/deed.en;2
images/real/real_197408f4b0.jpg;_28._105_6daf3f1c.jpg;File:Автобус 28. КА 105.jpg;https://commons.wikimedia.org/wiki/File%3A%D0%90%D0%B2%D1%82%D0%BE%D0%B1%D1%83%D1%81_28._%D0%9A%D0%90_105.jpg;Roman645;CC BY-SA 3.0;https://creativecommons.org/licenses/by-sa/3.0;0
images/real/real_f449ccde2d.jpg;_2__20d2725b.jpg;File:Автобус М2 Астрахань.jpg;https://commons.wikimedia.org/wiki/File%3A%D0%90%D0%B2%D1%82%D0%BE%D0%B1%D1%83%D1%81_%D0%9C2_%D0%90%D1%81%D1%82%D1%80%D0%B0%D1%85%D0%B0%D0%BD%D1%8C.jpg;Wan Luan;CC BY 4.0;https://creativecommons.org/licenses/by/4.0;1
images/real/real_cc4177fcd1.jpg;_2__70cc269b.jpg;File:Автобус в Лениногорске (2).jpg;https://commons.wikimedia.org/wiki/File%3A%D0%90%D0%B2%D1%82%D0%BE%D0%B1%D1%83%D1%81_%D0%B2_%D0%9B%D0%B5%D0%BD%D0%B8%D0%BD%D0%BE%D0%B3%D0%BE%D1%80%D1%81%D0%BA%D0%B5_%282%29.jpg;Q139555801;CC BY-SA 4.0;https://creativecommons.org/licenses/by-sa/4.0;6
images/real/real_3d7da68607.jpg;_3._949_d35fe6d7.jpg;File:Автобус 3. АХ 949.jpg;https://commons.wikimedia.org/wiki/File%3A%D0%90%D0%B2%D1%82%D0%BE%D0%B1%D1%83%D1%81_3._%D0%90%D0%A5_949.jpg;Roman645;CC BY-SA 4.0;https://creativecommons.org/licenses/by-sa/4.0;0
images/real/real_9ef92afdb9.jpg;_31._608_50_8ba03143.jpg;File:Автобус 31. ВМ 608 50.jpg;https://commons.wikimedia.org/wiki/File%3A%D0%90%D0%B2%D1%82%D0%BE%D0%B1%D1%83%D1%81_31._%D0%92%D0%9C_608_50.jpg;Roman645;CC BY-SA 3.0;https://creativecommons.org/licenses/by-sa/3.0;0
images/real/real_f145f2836d.jpg;_392._106_21752386.jpg;File:Автобус 392. КА 106.jpg;https://commons.wikimedia.org/wiki/File%3A%D0%90%D0%B2%D1%82%D0%BE%D0%B1%D1%83%D1%81_392._%D0%9A%D0%90_106.jpg;Roman645;CC BY-SA 4.0;https://creativecommons.org/licenses/by-sa/4.0;2
images/real/real_238ba29be0.jpg;_4__a90c8bd2.jpg;File:Автобус М4 Астрахань.jpg;https://commons.wikimedia.org/wiki/File%3A%D0%90%D0%B2%D1%82%D0%BE%D0%B1%D1%83%D1%81_%D0%9C4_%D0%90%D1%81%D1%82%D1%80%D0%B0%D1%85%D0%B0%D0%BD%D1%8C.jpg;Wan Luan;CC0;http://creativecommons.org/publicdomain/zero/1.0/deed.en;2
images/real/real_cd9abcaffc.jpg;_5256_53_017c3346.jpeg;File:ЛиАЗ 5256 53.jpeg;https://commons.wikimedia.org/wiki/File%3A%D0%9B%D0%B8%D0%90%D0%97_5256_53.jpeg;Я, являюсь автором данного фото;CC BY-SA 3.0;https://creativecommons.org/licenses/by-sa/3.0;0
images/real/real_d07b3b5206.jpg;_5299_20_22_31975f2b.jpg;File:НефАЗ 5299 20 22.jpg;https://commons.wikimedia.org/wiki/File%3A%D0%9D%D0%B5%D1%84%D0%90%D0%97_5299_20_22.jpg;Я, являюсь автором данного фото;CC BY-SA 3.0;https://creativecommons.org/licenses/by-sa/3.0;0
images/real/real_f1c8197e15.jpg;_5_._-_-__9e370de3.jpg;File:Маршрут автобуса №5 г. Ростов-на-Дону.jpg;https://commons.wikimedia.org/wiki/File%3A%D0%9C%D0%B0%D1%80%D1%88%D1%80%D1%83%D1%82_%D0%B0%D0%B2%D1%82%D0%BE%D0%B1%D1%83%D1%81%D0%B0_%E2%84%965_%D0%B3._%D0%A0%D0%BE%D1%81%D1%82%D0%BE%D0%B2-%D0%BD%D0%B0-%D0%94%D0%BE%D0%BD%D1%83.jpg;Алекс Астрал;CC BY-SA 4.0;https://creativecommons.org/licenses/by-sa/4.0;0
images/real/real_17e6b64f47.jpg;_71__8295a198.jpg;File:Купеческий клуб, проспект Мира, 71, Красноярск, Красноярский край.jpg;https://commons.wikimedia.org/wiki/File%3A%D0%9A%D1%83%D0%BF%D0%B5%D1%87%D0%B5%D1%81%D0%BA%D0%B8%D0%B9_%D0%BA%D0%BB%D1%83%D0%B1%2C_%D0%BF%D1%80%D0%BE%D1%81%D0%BF%D0%B5%D0%BA%D1%82_%D0%9C%D0%B8%D1%80%D0%B0%2C_71%2C_%D0%9A%D1%80%D0%B0%D1%81%D0%BD%D0%BE%D1%8F%D1%80%D1%81%D0%BA%2C_%D0%9A%D1%80%D0%B0%D1%81%D0%BD%D0%BE%D1%8F%D1%80%D1%81%D0%BA%D0%B8%D0%B9_%D0%BA%D1%80%D0%B0%D0%B9.jpg;Masha Linnik;CC BY-SA 4.0;https://creativecommons.org/licenses/by-sa/4.0;0
images/real/real_599b7734af.jpg;_9_9229a52a.jpg;File:Автобус 9.jpg;https://commons.wikimedia.org/wiki/File%3A%D0%90%D0%B2%D1%82%D0%BE%D0%B1%D1%83%D1%81_9.jpg;Piru333;CC0;http://creativecommons.org/publicdomain/zero/1.0/deed.en;0
images/real/real_1445d1a8c5.jpg;_9_eb844041.jpg;File:Автобус №9.jpg;https://commons.wikimedia.org/wiki/File%3A%D0%90%D0%B2%D1%82%D0%BE%D0%B1%D1%83%D1%81_%E2%84%969.jpg;Roman645;CC BY-SA 3.0;https://creativecommons.org/licenses/by-sa/3.0;0
images/real/real_0efb3c2495.jpg;_Ford_Transit__c7985464.jpg;File:Маршрутка Ford Transit в Москве без номера.jpg;https://commons.wikimedia.org/wiki/File%3A%D0%9C%D0%B0%D1%80%D1%88%D1%80%D1%83%D1%82%D0%BA%D0%B0_Ford_Transit_%D0%B2_%D0%9C%D0%BE%D1%81%D0%BA%D0%B2%D0%B5_%D0%B1%D0%B5%D0%B7_%D0%BD%D0%BE%D0%BC%D0%B5%D1%80%D0%B0.jpg;Brateevsky (talk page);CC BY-SA 4.0;https://creativecommons.org/licenses/by-sa/4.0;0
images/real/real_5f2edef48d.jpg;_NEXT_110__45630c55.jpg;File:ГАЗель NEXT на 110 (кольцевом) маршруте.jpg;https://commons.wikimedia.org/wiki/File%3A%D0%93%D0%90%D0%97%D0%B5%D0%BB%D1%8C_NEXT_%D0%BD%D0%B0_110_%28%D0%BA%D0%BE%D0%BB%D1%8C%D1%86%D0%B5%D0%B2%D0%BE%D0%BC%29_%D0%BC%D0%B0%D1%80%D1%88%D1%80%D1%83%D1%82%D0%B5.jpg;Chebur 21+;CC BY-SA 4.0;https://creativecommons.org/licenses/by-sa/4.0;0
images/real/real_726f443a9b.jpg;__2825fde5.jpg;File:Ситроен Маршрутное такси в Омске.jpg;https://commons.wikimedia.org/wiki/File%3A%D0%A1%D0%B8%D1%82%D1%80%D0%BE%D0%B5%D0%BD_%D0%9C%D0%B0%D1%80%D1%88%D1%80%D1%83%D1%82%D0%BD%D0%BE%D0%B5_%D1%82%D0%B0%D0%BA%D1%81%D0%B8_%D0%B2_%D0%9E%D0%BC%D1%81%D0%BA%D0%B5.jpg;Lion Russia;CC0;http://creativecommons.org/publicdomain/zero/1.0/deed.en;1
images/real/real_fbb6ac068c.jpg;__46e846a3.jpg;File:Мячковский бульвар (Москва).jpg;https://commons.wikimedia.org/wiki/File%3A%D0%9C%D1%8F%D1%87%D0%BA%D0%BE%D0%B2%D1%81%D0%BA%D0%B8%D0%B9_%D0%B1%D1%83%D0%BB%D1%8C%D0%B2%D0%B0%D1%80_%28%D0%9C%D0%BE%D1%81%D0%BA%D0%B2%D0%B0%29.jpg;Leokand;CC BY-SA 3.0;https://creativecommons.org/licenses/by-sa/3.0;1
images/real/real_9daa5868cd.jpg;__4773130f.jpg;File:Маршрутки в Астрахани.jpg;https://commons.wikimedia.org/wiki/File%3A%D0%9C%D0%B0%D1%80%D1%88%D1%80%D1%83%D1%82%D0%BA%D0%B8_%D0%B2_%D0%90%D1%81%D1%82%D1%80%D0%B0%D1%85%D0%B0%D0%BD%D0%B8.jpg;Alikhan 1987;CC0;http://creativecommons.org/publicdomain/zero/1.0/deed.en;0
images/real/real_d1e913c9cc.jpg;__682d4990.jpg;File:Программа обновления гор транспорта.jpg;https://commons.wikimedia.org/wiki/File%3A%D0%9F%D1%80%D0%BE%D0%B3%D1%80%D0%B0%D0%BC%D0%BC%D0%B0_%D0%BE%D0%B1%D0%BD%D0%BE%D0%B2%D0%BB%D0%B5%D0%BD%D0%B8%D1%8F_%D0%B3%D0%BE%D1%80_%D1%82%D1%80%D0%B0%D0%BD%D1%81%D0%BF%D0%BE%D1%80%D1%82%D0%B0.jpg;BzZeleboba;CC BY-SA 4.0;https://creativecommons.org/licenses/by-sa/4.0;2
images/real/real_138d40ff19.jpg;__6ef3639b.jpg;File:Электробус КАМАЗ Курск.jpg;https://commons.wikimedia.org/wiki/File%3A%D0%AD%D0%BB%D0%B5%D0%BA%D1%82%D1%80%D0%BE%D0%B1%D1%83%D1%81_%D0%9A%D0%90%D0%9C%D0%90%D0%97_%D0%9A%D1%83%D1%80%D1%81%D0%BA.jpg;Tysawth;CC BY-SA 4.0;https://creativecommons.org/licenses/by-sa/4.0;1
images/real/real_db61b380c0.jpg;__7a6320d3.jpg;File:Остановка Моручилище в Находке.jpg;https://commons.wikimedia.org/wiki/File%3A%D0%9E%D1%81%D1%82%D0%B0%D0%BD%D0%BE%D0%B2%D0%BA%D0%B0_%D0%9C%D0%BE%D1%80%D1%83%D1%87%D0%B8%D0%BB%D0%B8%D1%89%D0%B5_%D0%B2_%D0%9D%D0%B0%D1%85%D0%BE%D0%B4%D0%BA%D0%B5.jpg;allochka22ru;CC BY-SA 2.0;https://creativecommons.org/licenses/by-sa/2.0;1
images/real/real_93d8b3d64e.jpg;__7dfb0ba1.jpg;File:Смоленский автобус.jpg;https://commons.wikimedia.org/wiki/File%3A%D0%A1%D0%BC%D0%BE%D0%BB%D0%B5%D0%BD%D1%81%D0%BA%D0%B8%D0%B9_%D0%B0%D0%B2%D1%82%D0%BE%D0%B1%D1%83%D1%81.jpg;John Dobrodomoff;CC BY-SA 4.0;https://creativecommons.org/licenses/by-sa/4.0;2
images/real/real_33322f154b.jpg;__8c13e34c.jpg;File:Череповец, автобус КамАЗ на Октябрьском мосту зимой.jpg;https://commons.wikimedia.org/wiki/File%3A%D0%A7%D0%B5%D1%80%D0%B5%D0%BF%D0%BE%D0%B2%D0%B5%D1%86%2C_%D0%B0%D0%B2%D1%82%D0%BE%D0%B1%D1%83%D1%81_%D0%9A%D0%B0%D0%BC%D0%90%D0%97_%D0%BD%D0%B0_%D0%9E%D0%BA%D1%82%D1%8F%D0%B1%D1%80%D1%8C%D1%81%D0%BA%D0%BE%D0%BC_%D0%BC%D0%BE%D1%81%D1%82%D1%83_%D0%B7%D0%B8%D0%BC%D0%BE%D0%B9.jpg;Nikolai Bulykin;CC BY-SA 4.0;https://creativecommons.org/licenses/by-sa/4.0;0
images/real/real_3e3f054f00.jpg;__98573916.jpg;File:Автобус Волгабас Курск.jpg;https://commons.wikimedia.org/wiki/File%3A%D0%90%D0%B2%D1%82%D0%BE%D0%B1%D1%83%D1%81_%D0%92%D0%BE%D0%BB%D0%B3%D0%B0%D0%B1%D0%B0%D1%81_%D0%9A%D1%83%D1%80%D1%81%D0%BA.jpg;Tysawth;CC BY-SA 4.0;https://creativecommons.org/licenses/by-sa/4.0;4
images/real/real_b2f4b7a010.jpg;__e1421179.jpg;File:Засуньте свои санкции себе в Европу.jpg;https://commons.wikimedia.org/wiki/File%3A%D0%97%D0%B0%D1%81%D1%83%D0%BD%D1%8C%D1%82%D0%B5_%D1%81%D0%B2%D0%BE%D0%B8_%D1%81%D0%B0%D0%BD%D0%BA%D1%86%D0%B8%D0%B8_%D1%81%D0%B5%D0%B1%D0%B5_%D0%B2_%D0%95%D0%B2%D1%80%D0%BE%D0%BF%D1%83.jpg;Rartat;CC BY-SA 4.0;https://creativecommons.org/licenses/by-sa/4.0;0
images/real/real_f3b468807b.jpg;Auto_Mitsubishi_Minicab_Khabarovsk_Seryshev_street_1_825_27_2024-08_1724850039_0_13794381.jpg;File:Auto Mitsubishi Minicab Khabarovsk Seryshev street 1 825ХА 27 2024-08 1724850039 09.jpg;https://commons.wikimedia.org/wiki/File%3AAuto_Mitsubishi_Minicab_Khabarovsk_Seryshev_street_1_825%D0%A5%D0%90_27_2024-08_1724850039_09.jpg;Artyom Svetlov;CC BY 4.0;https://creativecommons.org/licenses/by/4.0;1
images/real/real_3992000768.jpg;Auto_Nissan_Caravan_Lyublino_District_Kubanskaya_Street_Moscow_387_77_2024-11_17_49110249.jpg;File:Auto Nissan Caravan Lyublino District Kubanskaya Street, Moscow О387ОР77 2024-11 1730730648.jpg;https://commons.wikimedia.org/wiki/File%3AAuto_Nissan_Caravan_Lyublino_District_Kubanskaya_Street%2C_Moscow_%D0%9E387%D0%9E%D0%A077_2024-11_1730730648.jpg;Artyom Svetlov;CC BY 4.0;https://creativecommons.org/licenses/by/4.0;0
images/real/real_6f64ba2bbb.jpg;Auto_Toyota_Crown_Moscow_Buzheninova_Street_398_797_2026-03_41_9511cf6e.jpg;File:Auto Toyota Crown Moscow Buzheninova Street Р398МС797 2026-03 41.JPG;https://commons.wikimedia.org/wiki/File%3AAuto_Toyota_Crown_Moscow_Buzheninova_Street_%D0%A0398%D0%9C%D0%A1797_2026-03_41.JPG;Artyom Svetlov;CC BY 4.0;https://creativecommons.org/licenses/by/4.0;0
images/real/real_59d1715ef8.jpg;Auto_Toyota_Previa_Moscow_Bibip-Bibop_2026_2026-07_200_fe0e7490.jpg;File:Auto Toyota Previa Moscow Bibip-Bibop 2026 2026-07 200.JPG;https://commons.wikimedia.org/wiki/File%3AAuto_Toyota_Previa_Moscow_Bibip-Bibop_2026_2026-07_200.JPG;Artyom Svetlov;CC BY 4.0;https://creativecommons.org/licenses/by/4.0;1
images/real/real_9cbf4375dd.jpg;Auto_Toyota_bB_Moscow_Sayanskaya_Street_524_197_2025-09_202_b3bb9398.jpg;File:Auto Toyota bB Moscow Sayanskaya Street У524КА197 2025-09 202.jpg;https://commons.wikimedia.org/wiki/File%3AAuto_Toyota_bB_Moscow_Sayanskaya_Street_%D0%A3524%D0%9A%D0%90197_2025-09_202.jpg;Artyom Svetlov;CC BY 4.0;https://creativecommons.org/licenses/by/4.0;0
images/real/real_74e099a8a5.jpg;Blagoveshchensk_Kalinina_street_2_drob_2_2024-08_1724523061_d38a37e2.tif;File:Blagoveshchensk Kalinina street 2 drob 2 2024-08 1724523061.tif;https://commons.wikimedia.org/wiki/File%3ABlagoveshchensk_Kalinina_street_2_drob_2_2024-08_1724523061.tif;Artyom Svetlov;CC BY 4.0;https://creativecommons.org/licenses/by/4.0;0
images/real/real_246b3450e6.jpg;Blagoveshchensk_Lenina_Street_157_2024-08_1724445146_911c8c53.tif;File:Blagoveshchensk Lenina Street 157 2024-08 1724445146.tif;https://commons.wikimedia.org/wiki/File%3ABlagoveshchensk_Lenina_Street_157_2024-08_1724445146.tif;Artyom Svetlov;CC BY 4.0;https://creativecommons.org/licenses/by/4.0;2
images/real/real_8cc5fe2d34.jpg;Blagoveshchensk_Pionerskaya_street_32_right_building_2024-08_1724514162_ce2a107e.tif;File:Blagoveshchensk Pionerskaya street 32 right building 2024-08 1724514162.tif;https://commons.wikimedia.org/wiki/File%3ABlagoveshchensk_Pionerskaya_street_32_right_building_2024-08_1724514162.tif;Artyom Svetlov;CC BY 4.0;https://creativecommons.org/licenses/by/4.0;0
images/real/real_32a3eb0ca4.jpg;Blagoveshchensk_Shevchenko_street_11_drob_1_2024-08_1724444483_7201a06d.tif;File:Blagoveshchensk Shevchenko street 11 drob 1 2024-08 1724444483.tif;https://commons.wikimedia.org/wiki/File%3ABlagoveshchensk_Shevchenko_street_11_drob_1_2024-08_1724444483.tif;Artyom Svetlov;CC BY 4.0;https://creativecommons.org/licenses/by/4.0;2
images/real/real_c82598c652.jpg;Khabarovsk_Dzerzhinsky_street_36_2024-08_1724689424_3ed9a6dd.jpg;File:Khabarovsk Dzerzhinsky street 36 2024-08 1724689424.jpg;https://commons.wikimedia.org/wiki/File%3AKhabarovsk_Dzerzhinsky_street_36_2024-08_1724689424.jpg;Artyom Svetlov;CC BY 4.0;https://creativecommons.org/licenses/by/4.0;0
images/real/real_b557dd408d.jpg;Khabarovsk_Frunze_Street_50_2024-08_1724691133_96e140f6.jpg;File:Khabarovsk Frunze Street 50 2024-08 1724691133.jpg;https://commons.wikimedia.org/wiki/File%3AKhabarovsk_Frunze_Street_50_2024-08_1724691133.jpg;Artyom Svetlov;CC BY 4.0;https://creativecommons.org/licenses/by/4.0;1
images/real/real_83fa7a5fcd.jpg;Khabarovsk_Gogol_Street_23_2024-08_1724688067_874357a8.jpg;File:Khabarovsk Gogol Street 23 2024-08 1724688067.jpg;https://commons.wikimedia.org/wiki/File%3AKhabarovsk_Gogol_Street_23_2024-08_1724688067.jpg;Artyom Svetlov;CC BY 4.0;https://creativecommons.org/licenses/by/4.0;1
images/real/real_44cd15a2a7.jpg;Khabarovsk_Komsomolskaya_street_2024-08_1724850039_78cc2fba.jpg;File:Khabarovsk Komsomolskaya street 2024-08 1724850039.jpg;https://commons.wikimedia.org/wiki/File%3AKhabarovsk_Komsomolskaya_street_2024-08_1724850039.jpg;Artyom Svetlov;CC BY 4.0;https://creativecommons.org/licenses/by/4.0;0
images/real/real_834d348ddd.jpg;Khabarovsk_bus_052_27_2024-08_Muravyov-Amursky_Street_Daewoo_BS106_009_eddac12b.jpg;File:Khabarovsk bus У052ХР27 2024-08 Muravyov-Amursky Street Daewoo BS106 009.jpg;https://commons.wikimedia.org/wiki/File%3AKhabarovsk_bus_%D0%A3052%D0%A5%D0%A027_2024-08_Muravyov-Amursky_Street_Daewoo_BS106_009.jpg;Artyom Svetlov;CC BY 4.0;https://creativecommons.org/licenses/by/4.0;0
images/real/real_ddda262559.jpg;Khabarovsk_bus_296_27_2024-08_Muravyov-Amursky_Street_Daewoo_BS106_008_cd9072e1.jpg;File:Khabarovsk bus Р296ВО27 2024-08 Muravyov-Amursky Street Daewoo BS106 008.jpg;https://commons.wikimedia.org/wiki/File%3AKhabarovsk_bus_%D0%A0296%D0%92%D0%9E27_2024-08_Muravyov-Amursky_Street_Daewoo_BS106_008.jpg;Artyom Svetlov;CC BY 4.0;https://creativecommons.org/licenses/by/4.0;1
images/real/real_66e037562a.jpg;Khabarovsk_bus_83227_2024-08_Muravyov-Amursky_Street_Zhongtong_LCK6105HG_010_8373bb21.jpg;File:Khabarovsk bus АВ83227 2024-08 Muravyov-Amursky Street Zhongtong LCK6105HG 010.jpg;https://commons.wikimedia.org/wiki/File%3AKhabarovsk_bus_%D0%90%D0%9283227_2024-08_Muravyov-Amursky_Street_Zhongtong_LCK6105HG_010.jpg;Artyom Svetlov;CC BY 4.0;https://creativecommons.org/licenses/by/4.0;1
images/real/real_66e938c932.jpg;Khabarovsk_bus_84227_2024-08_Leningradsky_lane_Zhongtong_LCK6105HG_118_eeede7ce.jpg;File:Khabarovsk bus АВ84227 2024-08 Leningradsky lane Zhongtong LCK6105HG 118.jpg;https://commons.wikimedia.org/wiki/File%3AKhabarovsk_bus_%D0%90%D0%9284227_2024-08_Leningradsky_lane_Zhongtong_LCK6105HG_118.jpg;Artyom Svetlov;CC BY 4.0;https://creativecommons.org/licenses/by/4.0;4
images/real/real_1306747aa8.jpg;Khabarovsk_bus_963_27_2024-08_Amursky_boulevard_Daewoo_BS106_86_6a992bb5.jpg;File:Khabarovsk bus У963УВ27 2024-08 Amursky boulevard Daewoo BS106 86.jpg;https://commons.wikimedia.org/wiki/File%3AKhabarovsk_bus_%D0%A3963%D0%A3%D0%9227_2024-08_Amursky_boulevard_Daewoo_BS106_86.jpg;Artyom Svetlov;CC BY 4.0;https://creativecommons.org/licenses/by/4.0;0
images/real/real_a3220a7ae4.jpg;Khabarovsk_tram_370_2024-08_1724850039_Tikhookeanskaya_Street_71-605_65323f46.jpg;File:Khabarovsk tram 370 2024-08 1724850039 Tikhookeanskaya Street 71-605.jpg;https://commons.wikimedia.org/wiki/File%3AKhabarovsk_tram_370_2024-08_1724850039_Tikhookeanskaya_Street_71-605.jpg;Artyom Svetlov;CC BY 4.0;https://creativecommons.org/licenses/by/4.0;2
images/real/real_057b4a4813.jpg;Moscow_Kia_Sorento_Toyota_Camry_2023-05-26_a72f824a.jpg;File:Moscow, Kia Sorento, Toyota Camry, 2023-05-26.jpg;https://commons.wikimedia.org/wiki/File%3AMoscow%2C_Kia_Sorento%2C_Toyota_Camry%2C_2023-05-26.jpg;Retired electrician;CC0;http://creativecommons.org/publicdomain/zero/1.0/deed.en;0
images/real/real_2033c3f3bb.jpg;Moscow_Novokuznetskaya_Street_Toyota_FJ_Cruiser_04_b7d3774c.jpg;File:Moscow, Novokuznetskaya Street, Toyota FJ Cruiser 04.jpg;https://commons.wikimedia.org/wiki/File%3AMoscow%2C_Novokuznetskaya_Street%2C_Toyota_FJ_Cruiser_04.jpg;Retired electrician;CC0;http://creativecommons.org/publicdomain/zero/1.0/deed.en;0
images/real/real_7b0830c880.jpg;Moscow_Toyota_Alphard_AH30_Aug_2025_01_e2784fee.jpg;File:Moscow, Toyota Alphard (AH30) Aug 2025 01.jpg;https://commons.wikimedia.org/wiki/File%3AMoscow%2C_Toyota_Alphard_%28AH30%29_Aug_2025_01.jpg;Retired electrician;CC0;http://creativecommons.org/publicdomain/zero/1.0/deed.en;6
images/real/real_c61d75db9b.jpg;Moscow_Toyota_C-HR_Aug_2025_04_9e7da01c.jpg;File:Moscow, Toyota C-HR, Aug 2025 04.jpg;https://commons.wikimedia.org/wiki/File%3AMoscow%2C_Toyota_C-HR%2C_Aug_2025_04.jpg;Retired electrician;CC0;http://creativecommons.org/publicdomain/zero/1.0/deed.en;0
images/real/real_142d2c0469.jpg;Moscow_Toyota_Chaser_X90_rusty_July_2026_02_02427d14.jpg;File:Moscow, Toyota Chaser (X90) rusty, July 2026 02.jpg;https://commons.wikimedia.org/wiki/File%3AMoscow%2C_Toyota_Chaser_%28X90%29_rusty%2C_July_2026_02.jpg;Retired electrician;CC0;http://creativecommons.org/publicdomain/zero/1.0/deed.en;0
images/real/real_754aa72664.jpg;Moscow_Toyota_HiAce_H200_Sept_2025_01_adb70716.jpg;File:Moscow, Toyota HiAce (H200) Sept 2025 01.jpg;https://commons.wikimedia.org/wiki/File%3AMoscow%2C_Toyota_HiAce_%28H200%29_Sept_2025_01.jpg;Retired electrician;CC0;http://creativecommons.org/publicdomain/zero/1.0/deed.en;1
images/real/real_6fa21d9164.jpg;Moscow_Toyota_Hiace_Sept_2025_01_afa0f68e.jpg;File:Moscow, Toyota Hiace, Sept 2025 01.jpg;https://commons.wikimedia.org/wiki/File%3AMoscow%2C_Toyota_Hiace%2C_Sept_2025_01.jpg;Retired electrician;CC0;http://creativecommons.org/publicdomain/zero/1.0/deed.en;0
images/real/real_b5ceb602ec.jpg;Moscow_Toyota_IQ_with_Thule_top_Aug_2025_01_5201d1a4.jpg;File:Moscow, Toyota IQ with Thule top, Aug 2025 01.jpg;https://commons.wikimedia.org/wiki/File%3AMoscow%2C_Toyota_IQ_with_Thule_top%2C_Aug_2025_01.jpg;Retired electrician;CC0;http://creativecommons.org/publicdomain/zero/1.0/deed.en;0
images/real/real_63cc2e91c6.jpg;Moscow_Toyota_IQ_with_Thule_top_Aug_2025_02_d812bc8c.jpg;File:Moscow, Toyota IQ with Thule top, Aug 2025 02.jpg;https://commons.wikimedia.org/wiki/File%3AMoscow%2C_Toyota_IQ_with_Thule_top%2C_Aug_2025_02.jpg;Retired electrician;CC0;http://creativecommons.org/publicdomain/zero/1.0/deed.en;1
images/real/real_094a420d0a.jpg;Moscow_Toyota_IQ_with_Thule_top_Aug_2025_04_781ca63f.jpg;File:Moscow, Toyota IQ with Thule top, Aug 2025 04.jpg;https://commons.wikimedia.org/wiki/File%3AMoscow%2C_Toyota_IQ_with_Thule_top%2C_Aug_2025_04.jpg;Retired electrician;CC0;http://creativecommons.org/publicdomain/zero/1.0/deed.en;0
images/real/real_cb26bc5098.jpg;Moscow_Toyota_Noah_R80_hybrid_Aug_2025_02_354b5b67.jpg;File:Moscow, Toyota Noah (R80) hybrid, Aug 2025 02.jpg;https://commons.wikimedia.org/wiki/File%3AMoscow%2C_Toyota_Noah_%28R80%29_hybrid%2C_Aug_2025_02.jpg;Retired electrician;CC0;http://creativecommons.org/publicdomain/zero/1.0/deed.en;0
images/real/real_3d015d182a.jpg;Moscow_Toyota_Probox_blue_Aug_2025_01_7e2bb333.jpg;File:Moscow, Toyota Probox blue, Aug 2025 01.jpg;https://commons.wikimedia.org/wiki/File%3AMoscow%2C_Toyota_Probox_blue%2C_Aug_2025_01.jpg;Retired electrician;CC0;http://creativecommons.org/publicdomain/zero/1.0/deed.en;0
images/real/real_dee01a0ab4.jpg;Moscow_Toyota_RAV4_Delimobil_Aug_2025_01_50c478c7.jpg;File:Moscow, Toyota RAV4 Delimobil, Aug 2025 01.jpg;https://commons.wikimedia.org/wiki/File%3AMoscow%2C_Toyota_RAV4_Delimobil%2C_Aug_2025_01.jpg;Retired electrician;CC0;http://creativecommons.org/publicdomain/zero/1.0/deed.en;0
images/real/real_fba3e7e667.jpg;Moscow_Toyota_RAV4_Mitsubishi_ASX_2022-05-11_4b5a8c08.jpg;File:Moscow, Toyota RAV4, Mitsubishi ASX 2022-05-11.jpg;https://commons.wikimedia.org/wiki/File%3AMoscow%2C_Toyota_RAV4%2C_Mitsubishi_ASX_2022-05-11.jpg;Retired electrician;CC0;http://creativecommons.org/publicdomain/zero/1.0/deed.en;0
images/real/real_b326275731.jpg;Moscow_Toyota_Starlet_Glanza_June_2026_04_26078571.jpg;File:Moscow, Toyota Starlet Glanza, June 2026 04.jpg;https://commons.wikimedia.org/wiki/File%3AMoscow%2C_Toyota_Starlet_Glanza%2C_June_2026_04.jpg;Retired electrician;CC0;http://creativecommons.org/publicdomain/zero/1.0/deed.en;1
images/real/real_3b594ee56e.jpg;Moscow_Toyota_Tundra_XK50_2013_black_Oct_2025_03_a2ac6cea.jpg;File:Moscow, Toyota Tundra (XK50, 2013) black, Oct 2025 03.jpg;https://commons.wikimedia.org/wiki/File%3AMoscow%2C_Toyota_Tundra_%28XK50%2C_2013%29_black%2C_Oct_2025_03.jpg;Retired electrician;CC0;http://creativecommons.org/publicdomain/zero/1.0/deed.en;0
images/real/real_892c23029b.jpg;Moscow_Toyota_Voxy_Aug_2025_01_3e5bcda9.jpg;File:Moscow, Toyota Voxy, Aug 2025 01.jpg;https://commons.wikimedia.org/wiki/File%3AMoscow%2C_Toyota_Voxy%2C_Aug_2025_01.jpg;Retired electrician;CC0;http://creativecommons.org/publicdomain/zero/1.0/deed.en;0
images/real/real_6e86928988.jpg;Moscow_Toyota_Yaris_Aug_2025_01_d3325b67.jpg;File:Moscow, Toyota Yaris, Aug 2025 01.jpg;https://commons.wikimedia.org/wiki/File%3AMoscow%2C_Toyota_Yaris%2C_Aug_2025_01.jpg;Retired electrician;CC0;http://creativecommons.org/publicdomain/zero/1.0/deed.en;1
images/real/real_2eb7c6549a.jpg;Moscow_Toyota_van_with_KG_plates_Aug_2025_02_afb4ce19.jpg;File:Moscow, Toyota van with KG plates, Aug 2025 02.jpg;https://commons.wikimedia.org/wiki/File%3AMoscow%2C_Toyota_van_with_KG_plates%2C_Aug_2025_02.jpg;Retired electrician;CC0;http://creativecommons.org/publicdomain/zero/1.0/deed.en;2
images/real/real_42930c4757.jpg;Moscow_Volkhonka_X_Kolymazhny_Toyota_Cresta_X90_Sept_2025_02_b0358b4e.jpg;File:Moscow, Volkhonka X Kolymazhny, Toyota Cresta (X90) Sept 2025 02.jpg;https://commons.wikimedia.org/wiki/File%3AMoscow%2C_Volkhonka_X_Kolymazhny%2C_Toyota_Cresta_%28X90%29_Sept_2025_02.jpg;Retired electrician;CC0;http://creativecommons.org/publicdomain/zero/1.0/deed.en;2
images/real/real_283a3f4dfc.jpg;Moscow_Yandex_self-driving_Toyota_Prius_Dec_2025_01_72d9473c.jpg;File:Moscow, Yandex self-driving Toyota Prius, Dec 2025 01.jpg;https://commons.wikimedia.org/wiki/File%3AMoscow%2C_Yandex_self-driving_Toyota_Prius%2C_Dec_2025_01.jpg;Retired electrician;CC0;http://creativecommons.org/publicdomain/zero/1.0/deed.en;1
images/real/real_45b1462dc0.jpg;Moscow_Yandex_self-driving_Toyota_Prius_Oct_2025_01_8ff94791.jpg;File:Moscow, Yandex self-driving Toyota Prius, Oct 2025 01.jpg;https://commons.wikimedia.org/wiki/File%3AMoscow%2C_Yandex_self-driving_Toyota_Prius%2C_Oct_2025_01.jpg;Retired electrician;CC0;http://creativecommons.org/publicdomain/zero/1.0/deed.en;0
images/real/real_d31928777e.jpg;Moscow_car_meet_2025-07-12_Toyota_Crown_01_03959e4c.jpg;File:Moscow car meet 2025-07-12 Toyota Crown 01.jpg;https://commons.wikimedia.org/wiki/File%3AMoscow_car_meet_2025-07-12_Toyota_Crown_01.jpg;Retired electrician;CC0;http://creativecommons.org/publicdomain/zero/1.0/deed.en;4
images/real/real_54fd2e78e4.jpg;Moscow_car_show_2026-07-31_Toyota_Crown_01_1fa7d3e6.jpg;File:Moscow car show 2026-07-31 Toyota Crown 01.jpg;https://commons.wikimedia.org/wiki/File%3AMoscow_car_show_2026-07-31_Toyota_Crown_01.jpg;Retired electrician;CC0;http://creativecommons.org/publicdomain/zero/1.0/deed.en;0
images/real/real_2acc93d21a.jpg;Moscow_car_show_2026-07-31_Toyota_Crown_02_daca9e96.jpg;File:Moscow car show 2026-07-31 Toyota Crown 02.jpg;https://commons.wikimedia.org/wiki/File%3AMoscow_car_show_2026-07-31_Toyota_Crown_02.jpg;Retired electrician;CC0;http://creativecommons.org/publicdomain/zero/1.0/deed.en;7
images/real/real_8f4431044c.jpg;Moscow_car_show_2026-08-01_1974_Toyota_Sera_Renault_5_01_ac901788.jpg;File:Moscow car show 2026-08-01 1974 Toyota Sera, Renault 5 01.jpg;https://commons.wikimedia.org/wiki/File%3AMoscow_car_show_2026-08-01_1974_Toyota_Sera%2C_Renault_5_01.jpg;Retired electrician;CC0;http://creativecommons.org/publicdomain/zero/1.0/deed.en;6
images/real/real_f18a81678f.jpg;Nakhodka_Astafyeva_Street_2022-08_1660804281_df3ef4a7.tif;File:Nakhodka Astafyeva Street 2022-08 1660804281.tif;https://commons.wikimedia.org/wiki/File%3ANakhodka_Astafyeva_Street_2022-08_1660804281.tif;Artyom Svetlov;CC BY 4.0;https://creativecommons.org/licenses/by/4.0;0
images/real/real_56b3dadd17.jpg;Nakhodka_Central_Square_2022-08_1660713257_316e6cca.jpg;File:Nakhodka Central Square 2022-08 1660713257.jpg;https://commons.wikimedia.org/wiki/File%3ANakhodka_Central_Square_2022-08_1660713257.jpg;Artyom Svetlov;CC BY 4.0;https://creativecommons.org/licenses/by/4.0;5
images/real/real_9226e588b9.jpg;Nakhodka_Sportivnaya_street_2022-08_1660713878_ff77956f.jpg;File:Nakhodka Sportivnaya street 2022-08 1660713878.jpg;https://commons.wikimedia.org/wiki/File%3ANakhodka_Sportivnaya_street_2022-08_1660713878.jpg;Artyom Svetlov;CC BY 4.0;https://creativecommons.org/licenses/by/4.0;0
images/real/real_dd2efc89ab.jpg;Nakhodka_Sportivnaya_street_2022-08_1660797797_791ee55f.tif;File:Nakhodka Sportivnaya street 2022-08 1660797797.tif;https://commons.wikimedia.org/wiki/File%3ANakhodka_Sportivnaya_street_2022-08_1660797797.tif;Artyom Svetlov;CC BY 4.0;https://creativecommons.org/licenses/by/4.0;0
images/real/real_62ae9bb471.jpg;Toyota_Probox_53525377417__a6b6f48b.jpg;File:Toyota Probox (53525377417).jpg;https://commons.wikimedia.org/wiki/File%3AToyota_Probox_%2853525377417%29.jpg;Jason Lawrence from New York;CC BY 2.0;https://creativecommons.org/licenses/by/2.0;0
images/real/real_5e589f7218.jpg;Toyota_Probox_53526276501__64e30ca9.jpg;File:Toyota Probox (53526276501).jpg;https://commons.wikimedia.org/wiki/File%3AToyota_Probox_%2853526276501%29.jpg;Jason Lawrence from New York;CC BY 2.0;https://creativecommons.org/licenses/by/2.0;1
images/real/real_d482aafabc.jpg;Toyota_Probox_53526453623__6f2b1aea.jpg;File:Toyota Probox (53526453623).jpg;https://commons.wikimedia.org/wiki/File%3AToyota_Probox_%2853526453623%29.jpg;Jason Lawrence from New York;CC BY 2.0;https://creativecommons.org/licenses/by/2.0;3
images/real/real_c16ed1f810.jpg;Toyota_Probox_53526709225__79461048.jpg;File:Toyota Probox (53526709225).jpg;https://commons.wikimedia.org/wiki/File%3AToyota_Probox_%2853526709225%29.jpg;Jason Lawrence from New York;CC BY 2.0;https://creativecommons.org/licenses/by/2.0;0
images/real/real_284bc2deb7.jpg;Toyota_Probox_53526709285__bee4080f.jpg;File:Toyota Probox (53526709285).jpg;https://commons.wikimedia.org/wiki/File%3AToyota_Probox_%2853526709285%29.jpg;Jason Lawrence from New York;CC BY 2.0;https://creativecommons.org/licenses/by/2.0;2
images/real/real_60a6807a2e.jpg;Toyota_Probox_53526709295__f787c6ae.jpg;File:Toyota Probox (53526709295).jpg;https://commons.wikimedia.org/wiki/File%3AToyota_Probox_%2853526709295%29.jpg;Jason Lawrence from New York;CC BY 2.0;https://creativecommons.org/licenses/by/2.0;0
images/real/real_b623d9fd7d.jpg;Vladivostok_1st_Morskaya_street_2022-08_a9b75fc3.jpg;File:Vladivostok 1st Morskaya street 2022-08.jpg;https://commons.wikimedia.org/wiki/File%3AVladivostok_1st_Morskaya_street_2022-08.jpg;Svetlov Artem;CC0;http://creativecommons.org/publicdomain/zero/1.0/deed.en;0
images/real/real_58ae10d820.jpg;Vladivostok_Gora_Krestovaya_2024-09_1725292877_3d85ca85.tif;File:Vladivostok Gora Krestovaya 2024-09 1725292877.tif;https://commons.wikimedia.org/wiki/File%3AVladivostok_Gora_Krestovaya_2024-09_1725292877.tif;Artyom Svetlov;CC BY 4.0;https://creativecommons.org/licenses/by/4.0;0
images/real/real_bf93a820ae.jpg;Vladivostok_Posietskaya_street_2022-08_7a580f4b.jpg;File:Vladivostok Posietskaya street 2022-08.jpg;https://commons.wikimedia.org/wiki/File%3AVladivostok_Posietskaya_street_2022-08.jpg;Svetlov Artem;CC0;http://creativecommons.org/publicdomain/zero/1.0/deed.en;0
images/real/real_ecba8add8a.jpg;Vladivostok_Praporschika_Komarova_Street_2024-08_1725114628_42dc9e34.jpg;File:Vladivostok Praporschika Komarova Street 2024-08 1725114628.jpg;https://commons.wikimedia.org/wiki/File%3AVladivostok_Praporschika_Komarova_Street_2024-08_1725114628.jpg;Artyom Svetlov;CC BY 4.0;https://creativecommons.org/licenses/by/4.0;1
images/real/real_af2d3e5c63.jpg;Vladivostok_Praporschika_Komarova_Street_21_2024-08_1725122541_a15c7c2e.jpg;File:Vladivostok Praporschika Komarova Street 21 2024-08 1725122541.JPG;https://commons.wikimedia.org/wiki/File%3AVladivostok_Praporschika_Komarova_Street_21_2024-08_1725122541.JPG;Artyom Svetlov;CC BY 4.0;https://creativecommons.org/licenses/by/4.0;0
images/real/real_664d7d7e43.jpg;Vladivostok_Pushkinskaya_Street_37_2024-09_1725381336_0e5cff41.tif;File:Vladivostok Pushkinskaya Street 37 2024-09 1725381336.tif;https://commons.wikimedia.org/wiki/File%3AVladivostok_Pushkinskaya_Street_37_2024-09_1725381336.tif;Artyom Svetlov;CC BY 4.0;https://creativecommons.org/licenses/by/4.0;0
images/real/real_9f1557868d.jpg;Vladivostok_Pushkinskaya_Street_73_2024-09_1725380637_76c8d0fe.tif;File:Vladivostok Pushkinskaya Street 73 2024-09 1725380637.tif;https://commons.wikimedia.org/wiki/File%3AVladivostok_Pushkinskaya_Street_73_2024-09_1725380637.tif;Artyom Svetlov;CC BY 4.0;https://creativecommons.org/licenses/by/4.0;0
images/real/real_0d8703a464.jpg;Vladivostok_Snegovaya_Pad_2022-08_2_4d8905b1.jpg;File:Vladivostok Snegovaya Pad 2022-08 2.jpg;https://commons.wikimedia.org/wiki/File%3AVladivostok_Snegovaya_Pad_2022-08_2.jpg;Svetlov Artem;CC0;http://creativecommons.org/publicdomain/zero/1.0/deed.en;0
images/real/real_e396fa7699.jpg;Vladivostok_Uborevicha_street_2024-08_1725033629_81812271.jpg;File:Vladivostok Uborevicha street 2024-08 1725033629.jpg;https://commons.wikimedia.org/wiki/File%3AVladivostok_Uborevicha_street_2024-08_1725033629.jpg;Artyom Svetlov;CC BY 4.0;https://creativecommons.org/licenses/by/4.0;0
images/real/real_af6867efcc.jpg;Yuzhno-Sakhalinsk_bus_MAZ-206_2022-08_cbda75f2.tiff;File:Yuzhno-Sakhalinsk bus MAZ-206 2022-08.tiff;https://commons.wikimedia.org/wiki/File%3AYuzhno-Sakhalinsk_bus_MAZ-206_2022-08.tiff;Svetlov Artem;CC0;http://creativecommons.org/publicdomain/zero/1.0/deed.en;1
images/real/real_32ba9d639b.jpg;flickr_07e47ed8fc.jpg;Платная парковка в Москве (Paid parking in Moscow);https://www.flickr.com/photos/74862889@N06/12385478134;Petr Magera;CC BY 2.0;https://creativecommons.org/licenses/by/2.0/;0
images/real/real_52466ae784.jpg;flickr_0c8cb7434c.jpg;3-russiangirl-back;https://www.flickr.com/photos/78124518@N00/1445556768;veni markovski;CC BY 2.0;https://creativecommons.org/licenses/by/2.0/;5
images/real/real_ba4e5c614c.jpg;flickr_0cbc4b3726.jpg;City Sightseeing Bus, Moscow;https://www.flickr.com/photos/21162417@N07/14488732049;flowcomm;CC BY 2.0;https://creativecommons.org/licenses/by/2.0/;0
images/real/real_9d763c5513.jpg;flickr_18809558d7.jpg;Moscow bus Ikarus-415 16361_20120115_006;https://www.flickr.com/photos/24415554@N04/11520795464;trolleway;CC BY 2.0;https://creativecommons.org/licenses/by/2.0/;2
images/real/real_0c11a5c74a.jpg;flickr_1c0de0810c.jpg;Opel Astra GTC and Skoda Octavia RS;https://www.flickr.com/photos/74862889@N06/8237734441;Petr Magera;CC BY 2.0;https://creativecommons.org/licenses/by/2.0/;0
images/real/real_4a286aed55.jpg;flickr_56797cd713.jpg;IMG_2674;https://www.flickr.com/photos/28447277@N06/2907268186;www.pvz.lt;CC BY-SA 2.0;https://creativecommons.org/licenses/by-sa/2.0/;2
images/real/real_0c2da85b8c.jpg;flickr_6fa62f23a5.jpg;Moscow bus Ikarus-280.33M 09442 2013-08-21;https://www.flickr.com/photos/24415554@N04/9564233855;trolleway;CC BY 2.0;https://creativecommons.org/licenses/by/2.0/;0
images/real/real_3e9fc50feb.jpg;flickr_7265d9e183.jpg;IMG_0255;https://www.flickr.com/photos/28447277@N06/2907267650;www.pvz.lt;CC BY-SA 2.0;https://creativecommons.org/licenses/by-sa/2.0/;0
images/real/real_6a00e5bb58.jpg;flickr_77f632afa7.jpg;On the streets of Moscow_III;https://www.flickr.com/photos/61166315@N04/15300476582;nikolys;CC BY 2.0;https://creativecommons.org/licenses/by/2.0/;6
images/real/real_6264988c14.jpg;flickr_814f95a6d7.jpg;Skoda Octavia RS;https://www.flickr.com/photos/74862889@N06/8693067721;Petr Magera;CC BY 2.0;https://creativecommons.org/licenses/by/2.0/;0
images/real/real_48c8b8cc75.jpg;flickr_86f86296b8.jpg;M8 highway (Russia);https://www.flickr.com/photos/91808882@N00/3967208876;ohnedich;CC BY 2.0;https://creativecommons.org/licenses/by/2.0/;0
images/real/real_374788c1f1.jpg;flickr_8c7cb307fa.jpg;Volkswagen Tiguan 2.0 TSI 4Motion AT;https://www.flickr.com/photos/74862889@N06/8665921410;Petr Magera;CC BY 2.0;https://creativecommons.org/licenses/by/2.0/;0
images/real/real_f43ccccb0d.jpg;flickr_91c334ca09.jpg;Volkswagen Tiguan 2.0 TSI 4Motion AT;https://www.flickr.com/photos/74862889@N06/8664822531;Petr Magera;CC BY 2.0;https://creativecommons.org/licenses/by/2.0/;0
images/real/real_208d4408e8.jpg;flickr_91dd269028.jpg;Astra GTC J;https://www.flickr.com/photos/74862889@N06/8540647257;Petr Magera;CC BY 2.0;https://creativecommons.org/licenses/by/2.0/;0
images/real/real_b4fad36b6d.jpg;flickr_94450d89b6.jpg;Astra GTC J;https://www.flickr.com/photos/74862889@N06/8540647261;Petr Magera;CC BY 2.0;https://creativecommons.org/licenses/by/2.0/;0
images/real/real_927a888e7d.jpg;flickr_a78743f338.jpg;Astra GTC J in night;https://www.flickr.com/photos/74862889@N06/7991612509;Petr Magera;CC BY 2.0;https://creativecommons.org/licenses/by/2.0/;0
images/real/real_4f66820bc5.jpg;flickr_aa3e544909.jpg;Taxi #77;https://www.flickr.com/photos/8414198@N04/3487833159;akk_rus;CC BY 2.0;https://creativecommons.org/licenses/by/2.0/;1
images/real/real_697bd90734.jpg;flickr_bb80b5505e.jpg;Volkswagen Tiguan 2.0 TSI 4Motion AT;https://www.flickr.com/photos/74862889@N06/8664821125;Petr Magera;CC BY 2.0;https://creativecommons.org/licenses/by/2.0/;0
images/real/real_2ac3ec2828.jpg;flickr_c3ef0dda72.jpg;Volkswagen Tiguan 2.0 TSI 4Motion AT;https://www.flickr.com/photos/74862889@N06/8664821143;Petr Magera;CC BY 2.0;https://creativecommons.org/licenses/by/2.0/;0
images/real/real_9336fdf628.jpg;flickr_c5aee8a2ed.jpg;Taxi;https://www.flickr.com/photos/76264217@N00/18149915;FastPhive;CC BY 2.0;https://creativecommons.org/licenses/by/2.0/;4
images/real/real_81587999d3.jpg;flickr_cc77ebd270.jpg;Metrocab taxi Moscow 2010;https://www.flickr.com/photos/24415554@N04/11420132004;trolleway;CC BY 2.0;https://creativecommons.org/licenses/by/2.0/;1
images/real/real_bc678a2268.jpg;flickr_ce0fe9ba30.jpg;Moscow drivers do whatever they want;https://www.flickr.com/photos/21983356@N00/45516868;Paul L Dineen;CC BY 2.0;https://creativecommons.org/licenses/by/2.0/;0
images/real/real_f784104b6e.jpg;flickr_d47cfe9590.jpg;Taxi;https://www.flickr.com/photos/76264217@N00/18149929;FastPhive;CC BY 2.0;https://creativecommons.org/licenses/by/2.0/;2
images/real/real_d491c763d1.jpg;flickr_da88aeccdd.jpg;65960023;https://www.flickr.com/photos/28447277@N06/2907267288;www.pvz.lt;CC BY-SA 2.0;https://creativecommons.org/licenses/by-sa/2.0/;2
images/real/real_9b2ee21354.jpg;flickr_df363d0e75.jpg;LiAZ-677 Moscow fantrip _20140427_017;https://www.flickr.com/photos/24415554@N04/14016419966;trolleway;CC BY 2.0;https://creativecommons.org/licenses/by/2.0/;12
images/real/real_8faa9d630a.jpg;flickr_e4a32be4b0.jpg;IMG_0257;https://www.flickr.com/photos/28447277@N06/2906421381;www.pvz.lt;CC BY-SA 2.0;https://creativecommons.org/licenses/by-sa/2.0/;0
images/real/real_0048839a97.jpg;flickr_e61b33a9ce.jpg;Thunderstorm;https://www.flickr.com/photos/8414198@N04/850407429;akk_rus;CC BY 2.0;https://creativecommons.org/licenses/by/2.0/;0
images/real/real_e3d78cc32d.jpg;flickr_efcabc7d2d.jpg;Ремонт ТТК на пересечении с Андропова;https://www.flickr.com/photos/74862889@N06/8402034799;Petr Magera;CC BY 2.0;https://creativecommons.org/licenses/by/2.0/;0
images/real/real_e00e14f5a7.jpg;flickr_f9dc3e68ec.jpg;Lots of traffic;https://www.flickr.com/photos/21983356@N00/45516867;Paul L Dineen;CC BY 2.0;https://creativecommons.org/licenses/by/2.0/;0
images/real/real_411f59f035.jpg;flickr_fa1e662bdf.jpg;moscow bus ikarus-280.33M 09252 20120827_001;https://www.flickr.com/photos/24415554@N04/8817183400;trolleway;CC BY 2.0;https://creativecommons.org/licenses/by/2.0/;1
images/real/real_3d68fdb2d4.jpg;flickr_fa9887b539.jpg;Astra GTC J;https://www.flickr.com/photos/74862889@N06/7991479512;Petr Magera;CC BY 2.0;https://creativecommons.org/licenses/by/2.0/;0
images/real/real_f23c33f081.jpg;flickr_faa968acd3.jpg;Like cockroaches;https://www.flickr.com/photos/21983356@N00/45501248;Paul L Dineen;CC BY 2.0;https://creativecommons.org/licenses/by/2.0/;0
images/real/real_f75b59abf4.jpg;flickr_fd6b26e872.jpg;Pontiac Trans-Am;https://www.flickr.com/photos/62146734@N08/10900907995;kishjar?;CC BY 2.0;https://creativecommons.org/licenses/by/2.0/;1
images/real/real_0f28b83b65.jpg;flickr_ff8238a2dd.jpg;Taxi in Moscow;https://www.flickr.com/photos/31679151@N00/3040398341;Nickolas Titkov;CC BY-SA 2.0;https://creativecommons.org/licenses/by-sa/2.0/;2
images/real/real_e20d0fb57c.jpg;2014.03.27_maz-5551-023_d18cc547.jpg;File:2014.03.27 maz-5551-023.jpg;https://commons.wikimedia.org/wiki/File%3A2014.03.27_maz-5551-023.jpg;Alexey8601;CC BY-SA 4.0;https://creativecommons.org/licenses/by-sa/4.0;1
images/real/real_dc3accd3e1.jpg;2014.05.26_maz-54322_51561b0d.jpg;File:2014.05.26 maz-54322.JPG;https://commons.wikimedia.org/wiki/File%3A2014.05.26_maz-54322.JPG;Alexey8601;CC BY-SA 4.0;https://creativecommons.org/licenses/by-sa/4.0;0
images/real/real_fb1927007d.jpg;20180812_154823_August_2018_in_Belarus_cabe3249.jpg;File:20180812 154823 August 2018 in Belarus.jpg;https://commons.wikimedia.org/wiki/File%3A20180812_154823_August_2018_in_Belarus.jpg;Rakoon;CC0;http://creativecommons.org/publicdomain/zero/1.0/deed.en;0
images/real/real_544200deae.jpg;20180812_164832_August_2018_in_Hrodna_67fbf351.jpg;File:20180812 164832 August 2018 in Hrodna.jpg;https://commons.wikimedia.org/wiki/File%3A20180812_164832_August_2018_in_Hrodna.jpg;Rakoon;CC0;http://creativecommons.org/publicdomain/zero/1.0/deed.en;1
images/real/real_f29d1c17b8.jpg;2020_Belarusian_protests_Minsk_30_August_p0001_448bf760.jpg;File:2020 Belarusian protests — Minsk, 30 August p0001.jpg;https://commons.wikimedia.org/wiki/File%3A2020_Belarusian_protests_%E2%80%94_Minsk%2C_30_August_p0001.jpg;Homoatrox;CC BY-SA 3.0;https://creativecommons.org/licenses/by-sa/3.0;9
images/real/real_e2e4ff7212.jpg;2021._IMG_20210926_085636_6405502d.jpg;File:2021. Седьмая годовщина создания МЧС ДНР IMG 20210926 085636.jpg;https://commons.wikimedia.org/wiki/File%3A2021._%D0%A1%D0%B5%D0%B4%D1%8C%D0%BC%D0%B0%D1%8F_%D0%B3%D0%BE%D0%B4%D0%BE%D0%B2%D1%89%D0%B8%D0%BD%D0%B0_%D1%81%D0%BE%D0%B7%D0%B4%D0%B0%D0%BD%D0%B8%D1%8F_%D0%9C%D0%A7%D0%A1_%D0%94%D0%9D%D0%A0_IMG_20210926_085636.jpg;Andrey Butko;CC BY-SA 4.0;https://creativecommons.org/licenses/by-sa/4.0;0
images/real/real_f5e9c58e37.jpg;2022._IMG_20220113_110358_38768f2c.jpg;File:2022. Донецк IMG 20220113 110358.jpg;https://commons.wikimedia.org/wiki/File%3A2022._%D0%94%D0%BE%D0%BD%D0%B5%D1%86%D0%BA_IMG_20220113_110358.jpg;Andrey Butko;CC BY-SA 4.0;https://creativecommons.org/licenses/by-sa/4.0;0
images/real/real_414b138164.jpg;2022._IMG_20220121_123333_0f58e5df.jpg;File:2022. Донецк IMG 20220121 123333.jpg;https://commons.wikimedia.org/wiki/File%3A2022._%D0%94%D0%BE%D0%BD%D0%B5%D1%86%D0%BA_IMG_20220121_123333.jpg;Andrey Butko;CC BY-SA 4.0;https://creativecommons.org/licenses/by-sa/4.0;0
images/real/real_094b5718b1.jpg;2022._IMG_20220121_123603_cce6c09e.jpg;File:2022. Донецк IMG 20220121 123603.jpg;https://commons.wikimedia.org/wiki/File%3A2022._%D0%94%D0%BE%D0%BD%D0%B5%D1%86%D0%BA_IMG_20220121_123603.jpg;Andrey Butko;CC BY-SA 4.0;https://creativecommons.org/licenses/by-sa/4.0;0
images/real/real_1d33b9ac47.jpg;20220426_142247_April_2022_in_Bia_ystok_cc1268e9.jpg;File:20220426 142247 April 2022 in Białystok.jpg;https://commons.wikimedia.org/wiki/File%3A20220426_142247_April_2022_in_Bia%C5%82ystok.jpg;Rakoon;CC0;http://creativecommons.org/publicdomain/zero/1.0/deed.en;0
images/real/real_e569816eb2.jpg;20220709_140515_July_2022_in_Warsaw_245c22b0.jpg;File:20220709 140515 July 2022 in Warsaw.jpg;https://commons.wikimedia.org/wiki/File%3A20220709_140515_July_2022_in_Warsaw.jpg;Rakoon;CC0;http://creativecommons.org/publicdomain/zero/1.0/deed.en;4
images/real/real_dcbea938b8.jpg;20220709_140707_July_2022_in_Warsaw_0b206341.jpg;File:20220709 140707 July 2022 in Warsaw.jpg;https://commons.wikimedia.org/wiki/File%3A20220709_140707_July_2022_in_Warsaw.jpg;Rakoon;CC0;http://creativecommons.org/publicdomain/zero/1.0/deed.en;1
images/real/real_7961ad572e.jpg;2023.04.22_Lu_ajskaja_Street_24_Minsk_Belarus_Vintage_Cars_68ccdebb.jpg;File:2023.04.22 Lučajskaja Street 24 Minsk Belarus Vintage Cars.jpg;https://commons.wikimedia.org/wiki/File%3A2023.04.22_Lu%C4%8Dajskaja_Street_24_Minsk_Belarus_Vintage_Cars.jpg;Tess Mattew;CC BY-SA 4.0;https://creativecommons.org/licenses/by-sa/4.0;0
images/real/real_09754643f3.jpg;2023.04_54b9c44d.jpg;File:2023.04.22 Collection Vintage Automobiles Volga GAZ M 21 Lučajskaja Street Minsk Belarus.jpg;https://commons.wikimedia.org/wiki/File%3A2023.04.22_Collection_Vintage_Automobiles_Volga_GAZ_M_21_Lu%C4%8Dajskaja_Street_Minsk_Belarus.jpg;Tess Mattew;CC BY-SA 4.0;https://creativecommons.org/licenses/by-sa/4.0;0
images/real/real_5ed5fc49e3.jpg;2023.06.22_Black_BMW_parking_on_grass_in_Minsk_Belarus_11517892.jpg;File:2023.06.22 Black BMW parking on grass in Minsk Belarus.jpg;https://commons.wikimedia.org/wiki/File%3A2023.06.22_Black_BMW_parking_on_grass_in_Minsk_Belarus.jpg;Agbarto;CC0;http://creativecommons.org/publicdomain/zero/1.0/deed.en;0
images/real/real_8078626a25.jpg;2023.09.28_Pryvalki_Go_a_Gozha_District_Hrodna_Grodno_Region_daf7e2fb.jpg;File:2023.09.28 Pryvalki Goža Gozha District Hrodna Grodno Region.jpg;https://commons.wikimedia.org/wiki/File%3A2023.09.28_Pryvalki_Go%C5%BEa_Gozha_District_Hrodna_Grodno_Region.jpg;Tess Mattew;CC BY-SA 4.0;https://creativecommons.org/licenses/by-sa/4.0;1
images/real/real_6e5c929f45.jpg;2023.11_0dfee323.jpg;File:2023.11.03 Queue Belarus Lithuania Border Privalka Pryvalki Grodno Hrodna Region 01.jpg;https://commons.wikimedia.org/wiki/File%3A2023.11.03_Queue_Belarus_Lithuania_Border_Privalka_Pryvalki_Grodno_Hrodna_Region_01.jpg;Tess Mattew;CC BY-SA 4.0;https://creativecommons.org/licenses/by-sa/4.0;0
images/real/real_bc30c750f3.jpg;2023.11_173295f1.jpg;File:2023.11.03 Queue Belarus Lithuania Border Privalka Pryvalki Grodno Hrodna Region 03.jpg;https://commons.wikimedia.org/wiki/File%3A2023.11.03_Queue_Belarus_Lithuania_Border_Privalka_Pryvalki_Grodno_Hrodna_Region_03.jpg;Tess Mattew;CC BY-SA 4.0;https://creativecommons.org/licenses/by-sa/4.0;0
images/real/real_c7d041e42f.jpg;2023.11_d4f6e4c0.jpg;File:2023.11.03 Queue Belarus Lithuania Border Privalka Pryvalki Grodno Hrodna Region 02.jpg;https://commons.wikimedia.org/wiki/File%3A2023.11.03_Queue_Belarus_Lithuania_Border_Privalka_Pryvalki_Grodno_Hrodna_Region_02.jpg;Tess Mattew;CC BY-SA 4.0;https://creativecommons.org/licenses/by-sa/4.0;0
images/real/real_d806cfcd29.jpg;20230904_164348_September_2023_in_Bia_ystok_ce0828be.jpg;File:20230904 164348 September 2023 in Białystok.jpg;https://commons.wikimedia.org/wiki/File%3A20230904_164348_September_2023_in_Bia%C5%82ystok.jpg;Rakoon;CC0;http://creativecommons.org/publicdomain/zero/1.0/deed.en;1
images/real/real_b5ec262fa4.jpg;2024.04.16_Pink_Toyota_Sport_Car_at_Piatra_Mscisla_ca_Street_in_Minsk_Belarus_37362579.jpg;File:2024.04.16 Pink Toyota Sport Car at Piatra Mscislaŭca Street in Minsk Belarus.jpg;https://commons.wikimedia.org/wiki/File%3A2024.04.16_Pink_Toyota_Sport_Car_at_Piatra_Mscisla%C5%ADca_Street_in_Minsk_Belarus.jpg;Agbarto;CC BY-SA 4.0;https://creativecommons.org/licenses/by-sa/4.0;0
images/real/real_5a78f3e47f.jpg;2024.07_4ae372f1.jpg;File:2024.07.13 Exhibition of Vintage Police Cars in Salihorsk Kazlova Street 64 Minsk Region Belarus 04.jpg;https://commons.wikimedia.org/wiki/File%3A2024.07.13_Exhibition_of_Vintage_Police_Cars_in_Salihorsk_Kazlova_Street_64_Minsk_Region_Belarus_04.jpg;Tess Mattew;CC BY-SA 4.0;https://creativecommons.org/licenses/by-sa/4.0;0
images/real/real_53b1ae7ab9.jpg;2024.07_58096c94.jpg;File:2024.07.13 Exhibition of Vintage Police Cars in Salihorsk Kazlova Street 64 Minsk Region Belarus 09.jpg;https://commons.wikimedia.org/wiki/File%3A2024.07.13_Exhibition_of_Vintage_Police_Cars_in_Salihorsk_Kazlova_Street_64_Minsk_Region_Belarus_09.jpg;Tess Mattew;CC BY-SA 4.0;https://creativecommons.org/licenses/by-sa/4.0;0
images/real/real_7f29a3fb06.jpg;2024.07_aeab96bd.jpg;File:2024.07.13 Exhibition of Vintage Police Cars in Salihorsk Kazlova Street 64 Minsk Region Belarus 08.jpg;https://commons.wikimedia.org/wiki/File%3A2024.07.13_Exhibition_of_Vintage_Police_Cars_in_Salihorsk_Kazlova_Street_64_Minsk_Region_Belarus_08.jpg;Tess Mattew;CC BY-SA 4.0;https://creativecommons.org/licenses/by-sa/4.0;0
images/real/real_eb5d92b105.jpg;2024.07_c7a53566.jpg;File:2024.07.13 Exhibition of Vintage Police Cars in Salihorsk Kazlova Street 64 Minsk Region Belarus 03.jpg;https://commons.wikimedia.org/wiki/File%3A2024.07.13_Exhibition_of_Vintage_Police_Cars_in_Salihorsk_Kazlova_Street_64_Minsk_Region_Belarus_03.jpg;Tess Mattew;CC BY-SA 4.0;https://creativecommons.org/licenses/by-sa/4.0;0
images/real/real_ceaddf9b97.jpg;2024.07_eec61c6c.jpg;File:2024.07.13 Exhibition of Vintage Police Cars in Salihorsk Kazlova Street 64 Minsk Region Belarus 10.jpg;https://commons.wikimedia.org/wiki/File%3A2024.07.13_Exhibition_of_Vintage_Police_Cars_in_Salihorsk_Kazlova_Street_64_Minsk_Region_Belarus_10.jpg;Tess Mattew;CC BY-SA 4.0;https://creativecommons.org/licenses/by-sa/4.0;0
images/real/real_554603109e.jpg;2024.12.23_Green_Bus_License_Plates_8000_Baranovichi_Brest_Region_Belarus_291b92d8.jpg;File:2024.12.23 Green Bus License Plates 8000 Baranovichi Brest Region Belarus.jpg;https://commons.wikimedia.org/wiki/File%3A2024.12.23_Green_Bus_License_Plates_8000_Baranovichi_Brest_Region_Belarus.jpg;Boris Novogran;CC BY-SA 4.0;https://creativecommons.org/licenses/by-sa/4.0;0
images/real/real_922a17e72f.jpg;20240114_114446_January_2024_in_Bia_ystok_258aa4d9.jpg;File:20240114 114446 January 2024 in Białystok.jpg;https://commons.wikimedia.org/wiki/File%3A20240114_114446_January_2024_in_Bia%C5%82ystok.jpg;Rakoon;CC0;http://creativecommons.org/publicdomain/zero/1.0/deed.en;0
images/real/real_07d8753d3a.jpg;2025-09-21_Moscow_marathon_police_and_safety_01_9a477412.jpg;File:2025-09-21 Moscow marathon, police and safety 01.jpg;https://commons.wikimedia.org/wiki/File%3A2025-09-21_Moscow_marathon%2C_police_and_safety_01.jpg;Retired electrician;CC0;http://creativecommons.org/publicdomain/zero/1.0/deed.en;0
images/real/real_301c55a20f.jpg;2025-09-21_Moscow_marathon_police_and_safety_17_9169dbd7.jpg;File:2025-09-21 Moscow marathon, police and safety 17.jpg;https://commons.wikimedia.org/wiki/File%3A2025-09-21_Moscow_marathon%2C_police_and_safety_17.jpg;Retired electrician;CC0;http://creativecommons.org/publicdomain/zero/1.0/deed.en;0
images/real/real_20663f54ea.jpg;2025-09-21_filming_location_caravan_02_3251b248.jpg;File:2025-09-21 filming location, caravan 02.jpg;https://commons.wikimedia.org/wiki/File%3A2025-09-21_filming_location%2C_caravan_02.jpg;Retired electrician;CC0;http://creativecommons.org/publicdomain/zero/1.0/deed.en;0
images/real/real_4c3fff522d.jpg;2025-09-21_filming_location_caravan_03_4f325228.jpg;File:2025-09-21 filming location, caravan 03.jpg;https://commons.wikimedia.org/wiki/File%3A2025-09-21_filming_location%2C_caravan_03.jpg;Retired electrician;CC0;http://creativecommons.org/publicdomain/zero/1.0/deed.en;0
images/real/real_a99e2a7418.jpg;2025.05.21_Vintage_automobiles_in_Sluck_Minsk_Region_Belarus_01_045e6bff.jpg;File:2025.05.21 Vintage automobiles in Sluck, Minsk Region, Belarus 01.jpg;https://commons.wikimedia.org/wiki/File%3A2025.05.21_Vintage_automobiles_in_Sluck%2C_Minsk_Region%2C_Belarus_01.jpg;Tess Mattew;CC BY-SA 4.0;https://creativecommons.org/licenses/by-sa/4.0;0
images/real/real_ee5bd02014.jpg;2025.05.21_Vintage_automobiles_in_Sluck_Minsk_Region_Belarus_02_e55bdafd.jpg;File:2025.05.21 Vintage automobiles in Sluck, Minsk Region, Belarus 02.jpg;https://commons.wikimedia.org/wiki/File%3A2025.05.21_Vintage_automobiles_in_Sluck%2C_Minsk_Region%2C_Belarus_02.jpg;Tess Mattew;CC BY-SA 4.0;https://creativecommons.org/licenses/by-sa/4.0;0
images/real/real_2d8156a6ba.jpg;2025.05.21_Vintage_automobiles_in_Sluck_Minsk_Region_Belarus_03_f0302d11.jpg;File:2025.05.21 Vintage automobiles in Sluck, Minsk Region, Belarus 03.jpg;https://commons.wikimedia.org/wiki/File%3A2025.05.21_Vintage_automobiles_in_Sluck%2C_Minsk_Region%2C_Belarus_03.jpg;Tess Mattew;CC BY-SA 4.0;https://creativecommons.org/licenses/by-sa/4.0;0
images/real/real_088419bd9a.jpg;2025.05.21_Vintage_automobiles_in_Sluck_Minsk_Region_Belarus_04_3fd5f079.jpg;File:2025.05.21 Vintage automobiles in Sluck, Minsk Region, Belarus 04.jpg;https://commons.wikimedia.org/wiki/File%3A2025.05.21_Vintage_automobiles_in_Sluck%2C_Minsk_Region%2C_Belarus_04.jpg;Tess Mattew;CC BY-SA 4.0;https://creativecommons.org/licenses/by-sa/4.0;1
images/real/real_eedbe11452.jpg;2025.05.21_Vintage_automobiles_in_Sluck_Minsk_Region_Belarus_05_f03d66a1.jpg;File:2025.05.21 Vintage automobiles in Sluck, Minsk Region, Belarus 05.jpg;https://commons.wikimedia.org/wiki/File%3A2025.05.21_Vintage_automobiles_in_Sluck%2C_Minsk_Region%2C_Belarus_05.jpg;Tess Mattew;CC BY-SA 4.0;https://creativecommons.org/licenses/by-sa/4.0;0
images/real/real_d074a471b4.jpg;2025.11.02_Geely_Coolray_in_Mahilio_Mogilev_Region_Belarus_b635482f.jpg;File:2025.11.02 Geely Coolray in Mahilioŭ Mogilev Region Belarus.jpg;https://commons.wikimedia.org/wiki/File%3A2025.11.02_Geely_Coolray_in_Mahilio%C5%AD_Mogilev_Region_Belarus.jpg;Agbarto;CC BY-SA 4.0;https://creativecommons.org/licenses/by-sa/4.0;1
images/real/real_2c166aacb2.jpg;2025.11.27_Gasoline_Station_OrshaGAZ_Viciebsk_Region_Belarus_03_dfff549f.jpg;File:2025.11.27 Gasoline Station OrshaGAZ Viciebsk Region Belarus 03.jpg;https://commons.wikimedia.org/wiki/File%3A2025.11.27_Gasoline_Station_OrshaGAZ_Viciebsk_Region_Belarus_03.jpg;Tess Mattew;CC BY-SA 4.0;https://creativecommons.org/licenses/by-sa/4.0;0
images/real/real_28b1d026a2.jpg;2026-05-16_Moscow_motorcycle_parade_escort_02_c49004b2.jpg;File:2026-05-16 Moscow motorcycle parade, escort 02.jpg;https://commons.wikimedia.org/wiki/File%3A2026-05-16_Moscow_motorcycle_parade%2C_escort_02.jpg;Retired electrician;CC0;http://creativecommons.org/publicdomain/zero/1.0/deed.en;0
images/real/real_0d2bb650ec.jpg;2026-05-16_Moscow_motorcycle_parade_escort_09_475e9236.jpg;File:2026-05-16 Moscow motorcycle parade, escort 09.jpg;https://commons.wikimedia.org/wiki/File%3A2026-05-16_Moscow_motorcycle_parade%2C_escort_09.jpg;Retired electrician;CC0;http://creativecommons.org/publicdomain/zero/1.0/deed.en;1
images/real/real_9f85f98f3d.jpg;2026-05-16_Moscow_motorcycle_parade_group_03_d459093f.jpg;File:2026-05-16 Moscow motorcycle parade, group 03.jpg;https://commons.wikimedia.org/wiki/File%3A2026-05-16_Moscow_motorcycle_parade%2C_group_03.jpg;Retired electrician;CC0;http://creativecommons.org/publicdomain/zero/1.0/deed.en;13
images/real/real_c225e22e6e.jpg;2026-05-16_Moscow_motorcycle_parade_group_43_4c3c3de0.jpg;File:2026-05-16 Moscow motorcycle parade, group 43.jpg;https://commons.wikimedia.org/wiki/File%3A2026-05-16_Moscow_motorcycle_parade%2C_group_43.jpg;Retired electrician;CC0;http://creativecommons.org/publicdomain/zero/1.0/deed.en;8
images/real/real_2d0ccc5b6d.jpg;2026-05-16_Moscow_motorcycle_parade_group_49_a402c790.jpg;File:2026-05-16 Moscow motorcycle parade, group 49.jpg;https://commons.wikimedia.org/wiki/File%3A2026-05-16_Moscow_motorcycle_parade%2C_group_49.jpg;Retired electrician;CC0;http://creativecommons.org/publicdomain/zero/1.0/deed.en;3
images/real/real_eb0f13a75f.jpg;2026-05-16_Moscow_motorcycle_parade_roadblocks_GW_01_bc74af01.jpg;File:2026-05-16 Moscow motorcycle parade, roadblocks GW 01.jpg;https://commons.wikimedia.org/wiki/File%3A2026-05-16_Moscow_motorcycle_parade%2C_roadblocks_GW_01.jpg;Retired electrician;CC0;http://creativecommons.org/publicdomain/zero/1.0/deed.en;0
images/real/real_885c641359.jpg;2026-05-16_Moscow_motorcycle_parade_roadblocks_Hyundai_01_3caed94f.jpg;File:2026-05-16 Moscow motorcycle parade, roadblocks Hyundai 01.jpg;https://commons.wikimedia.org/wiki/File%3A2026-05-16_Moscow_motorcycle_parade%2C_roadblocks_Hyundai_01.jpg;Retired electrician;CC0;http://creativecommons.org/publicdomain/zero/1.0/deed.en;0
images/real/real_0267d66c09.jpg;2026-05-16_Moscow_motorcycle_parade_roadblocks_Moskvich_3_01_e5ff34f4.jpg;File:2026-05-16 Moscow motorcycle parade, roadblocks Moskvich 3 01.jpg;https://commons.wikimedia.org/wiki/File%3A2026-05-16_Moscow_motorcycle_parade%2C_roadblocks_Moskvich_3_01.jpg;Retired electrician;CC0;http://creativecommons.org/publicdomain/zero/1.0/deed.en;0
images/real/real_8700605f9d.jpg;2026-05-16_Moscow_motorcycle_parade_roadblocks_Moskvich_8_02_078e0b26.jpg;File:2026-05-16 Moscow motorcycle parade, roadblocks Moskvich 8 02.jpg;https://commons.wikimedia.org/wiki/File%3A2026-05-16_Moscow_motorcycle_parade%2C_roadblocks_Moskvich_8_02.jpg;Retired electrician;CC0;http://creativecommons.org/publicdomain/zero/1.0/deed.en;1
images/real/real_0294753a32.jpg;2026-05-16_Moscow_motorcycle_parade_roadblocks_Moskvich_8_03_bf2b975b.jpg;File:2026-05-16 Moscow motorcycle parade, roadblocks Moskvich 8 03.jpg;https://commons.wikimedia.org/wiki/File%3A2026-05-16_Moscow_motorcycle_parade%2C_roadblocks_Moskvich_8_03.jpg;Retired electrician;CC0;http://creativecommons.org/publicdomain/zero/1.0/deed.en;1
images/real/real_ee2ed306ec.jpg;2026-05-16_Moscow_motorcycle_parade_roadblocks_Moskvich_8_04_94f158e1.jpg;File:2026-05-16 Moscow motorcycle parade, roadblocks Moskvich 8 04.jpg;https://commons.wikimedia.org/wiki/File%3A2026-05-16_Moscow_motorcycle_parade%2C_roadblocks_Moskvich_8_04.jpg;Retired electrician;CC0;http://creativecommons.org/publicdomain/zero/1.0/deed.en;2
images/real/real_a8d8056d1b.jpg;2026-05-16_Moscow_motorcycle_parade_roadblocks_Moskvich_8_06_560bee0a.jpg;File:2026-05-16 Moscow motorcycle parade, roadblocks Moskvich 8 06.jpg;https://commons.wikimedia.org/wiki/File%3A2026-05-16_Moscow_motorcycle_parade%2C_roadblocks_Moskvich_8_06.jpg;Retired electrician;CC0;http://creativecommons.org/publicdomain/zero/1.0/deed.en;1
images/real/real_dc861bfde1.jpg;2026-05-16_Moscow_motorcycle_parade_roadblocks_VW_01_972066ac.jpg;File:2026-05-16 Moscow motorcycle parade, roadblocks VW 01.jpg;https://commons.wikimedia.org/wiki/File%3A2026-05-16_Moscow_motorcycle_parade%2C_roadblocks_VW_01.jpg;Retired electrician;CC0;http://creativecommons.org/publicdomain/zero/1.0/deed.en;0
images/real/real_5fdb4751c4.jpg;2026-06-27_Moscow_electric_vehicle_parade_display_02_police_Kamaz-52222_fc26af9b.jpg;File:2026-06-27 Moscow electric vehicle parade, display 02 police, Kamaz-52222.jpg;https://commons.wikimedia.org/wiki/File%3A2026-06-27_Moscow_electric_vehicle_parade%2C_display_02_police%2C_Kamaz-52222.jpg;Retired electrician;CC0;http://creativecommons.org/publicdomain/zero/1.0/deed.en;0
images/real/real_d2d5235859.jpg;2026-06-27_Moscow_electric_vehicle_parade_display_04_police_Kamaz-52222_e190b3e9.jpg;File:2026-06-27 Moscow electric vehicle parade, display 04 police, Kamaz-52222.jpg;https://commons.wikimedia.org/wiki/File%3A2026-06-27_Moscow_electric_vehicle_parade%2C_display_04_police%2C_Kamaz-52222.jpg;Retired electrician;CC0;http://creativecommons.org/publicdomain/zero/1.0/deed.en;0
images/real/real_15a67bdc98.jpg;2026.01_8e381ecf.jpg;File:2026.01.13 After Snowfall near Groshik Shop Chmarynskaja Street in Tsna Minsk Belarus.jpg;https://commons.wikimedia.org/wiki/File%3A2026.01.13_After_Snowfall_near_Groshik_Shop_Chmarynskaja_Street_in_Tsna_Minsk_Belarus.jpg;Rabbi Mendl;CC BY-SA 4.0;https://creativecommons.org/licenses/by-sa/4.0;0
images/real/real_c80829b2dc.jpg;2026.02.28_Automobile_accident_on_the_Road_M6_Grodno_Minsk_near_Iuje_01_a8811376.jpg;File:2026.02.28 Automobile accident on the Road M6 Grodno – Minsk near Iuje 01.jpg;https://commons.wikimedia.org/wiki/File%3A2026.02.28_Automobile_accident_on_the_Road_M6_Grodno_%E2%80%93_Minsk_near_Iuje_01.jpg;Agbarto;CC BY-SA 4.0;https://creativecommons.org/licenses/by-sa/4.0;0
images/real/real_51fda375b8.jpg;2026.02.28_Automobile_accident_on_the_Road_M6_Grodno_Minsk_near_Iuje_08_0f0a0675.jpg;File:2026.02.28 Automobile accident on the Road M6 Grodno – Minsk near Iuje 08.jpg;https://commons.wikimedia.org/wiki/File%3A2026.02.28_Automobile_accident_on_the_Road_M6_Grodno_%E2%80%93_Minsk_near_Iuje_08.jpg;Agbarto;CC BY-SA 4.0;https://creativecommons.org/licenses/by-sa/4.0;1
images/real/real_a5ea632b48.jpg;2026.03.16_IZH_2125_Kombi_2125_1756_be2577bf.jpg;File:2026.03.16 IZH 2125 Kombi ИЖ 2125 Комби Автостоянка Корона Уручье Материк 1756.jpg;https://commons.wikimedia.org/wiki/File%3A2026.03.16_IZH_2125_Kombi_%D0%98%D0%96_2125_%D0%9A%D0%BE%D0%BC%D0%B1%D0%B8_%D0%90%D0%B2%D1%82%D0%BE%D1%81%D1%82%D0%BE%D1%8F%D0%BD%D0%BA%D0%B0_%D0%9A%D0%BE%D1%80%D0%BE%D0%BD%D0%B0_%D0%A3%D1%80%D1%83%D1%87%D1%8C%D0%B5_%D0%9C%D0%B0%D1%82%D0%B5%D1%80%D0%B8%D0%BA_1756.jpg;Agbarto;CC BY-SA 4.0;https://creativecommons.org/licenses/by-sa/4.0;0
images/real/real_c25873c9f8.jpg;2026.03.16_Moskvich_412_in_Minsk_Belarus_412__0270020d.jpg;File:2026.03.16 Moskvich 412 in Minsk Belarus Москвич 412 Автостоянка Корона Уручье Материк.jpg;https://commons.wikimedia.org/wiki/File%3A2026.03.16_Moskvich_412_in_Minsk_Belarus_%D0%9C%D0%BE%D1%81%D0%BA%D0%B2%D0%B8%D1%87_412_%D0%90%D0%B2%D1%82%D0%BE%D1%81%D1%82%D0%BE%D1%8F%D0%BD%D0%BA%D0%B0_%D0%9A%D0%BE%D1%80%D0%BE%D0%BD%D0%B0_%D0%A3%D1%80%D1%83%D1%87%D1%8C%D0%B5_%D0%9C%D0%B0%D1%82%D0%B5%D1%80%D0%B8%D0%BA.jpg;Agbarto;CC BY-SA 4.0;https://creativecommons.org/licenses/by-sa/4.0;0
images/real/real_2af6615cb3.jpg;2026.07.05_Lilac_Dongfeng_Automobile_in_Minsk_Belarus_02_f715bd8d.jpg;File:2026.07.05 Lilac Dongfeng Automobile in Minsk Belarus 02.jpg;https://commons.wikimedia.org/wiki/File%3A2026.07.05_Lilac_Dongfeng_Automobile_in_Minsk_Belarus_02.jpg;Agbarto;CC0;http://creativecommons.org/publicdomain/zero/1.0/deed.en;0
images/real/real_cf084a24d6.jpg;203_68_a6712cc5.jpg;File:203 дта по 68.jpg;https://commons.wikimedia.org/wiki/File%3A203_%D0%B4%D1%82%D0%B0_%D0%BF%D0%BE_68.jpg;Горный человек;CC BY-SA 4.0;https://creativecommons.org/licenses/by-sa/4.0;2
images/real/real_e7ecacafef.jpg;9K51_Grad_launcher_on_KrAZ_chassis_26d90668.jpg;"File:9K51 ""Grad"" launcher on KrAZ chassis.jpg";https://commons.wikimedia.org/wiki/File%3A9K51_%22Grad%22_launcher_on_KrAZ_chassis.jpg;Michael;CC BY 3.0;https://creativecommons.org/licenses/by/3.0;7
images/real/real_d533e643fd.jpg;A_Car_of_Russian_Police_is_in_a_rainy_day_05160970.jpg;File:A Car of Russian Police is in a rainy day.jpg;https://commons.wikimedia.org/wiki/File%3AA_Car_of_Russian_Police_is_in_a_rainy_day.jpg;Pavel Medzyun;CC BY 2.0;https://creativecommons.org/licenses/by/2.0;1
images/real/real_369251aa2b.jpg;Abarth_500_Sport_163454223__b85585c9.jpeg;File:Abarth 500 Sport (163454223).jpeg;https://commons.wikimedia.org/wiki/File%3AAbarth_500_Sport_%28163454223%29.jpeg;Oleg Dubyna;CC BY 3.0;https://creativecommons.org/licenses/by/3.0;3
images/real/real_0025e6ec88.jpg;Alley_Almaly_Almaty_P1180141__59f90480.jpg;File:Alley, Almaly, Almaty (P1180141).jpg;https://commons.wikimedia.org/wiki/File%3AAlley%2C_Almaly%2C_Almaty_%28P1180141%29.jpg;Matti Blume;CC BY-SA 4.0;https://creativecommons.org/licenses/by-sa/4.0/deed.en;0
images/real/real_436349c986.jpg;An_ambulance_in_Kiev_ca5d64e5.jpg;File:An ambulance in Kiev.jpg;https://commons.wikimedia.org/wiki/File%3AAn_ambulance_in_Kiev.jpg;https://www.flickr.com/photos/zongo/5869080549/ David Holt;CC BY-SA 2.0;https://creativecommons.org/licenses/by-sa/2.0;3
images/real/real_880fe3d12b.jpg;Apartment_building_01_Almaty_2001__2eb87828.jpg;File:Apartment building 01 (Almaty, 2001).jpg;https://commons.wikimedia.org/wiki/File%3AApartment_building_01_%28Almaty%2C_2001%29.jpg;Torekhan Sarmanov;CC BY 2.0;https://creativecommons.org/licenses/by/2.0;0
images/real/real_d0e7a58e6c.jpg;Assistant_Secretary_of_State_Victoria_Nuland_at_a_Ukrainian_State_Border_Guard_S_8263fda1.jpg;File:Assistant Secretary of State Victoria Nuland at a Ukrainian State Border Guard Service (SBGS) Base in Kyiv, Oct. 8, 2014 13.jpg;https://commons.wikimedia.org/wiki/File%3AAssistant_Secretary_of_State_Victoria_Nuland_at_a_Ukrainian_State_Border_Guard_Service_%28SBGS%29_Base_in_Kyiv%2C_Oct._8%2C_2014_13.jpg;U.S. Embassy Kyiv Ukraine;Public domain;;0
images/real/real_ef68b16e4b.jpg;BMW_X5_Xdrive30d_Dakar_2013_10637349935__d07f238f.jpg;File:BMW X5 Xdrive30d Dakar 2013 (10637349935).jpg;https://commons.wikimedia.org/wiki/File%3ABMW_X5_Xdrive30d_Dakar_2013_%2810637349935%29.jpg;order_242 from Chile;CC BY-SA 2.0;https://creativecommons.org/licenses/by-sa/2.0;1
images/real/real_d6fee8e61a.jpg;Belarus-Minsk-2007-03-25-Militia-4_a7a4583f.jpg;File:Belarus-Minsk-2007-03-25-Militia-4.jpg;https://commons.wikimedia.org/wiki/File%3ABelarus-Minsk-2007-03-25-Militia-4.jpg;Hanna Zelenko;CC BY-SA 4.0;https://creativecommons.org/licenses/by-sa/4.0;18
images/real/real_f227b212d9.jpg;Belarus-Minsk-Central_General_Store_19a0c293.jpg;File:Belarus-Minsk-Central General Store.jpg;https://commons.wikimedia.org/wiki/File%3ABelarus-Minsk-Central_General_Store.jpg;Hanna Zelenko;CC BY-SA 3.0;https://creativecommons.org/licenses/by-sa/3.0;0
images/real/real_fadccbc0b7.jpg;Belarus-Minsk-Revolutionary_street_10_b317cbc4.jpg;File:Belarus-Minsk-Revolutionary street 10.jpg;https://commons.wikimedia.org/wiki/File%3ABelarus-Minsk-Revolutionary_street_10.jpg;Hanna Zelenko;CC BY-SA 4.0;https://creativecommons.org/licenses/by-sa/4.0;0
images/real/real_9f85df8d18.jpg;Belarusian_police_Geely_Emgrand_P718_Minsk__6026c4e4.jpg;File:Belarusian police Geely Emgrand (P718, Minsk).jpg;https://commons.wikimedia.org/wiki/File%3ABelarusian_police_Geely_Emgrand_%28P718%2C_Minsk%29.jpg;Homoatrox;CC BY-SA 3.0;https://creativecommons.org/licenses/by-sa/3.0;0
images/real/real_68dee21d76.jpg;Bus_MAZ-203-085_in_SPB_img1__de5fd2ea.jpg;File:Bus MAZ-203-085 in SPB (img1).jpg;https://commons.wikimedia.org/wiki/File%3ABus_MAZ-203-085_in_SPB_%28img1%29.jpg;Florstein (Telegram:WikiPhoto.Space);CC BY-SA 4.0;https://creativecommons.org/licenses/by-sa/4.0;0
images/real/real_8bfa1955df.jpg;Bus_MAZ-203-085_on_Nevsky_Avenue_d1d76b33.jpg;File:Bus MAZ-203-085 on Nevsky Avenue.jpg;https://commons.wikimedia.org/wiki/File%3ABus_MAZ-203-085_on_Nevsky_Avenue.jpg;Florstein (Telegram:WikiPhoto.Space);CC BY-SA 4.0;https://creativecommons.org/licenses/by-sa/4.0;1
images/real/real_f8ccc84958.jpg;Cars_in_Snow_5604546449__06ab6ef8.jpg;File:Cars in Snow (5604546449).jpg;https://commons.wikimedia.org/wiki/File%3ACars_in_Snow_%285604546449%29.jpg;upyernoz from Haverford, USA;CC BY 2.0;https://creativecommons.org/licenses/by/2.0;0
images/real/real_6ef01f84ee.jpg;Chery_Amulet_WAW_UA_II__e22b50e6.jpg;File:Chery Amulet, WAW, UA (II).jpg;https://commons.wikimedia.org/wiki/File%3AChery_Amulet%2C_WAW%2C_UA_%28II%29.jpg;Raf24~commonswiki;CC BY-SA 4.0;https://creativecommons.org/licenses/by-sa/4.0;0
images/real/real_9a8f1f47c2.jpg;Chery_Amulet_WAW_UA_I__ad80dec8.jpg;File:Chery Amulet, WAW, UA (I).jpg;https://commons.wikimedia.org/wiki/File%3AChery_Amulet%2C_WAW%2C_UA_%28I%29.jpg;Raf24~commonswiki;CC BY-SA 4.0;https://creativecommons.org/licenses/by-sa/4.0;1
images/real/real_8531db0312.jpg;Chery_Eastar_WAW_UA_1__412939a7.jpg;File:Chery Eastar, WAW, UA (1).jpg;https://commons.wikimedia.org/wiki/File%3AChery_Eastar%2C_WAW%2C_UA_%281%29.jpg;Raf24~commonswiki;CC BY-SA 4.0;https://creativecommons.org/licenses/by-sa/4.0;0
images/real/real_951aa38e0d.jpg;Chery_Kimo_WAW_UA_1__f4179a9a.jpg;File:Chery Kimo, WAW, UA(1).jpg;https://commons.wikimedia.org/wiki/File%3AChery_Kimo%2C_WAW%2C_UA%281%29.jpg;Raf24~commonswiki;CC BY-SA 4.0;https://creativecommons.org/licenses/by-sa/4.0;0
images/real/real_49652463be.jpg;Chery_car_in_Minsk_Belarus_-_1_18d8b371.jpg;File:Chery car in Minsk, Belarus - 1.jpg;https://commons.wikimedia.org/wiki/File%3AChery_car_in_Minsk%2C_Belarus_-_1.jpg;Homoatrox;CC BY-SA 3.0;https://creativecommons.org/licenses/by-sa/3.0;0
images/real/real_352409355b.jpg;Chery_car_in_Minsk_Belarus_-_2_f56baa2c.jpg;File:Chery car in Minsk, Belarus - 2.jpg;https://commons.wikimedia.org/wiki/File%3AChery_car_in_Minsk%2C_Belarus_-_2.jpg;Homoatrox;CC BY-SA 3.0;https://creativecommons.org/licenses/by-sa/3.0;0
images/real/real_c53a9c8fde.jpg;Citroen_Nemo_-_AE_2536_VR_back_9898b311.jpg;File:Citroen Nemo - AE 2536 VR, back.jpg;https://commons.wikimedia.org/wiki/File%3ACitroen_Nemo_-_AE_2536_VR%2C_back.jpg;VKras;CC BY-SA 4.0;https://creativecommons.org/licenses/by-sa/4.0;0
images/real/real_b074cb20b5.jpg;City_Mall_-_panoramio_cea903b9.jpg;File:City Mall - panoramio.jpg;https://commons.wikimedia.org/wiki/File%3ACity_Mall_-_panoramio.jpg;Dmitry Rozhkov;CC BY-SA 3.0;https://creativecommons.org/licenses/by-sa/3.0;0
images/real/real_66620cea42.jpg;Communists_Mariupol_7d40d7a3.jpg;File:Communists Mariupol.JPG;https://commons.wikimedia.org/wiki/File%3ACommunists_Mariupol.JPG;MOs810;CC BY-SA 3.0;https://creativecommons.org/licenses/by-sa/3.0;0
images/real/real_a916cf7bbd.jpg;DAF_XF_in_Loskutovo_3e12a708.jpg;File:DAF XF in Loskutovo.jpg;https://commons.wikimedia.org/wiki/File%3ADAF_XF_in_Loskutovo.jpg;Figure19;CC BY-SA 4.0;https://creativecommons.org/licenses/by-sa/4.0;0
images/real/real_52ef05fe77.jpg;Daihatsu_Wake_Washinomiya_Saitama_Japan_rear__1089a93a.jpg;File:Daihatsu Wake, Washinomiya, Saitama, Japan (rear).jpg;https://commons.wikimedia.org/wiki/File%3ADaihatsu_Wake%2C_Washinomiya%2C_Saitama%2C_Japan_%28rear%29.jpg;Vasconium;CC BY-SA 2.0;https://creativecommons.org/licenses/by-sa/2.0;0
images/real/real_7fe29ba633.jpg;Dan_Kopnene_Vojske_2021_u_apcu_-_TTZ_43_-_MAZ-537G_ccf40e6f.jpg;File:Dan Kopnene Vojske 2021 u Šapcu - TTZ 43 - MAZ-537G.jpg;https://commons.wikimedia.org/wiki/File%3ADan_Kopnene_Vojske_2021_u_%C5%A0apcu_-_TTZ_43_-_MAZ-537G.jpg;Srđan Popović;CC BY-SA 4.0;https://creativecommons.org/licenses/by-sa/4.0;0
images/real/real_5b2707a1a0.jpg;Dan_Kopnene_Vojske_2021_u_apcu_-_TTZ_48_-_MAZ-537G_b7607e52.jpg;File:Dan Kopnene Vojske 2021 u Šapcu - TTZ 48 - MAZ-537G.jpg;https://commons.wikimedia.org/wiki/File%3ADan_Kopnene_Vojske_2021_u_%C5%A0apcu_-_TTZ_48_-_MAZ-537G.jpg;Srđan Popović;CC BY-SA 4.0;https://creativecommons.org/licenses/by-sa/4.0;0
images/real/real_62e1828e9e.jpg;Dan_Kopnene_Vojske_2021_u_apcu_-_TTZ_51_-_MAZ-537G_i_M-84_fea2bf75.jpg;File:Dan Kopnene Vojske 2021 u Šapcu - TTZ 51 - MAZ-537G i M-84.jpg;https://commons.wikimedia.org/wiki/File%3ADan_Kopnene_Vojske_2021_u_%C5%A0apcu_-_TTZ_51_-_MAZ-537G_i_M-84.jpg;Srđan Popović;CC BY-SA 4.0;https://creativecommons.org/licenses/by-sa/4.0;0
images/real/real_83be15e8c1.jpg;Dan_Kopnene_Vojske_2021_u_apcu_-_TTZ_54_-_MAZ-537G_27661c4c.jpg;File:Dan Kopnene Vojske 2021 u Šapcu - TTZ 54 - MAZ-537G.jpg;https://commons.wikimedia.org/wiki/File%3ADan_Kopnene_Vojske_2021_u_%C5%A0apcu_-_TTZ_54_-_MAZ-537G.jpg;Srđan Popović;CC BY-SA 4.0;https://creativecommons.org/licenses/by-sa/4.0;0
images/real/real_b68bf791b5.jpg;Delta_ex_50_qt-b_mena_ukraine_13.08.19_a5ca3f93.jpg;"File:Delta ex 50 qt-b; mena, ukraine; 13.08.19.jpg";https://commons.wikimedia.org/wiki/File%3ADelta_ex_50_qt-b%3B_mena%2C_ukraine%3B_13.08.19.jpg;VKras;CC BY-SA 4.0;https://creativecommons.org/licenses/by-sa/4.0;0
images/real/real_6923ebcc59.jpg;Diplomatic_license_plate_cb9a1b4c.jpg;File:Diplomatic license plate.JPG;https://commons.wikimedia.org/wiki/File%3ADiplomatic_license_plate.JPG;Milhouse35;CC BY-SA 3.0;https://creativecommons.org/licenses/by-sa/3.0;0
images/real/real_e4041ee6b8.jpg;E8398-Korday-entering-KZ_06ba7318.jpg;File:E8398-Korday-entering-KZ.jpg;https://commons.wikimedia.org/wiki/File%3AE8398-Korday-entering-KZ.jpg;Vmenkov;CC BY-SA 3.0;https://creativecommons.org/licenses/by-sa/3.0;2
images/real/real_6024398f33.jpg;Estonian_police_car_September_2003_befef8f2.jpg;File:Estonian police car, September 2003.jpg;https://commons.wikimedia.org/wiki/File%3AEstonian_police_car%2C_September_2003.jpg;Dickelbers;CC BY-SA 3.0;https://creativecommons.org/licenses/by-sa/3.0;0
images/real/real_8416c8652e.jpg;Evrika_Book_Store_Almaty_2001__5cbb9881.jpg;File:Evrika Book Store (Almaty, 2001).jpg;https://commons.wikimedia.org/wiki/File%3AEvrika_Book_Store_%28Almaty%2C_2001%29.jpg;Torekhan Sarmanov;CC BY 2.0;https://creativecommons.org/licenses/by/2.0;0
images/real/real_87192e6b13.jpg;First-cycling-road-on-carriageway-in-minsk_24a4bfdb.jpg;File:First-cycling-road-on-carriageway-in-minsk.jpg;https://commons.wikimedia.org/wiki/File%3AFirst-cycling-road-on-carriageway-in-minsk.jpg;Alexei Basalai;CC BY-SA 4.0;https://creativecommons.org/licenses/by-sa/4.0;2
images/real/real_4df90dcbe8.jpg;Flatbed_tow_truck_Moscow_8fe82fc9.jpg;File:Flatbed tow truck Moscow.JPG;https://commons.wikimedia.org/wiki/File%3AFlatbed_tow_truck_Moscow.JPG;Л.П. Джепко;CC BY-SA 3.0;https://creativecommons.org/licenses/by-sa/3.0;1
images/real/real_dc2f8a7649.jpg;Ford_Transit__2e388403.jpg;File:Ford Transit Служби надзвичайних ситуацій на виставці у Мелітополі.jpg;https://commons.wikimedia.org/wiki/File%3AFord_Transit_%D0%A1%D0%BB%D1%83%D0%B6%D0%B1%D0%B8_%D0%BD%D0%B0%D0%B4%D0%B7%D0%B2%D0%B8%D1%87%D0%B0%D0%B9%D0%BD%D0%B8%D1%85_%D1%81%D0%B8%D1%82%D1%83%D0%B0%D1%86%D1%96%D0%B9_%D0%BD%D0%B0_%D0%B2%D0%B8%D1%81%D1%82%D0%B0%D0%B2%D1%86%D1%96_%D1%83_%D0%9C%D0%B5%D0%BB%D1%96%D1%82%D0%BE%D0%BF%D0%BE%D0%BB%D1%96.jpg;Стоялов Максим;CC BY-SA 4.0;https://creativecommons.org/licenses/by-sa/4.0;0
images/real/real_8c3f6e6b57.jpg;GAZ-21_3rd_series_Volga_in_Minsk_5851a013.jpg;"File:GAZ-21 (3rd series) ""Volga"" in Minsk.jpg";https://commons.wikimedia.org/wiki/File%3AGAZ-21_%283rd_series%29_%22Volga%22_in_Minsk.jpg;Ritzo ten Cate;CC BY-SA 2.0;https://creativecommons.org/licenses/by-sa/2.0;0
images/real/real_c245a97e24.jpg;GAZ-24_Volga_parked_in_the_Street_at_Azizava_4_in_Minsk_19_April_2016_d83c1a94.jpg;File:GAZ-24 Volga parked in the Street at Azizava 4 in Minsk 19 April 2016.jpg;https://commons.wikimedia.org/wiki/File%3AGAZ-24_Volga_parked_in_the_Street_at_Azizava_4_in_Minsk_19_April_2016.jpg;Pjotr Mahhonin;CC BY-SA 4.0;https://creativecommons.org/licenses/by-sa/4.0;0
images/real/real_b2837a75cf.jpg;GAZ-24_Volga_police_edition_monument_b2127fbb.jpg;"File:GAZ-24 ""Volga"" police edition monument.jpg";https://commons.wikimedia.org/wiki/File%3AGAZ-24_%22Volga%22_police_edition_monument.jpg;Андрей Романенко;CC BY-SA 3.0;https://creativecommons.org/licenses/by-sa/3.0;0
images/real/real_6290db97eb.jpg;GAZ-31_Volga_in_Minsk_f49442f8.jpg;"File:GAZ-31 ""Volga"" in Minsk.jpg";https://commons.wikimedia.org/wiki/File%3AGAZ-31_%22Volga%22_in_Minsk.jpg;Ritzo ten Cate;CC BY-SA 2.0;https://creativecommons.org/licenses/by-sa/2.0;0
images/real/real_33504fc3eb.jpg;GAZ-51_truck_in_Ukraine_-51__f51d30c5.jpg;File:GAZ-51 truck in Ukraine Грузовик ГАЗ-51 в Украине.jpg;https://commons.wikimedia.org/wiki/File%3AGAZ-51_truck_in_Ukraine_%D0%93%D1%80%D1%83%D0%B7%D0%BE%D0%B2%D0%B8%D0%BA_%D0%93%D0%90%D0%97-51_%D0%B2_%D0%A3%D0%BA%D1%80%D0%B0%D0%B8%D0%BD%D0%B5.jpg;Novoklimov;CC0;http://creativecommons.org/publicdomain/zero/1.0/deed.en;0
images/real/real_3717ce7ede.jpg;GAZ_-_Vitebsk_a79849b0.jpg;File:GAZ - Vitebsk.jpg;https://commons.wikimedia.org/wiki/File%3AGAZ_-_Vitebsk.jpg;tjabeljan;CC BY 2.0;https://creativecommons.org/licenses/by/2.0;0
images/real/real_6c2267cbc7.jpg;Gdansk_ZAZ_Slavuta_1_e838e77c.jpg;File:Gdansk ZAZ Slavuta 1.jpg;https://commons.wikimedia.org/wiki/File%3AGdansk_ZAZ_Slavuta_1.jpg;Andrzej Otrębski;CC BY-SA 4.0;https://creativecommons.org/licenses/by-sa/4.0;0
images/real/real_009e4941e2.jpg;Geely_Atlas_Astana_P1190678__b1fad390.jpg;File:Geely Atlas, Astana (P1190678).jpg;https://commons.wikimedia.org/wiki/File%3AGeely_Atlas%2C_Astana_%28P1190678%29.jpg;Matti Blume;CC BY-SA 4.0;https://creativecommons.org/licenses/by-sa/4.0/deed.en;0
images/real/real_94eacb6e66.jpg;Geely_Emgrand_Astana_P1190778__2bf565b0.jpg;File:Geely Emgrand, Astana (P1190778).jpg;https://commons.wikimedia.org/wiki/File%3AGeely_Emgrand%2C_Astana_%28P1190778%29.jpg;Matti Blume;CC BY-SA 4.0;https://creativecommons.org/licenses/by-sa/4.0/deed.en;4
images/real/real_a3b6ebc0cf.jpg;Harley_14258725852__944a653d.jpg;File:Harley (14258725852).jpg;https://commons.wikimedia.org/wiki/File%3AHarley_%2814258725852%29.jpg;kishjar? from Moscow, Russia;CC BY 2.0;https://creativecommons.org/licenses/by/2.0;0
images/real/real_836effcb10.jpg;Headlight_restoring_in_Lokogoma_Abuja_baefecff.jpg;File:Headlight restoring in Lokogoma, Abuja.jpg;https://commons.wikimedia.org/wiki/File%3AHeadlight_restoring_in_Lokogoma%2C_Abuja.jpg;Ransome Telli;CC BY-SA 4.0;https://creativecommons.org/licenses/by-sa/4.0;1
images/real/real_8e4eb22def.jpg;Horadnia_Hrodna_Chara_naja_sinahoha._2021_01_e76f07fe.jpg;File:Horadnia (Hrodna), Charaĺnaja sinahoha. Горадня, Харальная сінагога (2021) 01.jpg;https://commons.wikimedia.org/wiki/File%3AHoradnia_%28Hrodna%29%2C_Chara%C4%BAnaja_sinahoha._%D0%93%D0%BE%D1%80%D0%B0%D0%B4%D0%BD%D1%8F%2C_%D0%A5%D0%B0%D1%80%D0%B0%D0%BB%D1%8C%D0%BD%D0%B0%D1%8F_%D1%81%D1%96%D0%BD%D0%B0%D0%B3%D0%BE%D0%B3%D0%B0_%282021%29_01.jpg;Liashko;CC BY-SA 4.0;https://creativecommons.org/licenses/by-sa/4.0;0
images/real/real_888b225ace.jpg;Hummer_in_Minsk_Belarus_fc9a4807.jpg;File:Hummer in Minsk, Belarus.jpg;https://commons.wikimedia.org/wiki/File%3AHummer_in_Minsk%2C_Belarus.jpg;Ritzo ten Cate;CC BY-SA 2.0;https://creativecommons.org/licenses/by-sa/2.0;0
images/real/real_b1d05bca40.jpg;Hyundai_Avante_N_Almaty_LRM_20240403_095759__559bd323.jpg;File:Hyundai Avante N, Almaty (LRM 20240403 095759).jpg;https://commons.wikimedia.org/wiki/File%3AHyundai_Avante_N%2C_Almaty_%28LRM_20240403_095759%29.jpg;Matti Blume;CC BY-SA 4.0;https://creativecommons.org/licenses/by-sa/4.0/deed.en;0
images/real/real_80d592ffc5.jpg;Hyundai_Staria_Almaty_P1180230__fccc43f4.jpg;File:Hyundai Staria, Almaty (P1180230).jpg;https://commons.wikimedia.org/wiki/File%3AHyundai_Staria%2C_Almaty_%28P1180230%29.jpg;Matti Blume;CC BY-SA 4.0;https://creativecommons.org/licenses/by-sa/4.0/deed.en;1
images/real/real_3c95b96199.jpg;IZh-2715_2014-07-30_War_in_Donbass_08_23def200.jpg;File:IZh-2715 2014-07-30 War in Donbass 08.jpg;https://commons.wikimedia.org/wiki/File%3AIZh-2715_2014-07-30_War_in_Donbass_08.jpg;ВО «Свобода»;CC BY 3.0;https://creativecommons.org/licenses/by/3.0;0
images/real/real_5844e1b6e7.jpg;Independence_Day_in_Kyiv_2015_42_882f921f.jpg;File:Independence Day in Kyiv, 2015 42.JPG;https://commons.wikimedia.org/wiki/File%3AIndependence_Day_in_Kyiv%2C_2015_42.JPG;Ґантер;CC BY-SA 4.0;https://creativecommons.org/licenses/by-sa/4.0;7
images/real/real_0349452062.jpg;Innova_Crysta_car_near_Janampeta_ca7c3b8d.jpg;File:Innova Crysta car near Janampeta.jpg;https://commons.wikimedia.org/wiki/File%3AInnova_Crysta_car_near_Janampeta.jpg;iMahesh;CC BY-SA 4.0;https://creativecommons.org/licenses/by-sa/4.0;1
images/real/real_20ff272be8.jpg;Internal_troops_special_units_counter-terror_tactical_exercises_15__b1984d8d.jpg;File:Internal troops special units counter-terror tactical exercises (15).jpg;https://commons.wikimedia.org/wiki/File%3AInternal_troops_special_units_counter-terror_tactical_exercises_%2815%29.jpg;Vitaly V. Kuzmin;CC BY-SA 4.0;https://creativecommons.org/licenses/by-sa/4.0;1
images/real/real_6b5a5fb32a.jpg;Kamion_MAZ-6501_kompanije_PB_Kolubara_02_31c30b17.jpg;File:Kamion MAZ-6501 kompanije PB Kolubara 02.jpg;https://commons.wikimedia.org/wiki/File%3AKamion_MAZ-6501_kompanije_PB_Kolubara_02.jpg;Lazar144000;CC0;http://creativecommons.org/publicdomain/zero/1.0/deed.en;1
images/real/real_e1ae69194c.jpg;Karaganda_-_190216_DSC_2879_3c6d974d.jpg;File:Karaganda - 190216 DSC 2879.jpg;https://commons.wikimedia.org/wiki/File%3AKaraganda_-_190216_DSC_2879.jpg;Ilya Varlamov;CC BY-SA 4.0;https://creativecommons.org/licenses/by-sa/4.0;1
images/real/real_8ff7306c17.jpg;Karaganda_-_190216_DSC_2886_8fcfbd54.jpg;File:Karaganda - 190216 DSC 2886.jpg;https://commons.wikimedia.org/wiki/File%3AKaraganda_-_190216_DSC_2886.jpg;Ilya Varlamov;CC BY-SA 4.0;https://creativecommons.org/licenses/by-sa/4.0;0
images/real/real_b20287f334.jpg;Karaganda_-_190216_DSC_2897_c9db3641.jpg;File:Karaganda - 190216 DSC 2897.jpg;https://commons.wikimedia.org/wiki/File%3AKaraganda_-_190216_DSC_2897.jpg;Ilya Varlamov;CC BY-SA 4.0;https://creativecommons.org/licenses/by-sa/4.0;0
images/real/real_d1097204bb.jpg;Karaganda_-_190216_DSC_2907_4ed35aeb.jpg;File:Karaganda - 190216 DSC 2907.jpg;https://commons.wikimedia.org/wiki/File%3AKaraganda_-_190216_DSC_2907.jpg;Ilya Varlamov;CC BY-SA 4.0;https://creativecommons.org/licenses/by-sa/4.0;0
images/real/real_e551b5f95d.jpg;Karaganda_-_190216_DSC_2914_3c2df307.jpg;File:Karaganda - 190216 DSC 2914.jpg;https://commons.wikimedia.org/wiki/File%3AKaraganda_-_190216_DSC_2914.jpg;Ilya Varlamov;CC BY-SA 4.0;https://creativecommons.org/licenses/by-sa/4.0;2
images/real/real_b2355b2fbf.jpg;Karaganda_-_190216_DSC_3077_b957dea6.jpg;File:Karaganda - 190216 DSC 3077.jpg;https://commons.wikimedia.org/wiki/File%3AKaraganda_-_190216_DSC_3077.jpg;Ilya Varlamov;CC BY-SA 4.0;https://creativecommons.org/licenses/by-sa/4.0;0
images/real/real_912cbde981.jpg;Karaganda_-_190216_DSC_3081_9d410326.jpg;File:Karaganda - 190216 DSC 3081.jpg;https://commons.wikimedia.org/wiki/File%3AKaraganda_-_190216_DSC_3081.jpg;Ilya Varlamov;CC BY-SA 4.0;https://creativecommons.org/licenses/by-sa/4.0;0
images/real/real_b91a2b0245.jpg;Karakoga_150000_Kazakhstan_-_panoramio_eda7d553.jpg;File:Karakoga 150000, Kazakhstan - panoramio.jpg;https://commons.wikimedia.org/wiki/File%3AKarakoga_150000%2C_Kazakhstan_-_panoramio.jpg;Виктор Лобеев;CC BY 3.0;https://creativecommons.org/licenses/by/3.0;0
images/real/real_aaa4efdefd.jpg;Kazakh_cars_cross_from_Kyrgyzstan_into_Kazakhstan_32230cd1.jpg;File:Kazakh cars cross from Kyrgyzstan into Kazakhstan.jpg;https://commons.wikimedia.org/wiki/File%3AKazakh_cars_cross_from_Kyrgyzstan_into_Kazakhstan.jpg;Қазақстан премьер-министрі;CC BY 4.0;https://creativecommons.org/licenses/by/4.0;3
images/real/real_4d77b5162e.jpg;Kirasita_kamiono_Tajfun-K_surbaze_de_KamAZ-63968_dum_la_Operaco_Glacio_Tjumeno_2_fde3020a.jpg;File:Kirasita kamiono Tajfun-K surbaze de KamAZ-63968 dum la Operaco Glacio (Tjumeno, 2024) 01.jpg;https://commons.wikimedia.org/wiki/File%3AKirasita_kamiono_Tajfun-K_surbaze_de_KamAZ-63968_dum_la_Operaco_Glacio_%28Tjumeno%2C_2024%29_01.jpg;RG72;CC BY 4.0;https://creativecommons.org/licenses/by/4.0;6
images/real/real_1ed20795fa.jpg;KrAZ-6510_Armed_Forces_of_Ukraine_23a065a7.jpg;File:KrAZ-6510 Armed Forces of Ukraine.jpg;https://commons.wikimedia.org/wiki/File%3AKrAZ-6510_Armed_Forces_of_Ukraine.jpg;Ministry of Defense of Ukraine;CC BY-SA 4.0;https://creativecommons.org/licenses/by-sa/4.0;3
images/real/real_0997d20c8d.jpg;Lada_5613698034__0da52c68.jpg;File:Lada (5613698034).jpg;https://commons.wikimedia.org/wiki/File%3ALada_%285613698034%29.jpg;upyernoz from Haverford, USA;CC BY 2.0;https://creativecommons.org/licenses/by/2.0;0
images/real/real_67af2d758b.jpg;Lada_Priora_in_Military_Vehicles_Inspection_VAI_service_1cf04371.jpg;File:Lada Priora in Military Vehicles Inspection (VAI) service.jpg;https://commons.wikimedia.org/wiki/File%3ALada_Priora_in_Military_Vehicles_Inspection_%28VAI%29_service.jpg;Dmitry Terekhov from Odintsovo, Russian Federation;CC BY-SA 2.0;https://creativecommons.org/licenses/by-sa/2.0;3
images/real/real_65f310f6bc.jpg;Lada_Vesta_police_car_in_Tomsk_01_37a9f40e.jpg;File:Lada Vesta police car in Tomsk 01.jpg;https://commons.wikimedia.org/wiki/File%3ALada_Vesta_police_car_in_Tomsk_01.jpg;Ilya Plekhanov;CC BY-SA 4.0;https://creativecommons.org/licenses/by-sa/4.0;0
images/real/real_b3d05ea973.jpg;Li_L7_Almaty_P1180149__63527e52.jpg;File:Li L7, Almaty (P1180149).jpg;https://commons.wikimedia.org/wiki/File%3ALi_L7%2C_Almaty_%28P1180149%29.jpg;Matti Blume;CC BY-SA 4.0;https://creativecommons.org/licenses/by-sa/4.0/deed.en;1
images/real/real_13529c3c3a.jpg;Li_L9_Almaty_P1180247__59e5c3ec.jpg;File:Li L9, Almaty (P1180247).jpg;https://commons.wikimedia.org/wiki/File%3ALi_L9%2C_Almaty_%28P1180247%29.jpg;Matti Blume;CC BY-SA 4.0;https://creativecommons.org/licenses/by-sa/4.0/deed.en;0
images/real/real_eb1eebd0e4.jpg;Lieninski_District_Mogilev_Belarus_-_panoramio_506__ac87e568.jpg;File:Lieninski District, Mogilev, Belarus - panoramio (506).jpg;https://commons.wikimedia.org/wiki/File%3ALieninski_District%2C_Mogilev%2C_Belarus_-_panoramio_%28506%29.jpg;Svetlov Artem;CC BY 3.0;https://creativecommons.org/licenses/by/3.0;1
images/real/real_4f2e2a54b5.jpg;Light_metro_Astana_P1190708__7b1b8c69.jpg;File:Light metro, Astana (P1190708).jpg;https://commons.wikimedia.org/wiki/File%3ALight_metro%2C_Astana_%28P1190708%29.jpg;Matti Blume;CC BY-SA 4.0;https://creativecommons.org/licenses/by-sa/4.0/deed.en;4
images/real/real_7c69c52ae2.jpg;Luxembourg_-_UA_-_AA5455AC_be8a1535.jpg;File:Luxembourg, - UA - AA5455AC.jpg;https://commons.wikimedia.org/wiki/File%3ALuxembourg%2C_-_UA_-_AA5455AC.jpg;GilPe;CC BY-SA 4.0;https://creativecommons.org/licenses/by-sa/4.0;0
images/real/real_e816cda0cc.jpg;MAZ-103_in_Chanti-Mansiisk_bb805d8a.jpg;File:MAZ-103 in Chanti-Mansiisk.jpg;https://commons.wikimedia.org/wiki/File%3AMAZ-103_in_Chanti-Mansiisk.jpg;Druschba 4;CC BY-SA 4.0;https://creativecommons.org/licenses/by-sa/4.0;1
images/real/real_8b2b93001c.jpg;MAZ-203.945_SPB_img2__2746826f.jpg;File:MAZ-203.945 SPB (img2).jpg;https://commons.wikimedia.org/wiki/File%3AMAZ-203.945_SPB_%28img2%29.jpg;Florstein (Telegram:WikiPhoto.Space);CC BY-SA 4.0;https://creativecommons.org/licenses/by-sa/4.0;1
images/real/real_10349f99a1.jpg;MAZ-203.C46_SPB_img1__f83698f9.jpg;File:MAZ-203.C46 SPB (img1).jpg;https://commons.wikimedia.org/wiki/File%3AMAZ-203.C46_SPB_%28img1%29.jpg;Florstein (Telegram:WikiPhoto.Space);CC BY-SA 4.0;https://creativecommons.org/licenses/by-sa/4.0;0
images/real/real_1a599d4303.jpg;MAZ-203_and_MAZ-206_c3444a4a.jpg;File:MAZ-203 and MAZ-206.JPG;https://commons.wikimedia.org/wiki/File%3AMAZ-203_and_MAZ-206.JPG;Redline;Public domain;;3
images/real/real_265631fc35.jpg;MAZ-203_in_Minsk_May_2021_5_537ef6bd.jpg;File:MAZ-203 in Minsk (May 2021) 5.jpg;https://commons.wikimedia.org/wiki/File%3AMAZ-203_in_Minsk_%28May_2021%29_5.jpg;Homoatrox;CC BY-SA 3.0;https://creativecommons.org/licenses/by-sa/3.0;1
images/real/real_e868143410.jpg;MAZ-215_and_MAZ-203_buses_routes_106_and_43d_in_Minsk_Belarus_205052b7.jpg;File:MAZ-215 and MAZ-203 buses (routes 106 and 43d) in Minsk, Belarus.jpg;https://commons.wikimedia.org/wiki/File%3AMAZ-215_and_MAZ-203_buses_%28routes_106_and_43d%29_in_Minsk%2C_Belarus.jpg;Homoatrox;CC BY-SA 4.0;https://creativecommons.org/licenses/by-sa/4.0;2
images/real/real_b79cf43c13.jpg;MAZ-216.066_SPB_img1__74309332.jpg;File:MAZ-216.066 SPB (img1).jpg;https://commons.wikimedia.org/wiki/File%3AMAZ-216.066_SPB_%28img1%29.jpg;Florstein (Telegram:WikiPhoto.Space);CC BY-SA 4.0;https://creativecommons.org/licenses/by-sa/4.0;1
images/real/real_c709a2614a.jpg;MAZ-251_photo1_16a59fb9.jpg;File:MAZ-251 photo1.jpg;https://commons.wikimedia.org/wiki/File%3AMAZ-251_photo1.jpg;Anatoliy-024;CC BY 3.0;https://creativecommons.org/licenses/by/3.0;3
images/real/real_45c0c63e4a.jpg;MAZ-251_photo4_a1eb2d01.jpg;File:MAZ-251 photo4.jpg;https://commons.wikimedia.org/wiki/File%3AMAZ-251_photo4.jpg;Anatoliy-024;CC BY 3.0;https://creativecommons.org/licenses/by/3.0;0
images/real/real_309de1480a.jpg;MAZ-256_in_Lviv_e7b4eaa5.jpg;File:MAZ-256 in Lviv.jpg;https://commons.wikimedia.org/wiki/File%3AMAZ-256_in_Lviv.jpg;Anatoliy-024;CC BY-SA 3.0;https://creativecommons.org/licenses/by-sa/3.0;0
images/real/real_b376c4d96a.jpg;MAZ-256_in_Tomsk_c4b92905.jpg;File:MAZ-256 in Tomsk.JPG;https://commons.wikimedia.org/wiki/File%3AMAZ-256_in_Tomsk.JPG;Ilya Plekhanov;CC BY-SA 4.0;https://creativecommons.org/licenses/by-sa/4.0;1
images/real/real_2d5d43a161.jpg;MAZ-4370_a5c3f976.jpg;File:MAZ-4370.jpg;https://commons.wikimedia.org/wiki/File%3AMAZ-4370.jpg;Druschba 4;CC BY-SA 3.0;https://creativecommons.org/licenses/by-sa/3.0;0
images/real/real_cfd71648e7.jpg;MAZ-4380_Moscow_31149356795__7da23dda.jpg;File:MAZ-4380 Moscow (31149356795).jpg;https://commons.wikimedia.org/wiki/File%3AMAZ-4380_Moscow_%2831149356795%29.jpg;Егор Журавлёв from Smarde, Latvia;CC BY-SA 2.0;https://creativecommons.org/licenses/by-sa/2.0;0
images/real/real_208ed504cd.jpg;MAZ-500A-Kranwagen_f24767d6.jpg;File:MAZ-500A-Kranwagen.jpg;https://commons.wikimedia.org/wiki/File%3AMAZ-500A-Kranwagen.jpg;Druschba 4;CC BY-SA 4.0;https://creativecommons.org/licenses/by-sa/4.0;0
images/real/real_c0381db310.jpg;MAZ-503A_0d9d981a.jpg;File:MAZ-503A.jpg;https://commons.wikimedia.org/wiki/File%3AMAZ-503A.jpg;Druschba 4;CC BY-SA 4.0;https://creativecommons.org/licenses/by-sa/4.0;0
images/real/real_2955e1be7a.jpg;MAZ-5336_c2b60ba8.jpg;File:MAZ-5336.jpg;https://commons.wikimedia.org/wiki/File%3AMAZ-5336.jpg;Druschba 4;CC BY-SA 3.0;https://creativecommons.org/licenses/by-sa/3.0;0
images/real/real_4f0ad439aa.jpg;MAZ-5432-Rost_784b2810.jpg;File:MAZ-5432-Rost.jpg;https://commons.wikimedia.org/wiki/File%3AMAZ-5432-Rost.jpg;Druschba 4;CC BY-SA 3.0;https://creativecommons.org/licenses/by-sa/3.0;0
images/real/real_79eb125167.jpg;MAZ-5432-silber_42f7d2e2.jpg;File:MAZ-5432-silber.jpg;https://commons.wikimedia.org/wiki/File%3AMAZ-5432-silber.jpg;Druschba 4;CC BY-SA 3.0;https://creativecommons.org/licenses/by-sa/3.0;0
images/real/real_7fb47a1e3d.jpg;MAZ-5432_Kaluga_30607169671__6db7f06e.jpg;File:MAZ-5432 Kaluga (30607169671).jpg;https://commons.wikimedia.org/wiki/File%3AMAZ-5432_Kaluga_%2830607169671%29.jpg;Егор Журавлёв from Smarde, Latvia;CC BY-SA 2.0;https://creativecommons.org/licenses/by-sa/2.0;0
images/real/real_0bd935d82e.jpg;MAZ-5432_truck_109be147.jpg;File:MAZ-5432 truck.jpg;https://commons.wikimedia.org/wiki/File%3AMAZ-5432_truck.jpg;Druschba 4;CC BY 3.0;https://creativecommons.org/licenses/by/3.0;0
images/real/real_0f049ac240.jpg;MAZ-5432_truck_in_Russia_d744fa29.jpg;File:MAZ-5432 truck in Russia.jpg;https://commons.wikimedia.org/wiki/File%3AMAZ-5432_truck_in_Russia.jpg;High Contrast;CC BY 3.0 de;https://creativecommons.org/licenses/by/3.0/de/deed.en;0
images/real/real_888a87ccad.jpg;MAZ-5440M7_69abb188.jpg;File:MAZ-5440M7.jpg;https://commons.wikimedia.org/wiki/File%3AMAZ-5440M7.jpg;Homoatrox;CC BY-SA 3.0;https://creativecommons.org/licenses/by-sa/3.0;0
images/real/real_aef1ccfed7.jpg;MAZ-5440M9_fifth-wheel_truck_with_MAZ-930011_semitrailer_01d80b22.jpg;File:MAZ-5440M9 fifth-wheel truck with MAZ-930011 semitrailer.jpg;https://commons.wikimedia.org/wiki/File%3AMAZ-5440M9_fifth-wheel_truck_with_MAZ-930011_semitrailer.jpg;Homoatrox;CC BY-SA 3.0;https://creativecommons.org/licenses/by-sa/3.0;0
images/real/real_8b69907ac2.jpg;MAZ-5440_63df5737.jpg;File:MAZ-5440.JPG;https://commons.wikimedia.org/wiki/File%3AMAZ-5440.JPG;MAZ_trucks.JPG: Redline derivative work: ZZZico;CC BY-SA 3.0;http://creativecommons.org/licenses/by-sa/3.0/;0
images/real/real_6d9870cb4a.jpg;MAZ-5516_26f505d4.png;File:MAZ-5516.png;https://commons.wikimedia.org/wiki/File%3AMAZ-5516.png;Novoklimov;CC0;http://creativecommons.org/publicdomain/zero/1.0/deed.en;0
images/real/real_af5407e873.jpg;MAZ-5516_dump_truck_in_Belarus_07_2da492ce.jpg;File:MAZ-5516 dump truck in Belarus 07.jpg;https://commons.wikimedia.org/wiki/File%3AMAZ-5516_dump_truck_in_Belarus_07.jpg;Homoatrox;CC BY-SA 3.0;https://creativecommons.org/licenses/by-sa/3.0;0
images/real/real_23eb1fa06d.jpg;MAZ-5549_ac90358e.jpg;File:MAZ-5549.jpg;https://commons.wikimedia.org/wiki/File%3AMAZ-5549.jpg;Druschba 4;CC BY-SA 4.0;https://creativecommons.org/licenses/by-sa/4.0;0
images/real/real_ebb8788161.jpg;MAZ-643028_truck_and_MAZ-3650_LCV_6a86e524.jpg;File:MAZ-643028 truck and MAZ-3650 LCV.jpg;https://commons.wikimedia.org/wiki/File%3AMAZ-643028_truck_and_MAZ-3650_LCV.jpg;Homoatrox;CC BY-SA 3.0;https://creativecommons.org/licenses/by-sa/3.0;0
images/real/real_3fc3b215a9.jpg;MAZ-6440_97e0e800.jpg;File:MAZ-6440.jpg;https://commons.wikimedia.org/wiki/File%3AMAZ-6440.jpg;Gruszecki;CC BY-SA 3.0;https://creativecommons.org/licenses/by-sa/3.0;0
images/real/real_5a6bc619cb.jpg;MAZ-Kupava_factory_1_e9313607.jpg;File:MAZ-Kupava factory 1.jpg;https://commons.wikimedia.org/wiki/File%3AMAZ-Kupava_factory_1.jpg;Homoatrox;CC BY-SA 3.0;https://creativecommons.org/licenses/by-sa/3.0;0
images/real/real_4c5d51e837.jpg;MAZ-MAN_truck_crop__4fdb69c5.jpg;File:MAZ-MAN truck (crop).jpg;https://commons.wikimedia.org/wiki/File%3AMAZ-MAN_truck_%28crop%29.jpg;Redline;CC BY-SA 3.0;https://creativecommons.org/licenses/by-sa/3.0;0
images/real/real_36f168dae3.jpg;MAZ_203_C_LC_group_0667c934.jpg;File:MAZ 203 C&LC group.jpg;https://commons.wikimedia.org/wiki/File%3AMAZ_203_C%26LC_group.jpg;Srđan Popović;CC BY-SA 4.0;https://creativecommons.org/licenses/by-sa/4.0;1
images/real/real_7921f67929.jpg;MAZ_203_LDM_Group_P42702_77b8515d.jpg;File:MAZ 203 LDM Group P42702.jpg;https://commons.wikimedia.org/wiki/File%3AMAZ_203_LDM_Group_P42702.jpg;Srđan Popović;CC BY-SA 4.0;https://creativecommons.org/licenses/by-sa/4.0;1
images/real/real_05785e4401.jpg;MAZ_206_Nakhchivan_city_7ad8b050.png;File:MAZ 206 Nakhchivan city.png;https://commons.wikimedia.org/wiki/File%3AMAZ_206_Nakhchivan_city.png;Kk70088;CC BY 4.0;https://creativecommons.org/licenses/by/4.0;0
images/real/real_adef8f5b07.jpg;MAZ_226_in_Dobrush_ac4105a0.jpg;File:MAZ 226 in Dobrush.jpg;https://commons.wikimedia.org/wiki/File%3AMAZ_226_in_Dobrush.jpg;Murdic;CC BY-SA 4.0;https://creativecommons.org/licenses/by-sa/4.0;1
images/real/real_fd5238ef4d.jpg;MAZ_5316_-_VSJ_abac_-_01_31ffca43.jpg;File:MAZ 5316 - VSJ Šabac - 01.jpg;https://commons.wikimedia.org/wiki/File%3AMAZ_5316_-_VSJ_%C5%A0abac_-_01.jpg;Srđan Popović;CC BY-SA 4.0;https://creativecommons.org/licenses/by-sa/4.0;2
images/real/real_585a6b2156.jpg;MAZ_5316_-_VSJ_abac_-_03_f6dca9da.jpg;File:MAZ 5316 - VSJ Šabac - 03.jpg;https://commons.wikimedia.org/wiki/File%3AMAZ_5316_-_VSJ_%C5%A0abac_-_03.jpg;Srđan Popović;CC BY-SA 4.0;https://creativecommons.org/licenses/by-sa/4.0;1
images/real/real_c896fe71b1.jpg;MAZ_5316_VSJ_Jagodina_2_89352816.jpg;File:MAZ 5316 VSJ Jagodina 2.jpg;https://commons.wikimedia.org/wiki/File%3AMAZ_5316_VSJ_Jagodina_2.jpg;Srđan Popović;CC BY-SA 4.0;https://creativecommons.org/licenses/by-sa/4.0;1
images/real/real_878079ecea.jpg;MAZ_5316_VSJ_Sur_in_c4a02260.jpg;File:MAZ 5316 VSJ Surčin.jpg;https://commons.wikimedia.org/wiki/File%3AMAZ_5316_VSJ_Sur%C4%8Din.jpg;Srđan Popović;CC BY-SA 4.0;https://creativecommons.org/licenses/by-sa/4.0;0
images/real/real_4550226c95.jpg;MAZ_5516_ac286f05.jpg;File:MAZ 5516.JPG;https://commons.wikimedia.org/wiki/File%3AMAZ_5516.JPG;MAZ_trucks.JPG: Redline derivative work: ZZZico;CC BY-SA 3.0;http://creativecommons.org/licenses/by-sa/3.0/;0
images/real/real_28641f8ecc.jpg;MAZ_5551_2_edc7b01d.jpg;File:MAZ 5551 2.jpg;https://commons.wikimedia.org/wiki/File%3AMAZ_5551_2.jpg;Redline;Public domain;;0
images/real/real_40a91534b1.jpg;MAZ_6312_6e5255da.jpg;File:MAZ 6312.jpg;https://commons.wikimedia.org/wiki/File%3AMAZ_6312.jpg;Druschba 4;CC BY-SA 3.0;https://creativecommons.org/licenses/by-sa/3.0;0
images/real/real_49e39db3e3.jpg;MAZ_6317_VSJ_Ni_1_44647113.jpg;File:MAZ 6317 VSJ Niš 1.jpg;https://commons.wikimedia.org/wiki/File%3AMAZ_6317_VSJ_Ni%C5%A1_1.jpg;Srđan Popović;CC BY-SA 4.0;https://creativecommons.org/licenses/by-sa/4.0;0
images/real/real_a92b9c94b1.jpg;MAZ_6317_VSJ_Smederevo_c94ca58d.jpg;File:MAZ 6317 VSJ Smederevo.jpg;https://commons.wikimedia.org/wiki/File%3AMAZ_6317_VSJ_Smederevo.jpg;Srđan Popović;CC BY-SA 4.0;https://creativecommons.org/licenses/by-sa/4.0;3
images/real/real_ed33b1e211.jpg;MAZ_6317_VSJ_Smederevo_i_MAZ_5316_VSJ_Prokuplje_1c94e56c.jpg;File:MAZ 6317 VSJ Smederevo i MAZ 5316 VSJ Prokuplje.jpg;https://commons.wikimedia.org/wiki/File%3AMAZ_6317_VSJ_Smederevo_i_MAZ_5316_VSJ_Prokuplje.jpg;Srđan Popović;CC BY-SA 4.0;https://creativecommons.org/licenses/by-sa/4.0;4
images/real/real_0a13bf81f6.jpg;MAZ_6317_VSJ_Sremska_Mitrovica_2_c19f2677.jpg;File:MAZ 6317 VSJ Sremska Mitrovica 2.jpg;https://commons.wikimedia.org/wiki/File%3AMAZ_6317_VSJ_Sremska_Mitrovica_2.jpg;Srđan Popović;CC BY-SA 4.0;https://creativecommons.org/licenses/by-sa/4.0;0
images/real/real_aee6e53187.jpg;MAZ_6317_VSJ_Sremska_Mitrovica_bf0aa865.jpg;File:MAZ 6317 VSJ Sremska Mitrovica.jpg;https://commons.wikimedia.org/wiki/File%3AMAZ_6317_VSJ_Sremska_Mitrovica.jpg;Srđan Popović;CC BY-SA 4.0;https://creativecommons.org/licenses/by-sa/4.0;3
images/real/real_d902ad6eab.jpg;MAZ_B80_5bbc0cb6.jpg;File:MAZ B80.jpg;https://commons.wikimedia.org/wiki/File%3AMAZ_B80.jpg;Khaikiet27112002;CC BY-SA 4.0;https://creativecommons.org/licenses/by-sa/4.0;8
images/real/real_6d0b2bfcb2.jpg;MAZ_Cuba_9d703e36.jpg;File:MAZ, Cuba.jpg;https://commons.wikimedia.org/wiki/File%3AMAZ%2C_Cuba.jpg;Rob Oo from NL;CC BY 2.0;https://creativecommons.org/licenses/by/2.0;1
images/real/real_2aca7edac1.jpg;MAZ_Kuba_d447a427.jpg;File:MAZ, Kuba.jpg;https://commons.wikimedia.org/wiki/File%3AMAZ%2C_Kuba.jpg;Raf24~commonswiki;CC BY-SA 4.0;https://creativecommons.org/licenses/by-sa/4.0;0
images/real/real_973016a01f.jpg;MAZ_Vi_ales_fb6c3b21.jpg;File:MAZ, Viñales.jpg;https://commons.wikimedia.org/wiki/File%3AMAZ%2C_Vi%C3%B1ales.jpg;Raf24~commonswiki;CC BY-SA 4.0;https://creativecommons.org/licenses/by-sa/4.0;1
images/real/real_e773302690.jpg;MAZ_dump_truck_1_3c9d2428.jpg;File:MAZ dump truck 1.jpg;https://commons.wikimedia.org/wiki/File%3AMAZ_dump_truck_1.jpg;Homoatrox;CC BY-SA 3.0;https://creativecommons.org/licenses/by-sa/3.0;1
images/real/real_1c54c3a6ca.jpg;MAZ_dump_truck_2_bd199c90.jpg;File:MAZ dump truck 2.jpg;https://commons.wikimedia.org/wiki/File%3AMAZ_dump_truck_2.jpg;Homoatrox;CC BY-SA 3.0;https://creativecommons.org/licenses/by-sa/3.0;0
images/real/real_9e82f97eeb.jpg;MAZ_factory_Minsk_Belarus_p4_-_MAZ-182_fb23cacc.jpg;File:MAZ factory (Minsk, Belarus) p4 - MAZ-182.jpg;https://commons.wikimedia.org/wiki/File%3AMAZ_factory_%28Minsk%2C_Belarus%29_p4_-_MAZ-182.jpg;Homoatrox;CC BY-SA 4.0;https://creativecommons.org/licenses/by-sa/4.0;0
images/real/real_a257fb1c6c.jpg;MAZ_fire_truck_1_7297c8d6.jpg;File:MAZ fire truck 1.jpg;https://commons.wikimedia.org/wiki/File%3AMAZ_fire_truck_1.jpg;Homoatrox;CC BY-SA 3.0;https://creativecommons.org/licenses/by-sa/3.0;0
images/real/real_11c9236dab.jpg;MAZ_geschnitten_d2ebab11.jpg;File:MAZ geschnitten.jpg;https://commons.wikimedia.org/wiki/File%3AMAZ_geschnitten.jpg;Druschba 4;CC BY-SA 3.0;https://creativecommons.org/licenses/by-sa/3.0;0
images/real/real_a226a8e9d0.jpg;MAZ_truck_Ribnitz-Damgarten_P1060834__de3c04ec.jpg;File:MAZ truck, Ribnitz-Damgarten (P1060834).jpg;https://commons.wikimedia.org/wiki/File%3AMAZ_truck%2C_Ribnitz-Damgarten_%28P1060834%29.jpg;Matti Blume;CC BY-SA 4.0;https://creativecommons.org/licenses/by-sa/4.0;0
images/real/real_9b5a69270d.jpg;MAZ_trucks_84754a22.jpg;File:MAZ trucks.JPG;https://commons.wikimedia.org/wiki/File%3AMAZ_trucks.JPG;Redline;CC BY-SA 3.0;http://creativecommons.org/licenses/by-sa/3.0/;0
images/real/real_b53b066228.jpg;Maks_nomer_db126fef.jpg;File:Maks nomer.jpg;https://commons.wikimedia.org/wiki/File%3AMaks_nomer.jpg;Олександр Козубенко;CC BY 3.0;https://creativecommons.org/licenses/by/3.0;0
images/real/real_e8934c4747.jpg;Maladzyechna_Belarus_-_panoramio_85__d4bc01d6.jpg;File:Maladzyechna, Belarus - panoramio (85).jpg;https://commons.wikimedia.org/wiki/File%3AMaladzyechna%2C_Belarus_-_panoramio_%2885%29.jpg;Svetlov Artem;CC BY 3.0;https://creativecommons.org/licenses/by/3.0;1
images/real/real_3f8d09bbed.jpg;Maladzyechna_Belarus_-_panoramio_93__fde5dbb4.jpg;File:Maladzyechna, Belarus - panoramio (93).jpg;https://commons.wikimedia.org/wiki/File%3AMaladzyechna%2C_Belarus_-_panoramio_%2893%29.jpg;Svetlov Artem;CC BY 3.0;https://creativecommons.org/licenses/by/3.0;0
images/real/real_ff379cf315.jpg;Maladzyechna_Belarus_-_panoramio_97__318e8037.jpg;File:Maladzyechna, Belarus - panoramio (97).jpg;https://commons.wikimedia.org/wiki/File%3AMaladzyechna%2C_Belarus_-_panoramio_%2897%29.jpg;Svetlov Artem;CC BY 3.0;https://creativecommons.org/licenses/by/3.0;2
images/real/real_6ab9079a15.jpg;Mangilik_El_avenue_in_Astana_July_2026_-_1_9923dd40.jpg;File:Mangilik El avenue in Astana (July 2026) - 1.jpg;https://commons.wikimedia.org/wiki/File%3AMangilik_El_avenue_in_Astana_%28July_2026%29_-_1.jpg;Vyacheslav Bukharov;CC BY-SA 4.0;https://creativecommons.org/licenses/by-sa/4.0;0
images/real/real_122be26628.jpg;Marine_rescue_service_truck_Russia_01__9f7d7067.jpg;File:Marine rescue service truck (Russia) (01).jpg;https://commons.wikimedia.org/wiki/File%3AMarine_rescue_service_truck_%28Russia%29_%2801%29.jpg;Georg Pik;CC0;http://creativecommons.org/publicdomain/zero/1.0/deed.en;0
images/real/real_53188b471c.jpg;Market_parking_lot_01_Almaty_1995__97285e6c.jpg;File:Market parking lot 01 (Almaty, 1995).jpg;https://commons.wikimedia.org/wiki/File%3AMarket_parking_lot_01_%28Almaty%2C_1995%29.jpg;Carl Malamud;CC0;http://creativecommons.org/publicdomain/zero/1.0/deed.en;3
images/real/real_955a62afeb.jpg;Maz_truck_mims_2006_edea190b.jpg;File:Maz truck mims 2006.JPG;https://commons.wikimedia.org/wiki/File%3AMaz_truck_mims_2006.JPG;jeka3000;Public domain;;0
images/real/real_135ee613f0.jpg;Meckesheim_-_MAZ-001_598db793.jpg;File:Meckesheim - MAZ-001.JPG;https://commons.wikimedia.org/wiki/File%3AMeckesheim_-_MAZ-001.JPG;Radosław Drożdżewski (Zwiadowca21);CC BY-SA 4.0;https://creativecommons.org/licenses/by-sa/4.0;3
images/real/real_ea8f3445ff.jpg;Military_trucks_of_Ukraine_Odessa_-03_c5af3aea.jpg;File:Military trucks of Ukraine (Odessa)-03.jpg;https://commons.wikimedia.org/wiki/File%3AMilitary_trucks_of_Ukraine_%28Odessa%29-03.jpg;Ministry of Defense of Ukraine;CC BY-SA 4.0;https://creativecommons.org/licenses/by-sa/4.0;0
images/real/real_4af0da54da.jpg;Minsk_33771644314__78e0819f.jpg;File:Minsk (33771644314).jpg;https://commons.wikimedia.org/wiki/File%3AMinsk_%2833771644314%29.jpg;Mika Stetsovski;CC BY 2.0;https://creativecommons.org/licenses/by/2.0;0
images/real/real_0bc5800f40.jpg;Minsk_Belarus_-_panoramio_260__87d608f2.jpg;File:Minsk, Belarus - panoramio (260).jpg;https://commons.wikimedia.org/wiki/File%3AMinsk%2C_Belarus_-_panoramio_%28260%29.jpg;Svetlov Artem;CC BY 3.0;https://creativecommons.org/licenses/by/3.0;0
images/real/real_3672867297.jpg;Minsk_Belarus_-_panoramio_30__bcb1e7fb.jpg;File:Minsk, Belarus - panoramio (30).jpg;https://commons.wikimedia.org/wiki/File%3AMinsk%2C_Belarus_-_panoramio_%2830%29.jpg;alexandergroshev;CC BY 3.0;https://creativecommons.org/licenses/by/3.0;0
images/real/real_6b705e2774.jpg;Minsk_Belarus_-_panoramio_62__37e9a36d.jpg;File:Minsk, Belarus - panoramio (62).jpg;https://commons.wikimedia.org/wiki/File%3AMinsk%2C_Belarus_-_panoramio_%2862%29.jpg;Dmitrij M;CC BY 3.0;https://creativecommons.org/licenses/by/3.0;0
images/real/real_72f159e944.jpg;Mitsubishi_Pajero_Sport_3rd_generation_1X7A0326_32339d67.jpg;File:Mitsubishi Pajero Sport (3rd generation) 1X7A0326.jpg;https://commons.wikimedia.org/wiki/File%3AMitsubishi_Pajero_Sport_%283rd_generation%29_1X7A0326.jpg;Alexander Migl;CC BY-SA 4.0;https://creativecommons.org/licenses/by-sa/4.0;0
images/real/real_9ea663690f.jpg;Mitsubishi_Pajero_Sport_3rd_generation_1X7A0409_2146a5d9.jpg;File:Mitsubishi Pajero Sport (3rd generation) 1X7A0409.jpg;https://commons.wikimedia.org/wiki/File%3AMitsubishi_Pajero_Sport_%283rd_generation%29_1X7A0409.jpg;Alexander Migl;CC BY-SA 4.0;https://creativecommons.org/licenses/by-sa/4.0;0
images/real/real_4231d4f6e7.jpg;Mitsubishi_Pajero_Sport_3rd_generation_1X7A0410_9f24f76e.jpg;File:Mitsubishi Pajero Sport (3rd generation) 1X7A0410.jpg;https://commons.wikimedia.org/wiki/File%3AMitsubishi_Pajero_Sport_%283rd_generation%29_1X7A0410.jpg;Alexander Migl;CC BY-SA 4.0;https://creativecommons.org/licenses/by-sa/4.0;0
images/real/real_ae98c8b994.jpg;Moscow._Police_car_Okhotny_Ryad-Mokhovaya_b6676144.jpg;File:Moscow. Police car, Okhotny Ryad-Mokhovaya.jpg;https://commons.wikimedia.org/wiki/File%3AMoscow._Police_car%2C_Okhotny_Ryad-Mokhovaya.jpg;Юрий Д.К.;CC BY 4.0;https://creativecommons.org/licenses/by/4.0;0
images/real/real_6804c2d767.jpg;Moscow_2025-08-10_bicycle_race_motorcycle_escort_02_0fa1161c.jpg;File:Moscow 2025-08-10 bicycle race, motorcycle escort 02.jpg;https://commons.wikimedia.org/wiki/File%3AMoscow_2025-08-10_bicycle_race%2C_motorcycle_escort_02.jpg;Retired electrician;CC0;http://creativecommons.org/publicdomain/zero/1.0/deed.en;0
images/real/real_60705c3245.jpg;Moscow_2025-08-10_bicycle_race_motorcycle_escort_14_3658d0a8.jpg;File:Moscow 2025-08-10 bicycle race, motorcycle escort 14.jpg;https://commons.wikimedia.org/wiki/File%3AMoscow_2025-08-10_bicycle_race%2C_motorcycle_escort_14.jpg;Retired electrician;CC0;http://creativecommons.org/publicdomain/zero/1.0/deed.en;1
images/real/real_6ce989a4d1.jpg;Moscow_2025-08-10_bicycle_race_police_and_ambulances_02_8f4a8a49.jpg;File:Moscow 2025-08-10 bicycle race, police and ambulances 02.jpg;https://commons.wikimedia.org/wiki/File%3AMoscow_2025-08-10_bicycle_race%2C_police_and_ambulances_02.jpg;Retired electrician;CC0;http://creativecommons.org/publicdomain/zero/1.0/deed.en;0
images/real/real_2c2b3d5be2.jpg;Moscow_2025-08-10_bicycle_race_police_and_ambulances_06_e5d1e6e6.jpg;File:Moscow 2025-08-10 bicycle race, police and ambulances 06.jpg;https://commons.wikimedia.org/wiki/File%3AMoscow_2025-08-10_bicycle_race%2C_police_and_ambulances_06.jpg;Retired electrician;CC0;http://creativecommons.org/publicdomain/zero/1.0/deed.en;0
images/real/real_feae9dc951.jpg;Moscow_2025-08-10_bicycle_race_police_and_ambulances_09_749a3720.jpg;File:Moscow 2025-08-10 bicycle race, police and ambulances 09.jpg;https://commons.wikimedia.org/wiki/File%3AMoscow_2025-08-10_bicycle_race%2C_police_and_ambulances_09.jpg;Retired electrician;CC0;http://creativecommons.org/publicdomain/zero/1.0/deed.en;3
images/real/real_555d8d8f0b.jpg;Moscow_2025-08-10_bicycle_race_police_and_ambulances_11_d131a6d1.jpg;File:Moscow 2025-08-10 bicycle race, police and ambulances 11.jpg;https://commons.wikimedia.org/wiki/File%3AMoscow_2025-08-10_bicycle_race%2C_police_and_ambulances_11.jpg;Retired electrician;CC0;http://creativecommons.org/publicdomain/zero/1.0/deed.en;0
images/real/real_8c08f3a8cc.jpg;Moscow_Akademicheskiy_district_-_-_panoramio_19__ebf6e97b.jpg;File:Moscow, Akademicheskiy district - Москва, Академический район - panoramio (19).jpg;https://commons.wikimedia.org/wiki/File%3AMoscow%2C_Akademicheskiy_district_-_%D0%9C%D0%BE%D1%81%D0%BA%D0%B2%D0%B0%2C_%D0%90%D0%BA%D0%B0%D0%B4%D0%B5%D0%BC%D0%B8%D1%87%D0%B5%D1%81%D0%BA%D0%B8%D0%B9_%D1%80%D0%B0%D0%B9%D0%BE%D0%BD_-_panoramio_%2819%29.jpg;Svetlov Artem;CC BY 3.0;https://creativecommons.org/licenses/by/3.0;2
images/real/real_0617e1849e.jpg;Moscow_Akademicheskiy_district_-_-_panoramio_24__9e4befac.jpg;File:Moscow, Akademicheskiy district - Москва, Академический район - panoramio (24).jpg;https://commons.wikimedia.org/wiki/File%3AMoscow%2C_Akademicheskiy_district_-_%D0%9C%D0%BE%D1%81%D0%BA%D0%B2%D0%B0%2C_%D0%90%D0%BA%D0%B0%D0%B4%D0%B5%D0%BC%D0%B8%D1%87%D0%B5%D1%81%D0%BA%D0%B8%D0%B9_%D1%80%D0%B0%D0%B9%D0%BE%D0%BD_-_panoramio_%2824%29.jpg;Svetlov Artem;CC BY 3.0;https://creativecommons.org/licenses/by/3.0;0
images/real/real_7568713406.jpg;Moscow_BMW_R1200_GS_July_2026_01_9f18d7c4.jpg;File:Moscow, BMW R1200 GS, July 2026 01.jpg;https://commons.wikimedia.org/wiki/File%3AMoscow%2C_BMW_R1200_GS%2C_July_2026_01.jpg;Retired electrician;CC0;http://creativecommons.org/publicdomain/zero/1.0/deed.en;0
images/real/real_571e88ef7d.jpg;Moscow_BMW_S_1000_R_May_2026_02_cdbfe97c.jpg;File:Moscow, BMW S 1000 R, May 2026 02.jpg;https://commons.wikimedia.org/wiki/File%3AMoscow%2C_BMW_S_1000_R%2C_May_2026_02.jpg;Retired electrician;CC0;http://creativecommons.org/publicdomain/zero/1.0/deed.en;0
images/real/real_b40080ddd1.jpg;Moscow_BYD_Song_Plus_EV_with_KZ_plates_June_2026_01_26151546.jpg;File:Moscow, BYD Song Plus EV with KZ plates, June 2026 01.jpg;https://commons.wikimedia.org/wiki/File%3AMoscow%2C_BYD_Song_Plus_EV_with_KZ_plates%2C_June_2026_01.jpg;Retired electrician;CC0;http://creativecommons.org/publicdomain/zero/1.0/deed.en;0
images/real/real_b126204cfc.jpg;Moscow_BYD_Song_Plus_EV_with_KZ_plates_June_2026_02_9e21d2c8.jpg;File:Moscow, BYD Song Plus EV with KZ plates, June 2026 02.jpg;https://commons.wikimedia.org/wiki/File%3AMoscow%2C_BYD_Song_Plus_EV_with_KZ_plates%2C_June_2026_02.jpg;Retired electrician;CC0;http://creativecommons.org/publicdomain/zero/1.0/deed.en;0
images/real/real_2da01df37a.jpg;Moscow_B_Kharitonyevsky_14_Aug_2024_21_d266a36a.jpg;File:Moscow, B Kharitonyevsky 14 Aug 2024 21.jpg;https://commons.wikimedia.org/wiki/File%3AMoscow%2C_B_Kharitonyevsky_14_Aug_2024_21.jpg;Retired electrician;CC0;http://creativecommons.org/publicdomain/zero/1.0/deed.en;2
images/real/real_bad3d32faf.jpg;Moscow_B_Kharitonyevsky_14_Aug_2024_22_1e0cc9dc.jpg;File:Moscow, B Kharitonyevsky 14 Aug 2024 22.jpg;https://commons.wikimedia.org/wiki/File%3AMoscow%2C_B_Kharitonyevsky_14_Aug_2024_22.jpg;Retired electrician;CC0;http://creativecommons.org/publicdomain/zero/1.0/deed.en;0
images/real/real_4cd374c9bb.jpg;Moscow_B_Kharitonyevsky_14_Aug_2024_23_6918d529.jpg;File:Moscow, B Kharitonyevsky 14 Aug 2024 23.jpg;https://commons.wikimedia.org/wiki/File%3AMoscow%2C_B_Kharitonyevsky_14_Aug_2024_23.jpg;Retired electrician;CC0;http://creativecommons.org/publicdomain/zero/1.0/deed.en;0
images/real/real_933f14cd6c.jpg;Moscow_Belarus_tractor_with_salt-spreader_trailer_Feb_2026_01_1eecc902.jpg;File:Moscow, Belarus tractor with salt-spreader trailer, Feb 2026 01.jpg;https://commons.wikimedia.org/wiki/File%3AMoscow%2C_Belarus_tractor_with_salt-spreader_trailer%2C_Feb_2026_01.jpg;Retired electrician;CC0;http://creativecommons.org/publicdomain/zero/1.0/deed.en;2
images/real/real_3a5934692e.jpg;Moscow_Can-Am_Maverick_XRS_ATV_on_trailer_May_2026_02_28668eac.jpg;File:Moscow, Can-Am Maverick XRS ATV on trailer, May 2026 02.jpg;https://commons.wikimedia.org/wiki/File%3AMoscow%2C_Can-Am_Maverick_XRS_ATV_on_trailer%2C_May_2026_02.jpg;Retired electrician;CC0;http://creativecommons.org/publicdomain/zero/1.0/deed.en;0
images/real/real_57b74f79b5.jpg;Moscow_GW_Poer_in_MTCC_green_with_information_screen_trailer_May_2026_03_86fc5022.jpg;File:Moscow, GW Poer in MTCC green with information screen trailer, May 2026 03.jpg;https://commons.wikimedia.org/wiki/File%3AMoscow%2C_GW_Poer_in_MTCC_green_with_information_screen_trailer%2C_May_2026_03.jpg;Retired electrician;CC0;http://creativecommons.org/publicdomain/zero/1.0/deed.en;2
images/real/real_ccfcf0e11d.jpg;Moscow_GW_Poer_in_MTCC_green_with_information_screen_trailer_May_2026_05_f1ce462c.jpg;File:Moscow, GW Poer in MTCC green with information screen trailer, May 2026 05.jpg;https://commons.wikimedia.org/wiki/File%3AMoscow%2C_GW_Poer_in_MTCC_green_with_information_screen_trailer%2C_May_2026_05.jpg;Retired electrician;CC0;http://creativecommons.org/publicdomain/zero/1.0/deed.en;0
images/real/real_e4140c3f2d.jpg;Moscow_GW_Poer_in_MTCC_green_with_information_screen_trailer_May_2026_06_3454806a.jpg;File:Moscow, GW Poer in MTCC green with information screen trailer, May 2026 06.jpg;https://commons.wikimedia.org/wiki/File%3AMoscow%2C_GW_Poer_in_MTCC_green_with_information_screen_trailer%2C_May_2026_06.jpg;Retired electrician;CC0;http://creativecommons.org/publicdomain/zero/1.0/deed.en;1
images/real/real_9c5e4591e8.jpg;Moscow_Gazelle_Next_ambulance_with_black_plates_Sept_2025_01_1bedff6c.jpg;File:Moscow, Gazelle Next ambulance with black plates, Sept 2025 01.jpg;https://commons.wikimedia.org/wiki/File%3AMoscow%2C_Gazelle_Next_ambulance_with_black_plates%2C_Sept_2025_01.jpg;Retired electrician;CC0;http://creativecommons.org/publicdomain/zero/1.0/deed.en;0
images/real/real_bf66abff9d.jpg;Moscow_Gazon_Next_cherrypicker_Gazelle_next_crew_truck_Gormost_livery_Mar_2026_0_5ddf0f6c.jpg;File:Moscow, Gazon Next cherrypicker, Gazelle next crew truck Gormost livery Mar 2026 01.jpg;https://commons.wikimedia.org/wiki/File%3AMoscow%2C_Gazon_Next_cherrypicker%2C_Gazelle_next_crew_truck_Gormost_livery_Mar_2026_01.jpg;Retired electrician;CC0;http://creativecommons.org/publicdomain/zero/1.0/deed.en;2
images/real/real_9d5663ee11.jpg;Moscow_Haval_F7_police_June_2026_02_da52832e.jpg;File:Moscow, Haval F7 police, June 2026 02.jpg;https://commons.wikimedia.org/wiki/File%3AMoscow%2C_Haval_F7_police%2C_June_2026_02.jpg;Retired electrician;CC0;http://creativecommons.org/publicdomain/zero/1.0/deed.en;2
images/real/real_48aeb7dcf5.jpg;Moscow_Haval_F7_police_Sept_2025_02_c24a1eb1.jpg;File:Moscow, Haval F7 police, Sept 2025 02.jpg;https://commons.wikimedia.org/wiki/File%3AMoscow%2C_Haval_F7_police%2C_Sept_2025_02.jpg;Retired electrician;CC0;http://creativecommons.org/publicdomain/zero/1.0/deed.en;15
images/real/real_efcf435c72.jpg;Moscow_Honda_CBR650R_July_2025_01_25318e8f.jpg;File:Moscow, Honda CBR650R July 2025 01.jpg;https://commons.wikimedia.org/wiki/File%3AMoscow%2C_Honda_CBR650R_July_2025_01.jpg;Retired electrician;CC0;http://creativecommons.org/publicdomain/zero/1.0/deed.en;0
images/real/real_efa2100800.jpg;Moscow_Honda_Goldwing_May_2025_03_b7424581.jpg;File:Moscow, Honda Goldwing, May 2025 03.jpg;https://commons.wikimedia.org/wiki/File%3AMoscow%2C_Honda_Goldwing%2C_May_2025_03.jpg;Retired electrician;CC0;http://creativecommons.org/publicdomain/zero/1.0/deed.en;0
images/real/real_605d0443fd.jpg;Moscow_Hongqi_sedan_ambassador_of_Malaysia_July_2025_01_f0a0695f.jpg;File:Moscow, Hongqi sedan, ambassador of Malaysia, July 2025 01.jpg;https://commons.wikimedia.org/wiki/File%3AMoscow%2C_Hongqi_sedan%2C_ambassador_of_Malaysia%2C_July_2025_01.jpg;Retired electrician;CC0;http://creativecommons.org/publicdomain/zero/1.0/deed.en;3
images/real/real_39f8f1805d.jpg;Moscow_Husqvarna_901_Norden_April_2025_01_be61b0c1.jpg;File:Moscow, Husqvarna 901 Norden, April 2025 01.jpg;https://commons.wikimedia.org/wiki/File%3AMoscow%2C_Husqvarna_901_Norden%2C_April_2025_01.jpg;Retired electrician;CC0;http://creativecommons.org/publicdomain/zero/1.0/deed.en;2
images/real/real_3df50f3187.jpg;Moscow_Hyundai_Solaris_police_Sept_2025_01_ef139504.jpg;File:Moscow, Hyundai Solaris police, Sept 2025 01.jpg;https://commons.wikimedia.org/wiki/File%3AMoscow%2C_Hyundai_Solaris_police%2C_Sept_2025_01.jpg;Retired electrician;CC0;http://creativecommons.org/publicdomain/zero/1.0/deed.en;1
images/real/real_7ce0732abd.jpg;Moscow_Kadashevskaya_Embankment_people_tractor_May_2026_03_5daabd0b.jpg;File:Moscow, Kadashevskaya Embankment, people, tractor, May 2026 03.jpg;https://commons.wikimedia.org/wiki/File%3AMoscow%2C_Kadashevskaya_Embankment%2C_people%2C_tractor%2C_May_2026_03.jpg;Retired electrician;CC0;http://creativecommons.org/publicdomain/zero/1.0/deed.en;6
images/real/real_85f48d4454.jpg;Moscow_Kaiyi_X3_Aug_2025_04_62c3674b.jpg;File:Moscow, Kaiyi X3, Aug 2025 04.jpg;https://commons.wikimedia.org/wiki/File%3AMoscow%2C_Kaiyi_X3%2C_Aug_2025_04.jpg;Retired electrician;CC0;http://creativecommons.org/publicdomain/zero/1.0/deed.en;1
images/real/real_6dad9acf8a.jpg;Moscow_Kawasaki_blue_and_Kawasaki_yellow-black_July_2026_04_30aa9f1a.jpg;File:Moscow, Kawasaki blue and Kawasaki yellow-black, July 2026 04.jpg;https://commons.wikimedia.org/wiki/File%3AMoscow%2C_Kawasaki_blue_and_Kawasaki_yellow-black%2C_July_2026_04.jpg;Retired electrician;CC0;http://creativecommons.org/publicdomain/zero/1.0/deed.en;1
images/real/real_3e0a72d671.jpg;Moscow_Klenovy_Bulvar_metro_station_surface_infrastructure_May_2025_01_d1209ec3.jpg;File:Moscow, Klenovy Bulvar metro station, surface infrastructure May 2025 01.jpg;https://commons.wikimedia.org/wiki/File%3AMoscow%2C_Klenovy_Bulvar_metro_station%2C_surface_infrastructure_May_2025_01.jpg;Retired electrician;CC0;http://creativecommons.org/publicdomain/zero/1.0/deed.en;2
images/real/real_dc8f42c8ea.jpg;Moscow_Korovy_Val_5_The_Oasis_May_2025_06_9ca615fd.jpg;File:Moscow, Korovy Val 5, The Oasis, May 2025 06.jpg;https://commons.wikimedia.org/wiki/File%3AMoscow%2C_Korovy_Val_5%2C_The_Oasis%2C_May_2025_06.jpg;Retired electrician;CC0;http://creativecommons.org/publicdomain/zero/1.0/deed.en;0
images/real/real_52e2477a82.jpg;Moscow_Krasnye_Kholmy_Belarus_street_sprinklers_Apr_2026_01_019a8d89.jpg;File:Moscow, Krasnye Kholmy, Belarus street sprinklers, Apr 2026 01.jpg;https://commons.wikimedia.org/wiki/File%3AMoscow%2C_Krasnye_Kholmy%2C_Belarus_street_sprinklers%2C_Apr_2026_01.jpg;Retired electrician;CC0;http://creativecommons.org/publicdomain/zero/1.0/deed.en;2
images/real/real_b05aad1eb0.jpg;Moscow_Krestyanskaya_Square_Sany_and_Shacman_trucks_with_Specpricep_trailers_Jun_5071ea14.jpg;File:Moscow, Krestyanskaya Square, Sany and Shacman trucks with Specpricep trailers, June 2026 02.jpg;https://commons.wikimedia.org/wiki/File%3AMoscow%2C_Krestyanskaya_Square%2C_Sany_and_Shacman_trucks_with_Specpricep_trailers%2C_June_2026_02.jpg;Retired electrician;CC0;http://creativecommons.org/publicdomain/zero/1.0/deed.en;0
images/real/real_5c598174db.jpg;Moscow_Krestyanskaya_Square_Shacman_truck_with_Specpricep_trailer_June_2026_01_56c53364.jpg;File:Moscow, Krestyanskaya Square, Shacman truck with Specpricep trailer, June 2026 01.jpg;https://commons.wikimedia.org/wiki/File%3AMoscow%2C_Krestyanskaya_Square%2C_Shacman_truck_with_Specpricep_trailer%2C_June_2026_01.jpg;Retired electrician;CC0;http://creativecommons.org/publicdomain/zero/1.0/deed.en;0
images/real/real_4bf2d56ede.jpg;Moscow_Krzhizhanovskogo_23_MAZ-Prostor_with_Specpricep_9942L4_trailer_Apr_2026_0_78a0208d.jpg;File:Moscow, Krzhizhanovskogo 23, MAZ-Prostor with Specpricep 9942L4 trailer, Apr 2026 05.jpg;https://commons.wikimedia.org/wiki/File%3AMoscow%2C_Krzhizhanovskogo_23%2C_MAZ-Prostor_with_Specpricep_9942L4_trailer%2C_Apr_2026_05.jpg;Retired electrician;CC0;http://creativecommons.org/publicdomain/zero/1.0/deed.en;0
images/real/real_dd2a9891a3.jpg;Moscow_Krzhizhanovskogo_23_MAZ-Prostor_with_Specpricep_9942L4_trailer_Apr_2026_0_82e4c9cd.jpg;File:Moscow, Krzhizhanovskogo 23, MAZ-Prostor with Specpricep 9942L4 trailer, Apr 2026 04.jpg;https://commons.wikimedia.org/wiki/File%3AMoscow%2C_Krzhizhanovskogo_23%2C_MAZ-Prostor_with_Specpricep_9942L4_trailer%2C_Apr_2026_04.jpg;Retired electrician;CC0;http://creativecommons.org/publicdomain/zero/1.0/deed.en;2
images/real/real_63b8ee7c7a.jpg;Moscow_Krzhizhanovskogo_23_MAZ-Prostor_with_Specpricep_9942L4_trailer_Apr_2026_1_e48aee9c.jpg;File:Moscow, Krzhizhanovskogo 23, MAZ-Prostor with Specpricep 9942L4 trailer, Apr 2026 14.jpg;https://commons.wikimedia.org/wiki/File%3AMoscow%2C_Krzhizhanovskogo_23%2C_MAZ-Prostor_with_Specpricep_9942L4_trailer%2C_Apr_2026_14.jpg;Retired electrician;CC0;http://creativecommons.org/publicdomain/zero/1.0/deed.en;1
images/real/real_133d148f5c.jpg;Moscow_Krzhizhanovskogo_24-35k1_Apr_2026_02_8f9757cd.jpg;File:Moscow, Krzhizhanovskogo 24-35k1 Apr 2026 02.jpg;https://commons.wikimedia.org/wiki/File%3AMoscow%2C_Krzhizhanovskogo_24-35k1_Apr_2026_02.jpg;Retired electrician;CC0;http://creativecommons.org/publicdomain/zero/1.0/deed.en;0
images/real/real_2eb9106330.jpg;Moscow_Lunar_Quasar_caravan_trailer_Sept_2025_01_06edd10b.jpg;File:Moscow, Lunar Quasar caravan trailer, Sept 2025 01.jpg;https://commons.wikimedia.org/wiki/File%3AMoscow%2C_Lunar_Quasar_caravan_trailer%2C_Sept_2025_01.jpg;Retired electrician;CC0;http://creativecommons.org/publicdomain/zero/1.0/deed.en;0
images/real/real_ebc00de946.jpg;Moscow_Mira_Prospect_bikes_May_2025_01_4f4b576b.jpg;File:Moscow, Mira Prospect, bikes May 2025 01.jpg;https://commons.wikimedia.org/wiki/File%3AMoscow%2C_Mira_Prospect%2C_bikes_May_2025_01.jpg;Retired electrician;CC0;http://creativecommons.org/publicdomain/zero/1.0/deed.en;0
images/real/real_c9c70edf4e.jpg;Moscow_Mira_Prospect_bikes_May_2025_03_cf420d03.jpg;File:Moscow, Mira Prospect, bikes May 2025 03.jpg;https://commons.wikimedia.org/wiki/File%3AMoscow%2C_Mira_Prospect%2C_bikes_May_2025_03.jpg;Retired electrician;CC0;http://creativecommons.org/publicdomain/zero/1.0/deed.en;0
images/real/real_4bb6aeb27a.jpg;Moscow_Moskvich_3_parking_police_car_April_2026_02_87bdaa17.jpg;File:Moscow, Moskvich 3 parking police car April 2026 02.jpg;https://commons.wikimedia.org/wiki/File%3AMoscow%2C_Moskvich_3_parking_police_car_April_2026_02.jpg;Retired electrician;CC0;http://creativecommons.org/publicdomain/zero/1.0/deed.en;0
images/real/real_cac8c8a7ff.jpg;Moscow_Moskvich_3_parking_police_car_April_2026_03_b41dfeaf.jpg;File:Moscow, Moskvich 3 parking police car April 2026 03.jpg;https://commons.wikimedia.org/wiki/File%3AMoscow%2C_Moskvich_3_parking_police_car_April_2026_03.jpg;Retired electrician;CC0;http://creativecommons.org/publicdomain/zero/1.0/deed.en;0
images/real/real_02a9e9fbbc.jpg;Moscow_Neoplan_tour_bus_with_BY_plates_May_2026_01_ee25b757.jpg;File:Moscow, Neoplan tour bus with BY plates, May 2026 01.jpg;https://commons.wikimedia.org/wiki/File%3AMoscow%2C_Neoplan_tour_bus_with_BY_plates%2C_May_2026_01.jpg;Retired electrician;CC0;http://creativecommons.org/publicdomain/zero/1.0/deed.en;0
images/real/real_c6e2995a07.jpg;Moscow_Paveletskaya_Square_biker_group_Sept_2025_02_233d2c13.jpg;File:Moscow, Paveletskaya Square, biker group, Sept 2025 02.jpg;https://commons.wikimedia.org/wiki/File%3AMoscow%2C_Paveletskaya_Square%2C_biker_group%2C_Sept_2025_02.jpg;Retired electrician;CC0;http://creativecommons.org/publicdomain/zero/1.0/deed.en;0
images/real/real_7ff920327e.jpg;Moscow_Paveletskaya_Square_biker_group_Sept_2025_03_741ce17f.jpg;File:Moscow, Paveletskaya Square, biker group, Sept 2025 03.jpg;https://commons.wikimedia.org/wiki/File%3AMoscow%2C_Paveletskaya_Square%2C_biker_group%2C_Sept_2025_03.jpg;Retired electrician;CC0;http://creativecommons.org/publicdomain/zero/1.0/deed.en;1
images/real/real_39ed73149b.jpg;Moscow_Paveletskaya_Square_closed_to_traffic_July_2025_090__0a7e8060.jpg;File:Moscow, Paveletskaya Square closed to traffic July 2025 (090).jpg;https://commons.wikimedia.org/wiki/File%3AMoscow%2C_Paveletskaya_Square_closed_to_traffic_July_2025_%28090%29.jpg;Retired electrician;CC0;http://creativecommons.org/publicdomain/zero/1.0/deed.en;0
images/real/real_5ca28dd949.jpg;Moscow_Paveletskaya_Square_tricycle_May_2026_01_a17c449b.jpg;File:Moscow, Paveletskaya Square, tricycle, May 2026 01.jpg;https://commons.wikimedia.org/wiki/File%3AMoscow%2C_Paveletskaya_Square%2C_tricycle%2C_May_2026_01.jpg;Retired electrician;CC0;http://creativecommons.org/publicdomain/zero/1.0/deed.en;1
images/real/real_85111742c9.jpg;Moscow_Pyatnitskaya_5_Belarus_82.1_tractor_as_sprinkler_July_2025_03_f61888df.jpg;File:Moscow, Pyatnitskaya 5, Belarus 82.1 tractor as sprinkler, July 2025 03.jpg;https://commons.wikimedia.org/wiki/File%3AMoscow%2C_Pyatnitskaya_5%2C_Belarus_82.1_tractor_as_sprinkler%2C_July_2025_03.jpg;Retired electrician;CC0;http://creativecommons.org/publicdomain/zero/1.0/deed.en;2
images/real/real_82d77185fb.jpg;Moscow_Renault_Logan_II_police_Sept_2025_01_51f08ded.jpg;File:Moscow, Renault Logan II police, Sept 2025 01.jpg;https://commons.wikimedia.org/wiki/File%3AMoscow%2C_Renault_Logan_II_police%2C_Sept_2025_01.jpg;Retired electrician;CC0;http://creativecommons.org/publicdomain/zero/1.0/deed.en;1
images/real/real_7d5f176d15.jpg;Moscow_Sadovnicheskaya_73_May_2022_12_87a1dab2.jpg;File:Moscow, Sadovnicheskaya 73 May 2022 12.jpg;https://commons.wikimedia.org/wiki/File%3AMoscow%2C_Sadovnicheskaya_73_May_2022_12.jpg;Retired electrician;CC0;http://creativecommons.org/publicdomain/zero/1.0/deed.en;0
images/real/real_e47846835c.jpg;Moscow_Skoda_Octavia_police_Aug_2025_01_d843fc61.jpg;File:Moscow, Skoda Octavia police, Aug 2025 01.jpg;https://commons.wikimedia.org/wiki/File%3AMoscow%2C_Skoda_Octavia_police%2C_Aug_2025_01.jpg;Retired electrician;CC0;http://creativecommons.org/publicdomain/zero/1.0/deed.en;2
images/real/real_7d7b850e68.jpg;Moscow_Suzuki_V-Strom_with_a_puppet_Aug_2026_03_ad0c21fa.jpg;File:Moscow, Suzuki V-Strom with a puppet, Aug 2026 03.jpg;https://commons.wikimedia.org/wiki/File%3AMoscow%2C_Suzuki_V-Strom_with_a_puppet%2C_Aug_2026_03.jpg;Retired electrician;CC0;http://creativecommons.org/publicdomain/zero/1.0/deed.en;0
images/real/real_5fabd5211b.jpg;Moscow_Taganka_cars_April_2025_09_ef5800d1.jpg;File:Moscow, Taganka, cars April 2025 09.jpg;https://commons.wikimedia.org/wiki/File%3AMoscow%2C_Taganka%2C_cars_April_2025_09.jpg;Retired electrician;CC0;http://creativecommons.org/publicdomain/zero/1.0/deed.en;4
images/real/real_b7e10cf5d9.jpg;Moscow_Triumph_motorcycle_04_DXO__d721ac90.jpg;File:Moscow, Triumph motorcycle 04(DXO).jpg;https://commons.wikimedia.org/wiki/File%3AMoscow%2C_Triumph_motorcycle_04%28DXO%29.jpg;Retired electrician;CC0;http://creativecommons.org/publicdomain/zero/1.0/deed.en;0
images/real/real_a08bd5aa66.jpg;Moscow_VW_Amarok_police_Sept_2025_01_ce235249.jpg;File:Moscow, VW Amarok police, Sept 2025 01.jpg;https://commons.wikimedia.org/wiki/File%3AMoscow%2C_VW_Amarok_police%2C_Sept_2025_01.jpg;Retired electrician;CC0;http://creativecommons.org/publicdomain/zero/1.0/deed.en;0
images/real/real_16332c51c0.jpg;Moscow_VW_Amarok_police_Sept_2025_02_7e3818ef.jpg;File:Moscow, VW Amarok police, Sept 2025 02.jpg;https://commons.wikimedia.org/wiki/File%3AMoscow%2C_VW_Amarok_police%2C_Sept_2025_02.jpg;Retired electrician;CC0;http://creativecommons.org/publicdomain/zero/1.0/deed.en;1
images/real/real_bfa6bc58b0.jpg;Moscow_VW_Amarok_police_Sept_2025_03_f8e88800.jpg;File:Moscow, VW Amarok police, Sept 2025 03.jpg;https://commons.wikimedia.org/wiki/File%3AMoscow%2C_VW_Amarok_police%2C_Sept_2025_03.jpg;Retired electrician;CC0;http://creativecommons.org/publicdomain/zero/1.0/deed.en;1
images/real/real_4434421c5a.jpg;Moscow_Voge_CU625_578cc_motorcycle_June_2026_04_0287ce71.jpg;File:Moscow, Voge CU625 (578cc) motorcycle, June 2026 04.jpg;https://commons.wikimedia.org/wiki/File%3AMoscow%2C_Voge_CU625_%28578cc%29_motorcycle%2C_June_2026_04.jpg;Retired electrician;CC0;http://creativecommons.org/publicdomain/zero/1.0/deed.en;0
images/real/real_9129a881c5.jpg;Moscow_Volkhonka_Belarus_82.1_sprinkler_tractor_Sept_2025_01_89d3e382.jpg;File:Moscow, Volkhonka, Belarus 82.1 sprinkler tractor, Sept 2025 01.jpg;https://commons.wikimedia.org/wiki/File%3AMoscow%2C_Volkhonka%2C_Belarus_82.1_sprinkler_tractor%2C_Sept_2025_01.jpg;Retired electrician;CC0;http://creativecommons.org/publicdomain/zero/1.0/deed.en;0
images/real/real_41bb09990f.jpg;Moscow_bike_season_open_May_2026_01_-_Royal_Enfield_club_ride_8c77305b.jpg;File:Moscow, bike season open, May 2026 01 - Royal Enfield club ride.jpg;https://commons.wikimedia.org/wiki/File%3AMoscow%2C_bike_season_open%2C_May_2026_01_-_Royal_Enfield_club_ride.jpg;Retired electrician;CC0;http://creativecommons.org/publicdomain/zero/1.0/deed.en;2
images/real/real_0490f6d5e4.jpg;Moscow_bike_season_open_May_2026_03_-_Royal_Enfield_club_ride_90869adf.jpg;File:Moscow, bike season open, May 2026 03 - Royal Enfield club ride.jpg;https://commons.wikimedia.org/wiki/File%3AMoscow%2C_bike_season_open%2C_May_2026_03_-_Royal_Enfield_club_ride.jpg;Retired electrician;CC0;http://creativecommons.org/publicdomain/zero/1.0/deed.en;1
images/real/real_f98e7b943e.jpg;Moscow_bike_season_open_May_2026_04_-_Royal_Enfield_club_ride_bcad5407.jpg;File:Moscow, bike season open, May 2026 04 - Royal Enfield club ride.jpg;https://commons.wikimedia.org/wiki/File%3AMoscow%2C_bike_season_open%2C_May_2026_04_-_Royal_Enfield_club_ride.jpg;Retired electrician;CC0;http://creativecommons.org/publicdomain/zero/1.0/deed.en;0
images/real/real_a4e7e49eb4.jpg;Moscow_bike_season_open_May_2026_05_-_Orange_Harley_c53b78a0.jpg;File:Moscow, bike season open, May 2026 05 - Orange Harley.jpg;https://commons.wikimedia.org/wiki/File%3AMoscow%2C_bike_season_open%2C_May_2026_05_-_Orange_Harley.jpg;Retired electrician;CC0;http://creativecommons.org/publicdomain/zero/1.0/deed.en;0
images/real/real_1fc8a54462.jpg;Moscow_car_show_2026-07-31_MAZ_racetrucks_08_f6568c83.jpg;File:Moscow car show 2026-07-31 MAZ racetrucks 08.jpg;https://commons.wikimedia.org/wiki/File%3AMoscow_car_show_2026-07-31_MAZ_racetrucks_08.jpg;Retired electrician;CC0;http://creativecommons.org/publicdomain/zero/1.0/deed.en;0
images/real/real_8c332b7599.jpg;Moscow_car_show_2026-07-31_MAZ_racetrucks_09_3e77a172.jpg;File:Moscow car show 2026-07-31 MAZ racetrucks 09.jpg;https://commons.wikimedia.org/wiki/File%3AMoscow_car_show_2026-07-31_MAZ_racetrucks_09.jpg;Retired electrician;CC0;http://creativecommons.org/publicdomain/zero/1.0/deed.en;2
images/real/real_fffddae2c6.jpg;Moscow_car_show_2026-08-01_Harley_red_02_879791be.jpg;File:Moscow car show 2026-08-01 Harley red 02.jpg;https://commons.wikimedia.org/wiki/File%3AMoscow_car_show_2026-08-01_Harley_red_02.jpg;Retired electrician;CC0;http://creativecommons.org/publicdomain/zero/1.0/deed.en;1
images/real/real_3962c809bf.jpg;Moscow_east_end_of_Kozhevnicheskaya_Street_30302701353__41bbf2b3.jpg;File:Moscow, east end of Kozhevnicheskaya Street (30302701353).jpg;https://commons.wikimedia.org/wiki/File%3AMoscow%2C_east_end_of_Kozhevnicheskaya_Street_%2830302701353%29.jpg;Gennady Grachev from Moscow, Russia;CC BY 2.0;https://creativecommons.org/licenses/by/2.0;0
images/real/real_b0174a3fcc.jpg;Moscow_historical_car_Volga_-_road_police_livery_1960-s_25817135414__e13cd3c2.jpg;File:Moscow historical car Volga - road police livery 1960-s (25817135414).jpg;https://commons.wikimedia.org/wiki/File%3AMoscow_historical_car_Volga_-_road_police_livery_1960-s_%2825817135414%29.jpg;Artem Svetlov from Moscow, Russia;CC BY 2.0;https://creativecommons.org/licenses/by/2.0;2
images/real/real_33cf0f7f50.jpg;Moscow_mobile_text_info_screen_July_2026_07_9cf04256.jpg;File:Moscow, mobile text info screen, July 2026 07.jpg;https://commons.wikimedia.org/wiki/File%3AMoscow%2C_mobile_text_info_screen%2C_July_2026_07.jpg;Retired electrician;CC0;http://creativecommons.org/publicdomain/zero/1.0/deed.en;3
images/real/real_a076ac6fcd.jpg;Moscow_respawn_point_overload_May_2026_10_e1c8185f.jpg;File:Moscow, respawn point overload, May 2026 10.jpg;https://commons.wikimedia.org/wiki/File%3AMoscow%2C_respawn_point_overload%2C_May_2026_10.jpg;Retired electrician;CC0;http://creativecommons.org/publicdomain/zero/1.0/deed.en;2
images/real/real_24af1374f9.jpg;Moscow_respawn_point_overload_May_2026_17_73a51817.jpg;File:Moscow, respawn point overload, May 2026 17.jpg;https://commons.wikimedia.org/wiki/File%3AMoscow%2C_respawn_point_overload%2C_May_2026_17.jpg;Retired electrician;CC0;http://creativecommons.org/publicdomain/zero/1.0/deed.en;2
images/real/real_affd1c749d.jpg;Moscow_respawn_point_overload_May_2026_18_ca81f96c.jpg;File:Moscow, respawn point overload, May 2026 18.jpg;https://commons.wikimedia.org/wiki/File%3AMoscow%2C_respawn_point_overload%2C_May_2026_18.jpg;Retired electrician;CC0;http://creativecommons.org/publicdomain/zero/1.0/deed.en;1
images/real/real_b709969b72.jpg;Moscow_respawn_point_overload_May_2026_19_3f54e7b5.jpg;File:Moscow, respawn point overload, May 2026 19.jpg;https://commons.wikimedia.org/wiki/File%3AMoscow%2C_respawn_point_overload%2C_May_2026_19.jpg;Retired electrician;CC0;http://creativecommons.org/publicdomain/zero/1.0/deed.en;0
images/real/real_b3c8ed45ef.jpg;Moscow_small_motorcycle_May_2026_01_85380877.jpg;File:Moscow, small motorcycle, May 2026 01.jpg;https://commons.wikimedia.org/wiki/File%3AMoscow%2C_small_motorcycle%2C_May_2026_01.jpg;Retired electrician;CC0;http://creativecommons.org/publicdomain/zero/1.0/deed.en;0
images/real/real_8bb4cd3973.jpg;Moscow_towing_motorcycle_with_a_MAN_TGL_tractor_Aug_2025_03_1962ef86.jpg;File:Moscow, towing motorcycle with a MAN TGL tractor, Aug 2025 03.jpg;https://commons.wikimedia.org/wiki/File%3AMoscow%2C_towing_motorcycle_with_a_MAN_TGL_tractor%2C_Aug_2025_03.jpg;Retired electrician;CC0;http://creativecommons.org/publicdomain/zero/1.0/deed.en;3
images/real/real_efe3ee5ea2.jpg;Moscow_white_Mustang_convertible_Aug_2025_01_138d8448.jpg;File:Moscow, white Mustang convertible, Aug 2025 01.jpg;https://commons.wikimedia.org/wiki/File%3AMoscow%2C_white_Mustang_convertible%2C_Aug_2025_01.jpg;Retired electrician;CC0;http://creativecommons.org/publicdomain/zero/1.0/deed.en;0
images/real/real_eb0629a966.jpg;Moscow_white_Mustang_convertible_Aug_2025_02_709401cb.jpg;File:Moscow, white Mustang convertible, Aug 2025 02.jpg;https://commons.wikimedia.org/wiki/File%3AMoscow%2C_white_Mustang_convertible%2C_Aug_2025_02.jpg;Retired electrician;CC0;http://creativecommons.org/publicdomain/zero/1.0/deed.en;0
images/real/real_8962c23da1.jpg;Moskvitch-412_in_Lviv_3d1ee1f4.jpg;File:Moskvitch-412 in Lviv.jpg;https://commons.wikimedia.org/wiki/File%3AMoskvitch-412_in_Lviv.jpg;Robert von Oliva (naruciakk);CC0;http://creativecommons.org/publicdomain/zero/1.0/deed.en;0
images/real/real_ac81190dda.jpg;Nissan_200sx_Unsplash__950fe2f7.jpg;File:Nissan 200sx (Unsplash).jpg;https://commons.wikimedia.org/wiki/File%3ANissan_200sx_%28Unsplash%29.jpg;Vlad Grebenyev grebenyev;CC0;http://creativecommons.org/publicdomain/zero/1.0/deed.en;1
images/real/real_67c54da2b4.jpg;Nissan_Qashqai_from_Belarus_bed8624f.jpg;File:Nissan Qashqai from Belarus.jpg;https://commons.wikimedia.org/wiki/File%3ANissan_Qashqai_from_Belarus.jpg;Rutger van der Maar;CC BY 2.0;https://creativecommons.org/licenses/by/2.0;0
images/real/real_7bb5e68896.jpg;Odesa_auto_7_f527b684.jpg;File:Odesa auto 7.jpg;https://commons.wikimedia.org/wiki/File%3AOdesa_auto_7.jpg;Zinnsoldat;CC BY-SA 4.0;https://creativecommons.org/licenses/by-sa/4.0;0
images/real/real_d4e5ab9544.jpg;Old_Ukraine_license_plate_in_FL_de2012cc.jpg;File:Old Ukraine license plate in FL.jpg;https://commons.wikimedia.org/wiki/File%3AOld_Ukraine_license_plate_in_FL.jpg;Walser123;CC BY-SA 4.0;https://creativecommons.org/licenses/by-sa/4.0;0
images/real/real_1ffb9b8148.jpg;Old_maz._Dnipro_ada2fda5.jpg;File:Old maz. Dnipro.jpg;https://commons.wikimedia.org/wiki/File%3AOld_maz._Dnipro.jpg;Alex Blokha;CC BY-SA 4.0;https://creativecommons.org/licenses/by-sa/4.0;1
images/real/real_007e256025.jpg;Parad2014NN-07_3ad07c6e.jpg;File:Parad2014NN-07.jpg;https://commons.wikimedia.org/wiki/File%3AParad2014NN-07.jpg;Vitaly V. Kuzmin;CC BY-SA 4.0;https://creativecommons.org/licenses/by-sa/4.0;5
images/real/real_29b8e99968.jpg;Parad2014NN-31_55c4617d.jpg;File:Parad2014NN-31.jpg;https://commons.wikimedia.org/wiki/File%3AParad2014NN-31.jpg;Vitaly V. Kuzmin;CC BY-SA 4.0;https://creativecommons.org/licenses/by-sa/4.0;10
images/real/real_c6faf71d30.jpg;Parad2014NN-32_727b6160.jpg;File:Parad2014NN-32.jpg;https://commons.wikimedia.org/wiki/File%3AParad2014NN-32.jpg;Vitaly V. Kuzmin;CC BY-SA 4.0;https://creativecommons.org/licenses/by-sa/4.0;39
images/real/real_bf396f0587.jpg;Parad2014NN-35_3160763b.jpg;File:Parad2014NN-35.jpg;https://commons.wikimedia.org/wiki/File%3AParad2014NN-35.jpg;Vitaly V. Kuzmin;CC BY-SA 4.0;https://creativecommons.org/licenses/by-sa/4.0;31
images/real/real_05f9b27f6f.jpg;Parad2014NN-37_ccb9e1bb.jpg;File:Parad2014NN-37.jpg;https://commons.wikimedia.org/wiki/File%3AParad2014NN-37.jpg;Vitaly V. Kuzmin;CC BY-SA 4.0;https://creativecommons.org/licenses/by-sa/4.0;23
images/real/real_bdc2793fe8.jpg;Planovaya_street_Novosibirsk_01_1f18c884.jpg;File:Planovaya street, Novosibirsk 01.jpg;https://commons.wikimedia.org/wiki/File%3APlanovaya_street%2C_Novosibirsk_01.jpg;К.Артём.1;CC BY-SA 4.0;https://creativecommons.org/licenses/by-sa/4.0;0
images/real/real_728a23d020.jpg;Plenty_of_bikes_6066239764__c2889719.jpg;File:Plenty of bikes (6066239764).jpg;https://commons.wikimedia.org/wiki/File%3APlenty_of_bikes_%286066239764%29.jpg;Andrew Kudrin from Novosibirsk, Russia;CC BY 2.0;https://creativecommons.org/licenses/by/2.0;2
images/real/real_f23b4dc6e1.jpg;Police_Car_in_SPB_02_b0659800.jpg;File:Police Car in SPB 02.jpg;https://commons.wikimedia.org/wiki/File%3APolice_Car_in_SPB_02.jpg;Florstein (Telegram:WikiPhoto.Space);CC BY-SA 4.0;https://creativecommons.org/licenses/by-sa/4.0;2
images/real/real_4157d4f13f.jpg;Police_car_in_Minsk_Belarus_190915_2_144b9b54.jpg;File:Police car in Minsk, Belarus 190915 2.jpg;https://commons.wikimedia.org/wiki/File%3APolice_car_in_Minsk%2C_Belarus_190915_2.jpg;Homoatrox;CC BY-SA 4.0;https://creativecommons.org/licenses/by-sa/4.0;1
images/real/real_81555acd4d.jpg;Polish_Border_Guard_at_Polish-Russian_state_border_938deac6.jpg;File:Polish Border Guard at Polish-Russian state border.jpg;https://commons.wikimedia.org/wiki/File%3APolish_Border_Guard_at_Polish-Russian_state_border.jpg;LukaszKatlewa;CC BY-SA 4.0;https://creativecommons.org/licenses/by-sa/4.0;0
images/real/real_365644a576.jpg;RE1-86GwGBc_471c0f57.jpg;File:RE1-86GwGBc.jpg;https://commons.wikimedia.org/wiki/File%3ARE1-86GwGBc.jpg;Aleksandr434343;CC BY-SA 4.0;https://creativecommons.org/licenses/by-sa/4.0;0
images/real/real_6079176460.jpg;Ramenki_District_Moscow_Russia_-_panoramio_91__a0dbb3bf.jpg;File:Ramenki District, Moscow, Russia - panoramio (91).jpg;https://commons.wikimedia.org/wiki/File%3ARamenki_District%2C_Moscow%2C_Russia_-_panoramio_%2891%29.jpg;Максим Улитин;CC BY 3.0;https://creativecommons.org/licenses/by/3.0;10
images/real/real_0daaac03c4.jpg;Retro-Minsk_2009_a6abfb7f.jpg;File:Retro-Minsk 2009.jpg;https://commons.wikimedia.org/wiki/File%3ARetro-Minsk_2009.jpg;Филиппов Сергей;CC BY-SA 3.0;https://creativecommons.org/licenses/by-sa/3.0;2
images/real/real_bd0b31da96.jpg;Retro-Minsk_2010_d4cc37ca.jpg;File:Retro-Minsk 2010.jpg;https://commons.wikimedia.org/wiki/File%3ARetro-Minsk_2010.jpg;Филиппов Сергей;CC BY-SA 3.0;https://creativecommons.org/licenses/by-sa/3.0;1
images/real/real_5509e60a35.jpg;Russia_2822_4123872343__434648ea.jpg;File:Russia 2822 (4123872343).jpg;https://commons.wikimedia.org/wiki/File%3ARussia_2822_%284123872343%29.jpg;Dennis G. Jarvis;CC BY-SA 2.0;https://creativecommons.org/licenses/by-sa/2.0;2
images/real/real_76973b92f4.jpg;Russia_police_car_01_9e70a266.jpg;File:Russia police car 01.JPG;https://commons.wikimedia.org/wiki/File%3ARussia_police_car_01.JPG;Dickelbers;CC BY-SA 3.0;https://creativecommons.org/licenses/by-sa/3.0;2
images/real/real_0a767883fe.jpg;Russia_police_car_03_93af58ef.jpg;File:Russia police car 03.JPG;https://commons.wikimedia.org/wiki/File%3ARussia_police_car_03.JPG;Dickelbers;CC BY-SA 3.0;https://creativecommons.org/licenses/by-sa/3.0;1
images/real/real_d12f7cf62a.jpg;Russia_police_car_05_12d16580.jpg;File:Russia police car 05.JPG;https://commons.wikimedia.org/wiki/File%3ARussia_police_car_05.JPG;Dickelbers;CC BY-SA 3.0;https://creativecommons.org/licenses/by-sa/3.0;1
images/real/real_7f59eb37d9.jpg;Russia_police_car_11_958dc7a9.jpg;File:Russia police car 11.JPG;https://commons.wikimedia.org/wiki/File%3ARussia_police_car_11.JPG;Dickelbers;CC BY-SA 3.0;https://creativecommons.org/licenses/by-sa/3.0;0
images/real/real_3f64b862f5.jpg;Russia_v_Slovakia_2016-06-15_1_21b13abd.jpg;File:Russia v Slovakia (2016-06-15) 1.jpg;https://commons.wikimedia.org/wiki/File%3ARussia_v_Slovakia_%282016-06-15%29_1.jpg;Supporterhéninois;CC0;http://creativecommons.org/publicdomain/zero/1.0/deed.en;2
images/real/real_bf61bb138c.jpg;Russian_police_car_12_0d2e9317.jpg;File:Russian police car 12.JPG;https://commons.wikimedia.org/wiki/File%3ARussian_police_car_12.JPG;Dickelbers;CC BY-SA 3.0;https://creativecommons.org/licenses/by-sa/3.0;0
images/real/real_f66bf402b1.jpg;SLAVUTA_F_cc6f3d04.jpg;File:SLAVUTA F.JPG;https://commons.wikimedia.org/wiki/File%3ASLAVUTA_F.JPG;On tour;CC BY-SA 3.0;https://creativecommons.org/licenses/by-sa/3.0;1
images/real/real_ce7c0d53c2.jpg;Soviet-Era_Automobile_-_Podil_District_-_Poltava_-_Ukraine_42920317105__08c64f29.jpg;File:Soviet-Era Automobile - Podil District - Poltava - Ukraine (42920317105).jpg;https://commons.wikimedia.org/wiki/File%3ASoviet-Era_Automobile_-_Podil_District_-_Poltava_-_Ukraine_%2842920317105%29.jpg;Adam Jones from Kelowna, BC, Canada;CC BY-SA 2.0;https://creativecommons.org/licenses/by-sa/2.0;1
images/real/real_73a5df40d4.jpg;Speedy_Niva_6c73fa3a.jpg;File:Speedy Niva.JPG;https://commons.wikimedia.org/wiki/File%3ASpeedy_Niva.JPG;Victor Vizu;CC BY-SA 3.0;https://creativecommons.org/licenses/by-sa/3.0;3
images/real/real_b161795e7a.jpg;St._Petersburg_-_Police_Car_32d25766.jpg;File:St. Petersburg - Police Car.jpg;https://commons.wikimedia.org/wiki/File%3ASt._Petersburg_-_Police_Car.jpg;Roger W;CC BY-SA 2.0;https://creativecommons.org/licenses/by-sa/2.0;0
images/real/real_fc9730c18f.jpg;State_Border_Guard_Service_of_Ukraine_10th_Mobile_Detachment_Kozak_armored_vehic_8e19e851.jpg;File:State Border Guard Service of Ukraine 10th Mobile Detachment Kozak armored vehicle.jpg;https://commons.wikimedia.org/wiki/File%3AState_Border_Guard_Service_of_Ukraine_10th_Mobile_Detachment_Kozak_armored_vehicle.jpg;U.S. Embassy Kyiv Ukraine;Public domain;;3
images/real/real_9e471ae41c.jpg;Stiopa-Moskwicz_408_7f90c0b2.jpg;File:Stiopa-Moskwicz 408.jpg;https://commons.wikimedia.org/wiki/File%3AStiopa-Moskwicz_408.jpg;Stiopa;CC BY-SA 4.0;https://creativecommons.org/licenses/by-sa/4.0;0
images/real/real_76e80e2ecf.jpg;Strateto_Voro_ilov_en_Zavodoukovsko_c89badc8.jpg;File:Strateto Voroŝilov en Zavodoukovsko.jpg;https://commons.wikimedia.org/wiki/File%3AStrateto_Voro%C5%9Dilov_en_Zavodoukovsko.jpg;RG72;CC BY-SA 4.0;https://creativecommons.org/licenses/by-sa/4.0;0
images/real/real_d3ce712cb1.jpg;Strato_Solne_nij_Tjumeno_02_f55669ed.jpg;File:Strato Solneĉnij (Tjumeno) 02.jpg;https://commons.wikimedia.org/wiki/File%3AStrato_Solne%C4%89nij_%28Tjumeno%29_02.jpg;RG72;CC BY 4.0;https://creativecommons.org/licenses/by/4.0;1
images/real/real_937a4e6f66.jpg;Tacoma_Back_To_The_Future_40bbfcd1.jpg;File:Tacoma Back To The Future.jpg;https://commons.wikimedia.org/wiki/File%3ATacoma_Back_To_The_Future.jpg;DestinationFearFan;CC BY-SA 4.0;https://creativecommons.org/licenses/by-sa/4.0;0
images/real/real_760dba04ad.jpg;Tesla_car_with_EV_plates_charging_in_Minsk_6c4860e4.jpg;File:Tesla car with EV plates charging in Minsk.jpg;https://commons.wikimedia.org/wiki/File%3ATesla_car_with_EV_plates_charging_in_Minsk.jpg;Homoatrox;CC BY-SA 3.0;https://creativecommons.org/licenses/by-sa/3.0;0
images/real/real_882464e19e.jpg;Toyota_Grand_Highlander_AS10_Washington_DC_Metro_Area_USA_1__415341f6.jpg;File:Toyota Grand Highlander (AS10) Washington DC Metro Area, USA (1).jpg;https://commons.wikimedia.org/wiki/File%3AToyota_Grand_Highlander_%28AS10%29_Washington_DC_Metro_Area%2C_USA_%281%29.jpg;OWS Photography;CC BY 4.0;https://creativecommons.org/licenses/by/4.0;0
images/real/real_4358d8cb3b.jpg;Tractor_with_trailer_bc94481c.jpg;File:Tractor with trailer.JPG;https://commons.wikimedia.org/wiki/File%3ATractor_with_trailer.JPG;Сидик из ПТУ;CC BY-SA 4.0;https://creativecommons.org/licenses/by-sa/4.0;0
images/real/real_9b8deda7e0.jpg;Traffic_jam_at_the_exit_from_Vladikavkaz_during_the_September_2022_mobilization__450a43d5.jpg;File:Traffic jam at the exit from Vladikavkaz during the September 2022 mobilization wave 02.jpg;https://commons.wikimedia.org/wiki/File%3ATraffic_jam_at_the_exit_from_Vladikavkaz_during_the_September_2022_mobilization_wave_02.jpg;FingerWiki;CC BY-SA 4.0;https://creativecommons.org/licenses/by-sa/4.0;6
images/real/real_4c3f801501.jpg;Traffic_jam_at_the_exit_from_Vladikavkaz_during_the_September_2022_mobilization__8f530586.jpg;File:Traffic jam at the exit from Vladikavkaz during the September 2022 mobilization wave 01.jpg;https://commons.wikimedia.org/wiki/File%3ATraffic_jam_at_the_exit_from_Vladikavkaz_during_the_September_2022_mobilization_wave_01.jpg;FingerWiki;CC BY-SA 4.0;https://creativecommons.org/licenses/by-sa/4.0;5
images/real/real_2fd310f3b8.jpg;Trostianec_-_Round_Yard_with_old_cars_9950aaa1.jpg;File:Trostianec - Round Yard with old cars.jpg;https://commons.wikimedia.org/wiki/File%3ATrostianec_-_Round_Yard_with_old_cars.jpg;Віктор Полянко;CC BY-SA 4.0;https://creativecommons.org/licenses/by-sa/4.0;3
images/real/real_bd6f5d48d4.jpg;Truckstop_with_Police_Caravan_Kazakhstan_Sept_2002_3554323909__fc2938fe.jpg;File:Truckstop with Police Caravan, Kazakhstan Sept 2002 (3554323909).jpg;https://commons.wikimedia.org/wiki/File%3ATruckstop_with_Police_Caravan%2C_Kazakhstan_Sept_2002_%283554323909%29.jpg;Felix O;CC BY-SA 2.0;https://creativecommons.org/licenses/by-sa/2.0;0
images/real/real_1b19b13d18.jpg;Typical_Chinese_car_in_Minsk_ee4b229c.jpg;File:Typical Chinese car in Minsk.jpg;https://commons.wikimedia.org/wiki/File%3ATypical_Chinese_car_in_Minsk.jpg;Ritzo ten Cate;CC BY-SA 2.0;https://creativecommons.org/licenses/by-sa/2.0;0
images/real/real_d98d558b6c.jpg;UAZ-452_in_Florange_France_1__f0c62fff.jpg;File:UAZ-452 in Florange, France (1).jpg;https://commons.wikimedia.org/wiki/File%3AUAZ-452_in_Florange%2C_France_%281%29.jpg;2538O;CC0;http://creativecommons.org/publicdomain/zero/1.0/deed.en;0
images/real/real_1d21ea8f24.jpg;UAZ-469_handcraft_modification_Minsk_Belarus_1_5d5c8129.jpg;File:UAZ-469 handcraft modification (Minsk, Belarus) 1.jpg;https://commons.wikimedia.org/wiki/File%3AUAZ-469_handcraft_modification_%28Minsk%2C_Belarus%29_1.jpg;Homoatrox;CC BY-SA 4.0;https://creativecommons.org/licenses/by-sa/4.0;0
images/real/real_4a77325c7a.jpg;UAZ-469_handcraft_modification_Minsk_Belarus_2_d13c732e.jpg;File:UAZ-469 handcraft modification (Minsk, Belarus) 2.jpg;https://commons.wikimedia.org/wiki/File%3AUAZ-469_handcraft_modification_%28Minsk%2C_Belarus%29_2.jpg;Homoatrox;CC BY-SA 4.0;https://creativecommons.org/licenses/by-sa/4.0;1
images/real/real_420b17ce88.jpg;UAZ_with_kvas_barrels_in_Barnaul_e556b55d.jpg;File:UAZ with kvas barrels in Barnaul.JPG;https://commons.wikimedia.org/wiki/File%3AUAZ_with_kvas_barrels_in_Barnaul.JPG;Ilya Plekhanov;CC BY-SA 4.0;https://creativecommons.org/licenses/by-sa/4.0;2
images/real/real_24774aba14.jpg;Ukraine_license_plate_AT7548CT_391e70e2.jpg;File:Ukraine license plate AT7548CT.jpg;https://commons.wikimedia.org/wiki/File%3AUkraine_license_plate_AT7548CT.jpg;Matej Grochal;CC BY-SA 4.0;https://creativecommons.org/licenses/by-sa/4.0;0
images/real/real_9e6797045f.jpg;Ukraine_license_plate_on_a_Citro_n_C5_in_Azay-le-Rideau_France_bc35f48b.jpg;File:Ukraine license plate on a Citroën C5 in Azay-le-Rideau, France.jpg;https://commons.wikimedia.org/wiki/File%3AUkraine_license_plate_on_a_Citro%C3%ABn_C5_in_Azay-le-Rideau%2C_France.jpg;2538O;CC0;http://creativecommons.org/publicdomain/zero/1.0/deed.en;0
images/real/real_a63d5b69e8.jpg;Ukrainian_BM-21_Grad_Bastion-02_in_Kyiv_Ukraine_on_22_of_August_2014_IMG_7655_04_389ddedf.jpg;File:Ukrainian BM-21 Grad Bastion-02 in Kyiv, Ukraine on 22 of August, 2014 IMG 7655 04.jpg;https://commons.wikimedia.org/wiki/File%3AUkrainian_BM-21_Grad_Bastion-02_in_Kyiv%2C_Ukraine_on_22_of_August%2C_2014_IMG_7655_04.jpg;Nickispeaki;CC BY-SA 4.0;https://creativecommons.org/licenses/by-sa/4.0;7
images/real/real_5d134ebfc3.jpg;Ukrainian_BM-27_Uragan_8d039d2b.jpg;File:Ukrainian BM-27 Uragan.JPG;https://commons.wikimedia.org/wiki/File%3AUkrainian_BM-27_Uragan.JPG;Olena Vashchenko;CC BY 3.0;https://creativecommons.org/licenses/by/3.0;4
images/real/real_0ba00befd7.jpg;Ulan_District_070000_Kazakhstan_-_panoramio_2__5bd44ab0.jpg;File:Ulan District, 070000, Kazakhstan - panoramio (2).jpg;https://commons.wikimedia.org/wiki/File%3AUlan_District%2C_070000%2C_Kazakhstan_-_panoramio_%282%29.jpg;Михаил Сычёв;CC BY 3.0;https://creativecommons.org/licenses/by/3.0;0
images/real/real_ca5dd6074f.jpg;Ural-4320-trailer-Russian_Army_d1fc710d.jpg;File:Ural-4320-trailer-Russian Army.jpg;https://commons.wikimedia.org/wiki/File%3AUral-4320-trailer-Russian_Army.jpg;Stanislav Kozlovskiy;CC BY-SA 3.0;https://creativecommons.org/licenses/by-sa/3.0;0
images/real/real_eac4ddf039.jpg;Ural-43203_as_a_police_car_in_Russia_6392d462.jpg;File:Ural-43203 as a police car in Russia.jpg;https://commons.wikimedia.org/wiki/File%3AUral-43203_as_a_police_car_in_Russia.jpg;Tony Abramov from Moscow, Russia;CC BY-SA 2.0;https://creativecommons.org/licenses/by-sa/2.0;0
images/real/real_74eed8203e.jpg;Ural-43206_Koryazhma_b0a8e384.jpg;File:Ural-43206, Koryazhma.jpg;https://commons.wikimedia.org/wiki/File%3AUral-43206%2C_Koryazhma.jpg;Georg Pik;CC0;http://creativecommons.org/publicdomain/zero/1.0/deed.en;9
images/real/real_d71eb28122.jpg;VAZ-2106_police_car_in_Saint_Petersburg_Russia_659610e2.jpg;File:VAZ-2106 police car in Saint Petersburg, Russia.jpg;https://commons.wikimedia.org/wiki/File%3AVAZ-2106_police_car_in_Saint_Petersburg%2C_Russia.jpg;Jennifer Boyer (Anosmia) Flickr user page;CC BY 2.0;https://creativecommons.org/licenses/by/2.0;1
images/real/real_4c0b9ad4a7.jpg;VW_ID.3_Almaty_P1180213__0bb81641.jpg;File:VW ID.3, Almaty (P1180213).jpg;https://commons.wikimedia.org/wiki/File%3AVW_ID.3%2C_Almaty_%28P1180213%29.jpg;Matti Blume;CC BY-SA 4.0;https://creativecommons.org/licenses/by-sa/4.0/deed.en;0
images/real/real_0f3acbf8b9.jpg;VW_Polo_CK_Almaty_LRM_20240331_130451__295b9ea4.jpg;File:VW Polo CK, Almaty (LRM 20240331 130451).jpg;https://commons.wikimedia.org/wiki/File%3AVW_Polo_CK%2C_Almaty_%28LRM_20240331_130451%29.jpg;Matti Blume;CC BY-SA 4.0;https://creativecommons.org/licenses/by-sa/4.0/deed.en;0
images/real/real_7f14a9de5a.jpg;VW_Teramont_R-Line_Almaty_P1180145__721c8323.jpg;File:VW Teramont R-Line, Almaty (P1180145).jpg;https://commons.wikimedia.org/wiki/File%3AVW_Teramont_R-Line%2C_Almaty_%28P1180145%29.jpg;Matti Blume;CC BY-SA 4.0;https://creativecommons.org/licenses/by-sa/4.0/deed.en;1
images/real/real_9f07b6f953.jpg;V_hicule_officiel_des_JO_2024_fef2c20a.jpg;File:Véhicule officiel des JO 2024.jpg;https://commons.wikimedia.org/wiki/File%3AV%C3%A9hicule_officiel_des_JO_2024.jpg;Simon Pléau;CC BY 4.0;https://creativecommons.org/licenses/by/4.0;3
images/real/real_4629978f24.jpg;Vai_auto_01__d90fa00d.jpg;File:Vai auto (01).jpg;https://commons.wikimedia.org/wiki/File%3AVai_auto_%2801%29.jpg;Georg Pik;CC0;http://creativecommons.org/publicdomain/zero/1.0/deed.en;0
images/real/real_0a502131c2.jpg;Wartburg_car_in_Minsk_Belarus_319fb441.jpg;File:Wartburg car in Minsk, Belarus.jpg;https://commons.wikimedia.org/wiki/File%3AWartburg_car_in_Minsk%2C_Belarus.jpg;Homoatrox;CC BY-SA 3.0;https://creativecommons.org/licenses/by-sa/3.0;0
images/real/real_80a981da92.jpg;White-red-white_license_plate_of_BY_993a14a0.jpg;File:White-red-white license plate of BY.jpg;https://commons.wikimedia.org/wiki/File%3AWhite-red-white_license_plate_of_BY.jpg;Julo;CC BY-SA 4.0;https://creativecommons.org/licenses/by-sa/4.0;0
images/real/real_32da7e590e.jpg;Zastava_2024_-_Toyota_-_02_a1595b72.jpg;File:Zastava 2024 - Toyota - 02.jpg;https://commons.wikimedia.org/wiki/File%3AZastava_2024_-_Toyota_-_02.jpg;Srđan Popović;CC BY-SA 4.0;https://creativecommons.org/licenses/by-sa/4.0;1
images/real/real_10aa129743.jpg;Zeekr_Almaly_Almaty_P1180230__27852647.jpg;File:Zeekr, Almaly, Almaty (P1180230).jpg;https://commons.wikimedia.org/wiki/File%3AZeekr%2C_Almaly%2C_Almaty_%28P1180230%29.jpg;Matti Blume;CC BY-SA 4.0;https://creativecommons.org/licenses/by-sa/4.0/deed.en;0
images/real/real_1dc959344a.jpg;_-21.__2900c366.jpg;File:Розовый ГАЗ-21. Вид спереди.jpg;https://commons.wikimedia.org/wiki/File%3A%D0%A0%D0%BE%D0%B7%D0%BE%D0%B2%D1%8B%D0%B9_%D0%93%D0%90%D0%97-21._%D0%92%D0%B8%D0%B4_%D1%81%D0%BF%D0%B5%D1%80%D0%B5%D0%B4%D0%B8.jpg;Денис Марков;CC BY-SA 2.5;https://creativecommons.org/licenses/by-sa/2.5;1
images/real/real_cedfb143be.jpg;_-2125_708a2c8e.jpg;File:Шыганак, Иж-2125.jpg;https://commons.wikimedia.org/wiki/File%3A%D0%A8%D1%8B%D0%B3%D0%B0%D0%BD%D0%B0%D0%BA%2C_%D0%98%D0%B6-2125.jpg;Nikolai Bulykin;CC BY-SA 4.0;https://creativecommons.org/licenses/by-sa/4.0;0
images/real/real_54abfe48ef.jpg;_-2140_1__20413748.jpg;File:Боктер, АЗЛК-2140 (1).jpg;https://commons.wikimedia.org/wiki/File%3A%D0%91%D0%BE%D0%BA%D1%82%D0%B5%D1%80%2C_%D0%90%D0%97%D0%9B%D0%9A-2140_%281%29.jpg;Nikolai Bulykin;CC BY-SA 4.0;https://creativecommons.org/licenses/by-sa/4.0;0
images/real/real_b1b3013994.jpg;_-2140_2__227b571b.jpg;File:Боктер, АЗЛК-2140 (2).jpg;https://commons.wikimedia.org/wiki/File%3A%D0%91%D0%BE%D0%BA%D1%82%D0%B5%D1%80%2C_%D0%90%D0%97%D0%9B%D0%9A-2140_%282%29.jpg;Nikolai Bulykin;CC BY-SA 4.0;https://creativecommons.org/licenses/by-sa/4.0;0
images/real/real_617c8e4ef8.jpg;_-21__995894ca.jpg;File:Астана, ГАЗ-21 на Сатпаева.jpg;https://commons.wikimedia.org/wiki/File%3A%D0%90%D1%81%D1%82%D0%B0%D0%BD%D0%B0%2C_%D0%93%D0%90%D0%97-21_%D0%BD%D0%B0_%D0%A1%D0%B0%D1%82%D0%BF%D0%B0%D0%B5%D0%B2%D0%B0.jpg;Nikolai Bulykin;CC BY-SA 4.0;https://creativecommons.org/licenses/by-sa/4.0;3
images/real/real_dc624b6136.jpg;_-3151_1_ad0bd5a8.jpg;File:УАЗ-3151 Хабаровск ф1.JPG;https://commons.wikimedia.org/wiki/File%3A%D0%A3%D0%90%D0%97-3151_%D0%A5%D0%B0%D0%B1%D0%B0%D1%80%D0%BE%D0%B2%D1%81%D0%BA_%D1%841.JPG;Andshel;CC BY-SA 4.0;https://creativecommons.org/licenses/by-sa/4.0;1
images/real/real_cff922fd07.jpg;_-3151_2_f5ff1968.jpg;File:УАЗ-3151 Хабаровск ф2.JPG;https://commons.wikimedia.org/wiki/File%3A%D0%A3%D0%90%D0%97-3151_%D0%A5%D0%B0%D0%B1%D0%B0%D1%80%D0%BE%D0%B2%D1%81%D0%BA_%D1%842.JPG;Andshel;CC BY-SA 4.0;https://creativecommons.org/licenses/by-sa/4.0;2
images/real/real_7e25106323.jpg;_-3151_4_8951426b.jpg;File:УАЗ-3151 Хабаровск ф4.JPG;https://commons.wikimedia.org/wiki/File%3A%D0%A3%D0%90%D0%97-3151_%D0%A5%D0%B0%D0%B1%D0%B0%D1%80%D0%BE%D0%B2%D1%81%D0%BA_%D1%844.JPG;Andshel;CC BY-SA 4.0;https://creativecommons.org/licenses/by-sa/4.0;4
images/real/real_819a566c38.jpg;_-3151_5_f2052729.jpg;File:УАЗ-3151 Хабаровск ф5.JPG;https://commons.wikimedia.org/wiki/File%3A%D0%A3%D0%90%D0%97-3151_%D0%A5%D0%B0%D0%B1%D0%B0%D1%80%D0%BE%D0%B2%D1%81%D0%BA_%D1%845.JPG;Andshel;CC BY-SA 4.0;https://creativecommons.org/licenses/by-sa/4.0;2
images/real/real_6aa1682de7.jpg;_-3151_6_d4ace77a.jpg;File:УАЗ-3151 Хабаровск ф6.JPG;https://commons.wikimedia.org/wiki/File%3A%D0%A3%D0%90%D0%97-3151_%D0%A5%D0%B0%D0%B1%D0%B0%D1%80%D0%BE%D0%B2%D1%81%D0%BA_%D1%846.JPG;Andshel;CC BY-SA 4.0;https://creativecommons.org/licenses/by-sa/4.0;4
images/real/real_3a0dea3fcf.jpg;_-3151__56ddc10e.jpg;File:УАЗ-3151 Восточный военный округ.JPG;https://commons.wikimedia.org/wiki/File%3A%D0%A3%D0%90%D0%97-3151_%D0%92%D0%BE%D1%81%D1%82%D0%BE%D1%87%D0%BD%D1%8B%D0%B9_%D0%B2%D0%BE%D0%B5%D0%BD%D0%BD%D1%8B%D0%B9_%D0%BE%D0%BA%D1%80%D1%83%D0%B3.JPG;Andshel;CC BY-SA 3.0;https://creativecommons.org/licenses/by-sa/3.0;7
images/real/real_25f2dec343.jpg;_-412_8_5_9514adcd.jpg;File:Байконур, Москвич-412 во дворе 8 Марта 5.jpg;https://commons.wikimedia.org/wiki/File%3A%D0%91%D0%B0%D0%B9%D0%BA%D0%BE%D0%BD%D1%83%D1%80%2C_%D0%9C%D0%BE%D1%81%D0%BA%D0%B2%D0%B8%D1%87-412_%D0%B2%D0%BE_%D0%B4%D0%B2%D0%BE%D1%80%D0%B5_8_%D0%9C%D0%B0%D1%80%D1%82%D0%B0_5.jpg;Nikolai Bulykin;CC BY-SA 4.0;https://creativecommons.org/licenses/by-sa/4.0;0
images/real/real_ab8ec5874b.jpg;_-452_8_1_a6d9c0be.jpg;File:Байконур, УАЗ-452 во дворе 8 Марта 1.jpg;https://commons.wikimedia.org/wiki/File%3A%D0%91%D0%B0%D0%B9%D0%BA%D0%BE%D0%BD%D1%83%D1%80%2C_%D0%A3%D0%90%D0%97-452_%D0%B2%D0%BE_%D0%B4%D0%B2%D0%BE%D1%80%D0%B5_8_%D0%9C%D0%B0%D1%80%D1%82%D0%B0_1.jpg;Nikolai Bulykin;CC BY-SA 4.0;https://creativecommons.org/licenses/by-sa/4.0;0
images/real/real_94624e308b.jpg;_-469_2__39b89262.jpg;File:Балхаш, УАЗ-469 на Агыбай батыра (2).jpg;https://commons.wikimedia.org/wiki/File%3A%D0%91%D0%B0%D0%BB%D1%85%D0%B0%D1%88%2C_%D0%A3%D0%90%D0%97-469_%D0%BD%D0%B0_%D0%90%D0%B3%D1%8B%D0%B1%D0%B0%D0%B9_%D0%B1%D0%B0%D1%82%D1%8B%D1%80%D0%B0_%282%29.jpg;Nikolai Bulykin;CC BY-SA 4.0;https://creativecommons.org/licenses/by-sa/4.0;4
images/real/real_3845c009c7.jpg;_-_-20_2__9728fc69.jpg;File:Конаев, музей ретро-автомобилей, ГАЗ М-20 (2).jpg;https://commons.wikimedia.org/wiki/File%3A%D0%9A%D0%BE%D0%BD%D0%B0%D0%B5%D0%B2%2C_%D0%BC%D1%83%D0%B7%D0%B5%D0%B9_%D1%80%D0%B5%D1%82%D1%80%D0%BE-%D0%B0%D0%B2%D1%82%D0%BE%D0%BC%D0%BE%D0%B1%D0%B8%D0%BB%D0%B5%D0%B9%2C_%D0%93%D0%90%D0%97_%D0%9C-20_%282%29.jpg;Nikolai Bulykin;CC BY-SA 4.0;https://creativecommons.org/licenses/by-sa/4.0;0
images/real/real_a1ee3e7e9a.jpg;_-_-3110_4c134239.jpg;File:Конаев, музей ретро-автомобилей, ГАЗ-3110.jpg;https://commons.wikimedia.org/wiki/File%3A%D0%9A%D0%BE%D0%BD%D0%B0%D0%B5%D0%B2%2C_%D0%BC%D1%83%D0%B7%D0%B5%D0%B9_%D1%80%D0%B5%D1%82%D1%80%D0%BE-%D0%B0%D0%B2%D1%82%D0%BE%D0%BC%D0%BE%D0%B1%D0%B8%D0%BB%D0%B5%D0%B9%2C_%D0%93%D0%90%D0%97-3110.jpg;Nikolai Bulykin;CC BY-SA 4.0;https://creativecommons.org/licenses/by-sa/4.0;0
images/real/real_bef5f1b9b0.jpg;_-_-_panoramio_7f537821.jpg;File:Кінець мотосезону -( - panoramio.jpg;https://commons.wikimedia.org/wiki/File%3A%D0%9A%D1%96%D0%BD%D0%B5%D1%86%D1%8C_%D0%BC%D0%BE%D1%82%D0%BE%D1%81%D0%B5%D0%B7%D0%BE%D0%BD%D1%83_-%28_-_panoramio.jpg;serhei;CC BY 3.0;https://creativecommons.org/licenses/by/3.0;0
images/real/real_8b54f91251.jpg;_-_80_._-__c0ad76bd.jpg;File:Трактор МТЗ - 80 с прицепом для силоса. Трудовые будни молочно - товарной фермы.jpg;https://commons.wikimedia.org/wiki/File%3A%D0%A2%D1%80%D0%B0%D0%BA%D1%82%D0%BE%D1%80_%D0%9C%D0%A2%D0%97_-_80_%D1%81_%D0%BF%D1%80%D0%B8%D1%86%D0%B5%D0%BF%D0%BE%D0%BC_%D0%B4%D0%BB%D1%8F_%D1%81%D0%B8%D0%BB%D0%BE%D1%81%D0%B0._%D0%A2%D1%80%D1%83%D0%B4%D0%BE%D0%B2%D1%8B%D0%B5_%D0%B1%D1%83%D0%B4%D0%BD%D0%B8_%D0%BC%D0%BE%D0%BB%D0%BE%D1%87%D0%BD%D0%BE_-_%D1%82%D0%BE%D0%B2%D0%B0%D1%80%D0%BD%D0%BE%D0%B9_%D1%84%D0%B5%D1%80%D0%BC%D1%8B.jpg;Андрюша Романов;CC BY 4.0;https://creativecommons.org/licenses/by/4.0;0
images/real/real_fda3929b5a.jpg;_-_National_Guard_of_Russia_car_ddda13f9.png;File:Автомобиль Росгвардии - National Guard of Russia car.png;https://commons.wikimedia.org/wiki/File%3A%D0%90%D0%B2%D1%82%D0%BE%D0%BC%D0%BE%D0%B1%D0%B8%D0%BB%D1%8C_%D0%A0%D0%BE%D1%81%D0%B3%D0%B2%D0%B0%D1%80%D0%B4%D0%B8%D0%B8_-_National_Guard_of_Russia_car.png;Pulux11;CC BY-SA 4.0;https://creativecommons.org/licenses/by-sa/4.0;0
images/real/real_654d514eec.jpg;_-_panoramio_a6752f76.jpg;File:Кайнар - panoramio.jpg;https://commons.wikimedia.org/wiki/File%3A%D0%9A%D0%B0%D0%B9%D0%BD%D0%B0%D1%80_-_panoramio.jpg;Dmitry Rozhkov;CC BY-SA 3.0;https://creativecommons.org/licenses/by-sa/3.0;2
images/real/real_b5b486ea43.jpg;_._.__eba71510.jpg;File:Музей Кобзаря Т.Г.Шевченка в Черкасах.jpg;https://commons.wikimedia.org/wiki/File%3A%D0%9C%D1%83%D0%B7%D0%B5%D0%B9_%D0%9A%D0%BE%D0%B1%D0%B7%D0%B0%D1%80%D1%8F_%D0%A2.%D0%93.%D0%A8%D0%B5%D0%B2%D1%87%D0%B5%D0%BD%D0%BA%D0%B0_%D0%B2_%D0%A7%D0%B5%D1%80%D0%BA%D0%B0%D1%81%D0%B0%D1%85.jpg;Користувач:Turzh;Public domain;;1
images/real/real_a22206748e.jpg;_._4_8bbe35c4.jpg;File:Пінск. Гарадскі дзіцячы парк 4.JPG;https://commons.wikimedia.org/wiki/File%3A%D0%9F%D1%96%D0%BD%D1%81%D0%BA._%D0%93%D0%B0%D1%80%D0%B0%D0%B4%D1%81%D0%BA%D1%96_%D0%B4%D0%B7%D1%96%D1%86%D1%8F%D1%87%D1%8B_%D0%BF%D0%B0%D1%80%D0%BA_4.JPG;Александр Липилин;CC BY-SA 3.0;https://creativecommons.org/licenses/by-sa/3.0;0
images/real/real_dcf5a2524d.jpg;_.__9ebd1ae4.jpg;File:Беражное. Царква.jpg;https://commons.wikimedia.org/wiki/File%3A%D0%91%D0%B5%D1%80%D0%B0%D0%B6%D0%BD%D0%BE%D0%B5._%D0%A6%D0%B0%D1%80%D0%BA%D0%B2%D0%B0.jpg;Валацуга (https://fgb.by/viewtopic.php?p=60985#60985);CC BY-SA 3.0;https://creativecommons.org/licenses/by-sa/3.0;0
images/real/real_c7f2674223.jpg;_07_6144f024.jpg;File:Тарново, Лидский район, Гродненская область, Беларусь 07.jpg;https://commons.wikimedia.org/wiki/File%3A%D0%A2%D0%B0%D1%80%D0%BD%D0%BE%D0%B2%D0%BE%2C_%D0%9B%D0%B8%D0%B4%D1%81%D0%BA%D0%B8%D0%B9_%D1%80%D0%B0%D0%B9%D0%BE%D0%BD%2C_%D0%93%D1%80%D0%BE%D0%B4%D0%BD%D0%B5%D0%BD%D1%81%D0%BA%D0%B0%D1%8F_%D0%BE%D0%B1%D0%BB%D0%B0%D1%81%D1%82%D1%8C%2C_%D0%91%D0%B5%D0%BB%D0%B0%D1%80%D1%83%D1%81%D1%8C_07.jpg;Denis Blisch;CC BY-SA 4.0;https://creativecommons.org/licenses/by-sa/4.0;0
images/real/real_8e00ceedd8.jpg;_103__b3768b0e.jpg;File:МАЗ 103 до рестайлинга.jpg;https://commons.wikimedia.org/wiki/File%3A%D0%9C%D0%90%D0%97_103_%D0%B4%D0%BE_%D1%80%D0%B5%D1%81%D1%82%D0%B0%D0%B9%D0%BB%D0%B8%D0%BD%D0%B3%D0%B0.jpg;Ufyf6fyfyf6fyfucudydud;CC0;http://creativecommons.org/publicdomain/zero/1.0/deed.en;2
images/real/real_f49c02da54.jpg;_103__f45a6aa3.jpg;File:МАЗ 103 после рестайлинга.jpg;https://commons.wikimedia.org/wiki/File%3A%D0%9C%D0%90%D0%97_103_%D0%BF%D0%BE%D1%81%D0%BB%D0%B5_%D1%80%D0%B5%D1%81%D1%82%D0%B0%D0%B9%D0%BB%D0%B8%D0%BD%D0%B3%D0%B0.jpg;Ufyf6fyfyf6fyfucudydud;CC BY-SA 4.0;https://creativecommons.org/licenses/by-sa/4.0;4
images/real/real_239a1e1135.jpg;_1__5eb11770.jpg;File:Медео, электромобиль на плотине (1).jpg;https://commons.wikimedia.org/wiki/File%3A%D0%9C%D0%B5%D0%B4%D0%B5%D0%BE%2C_%D1%8D%D0%BB%D0%B5%D0%BA%D1%82%D1%80%D0%BE%D0%BC%D0%BE%D0%B1%D0%B8%D0%BB%D1%8C_%D0%BD%D0%B0_%D0%BF%D0%BB%D0%BE%D1%82%D0%B8%D0%BD%D0%B5_%281%29.jpg;Nikolai Bulykin;CC BY-SA 4.0;https://creativecommons.org/licenses/by-sa/4.0;5
images/real/real_0f4bc405db.jpg;_2__3993d445.jpg;File:Медео, электромобиль на плотине (2).jpg;https://commons.wikimedia.org/wiki/File%3A%D0%9C%D0%B5%D0%B4%D0%B5%D0%BE%2C_%D1%8D%D0%BB%D0%B5%D0%BA%D1%82%D1%80%D0%BE%D0%BC%D0%BE%D0%B1%D0%B8%D0%BB%D1%8C_%D0%BD%D0%B0_%D0%BF%D0%BB%D0%BE%D1%82%D0%B8%D0%BD%D0%B5_%282%29.jpg;Nikolai Bulykin;CC BY-SA 4.0;https://creativecommons.org/licenses/by-sa/4.0;0
images/real/real_e1c9337793.jpg;_315_d6039714.jpg;File:Парад невест 315.JPG;https://commons.wikimedia.org/wiki/File%3A%D0%9F%D0%B0%D1%80%D0%B0%D0%B4_%D0%BD%D0%B5%D0%B2%D0%B5%D1%81%D1%82_315.JPG;Andrey Butko;CC BY-SA 3.0;https://creativecommons.org/licenses/by-sa/3.0;0
images/real/real_fa21721395.jpg;_3__bae5eba1.jpg;File:Медео, электромобиль на плотине (3).jpg;https://commons.wikimedia.org/wiki/File%3A%D0%9C%D0%B5%D0%B4%D0%B5%D0%BE%2C_%D1%8D%D0%BB%D0%B5%D0%BA%D1%82%D1%80%D0%BE%D0%BC%D0%BE%D0%B1%D0%B8%D0%BB%D1%8C_%D0%BD%D0%B0_%D0%BF%D0%BB%D0%BE%D1%82%D0%B8%D0%BD%D0%B5_%283%29.jpg;Nikolai Bulykin;CC BY-SA 4.0;https://creativecommons.org/licenses/by-sa/4.0;0
images/real/real_422256d8e5.jpg;_Anytime_Kazakhstan_90c66ebb.jpg;File:Авто Anytime Kazakhstan.jpg;https://commons.wikimedia.org/wiki/File%3A%D0%90%D0%B2%D1%82%D0%BE_Anytime_Kazakhstan.jpg;Alina88-1;CC BY-SA 4.0;https://creativecommons.org/licenses/by-sa/4.0;0
images/real/real_fd49d3c23c.jpg;_Bentley_Continental_Flying_Spur__e79c5553.jpg;File:Алматы, Bentley Continental Flying Spur на Каримова.jpg;https://commons.wikimedia.org/wiki/File%3A%D0%90%D0%BB%D0%BC%D0%B0%D1%82%D1%8B%2C_Bentley_Continental_Flying_Spur_%D0%BD%D0%B0_%D0%9A%D0%B0%D1%80%D0%B8%D0%BC%D0%BE%D0%B2%D0%B0.jpg;Nikolai Bulykin;CC BY-SA 4.0;https://creativecommons.org/licenses/by-sa/4.0;2
images/real/real_8c8a8a2590.jpg;_Changan_CS55_Plus_18__6051f91c.jpg;File:Конаев, Changan CS55 Plus у Абая 18а.jpg;https://commons.wikimedia.org/wiki/File%3A%D0%9A%D0%BE%D0%BD%D0%B0%D0%B5%D0%B2%2C_Changan_CS55_Plus_%D1%83_%D0%90%D0%B1%D0%B0%D1%8F_18%D0%B0.jpg;Nikolai Bulykin;CC BY-SA 4.0;https://creativecommons.org/licenses/by-sa/4.0;2
images/real/real_a3c609550c.jpg;_Chevrolet_Niva_16__a3d525e5.jpg;File:Байконур, Chevrolet Niva во дворе Горького 16а.jpg;https://commons.wikimedia.org/wiki/File%3A%D0%91%D0%B0%D0%B9%D0%BA%D0%BE%D0%BD%D1%83%D1%80%2C_Chevrolet_Niva_%D0%B2%D0%BE_%D0%B4%D0%B2%D0%BE%D1%80%D0%B5_%D0%93%D0%BE%D1%80%D1%8C%D0%BA%D0%BE%D0%B3%D0%BE_16%D0%B0.jpg;Nikolai Bulykin;CC BY-SA 4.0;https://creativecommons.org/licenses/by-sa/4.0;0
images/real/real_79823523ab.jpg;_Daewoo__2a5e8c70.jpg;File:Мій Daewoo чудовий.jpg;https://commons.wikimedia.org/wiki/File%3A%D0%9C%D1%96%D0%B9_Daewoo_%D1%87%D1%83%D0%B4%D0%BE%D0%B2%D0%B8%D0%B9.jpg;Dacia 1410 Sport;CC BY-SA 4.0;https://creativecommons.org/licenses/by-sa/4.0;0
images/real/real_e557289725.jpg;_Deepal_S07_114_e72a7c1f.jpg;File:Алматы, Deepal S07 во дворе Панфилова 114.jpg;https://commons.wikimedia.org/wiki/File%3A%D0%90%D0%BB%D0%BC%D0%B0%D1%82%D1%8B%2C_Deepal_S07_%D0%B2%D0%BE_%D0%B4%D0%B2%D0%BE%D1%80%D0%B5_%D0%9F%D0%B0%D0%BD%D1%84%D0%B8%D0%BB%D0%BE%D0%B2%D0%B0_114.jpg;Nikolai Bulykin;CC BY-SA 4.0;https://creativecommons.org/licenses/by-sa/4.0;1
images/real/real_ad3a8a2707.jpg;_Jetour_Dashing_-__549840fe.jpg;File:Алматы, Jetour Dashing на Толе би-Брусиловского.jpg;https://commons.wikimedia.org/wiki/File%3A%D0%90%D0%BB%D0%BC%D0%B0%D1%82%D1%8B%2C_Jetour_Dashing_%D0%BD%D0%B0_%D0%A2%D0%BE%D0%BB%D0%B5_%D0%B1%D0%B8-%D0%91%D1%80%D1%83%D1%81%D0%B8%D0%BB%D0%BE%D0%B2%D1%81%D0%BA%D0%BE%D0%B3%D0%BE.jpg;Nikolai Bulykin;CC BY-SA 4.0;https://creativecommons.org/licenses/by-sa/4.0;0
images/real/real_d887c588a1.jpg;_Jetour_X50__910dcade.jpg;File:Торетам, Jetour X50 на Вокзальной площади.jpg;https://commons.wikimedia.org/wiki/File%3A%D0%A2%D0%BE%D1%80%D0%B5%D1%82%D0%B0%D0%BC%2C_Jetour_X50_%D0%BD%D0%B0_%D0%92%D0%BE%D0%BA%D0%B7%D0%B0%D0%BB%D1%8C%D0%BD%D0%BE%D0%B9_%D0%BF%D0%BB%D0%BE%D1%89%D0%B0%D0%B4%D0%B8.jpg;Nikolai Bulykin;CC BY-SA 4.0;https://creativecommons.org/licenses/by-sa/4.0;0
images/real/real_3f32218a62.jpg;_Lada_Vesta__ae8b1eca.jpg;File:Алматы, Lada Vesta на Каримова.jpg;https://commons.wikimedia.org/wiki/File%3A%D0%90%D0%BB%D0%BC%D0%B0%D1%82%D1%8B%2C_Lada_Vesta_%D0%BD%D0%B0_%D0%9A%D0%B0%D1%80%D0%B8%D0%BC%D0%BE%D0%B2%D0%B0.jpg;Nikolai Bulykin;CC BY-SA 4.0;https://creativecommons.org/licenses/by-sa/4.0;0
images/real/real_7445a5906f.jpg;_Mazda_RX-8__321b533f.jpg;File:Алматы, Mazda RX-8 на Каримова.jpg;https://commons.wikimedia.org/wiki/File%3A%D0%90%D0%BB%D0%BC%D0%B0%D1%82%D1%8B%2C_Mazda_RX-8_%D0%BD%D0%B0_%D0%9A%D0%B0%D1%80%D0%B8%D0%BC%D0%BE%D0%B2%D0%B0.jpg;Nikolai Bulykin;CC BY-SA 4.0;https://creativecommons.org/licenses/by-sa/4.0;0
images/real/real_218039975a.jpg;_Mercedes-AMG_GT3_1__6827403b.jpg;File:Алматы, Mercedes-AMG GT3 на Кулымбетова (1).jpg;https://commons.wikimedia.org/wiki/File%3A%D0%90%D0%BB%D0%BC%D0%B0%D1%82%D1%8B%2C_Mercedes-AMG_GT3_%D0%BD%D0%B0_%D0%9A%D1%83%D0%BB%D1%8B%D0%BC%D0%B1%D0%B5%D1%82%D0%BE%D0%B2%D0%B0_%281%29.jpg;Nikolai Bulykin;CC BY-SA 4.0;https://creativecommons.org/licenses/by-sa/4.0;0
images/real/real_f149922273.jpg;_Mercedes-AMG_GT3_2__d62e3084.jpg;File:Алматы, Mercedes-AMG GT3 на Кулымбетова (2).jpg;https://commons.wikimedia.org/wiki/File%3A%D0%90%D0%BB%D0%BC%D0%B0%D1%82%D1%8B%2C_Mercedes-AMG_GT3_%D0%BD%D0%B0_%D0%9A%D1%83%D0%BB%D1%8B%D0%BC%D0%B1%D0%B5%D1%82%D0%BE%D0%B2%D0%B0_%282%29.jpg;Nikolai Bulykin;CC BY-SA 4.0;https://creativecommons.org/licenses/by-sa/4.0;0
images/real/real_ca3c1f781f.jpg;_Mitsubishi_Eclipse_114_53d2816a.jpg;File:Алматы, Mitsubishi Eclipse во дворе Панфилова 114.jpg;https://commons.wikimedia.org/wiki/File%3A%D0%90%D0%BB%D0%BC%D0%B0%D1%82%D1%8B%2C_Mitsubishi_Eclipse_%D0%B2%D0%BE_%D0%B4%D0%B2%D0%BE%D1%80%D0%B5_%D0%9F%D0%B0%D0%BD%D1%84%D0%B8%D0%BB%D0%BE%D0%B2%D0%B0_114.jpg;Nikolai Bulykin;CC BY-SA 4.0;https://creativecommons.org/licenses/by-sa/4.0;0
images/real/real_25634a23dd.jpg;_Mitsubishi_Pajero_-__de8571eb.jpg;File:Алматы, Mitsubishi Pajero во дворе Казыбек би-Наурызбай батыра.jpg;https://commons.wikimedia.org/wiki/File%3A%D0%90%D0%BB%D0%BC%D0%B0%D1%82%D1%8B%2C_Mitsubishi_Pajero_%D0%B2%D0%BE_%D0%B4%D0%B2%D0%BE%D1%80%D0%B5_%D0%9A%D0%B0%D0%B7%D1%8B%D0%B1%D0%B5%D0%BA_%D0%B1%D0%B8-%D0%9D%D0%B0%D1%83%D1%80%D1%8B%D0%B7%D0%B1%D0%B0%D0%B9_%D0%B1%D0%B0%D1%82%D1%8B%D1%80%D0%B0.jpg;Nikolai Bulykin;CC BY-SA 4.0;https://creativecommons.org/licenses/by-sa/4.0;1
images/real/real_c73374b9b0.jpg;_Patriot__b44bedfd.jpg;File:Медео, УАЗ Patriot на плотине.jpg;https://commons.wikimedia.org/wiki/File%3A%D0%9C%D0%B5%D0%B4%D0%B5%D0%BE%2C_%D0%A3%D0%90%D0%97_Patriot_%D0%BD%D0%B0_%D0%BF%D0%BB%D0%BE%D1%82%D0%B8%D0%BD%D0%B5.jpg;Nikolai Bulykin;CC BY-SA 4.0;https://creativecommons.org/licenses/by-sa/4.0;5
images/real/real_ad7cf526c7.jpg;_Tank_300__9a709970.jpg;File:Алматы, Tank 300 на Каримова.jpg;https://commons.wikimedia.org/wiki/File%3A%D0%90%D0%BB%D0%BC%D0%B0%D1%82%D1%8B%2C_Tank_300_%D0%BD%D0%B0_%D0%9A%D0%B0%D1%80%D0%B8%D0%BC%D0%BE%D0%B2%D0%B0.jpg;Nikolai Bulykin;CC BY-SA 4.0;https://creativecommons.org/licenses/by-sa/4.0;0
images/real/real_2f62641ddd.jpg;_Tesla_Model_3__52351078.jpg;File:Алматы, Tesla Model 3 на Каримова.jpg;https://commons.wikimedia.org/wiki/File%3A%D0%90%D0%BB%D0%BC%D0%B0%D1%82%D1%8B%2C_Tesla_Model_3_%D0%BD%D0%B0_%D0%9A%D0%B0%D1%80%D0%B8%D0%BC%D0%BE%D0%B2%D0%B0.jpg;Nikolai Bulykin;CC BY-SA 4.0;https://creativecommons.org/licenses/by-sa/4.0;0
images/real/real_d9a860d47e.jpg;_Tesla_Model_Y__b25411ab.jpg;File:Алматы, Tesla Model Y на Каримова.jpg;https://commons.wikimedia.org/wiki/File%3A%D0%90%D0%BB%D0%BC%D0%B0%D1%82%D1%8B%2C_Tesla_Model_Y_%D0%BD%D0%B0_%D0%9A%D0%B0%D1%80%D0%B8%D0%BC%D0%BE%D0%B2%D0%B0.jpg;Nikolai Bulykin;CC BY-SA 4.0;https://creativecommons.org/licenses/by-sa/4.0;0
images/real/real_c6d52af015.jpg;_Toyota_Land_Cruiser_78_-__ae201ad8.jpg;File:Алматы, Toyota Land Cruiser 78 на Кулымбетова-Каримова.jpg;https://commons.wikimedia.org/wiki/File%3A%D0%90%D0%BB%D0%BC%D0%B0%D1%82%D1%8B%2C_Toyota_Land_Cruiser_78_%D0%BD%D0%B0_%D0%9A%D1%83%D0%BB%D1%8B%D0%BC%D0%B1%D0%B5%D1%82%D0%BE%D0%B2%D0%B0-%D0%9A%D0%B0%D1%80%D0%B8%D0%BC%D0%BE%D0%B2%D0%B0.jpg;Nikolai Bulykin;CC BY-SA 4.0;https://creativecommons.org/licenses/by-sa/4.0;0
images/real/real_7b933558e5.jpg;_Toyota_Land_Cruiser_Prado__2a3a6e11.jpg;File:Алматы, Toyota Land Cruiser Prado на площади Абая.jpg;https://commons.wikimedia.org/wiki/File%3A%D0%90%D0%BB%D0%BC%D0%B0%D1%82%D1%8B%2C_Toyota_Land_Cruiser_Prado_%D0%BD%D0%B0_%D0%BF%D0%BB%D0%BE%D1%89%D0%B0%D0%B4%D0%B8_%D0%90%D0%B1%D0%B0%D1%8F.jpg;Nikolai Bulykin;CC BY-SA 4.0;https://creativecommons.org/licenses/by-sa/4.0;4
images/real/real_9824e2b3af.jpg;_Volkswagen_ID.6__e70193cd.jpg;File:Алматы, Volkswagen ID.6 на Макатаева.jpg;https://commons.wikimedia.org/wiki/File%3A%D0%90%D0%BB%D0%BC%D0%B0%D1%82%D1%8B%2C_Volkswagen_ID.6_%D0%BD%D0%B0_%D0%9C%D0%B0%D0%BA%D0%B0%D1%82%D0%B0%D0%B5%D0%B2%D0%B0.jpg;Nikolai Bulykin;CC BY-SA 4.0;https://creativecommons.org/licenses/by-sa/4.0;0
images/real/real_97311f6d57.jpg;_Zeekr_007__6581105e.jpg;File:Алматы, Zeekr 007 на Макатаева.jpg;https://commons.wikimedia.org/wiki/File%3A%D0%90%D0%BB%D0%BC%D0%B0%D1%82%D1%8B%2C_Zeekr_007_%D0%BD%D0%B0_%D0%9C%D0%B0%D0%BA%D0%B0%D1%82%D0%B0%D0%B5%D0%B2%D0%B0.jpg;Nikolai Bulykin;CC BY-SA 4.0;https://creativecommons.org/licenses/by-sa/4.0;0
images/real/real_e7ae449c80.jpg;__0d5d72f3.jpg;File:Автомобили в Байконуре.jpg;https://commons.wikimedia.org/wiki/File%3A%D0%90%D0%B2%D1%82%D0%BE%D0%BC%D0%BE%D0%B1%D0%B8%D0%BB%D0%B8_%D0%B2_%D0%91%D0%B0%D0%B9%D0%BA%D0%BE%D0%BD%D1%83%D1%80%D0%B5.jpg;Георгий Долгопский;CC BY-SA 4.0;https://creativecommons.org/licenses/by-sa/4.0;0
images/real/real_b2d19203da.jpg;__21c1fff7.jpg;File:Талгар, автобус на Кунаева.jpg;https://commons.wikimedia.org/wiki/File%3A%D0%A2%D0%B0%D0%BB%D0%B3%D0%B0%D1%80%2C_%D0%B0%D0%B2%D1%82%D0%BE%D0%B1%D1%83%D1%81_%D0%BD%D0%B0_%D0%9A%D1%83%D0%BD%D0%B0%D0%B5%D0%B2%D0%B0.jpg;Nikolai Bulykin;CC BY-SA 4.0;https://creativecommons.org/licenses/by-sa/4.0;0
images/real/real_fee2b6e0a5.jpg;__3bb91415.jpg;File:Пожежа в Одеській психлікарні.jpg;https://commons.wikimedia.org/wiki/File%3A%D0%9F%D0%BE%D0%B6%D0%B5%D0%B6%D0%B0_%D0%B2_%D0%9E%D0%B4%D0%B5%D1%81%D1%8C%D0%BA%D1%96%D0%B9_%D0%BF%D1%81%D0%B8%D1%85%D0%BB%D1%96%D0%BA%D0%B0%D1%80%D0%BD%D1%96.jpg;ГУ ДСНС України в Одеській області;CC BY-SA 4.0;https://creativecommons.org/licenses/by-sa/4.0;3
images/real/real_c36f205edd.jpg;__3d495bcc.jpg;File:Самарканд, МАЗ на Беруни.jpg;https://commons.wikimedia.org/wiki/File%3A%D0%A1%D0%B0%D0%BC%D0%B0%D1%80%D0%BA%D0%B0%D0%BD%D0%B4%2C_%D0%9C%D0%90%D0%97_%D0%BD%D0%B0_%D0%91%D0%B5%D1%80%D1%83%D0%BD%D0%B8.jpg;Nikolai Bulykin;CC BY-SA 4.0;https://creativecommons.org/licenses/by-sa/4.0;0
images/real/real_8ace89df85.jpg;__3fad9237.jpg;File:Реанимационный автомобиль.jpg;https://commons.wikimedia.org/wiki/File%3A%D0%A0%D0%B5%D0%B0%D0%BD%D0%B8%D0%BC%D0%B0%D1%86%D0%B8%D0%BE%D0%BD%D0%BD%D1%8B%D0%B9_%D0%B0%D0%B2%D1%82%D0%BE%D0%BC%D0%BE%D0%B1%D0%B8%D0%BB%D1%8C.jpg;Аппарат Правления;CC0;http://creativecommons.org/publicdomain/zero/1.0/deed.en;0
images/real/real_a939fd039f.jpg;__591b209b.jpg;File:Алматы, ТагАЗы на Шагабутдинова.jpg;https://commons.wikimedia.org/wiki/File%3A%D0%90%D0%BB%D0%BC%D0%B0%D1%82%D1%8B%2C_%D0%A2%D0%B0%D0%B3%D0%90%D0%97%D1%8B_%D0%BD%D0%B0_%D0%A8%D0%B0%D0%B3%D0%B0%D0%B1%D1%83%D1%82%D0%B4%D0%B8%D0%BD%D0%BE%D0%B2%D0%B0.jpg;Nikolai Bulykin;CC BY-SA 4.0;https://creativecommons.org/licenses/by-sa/4.0;1
images/real/real_1812271465.jpg;__6e1876fb.jpg;File:Кинотеатр Ленина.JPG;https://commons.wikimedia.org/wiki/File%3A%D0%9A%D0%B8%D0%BD%D0%BE%D1%82%D0%B5%D0%B0%D1%82%D1%80_%D0%9B%D0%B5%D0%BD%D0%B8%D0%BD%D0%B0.JPG;User:Wassily;CC BY-SA 3.0;http://creativecommons.org/licenses/by-sa/3.0/;0
images/real/real_a0778f703e.jpg;__7d3fc5dd.jpg;File:Алматы, ТагАЗ на Шагабутдинова.jpg;https://commons.wikimedia.org/wiki/File%3A%D0%90%D0%BB%D0%BC%D0%B0%D1%82%D1%8B%2C_%D0%A2%D0%B0%D0%B3%D0%90%D0%97_%D0%BD%D0%B0_%D0%A8%D0%B0%D0%B3%D0%B0%D0%B1%D1%83%D1%82%D0%B4%D0%B8%D0%BD%D0%BE%D0%B2%D0%B0.jpg;Nikolai Bulykin;CC BY-SA 4.0;https://creativecommons.org/licenses/by-sa/4.0;0
images/real/real_19b40fc152.jpg;__8b45a2a9.jpg;File:Номер ДНР для автомобильного прицепа.jpg;https://commons.wikimedia.org/wiki/File%3A%D0%9D%D0%BE%D0%BC%D0%B5%D1%80_%D0%94%D0%9D%D0%A0_%D0%B4%D0%BB%D1%8F_%D0%B0%D0%B2%D1%82%D0%BE%D0%BC%D0%BE%D0%B1%D0%B8%D0%BB%D1%8C%D0%BD%D0%BE%D0%B3%D0%BE_%D0%BF%D1%80%D0%B8%D1%86%D0%B5%D0%BF%D0%B0.jpg;JekaFrazer;CC BY-SA 4.0;https://creativecommons.org/licenses/by-sa/4.0;0
images/real/real_d30c95eab6.jpg;__8fbc786a.jpg;File:Медео, электромобили на плотине.jpg;https://commons.wikimedia.org/wiki/File%3A%D0%9C%D0%B5%D0%B4%D0%B5%D0%BE%2C_%D1%8D%D0%BB%D0%B5%D0%BA%D1%82%D1%80%D0%BE%D0%BC%D0%BE%D0%B1%D0%B8%D0%BB%D0%B8_%D0%BD%D0%B0_%D0%BF%D0%BB%D0%BE%D1%82%D0%B8%D0%BD%D0%B5.jpg;Nikolai Bulykin;CC BY-SA 4.0;https://creativecommons.org/licenses/by-sa/4.0;0
images/real/real_d70f98b809.jpg;__945d6c98.jpg;File:Номер машины диппредставительства в Республике Казахстан закреплённого за техническим персоналом.JPG;https://commons.wikimedia.org/wiki/File%3A%D0%9D%D0%BE%D0%BC%D0%B5%D1%80_%D0%BC%D0%B0%D1%88%D0%B8%D0%BD%D1%8B_%D0%B4%D0%B8%D0%BF%D0%BF%D1%80%D0%B5%D0%B4%D1%81%D1%82%D0%B0%D0%B2%D0%B8%D1%82%D0%B5%D0%BB%D1%8C%D1%81%D1%82%D0%B2%D0%B0_%D0%B2_%D0%A0%D0%B5%D1%81%D0%BF%D1%83%D0%B1%D0%BB%D0%B8%D0%BA%D0%B5_%D0%9A%D0%B0%D0%B7%D0%B0%D1%85%D1%81%D1%82%D0%B0%D0%BD_%D0%B7%D0%B0%D0%BA%D1%80%D0%B5%D0%BF%D0%BB%D1%91%D0%BD%D0%BD%D0%BE%D0%B3%D0%BE_%D0%B7%D0%B0_%D1%82%D0%B5%D1%85%D0%BD%D0%B8%D1%87%D0%B5%D1%81%D0%BA%D0%B8%D0%BC_%D0%BF%D0%B5%D1%80%D1%81%D0%BE%D0%BD%D0%B0%D0%BB%D0%BE%D0%BC.JPG;Kalabaha1969;CC0;http://creativecommons.org/publicdomain/zero/1.0/deed.en;0
images/real/real_c35c085995.jpg;__ae5db467.jpg;File:Номер машины принадлежащей совместным предприятиям или иностранным гражданам.JPG;https://commons.wikimedia.org/wiki/File%3A%D0%9D%D0%BE%D0%BC%D0%B5%D1%80_%D0%BC%D0%B0%D1%88%D0%B8%D0%BD%D1%8B_%D0%BF%D1%80%D0%B8%D0%BD%D0%B0%D0%B4%D0%BB%D0%B5%D0%B6%D0%B0%D1%89%D0%B5%D0%B9_%D1%81%D0%BE%D0%B2%D0%BC%D0%B5%D1%81%D1%82%D0%BD%D1%8B%D0%BC_%D0%BF%D1%80%D0%B5%D0%B4%D0%BF%D1%80%D0%B8%D1%8F%D1%82%D0%B8%D1%8F%D0%BC_%D0%B8%D0%BB%D0%B8_%D0%B8%D0%BD%D0%BE%D1%81%D1%82%D1%80%D0%B0%D0%BD%D0%BD%D1%8B%D0%BC_%D0%B3%D1%80%D0%B0%D0%B6%D0%B4%D0%B0%D0%BD%D0%B0%D0%BC.JPG;Kalabaha1969;CC0;http://creativecommons.org/publicdomain/zero/1.0/deed.en;0
images/real/real_7a9e9516ef.jpg;__c8f28050.jpg;File:Жанатурмыс, улица Байсеитовой.jpg;https://commons.wikimedia.org/wiki/File%3A%D0%96%D0%B0%D0%BD%D0%B0%D1%82%D1%83%D1%80%D0%BC%D1%8B%D1%81%2C_%D1%83%D0%BB%D0%B8%D1%86%D0%B0_%D0%91%D0%B0%D0%B9%D1%81%D0%B5%D0%B8%D1%82%D0%BE%D0%B2%D0%BE%D0%B9.jpg;Nikolai Bulykin;CC BY-SA 4.0;https://creativecommons.org/licenses/by-sa/4.0;0
images/real/real_0837d0030d.jpg;__cd5527ec.jpg;File:Алматы, ТагАЗы на Райымбека.jpg;https://commons.wikimedia.org/wiki/File%3A%D0%90%D0%BB%D0%BC%D0%B0%D1%82%D1%8B%2C_%D0%A2%D0%B0%D0%B3%D0%90%D0%97%D1%8B_%D0%BD%D0%B0_%D0%A0%D0%B0%D0%B9%D1%8B%D0%BC%D0%B1%D0%B5%D0%BA%D0%B0.jpg;Nikolai Bulykin;CC BY-SA 4.0;https://creativecommons.org/licenses/by-sa/4.0;0
images/real/real_452a72e8cf.jpg;__e8b527a4.jpg;File:Ташкент, Малая кольцевая у вокзала, МАЗ.jpg;https://commons.wikimedia.org/wiki/File%3A%D0%A2%D0%B0%D1%88%D0%BA%D0%B5%D0%BD%D1%82%2C_%D0%9C%D0%B0%D0%BB%D0%B0%D1%8F_%D0%BA%D0%BE%D0%BB%D1%8C%D1%86%D0%B5%D0%B2%D0%B0%D1%8F_%D1%83_%D0%B2%D0%BE%D0%BA%D0%B7%D0%B0%D0%BB%D0%B0%2C_%D0%9C%D0%90%D0%97.jpg;Nikolai Bulykin;CC BY-SA 4.0;https://creativecommons.org/licenses/by-sa/4.0;0
images/real/real_cabb5ee4b6.jpg;_ada_2106_UA2_6743664f.jpg;File:Łada 2106 UA2.jpg;https://commons.wikimedia.org/wiki/File%3A%C5%81ada_2106_UA2.jpg;Raf24;CC BY-SA 4.0;https://creativecommons.org/licenses/by-sa/4.0;0
images/real/real_190a68c42a.jpg;_copyright-_UNICEF_Ukraine-2015-A.Filippov_24700273601__e6ca201b.jpg;File:Перехід цивільних осіб через лінію фронту copyright- UNICEF Ukraine-2015-A.Filippov (24700273601).jpg;https://commons.wikimedia.org/wiki/File%3A%D0%9F%D0%B5%D1%80%D0%B5%D1%85%D1%96%D0%B4_%D1%86%D0%B8%D0%B2%D1%96%D0%BB%D1%8C%D0%BD%D0%B8%D1%85_%D0%BE%D1%81%D1%96%D0%B1_%D1%87%D0%B5%D1%80%D0%B5%D0%B7_%D0%BB%D1%96%D0%BD%D1%96%D1%8E_%D1%84%D1%80%D0%BE%D0%BD%D1%82%D1%83_copyright-_UNICEF_Ukraine-2015-A.Filippov_%2824700273601%29.jpg;UNICEF Ukraine from Kyiv, Ukraine;CC BY 2.0;https://creativecommons.org/licenses/by/2.0;0
images/real/real_541326c2da.jpg;20160803_112638_August_2016_in_Moscow_88908430.jpg;File:20160803 112638 August 2016 in Moscow.jpg;https://commons.wikimedia.org/wiki/File%3A20160803_112638_August_2016_in_Moscow.jpg;Rakoon;CC0;http://creativecommons.org/publicdomain/zero/1.0/deed.en;0
images/real/real_ed25b6214e.jpg;2025-09-21_Moscow_marathon_roadblocks_trucks_41_a7e6eb70.jpg;File:2025-09-21 Moscow marathon, roadblocks, trucks 41.jpg;https://commons.wikimedia.org/wiki/File%3A2025-09-21_Moscow_marathon%2C_roadblocks%2C_trucks_41.jpg;Retired electrician;CC0;http://creativecommons.org/publicdomain/zero/1.0/deed.en;1
images/real/real_297508caab.jpg;2026-06-27_Moscow_electric_vehicle_parade_riding_41_UMO_5_f2086128.jpg;File:2026-06-27 Moscow electric vehicle parade, riding 41 UMO 5.jpg;https://commons.wikimedia.org/wiki/File%3A2026-06-27_Moscow_electric_vehicle_parade%2C_riding_41_UMO_5.jpg;Retired electrician;CC0;http://creativecommons.org/publicdomain/zero/1.0/deed.en;1
images/real/real_9dee2b5b0d.jpg;2026-06-27_Moscow_electric_vehicle_parade_riding_42_UMO_5_50a5f876.jpg;File:2026-06-27 Moscow electric vehicle parade, riding 42 UMO 5.jpg;https://commons.wikimedia.org/wiki/File%3A2026-06-27_Moscow_electric_vehicle_parade%2C_riding_42_UMO_5.jpg;Retired electrician;CC0;http://creativecommons.org/publicdomain/zero/1.0/deed.en;1
images/real/real_1b758f64f0.jpg;2026-06-27_Moscow_electric_vehicle_parade_riding_43_UMO_5_868d7ad9.jpg;File:2026-06-27 Moscow electric vehicle parade, riding 43 UMO 5.jpg;https://commons.wikimedia.org/wiki/File%3A2026-06-27_Moscow_electric_vehicle_parade%2C_riding_43_UMO_5.jpg;Retired electrician;CC0;http://creativecommons.org/publicdomain/zero/1.0/deed.en;1
images/real/real_4d848608e6.jpg;2026-06-27_Moscow_electric_vehicle_parade_riding_44_UMO_5_c4fe33a1.jpg;File:2026-06-27 Moscow electric vehicle parade, riding 44 UMO 5.jpg;https://commons.wikimedia.org/wiki/File%3A2026-06-27_Moscow_electric_vehicle_parade%2C_riding_44_UMO_5.jpg;Retired electrician;CC0;http://creativecommons.org/publicdomain/zero/1.0/deed.en;0
images/real/real_89072883b8.jpg;2026-06-27_Moscow_electric_vehicle_parade_riding_45_UMO_5_6193139a.jpg;File:2026-06-27 Moscow electric vehicle parade, riding 45 UMO 5.jpg;https://commons.wikimedia.org/wiki/File%3A2026-06-27_Moscow_electric_vehicle_parade%2C_riding_45_UMO_5.jpg;Retired electrician;CC0;http://creativecommons.org/publicdomain/zero/1.0/deed.en;0
images/real/real_e468f5dc31.jpg;Auto_Chery_Tiggo_7_Moscow_Bolotnikovskaya_Street_2025-02_1135_c13cdc41.jpg;File:Auto Chery Tiggo 7 Moscow Bolotnikovskaya Street 2025-02 1135.JPG;https://commons.wikimedia.org/wiki/File%3AAuto_Chery_Tiggo_7_Moscow_Bolotnikovskaya_Street_2025-02_1135.JPG;Artyom Svetlov;CC BY 4.0;https://creativecommons.org/licenses/by/4.0;0
images/real/real_f6e0796921.jpg;Auto_Chery_Tiggo_7_Moscow_Bolotnikovskaya_Street_2025-02_1136_debfb55f.jpg;File:Auto Chery Tiggo 7 Moscow Bolotnikovskaya Street 2025-02 1136.JPG;https://commons.wikimedia.org/wiki/File%3AAuto_Chery_Tiggo_7_Moscow_Bolotnikovskaya_Street_2025-02_1136.JPG;Artyom Svetlov;CC BY 4.0;https://creativecommons.org/licenses/by/4.0;0
images/real/real_caa9810ec0.jpg;Auto_Haval_Jolion_Moscow_Bolotnikovskaya_Street_473_797_2025-02_1116_a332f04d.jpg;File:Auto Haval Jolion Moscow Bolotnikovskaya Street М473ОМ797 2025-02 1116.jpg;https://commons.wikimedia.org/wiki/File%3AAuto_Haval_Jolion_Moscow_Bolotnikovskaya_Street_%D0%9C473%D0%9E%D0%9C797_2025-02_1116.jpg;Artyom Svetlov;CC BY 4.0;https://creativecommons.org/licenses/by/4.0;0
images/real/real_a6161724ce.jpg;Cargo_taxi_5cfca4c1.jpg;File:Cargo taxi.jpg;https://commons.wikimedia.org/wiki/File%3ACargo_taxi.jpg;Stolbovsky;CC BY-SA 3.0;https://creativecommons.org/licenses/by-sa/3.0;2
images/real/real_032d33394a.jpg;Chery_Tiggo_Pro_7_Taxi_8cf00243.jpg;File:Chery Tiggo Pro 7 Taxi.jpg;https://commons.wikimedia.org/wiki/File%3AChery_Tiggo_Pro_7_Taxi.jpg;Stolbovsky;CC BY-SA 4.0;https://creativecommons.org/licenses/by-sa/4.0;0
images/real/real_8e29caa1c0.jpg;Ford_Transit_01_2c568773.jpg;File:Ford Transit МГТ социальное такси Остров Мечты 01.jpg;https://commons.wikimedia.org/wiki/File%3AFord_Transit_%D0%9C%D0%93%D0%A2_%D1%81%D0%BE%D1%86%D0%B8%D0%B0%D0%BB%D1%8C%D0%BD%D0%BE%D0%B5_%D1%82%D0%B0%D0%BA%D1%81%D0%B8_%D0%9E%D1%81%D1%82%D1%80%D0%BE%D0%B2_%D0%9C%D0%B5%D1%87%D1%82%D1%8B_01.jpg;ATI1999;CC BY-SA 4.0;https://creativecommons.org/licenses/by-sa/4.0;1
images/real/real_ceed640724.jpg;Ford_Transit_05_77567e46.jpg;File:Ford Transit МГТ социальное такси Остров Мечты 05.jpg;https://commons.wikimedia.org/wiki/File%3AFord_Transit_%D0%9C%D0%93%D0%A2_%D1%81%D0%BE%D1%86%D0%B8%D0%B0%D0%BB%D1%8C%D0%BD%D0%BE%D0%B5_%D1%82%D0%B0%D0%BA%D1%81%D0%B8_%D0%9E%D1%81%D1%82%D1%80%D0%BE%D0%B2_%D0%9C%D0%B5%D1%87%D1%82%D1%8B_05.jpg;ATI1999;CC BY-SA 4.0;https://creativecommons.org/licenses/by-sa/4.0;0
images/real/real_9ac6a22250.jpg;GAZ-24-10_as_Moscow_taxi_02_d9e57062.jpg;File:GAZ-24-10 as Moscow taxi 02.jpg;https://commons.wikimedia.org/wiki/File%3AGAZ-24-10_as_Moscow_taxi_02.jpg;Sealle;CC BY-SA 4.0;https://creativecommons.org/licenses/by-sa/4.0;0
images/real/real_994d0d2297.jpg;Hipodromo_en_Tjumeno_01_7beb01fc.jpg;File:Hipodromo en Tjumeno 01.jpg;https://commons.wikimedia.org/wiki/File%3AHipodromo_en_Tjumeno_01.jpg;RG72;CC BY 4.0;https://creativecommons.org/licenses/by/4.0;0
images/real/real_864221df0a.jpg;Lada_VAZ-2105_Taxi_in_Sankt_Petersburg_05.08.2019_ee4007f1.jpg;File:Lada VAZ-2105 Taxi in Sankt Petersburg 05.08.2019.jpg;https://commons.wikimedia.org/wiki/File%3ALada_VAZ-2105_Taxi_in_Sankt_Petersburg_05.08.2019.jpg;Fototrommer;CC BY-SA 4.0;https://creativecommons.org/licenses/by-sa/4.0;4
images/real/real_16fae07aa5.jpg;LiAZ-6274_electrobus_and_koda_Rapid_as_Taxi_8828da84.jpg;File:LiAZ-6274 electrobus and Škoda Rapid as Taxi.jpg;https://commons.wikimedia.org/wiki/File%3ALiAZ-6274_electrobus_and_%C5%A0koda_Rapid_as_Taxi.jpg;Kirill Borisenko;CC BY-SA 4.0;https://creativecommons.org/licenses/by-sa/4.0;1
images/real/real_2c4635422f.jpg;Moscow_-_2025_-_White-orange_CityDrive_carsharing_1f322a69.jpg;File:Moscow - 2025 - White-orange CityDrive carsharing.jpg;https://commons.wikimedia.org/wiki/File%3AMoscow_-_2025_-_White-orange_CityDrive_carsharing.jpg;Юрий Д.К.;CC BY 4.0;https://creativecommons.org/licenses/by/4.0;0
images/real/real_3cc7708a2c.jpg;Moscow_-_2026_-_Taxi_on_Sofiyskaya_embankment_d8c675d0.jpg;File:Moscow - 2026 - Taxi on Sofiyskaya embankment.jpg;https://commons.wikimedia.org/wiki/File%3AMoscow_-_2026_-_Taxi_on_Sofiyskaya_embankment.jpg;Юрий Д.К.;CC BY 4.0;https://creativecommons.org/licenses/by/4.0;0
images/real/real_ad7dc3ef8d.jpg;Moscow_-_June_2026_-_Yellow_KIA_Taxi_fe68f699.jpg;File:Moscow - June 2026 - Yellow KIA Taxi.jpg;https://commons.wikimedia.org/wiki/File%3AMoscow_-_June_2026_-_Yellow_KIA_Taxi.jpg;Юрий Д.К.;CC BY 4.0;https://creativecommons.org/licenses/by/4.0;0
images/real/real_1ce4582b93.jpg;Moscow_1st_Novokuznetsky_Kia_Ceed_SW_taxi_2022-05-08_d838400b.jpg;File:Moscow, 1st Novokuznetsky, Kia Ceed SW taxi 2022-05-08.jpg;https://commons.wikimedia.org/wiki/File%3AMoscow%2C_1st_Novokuznetsky%2C_Kia_Ceed_SW_taxi_2022-05-08.jpg;Retired electrician;CC0;http://creativecommons.org/publicdomain/zero/1.0/deed.en;1
images/real/real_ce46a03fd9.jpg;Moscow_2025-08-10_bicycle_race_sidewalk_05_0cfe1cb2.jpg;File:Moscow 2025-08-10 bicycle race, sidewalk 05.jpg;https://commons.wikimedia.org/wiki/File%3AMoscow_2025-08-10_bicycle_race%2C_sidewalk_05.jpg;Retired electrician;CC0;http://creativecommons.org/publicdomain/zero/1.0/deed.en;0
images/real/real_79606f2a33.jpg;Moscow_A.Solzhenitsyna_31_33_Hyundai_Solaris_taxi_2022-05-12_3a59c249.jpg;File:Moscow, A.Solzhenitsyna 31,33 Hyundai Solaris taxi 2022-05-12.jpg;https://commons.wikimedia.org/wiki/File%3AMoscow%2C_A.Solzhenitsyna_31%2C33_Hyundai_Solaris_taxi_2022-05-12.jpg;Retired electrician;CC0;http://creativecommons.org/publicdomain/zero/1.0/deed.en;0
images/real/real_fec8f3ec0e.jpg;Moscow_Avtozavodskaya_18_April_2025_02_20ca98db.jpg;File:Moscow, Avtozavodskaya 18, April 2025 02.jpg;https://commons.wikimedia.org/wiki/File%3AMoscow%2C_Avtozavodskaya_18%2C_April_2025_02.jpg;Retired electrician;CC0;http://creativecommons.org/publicdomain/zero/1.0/deed.en;1
images/real/real_174e709706.jpg;Moscow_BYD_Atto_3_taxi_Sept_2026_03_6bbe47aa.jpg;File:Moscow, BYD Atto 3 taxi, Sept 2026 03.jpg;https://commons.wikimedia.org/wiki/File%3AMoscow%2C_BYD_Atto_3_taxi%2C_Sept_2026_03.jpg;Retired electrician;CC0;http://creativecommons.org/publicdomain/zero/1.0/deed.en;0
images/real/real_909731329c.jpg;Moscow_Bakhrushina_10_July_2022_01_d21b1980.jpg;File:Moscow, Bakhrushina 10 July 2022 01.jpg;https://commons.wikimedia.org/wiki/File%3AMoscow%2C_Bakhrushina_10_July_2022_01.jpg;Retired electrician;CC0;http://creativecommons.org/publicdomain/zero/1.0/deed.en;1
images/real/real_c2b6fd50cd.jpg;Moscow_Bakhrushina_10_July_2022_02_db82beb9.jpg;File:Moscow, Bakhrushina 10 July 2022 02.jpg;https://commons.wikimedia.org/wiki/File%3AMoscow%2C_Bakhrushina_10_July_2022_02.jpg;Retired electrician;CC0;http://creativecommons.org/publicdomain/zero/1.0/deed.en;1
images/real/real_631290aa3b.jpg;Moscow_Bakhrushina_11-48_May_2022_01_438fcd90.jpg;File:Moscow, Bakhrushina 11-48 May 2022 01.jpg;https://commons.wikimedia.org/wiki/File%3AMoscow%2C_Bakhrushina_11-48_May_2022_01.jpg;Retired electrician;CC0;http://creativecommons.org/publicdomain/zero/1.0/deed.en;0
images/real/real_3b8f0d5475.jpg;Moscow_Beijing_X7_taxi_Mar_2026_01_288f2fda.jpg;File:Moscow, Beijing X7 taxi, Mar 2026 01.jpg;https://commons.wikimedia.org/wiki/File%3AMoscow%2C_Beijing_X7_taxi%2C_Mar_2026_01.jpg;Retired electrician;CC0;http://creativecommons.org/publicdomain/zero/1.0/deed.en;3
images/real/real_e934f6718e.jpg;Moscow_Belgee_Coolray_taxi_Feb_2026_0_228e7e33.jpg;File:Moscow, Belgee Coolray taxi, Feb 2026 0.jpg;https://commons.wikimedia.org/wiki/File%3AMoscow%2C_Belgee_Coolray_taxi%2C_Feb_2026_0.jpg;Retired electrician;CC0;http://creativecommons.org/publicdomain/zero/1.0/deed.en;0
images/real/real_1b096e06ab.jpg;Moscow_Belgee_Coolray_taxi_Oct_2025_01_be193ff3.jpg;File:Moscow, Belgee Coolray taxi, Oct 2025 01.jpg;https://commons.wikimedia.org/wiki/File%3AMoscow%2C_Belgee_Coolray_taxi%2C_Oct_2025_01.jpg;Retired electrician;CC0;http://creativecommons.org/publicdomain/zero/1.0/deed.en;0
images/real/real_c421c134de.jpg;Moscow_Belgee_Coolray_taxi_Sept_2025_01_9f8bbaa8.jpg;File:Moscow, Belgee Coolray taxi, Sept 2025 01.jpg;https://commons.wikimedia.org/wiki/File%3AMoscow%2C_Belgee_Coolray_taxi%2C_Sept_2025_01.jpg;Retired electrician;CC0;http://creativecommons.org/publicdomain/zero/1.0/deed.en;2
images/real/real_5d16f0f61c.jpg;Moscow_Belgee_Coolray_taxi_Sept_2025_02_db6a0a3e.jpg;File:Moscow, Belgee Coolray taxi, Sept 2025 02.jpg;https://commons.wikimedia.org/wiki/File%3AMoscow%2C_Belgee_Coolray_taxi%2C_Sept_2025_02.jpg;Retired electrician;CC0;http://creativecommons.org/publicdomain/zero/1.0/deed.en;0
images/real/real_63ecc12a0e.jpg;Moscow_Bestune_B70_taxi_Aug_2025_01_f1a95ec6.jpg;File:Moscow, Bestune B70 taxi, Aug 2025 01.jpg;https://commons.wikimedia.org/wiki/File%3AMoscow%2C_Bestune_B70_taxi%2C_Aug_2025_01.jpg;Retired electrician;CC0;http://creativecommons.org/publicdomain/zero/1.0/deed.en;0
images/real/real_72210b2bed.jpg;Moscow_Bestune_T77_as_taxi_July_2025_01_6f152fb1.jpg;File:Moscow, Bestune T77 as taxi, July 2025 01.jpg;https://commons.wikimedia.org/wiki/File%3AMoscow%2C_Bestune_T77_as_taxi%2C_July_2025_01.jpg;Retired electrician;CC0;http://creativecommons.org/publicdomain/zero/1.0/deed.en;1
images/real/real_53196849c7.jpg;Moscow_Botkin_Hospital_-_social_taxi_April_2025_22_d1423e10.jpg;File:Moscow, Botkin Hospital - social taxi April 2025 22.jpg;https://commons.wikimedia.org/wiki/File%3AMoscow%2C_Botkin_Hospital_-_social_taxi_April_2025_22.jpg;Retired electrician;CC0;http://creativecommons.org/publicdomain/zero/1.0/deed.en;1
images/real/real_0676b4fa9c.jpg;Moscow_Changan_SUV_taxi_Sept_2025_01-1_bd3b84d9.jpg;File:Moscow, Changan SUV taxi, Sept 2025 01-1.jpg;https://commons.wikimedia.org/wiki/File%3AMoscow%2C_Changan_SUV_taxi%2C_Sept_2025_01-1.jpg;Retired electrician;CC0;http://creativecommons.org/publicdomain/zero/1.0/deed.en;7
images/real/real_11fb0a9ee6.jpg;Moscow_Chery_7pro_taxi_Aug_2025_01_a5df9140.jpg;File:Moscow, Chery 7pro taxi, Aug 2025 01.jpg;https://commons.wikimedia.org/wiki/File%3AMoscow%2C_Chery_7pro_taxi%2C_Aug_2025_01.jpg;Retired electrician;CC0;http://creativecommons.org/publicdomain/zero/1.0/deed.en;2
images/real/real_1335e9d83d.jpg;Moscow_Chery_Arrizo_8_taxi_Aug_2025_01_aff5814f.jpg;File:Moscow, Chery Arrizo 8 taxi, Aug 2025 01.jpg;https://commons.wikimedia.org/wiki/File%3AMoscow%2C_Chery_Arrizo_8_taxi%2C_Aug_2025_01.jpg;Retired electrician;CC0;http://creativecommons.org/publicdomain/zero/1.0/deed.en;0
images/real/real_a136595a39.jpg;Moscow_Chery_Arrizo_8_taxi_Mar_2026_01_261c79e6.jpg;File:Moscow, Chery Arrizo 8 taxi, Mar 2026 01.jpg;https://commons.wikimedia.org/wiki/File%3AMoscow%2C_Chery_Arrizo_8_taxi%2C_Mar_2026_01.jpg;Retired electrician;CC0;http://creativecommons.org/publicdomain/zero/1.0/deed.en;0
images/real/real_f2e0a9defe.jpg;Moscow_Chery_Tiggo7pro_taxi_Aug_2025_02_797c1d38.jpg;File:Moscow, Chery Tiggo7pro taxi, Aug 2025 02.jpg;https://commons.wikimedia.org/wiki/File%3AMoscow%2C_Chery_Tiggo7pro_taxi%2C_Aug_2025_02.jpg;Retired electrician;CC0;http://creativecommons.org/publicdomain/zero/1.0/deed.en;0
images/real/real_0e4e21177d.jpg;Moscow_Chery_Tiggo_4_taxi_July_2025_01_776a0a14.jpg;File:Moscow, Chery Tiggo 4 taxi, July 2025 01.jpg;https://commons.wikimedia.org/wiki/File%3AMoscow%2C_Chery_Tiggo_4_taxi%2C_July_2025_01.jpg;Retired electrician;CC0;http://creativecommons.org/publicdomain/zero/1.0/deed.en;0
images/real/real_8ae85fca5a.jpg;Moscow_Chery_Tiggo_7_taxi_Sept_2025_01_3973831a.jpg;File:Moscow, Chery Tiggo 7 taxi, Sept 2025 01.jpg;https://commons.wikimedia.org/wiki/File%3AMoscow%2C_Chery_Tiggo_7_taxi%2C_Sept_2025_01.jpg;Retired electrician;CC0;http://creativecommons.org/publicdomain/zero/1.0/deed.en;0
images/real/real_1bb7036412.jpg;Moscow_Chevrolet_Equinox_taxi_May_2026_01_eb6b42fd.jpg;File:Moscow, Chevrolet Equinox taxi, May 2026 01.jpg;https://commons.wikimedia.org/wiki/File%3AMoscow%2C_Chevrolet_Equinox_taxi%2C_May_2026_01.jpg;Retired electrician;CC0;http://creativecommons.org/publicdomain/zero/1.0/deed.en;2
images/real/real_83880f27cc.jpg;Moscow_Chevrolet_Equinox_taxi_May_2026_02_c124d398.jpg;File:Moscow, Chevrolet Equinox taxi, May 2026 02.jpg;https://commons.wikimedia.org/wiki/File%3AMoscow%2C_Chevrolet_Equinox_taxi%2C_May_2026_02.jpg;Retired electrician;CC0;http://creativecommons.org/publicdomain/zero/1.0/deed.en;2
images/real/real_bcfa2124bc.jpg;Moscow_Citroen_C4_Picasso_2nd_gen_taxi_Aug_2025_01_aede7f27.jpg;File:Moscow, Citroen C4 Picasso (2nd gen) taxi, Aug 2025 01.jpg;https://commons.wikimedia.org/wiki/File%3AMoscow%2C_Citroen_C4_Picasso_%282nd_gen%29_taxi%2C_Aug_2025_01.jpg;Retired electrician;CC0;http://creativecommons.org/publicdomain/zero/1.0/deed.en;0
images/real/real_15cfcab35d.jpg;Moscow_Danilovsky_Val_13a_June_2024_09_DXO__a4367061.jpg;File:Moscow, Danilovsky Val 13a June 2024 09 (DXO).jpg;https://commons.wikimedia.org/wiki/File%3AMoscow%2C_Danilovsky_Val_13a_June_2024_09_%28DXO%29.jpg;Retired electrician;CC0;http://creativecommons.org/publicdomain/zero/1.0/deed.en;0
images/real/real_18d7ebc7e0.jpg;Moscow_Dongfeng_Aeolus_Shine_Max_Aug_2025_04_ec16e4de.jpg;File:Moscow, Dongfeng Aeolus Shine Max, Aug 2025 04.jpg;https://commons.wikimedia.org/wiki/File%3AMoscow%2C_Dongfeng_Aeolus_Shine_Max%2C_Aug_2025_04.jpg;Retired electrician;CC0;http://creativecommons.org/publicdomain/zero/1.0/deed.en;1
images/real/real_d7051b79e1.jpg;Moscow_Dongfeng_Aeolus_Shine_Max_Aug_2025_05_955f6503.jpg;File:Moscow, Dongfeng Aeolus Shine Max, Aug 2025 05.jpg;https://commons.wikimedia.org/wiki/File%3AMoscow%2C_Dongfeng_Aeolus_Shine_Max%2C_Aug_2025_05.jpg;Retired electrician;CC0;http://creativecommons.org/publicdomain/zero/1.0/deed.en;0
images/real/real_fd437cfb08.jpg;Moscow_Dongfeng_Aeolus_Shine_Max_Aug_2025_06_e1768cfa.jpg;File:Moscow, Dongfeng Aeolus Shine Max, Aug 2025 06.jpg;https://commons.wikimedia.org/wiki/File%3AMoscow%2C_Dongfeng_Aeolus_Shine_Max%2C_Aug_2025_06.jpg;Retired electrician;CC0;http://creativecommons.org/publicdomain/zero/1.0/deed.en;3
images/real/real_549375d40c.jpg;Moscow_Dongfeng_Aeolus_Shine_Max_Aug_2025_08_d6fff8d7.jpg;File:Moscow, Dongfeng Aeolus Shine Max, Aug 2025 08.jpg;https://commons.wikimedia.org/wiki/File%3AMoscow%2C_Dongfeng_Aeolus_Shine_Max%2C_Aug_2025_08.jpg;Retired electrician;CC0;http://creativecommons.org/publicdomain/zero/1.0/deed.en;0
images/real/real_1670d56e3f.jpg;Moscow_Dubininskaya_11_tram_May_2022_01_25314f58.jpg;File:Moscow, Dubininskaya 11 tram May 2022 01.jpg;https://commons.wikimedia.org/wiki/File%3AMoscow%2C_Dubininskaya_11_tram_May_2022_01.jpg;Retired electrician;CC0;http://creativecommons.org/publicdomain/zero/1.0/deed.en;0
images/real/real_b355d741dc.jpg;Moscow_Dubininskaya_25_May_2022_03_c6e6c06c.jpg;File:Moscow, Dubininskaya 25 May 2022 03.jpg;https://commons.wikimedia.org/wiki/File%3AMoscow%2C_Dubininskaya_25_May_2022_03.jpg;Retired electrician;CC0;http://creativecommons.org/publicdomain/zero/1.0/deed.en;0
images/real/real_c636943dcc.jpg;Moscow_Evolute_I-joy_new_taxi_July_2026_01_098da213.jpg;File:Moscow, Evolute I-joy new taxi, July 2026 01.jpg;https://commons.wikimedia.org/wiki/File%3AMoscow%2C_Evolute_I-joy_new_taxi%2C_July_2026_01.jpg;Retired electrician;CC0;http://creativecommons.org/publicdomain/zero/1.0/deed.en;0
images/real/real_f9b60568a5.jpg;Moscow_Evolute_I-joy_new_taxi_July_2026_02_d5200de4.jpg;File:Moscow, Evolute I-joy new taxi, July 2026 02.jpg;https://commons.wikimedia.org/wiki/File%3AMoscow%2C_Evolute_I-joy_new_taxi%2C_July_2026_02.jpg;Retired electrician;CC0;http://creativecommons.org/publicdomain/zero/1.0/deed.en;0
images/real/real_cf84a01427.jpg;Moscow_Evolute_i-Pro_taxi_july_2025_01_263c1d8e.jpg;File:Moscow, Evolute i-Pro taxi july 2025 01.jpg;https://commons.wikimedia.org/wiki/File%3AMoscow%2C_Evolute_i-Pro_taxi_july_2025_01.jpg;Retired electrician;CC0;http://creativecommons.org/publicdomain/zero/1.0/deed.en;1
images/real/real_5925335cbe.jpg;Moscow_Evolute_i-Space_taxi_July_2026_01_8018bbdc.jpg;File:Moscow, Evolute i-Space taxi, July 2026 01.jpg;https://commons.wikimedia.org/wiki/File%3AMoscow%2C_Evolute_i-Space_taxi%2C_July_2026_01.jpg;Retired electrician;CC0;http://creativecommons.org/publicdomain/zero/1.0/deed.en;3
images/real/real_f36d1717ce.jpg;Moscow_Exeed_LX_taxi_April_2025_01_3ce4c76c.jpg;File:Moscow, Exeed LX taxi, April 2025 01.jpg;https://commons.wikimedia.org/wiki/File%3AMoscow%2C_Exeed_LX_taxi%2C_April_2025_01.jpg;Retired electrician;CC0;http://creativecommons.org/publicdomain/zero/1.0/deed.en;0
images/real/real_3da19a7710.jpg;Moscow_Exeed_VX_taxi_June_2026_01_c063709e.jpg;File:Moscow, Exeed VX taxi, June 2026 01.jpg;https://commons.wikimedia.org/wiki/File%3AMoscow%2C_Exeed_VX_taxi%2C_June_2026_01.jpg;Retired electrician;CC0;http://creativecommons.org/publicdomain/zero/1.0/deed.en;4
images/real/real_e9cdef69cd.jpg;Moscow_FAW_Bestune_B70_taxi_with_Kalmykia_plates_Aug_2025_01_622d86cf.jpg;File:Moscow, FAW Bestune B70 taxi with Kalmykia plates, Aug 2025 01.jpg;https://commons.wikimedia.org/wiki/File%3AMoscow%2C_FAW_Bestune_B70_taxi_with_Kalmykia_plates%2C_Aug_2025_01.jpg;Retired electrician;CC0;http://creativecommons.org/publicdomain/zero/1.0/deed.en;0
images/real/real_4e20306a32.jpg;Moscow_Ford_Galaxy_II_minivan_taxi_old_May_2026_01_7b59f979.jpg;File:Moscow, Ford Galaxy II minivan taxi old, May 2026 01.jpg;https://commons.wikimedia.org/wiki/File%3AMoscow%2C_Ford_Galaxy_II_minivan_taxi_old%2C_May_2026_01.jpg;Retired electrician;CC0;http://creativecommons.org/publicdomain/zero/1.0/deed.en;1
images/real/real_f94477a9f0.jpg;Moscow_Ford_S-Max_1st_gen_taxi_Aug_2025_01_34c0e8f0.jpg;File:Moscow, Ford S-Max (1st gen) taxi, Aug 2025 01.jpg;https://commons.wikimedia.org/wiki/File%3AMoscow%2C_Ford_S-Max_%281st_gen%29_taxi%2C_Aug_2025_01.jpg;Retired electrician;CC0;http://creativecommons.org/publicdomain/zero/1.0/deed.en;0
images/real/real_a80aa1a04b.jpg;Moscow_Ford_Thunderbird_eleventh_gen_Oct_2025_02-1_044b2465.jpg;File:Moscow, Ford Thunderbird (eleventh gen) Oct 2025 02-1.jpg;https://commons.wikimedia.org/wiki/File%3AMoscow%2C_Ford_Thunderbird_%28eleventh_gen%29_Oct_2025_02-1.jpg;Retired electrician;CC0;http://creativecommons.org/publicdomain/zero/1.0/deed.en;8
images/real/real_ac6b9d8e0a.jpg;Moscow_Ford_Transit_Nizhegorodets_social_taxi_Sept_2026_01_86790ba5.jpg;File:Moscow, Ford Transit Nizhegorodets social taxi, Sept 2026 01.jpg;https://commons.wikimedia.org/wiki/File%3AMoscow%2C_Ford_Transit_Nizhegorodets_social_taxi%2C_Sept_2026_01.jpg;Retired electrician;CC0;http://creativecommons.org/publicdomain/zero/1.0/deed.en;0
images/real/real_d79c0e534d.jpg;Moscow_Friedricha_Engelsa_23_Chery_taxi_Mar_2026_05_5bbd4b97.jpg;File:Moscow, Friedricha Engelsa 23, Chery taxi, Mar 2026 05.jpg;https://commons.wikimedia.org/wiki/File%3AMoscow%2C_Friedricha_Engelsa_23%2C_Chery_taxi%2C_Mar_2026_05.jpg;Retired electrician;CC0;http://creativecommons.org/publicdomain/zero/1.0/deed.en;4
images/real/real_0435fa3541.jpg;Moscow_Gazelle_Next_in_Social_Taxi_livery_June_2025_01_710c7344.jpg;File:Moscow, Gazelle Next in 'Social Taxi' livery, June 2025 01.jpg;https://commons.wikimedia.org/wiki/File%3AMoscow%2C_Gazelle_Next_in_%27Social_Taxi%27_livery%2C_June_2025_01.jpg;Retired electrician;CC0;http://creativecommons.org/publicdomain/zero/1.0/deed.en;1
images/real/real_e17408d9bd.jpg;Moscow_Gazelle_Next_in_Social_Taxi_livery_Sept_2025_01_765931c1.jpg;File:Moscow, Gazelle Next in 'Social Taxi' livery, Sept 2025 01.jpg;https://commons.wikimedia.org/wiki/File%3AMoscow%2C_Gazelle_Next_in_%27Social_Taxi%27_livery%2C_Sept_2025_01.jpg;Retired electrician;CC0;http://creativecommons.org/publicdomain/zero/1.0/deed.en;1
images/real/real_217c54a3ed.jpg;Moscow_Geely_Atlas_Pro_taxi_Aug_2025_01_1c150b93.jpg;File:Moscow, Geely Atlas Pro taxi, Aug 2025 01.jpg;https://commons.wikimedia.org/wiki/File%3AMoscow%2C_Geely_Atlas_Pro_taxi%2C_Aug_2025_01.jpg;Retired electrician;CC0;http://creativecommons.org/publicdomain/zero/1.0/deed.en;1
images/real/real_6dc492ed47.jpg;Moscow_Geely_Atlas_Pro_taxi_Aug_2025_03_fc322213.jpg;File:Moscow, Geely Atlas Pro taxi, Aug 2025 03.jpg;https://commons.wikimedia.org/wiki/File%3AMoscow%2C_Geely_Atlas_Pro_taxi%2C_Aug_2025_03.jpg;Retired electrician;CC0;http://creativecommons.org/publicdomain/zero/1.0/deed.en;1
images/real/real_c94506e972.jpg;Moscow_Geely_Atlas_Pro_taxi_Mar_2026_01_234c219d.jpg;File:Moscow, Geely Atlas Pro taxi, Mar 2026 01.jpg;https://commons.wikimedia.org/wiki/File%3AMoscow%2C_Geely_Atlas_Pro_taxi%2C_Mar_2026_01.jpg;Retired electrician;CC0;http://creativecommons.org/publicdomain/zero/1.0/deed.en;1
images/real/real_30bf066f6c.jpg;Moscow_Geely_Atlas_Pro_taxi_Sept_2025_01_584a8f27.jpg;File:Moscow, Geely Atlas Pro taxi, Sept 2025 01.jpg;https://commons.wikimedia.org/wiki/File%3AMoscow%2C_Geely_Atlas_Pro_taxi%2C_Sept_2025_01.jpg;Retired electrician;CC0;http://creativecommons.org/publicdomain/zero/1.0/deed.en;4
images/real/real_e67ad6847e.jpg;Moscow_Geely_Emgrand_taxi_Oct_2025_01_7bb7077c.jpg;File:Moscow, Geely Emgrand taxi, Oct 2025 01.jpg;https://commons.wikimedia.org/wiki/File%3AMoscow%2C_Geely_Emgrand_taxi%2C_Oct_2025_01.jpg;Retired electrician;CC0;http://creativecommons.org/publicdomain/zero/1.0/deed.en;0
images/real/real_2e0b6db032.jpg;Moscow_Geely_Monjaro_taxi_Sept_2025_01_65bbf9b1.jpg;File:Moscow, Geely Monjaro taxi, Sept 2025 01.jpg;https://commons.wikimedia.org/wiki/File%3AMoscow%2C_Geely_Monjaro_taxi%2C_Sept_2025_01.jpg;Retired electrician;CC0;http://creativecommons.org/publicdomain/zero/1.0/deed.en;0
images/real/real_39c0974998.jpg;Moscow_Haval_F7_taxi_Apr_2026_01_29fac79a.jpg;File:Moscow, Haval F7 taxi, Apr 2026 01.jpg;https://commons.wikimedia.org/wiki/File%3AMoscow%2C_Haval_F7_taxi%2C_Apr_2026_01.jpg;Retired electrician;CC0;http://creativecommons.org/publicdomain/zero/1.0/deed.en;0
images/real/real_63e3517ee9.jpg;Moscow_Haval_F7_taxi_Apr_2026_02_a9cb3a13.jpg;File:Moscow, Haval F7 taxi, Apr 2026 02.jpg;https://commons.wikimedia.org/wiki/File%3AMoscow%2C_Haval_F7_taxi%2C_Apr_2026_02.jpg;Retired electrician;CC0;http://creativecommons.org/publicdomain/zero/1.0/deed.en;0
images/real/real_90c1e97f35.jpg;Moscow_Haval_Jolion_April_2025_20_a1cc35d6.jpg;File:Moscow, Haval Jolion, April 2025 20.jpg;https://commons.wikimedia.org/wiki/File%3AMoscow%2C_Haval_Jolion%2C_April_2025_20.jpg;Retired electrician;CC0;http://creativecommons.org/publicdomain/zero/1.0/deed.en;1
images/real/real_62ce4927c4.jpg;Moscow_Haval_Jolion_taxi_Mar_2026_01_9c522048.jpg;File:Moscow, Haval Jolion taxi, Mar 2026 01.jpg;https://commons.wikimedia.org/wiki/File%3AMoscow%2C_Haval_Jolion_taxi%2C_Mar_2026_01.jpg;Retired electrician;CC0;http://creativecommons.org/publicdomain/zero/1.0/deed.en;8
images/real/real_a275cbe7e9.jpg;Moscow_Haval_Jolion_taxi_May_2026_01_d4239c93.jpg;File:Moscow, Haval Jolion taxi, May 2026 01.jpg;https://commons.wikimedia.org/wiki/File%3AMoscow%2C_Haval_Jolion_taxi%2C_May_2026_01.jpg;Retired electrician;CC0;http://creativecommons.org/publicdomain/zero/1.0/deed.en;0
images/real/real_41bb75ac4e.jpg;Moscow_Hiphi_Z_Skoda_Octavia_taxi_Aug_2025_01_ab6722f9.jpg;File:Moscow, Hiphi Z, Skoda Octavia taxi, Aug 2025 01.jpg;https://commons.wikimedia.org/wiki/File%3AMoscow%2C_Hiphi_Z%2C_Skoda_Octavia_taxi%2C_Aug_2025_01.jpg;Retired electrician;CC0;http://creativecommons.org/publicdomain/zero/1.0/deed.en;2
images/real/real_9d64d51f10.jpg;Moscow_Hyndai_Solaris_taxi_2022-05-15_4216fbad.jpg;File:Moscow, Hyndai Solaris taxi, 2022-05-15.jpg;https://commons.wikimedia.org/wiki/File%3AMoscow%2C_Hyndai_Solaris_taxi%2C_2022-05-15.jpg;Retired electrician;CC0;http://creativecommons.org/publicdomain/zero/1.0/deed.en;0
images/real/real_7df735b2b9.jpg;Moscow_Hyundai_Kona_taxi_Sept_2025_01_b96f57e8.jpg;File:Moscow, Hyundai Kona taxi, Sept 2025 01.jpg;https://commons.wikimedia.org/wiki/File%3AMoscow%2C_Hyundai_Kona_taxi%2C_Sept_2025_01.jpg;Retired electrician;CC0;http://creativecommons.org/publicdomain/zero/1.0/deed.en;0
images/real/real_c0ae640ac8.jpg;Moscow_Hyundai_Solaris_taxi_Sept_2025_04_f09173f8.jpg;File:Moscow, Hyundai Solaris taxi, Sept 2025 04.jpg;https://commons.wikimedia.org/wiki/File%3AMoscow%2C_Hyundai_Solaris_taxi%2C_Sept_2025_04.jpg;Retired electrician;CC0;http://creativecommons.org/publicdomain/zero/1.0/deed.en;0
images/real/real_b31a6acf43.jpg;Moscow_Hyundai_Sonata_LF_taxi_Aug_2025_03_3bf81f4e.jpg;File:Moscow, Hyundai Sonata (LF) taxi, Aug 2025 03.jpg;https://commons.wikimedia.org/wiki/File%3AMoscow%2C_Hyundai_Sonata_%28LF%29_taxi%2C_Aug_2025_03.jpg;Retired electrician;CC0;http://creativecommons.org/publicdomain/zero/1.0/deed.en;0
images/real/real_42b09dfcbe.jpg;Moscow_Hyundai_and_Chery_taxis_Sept_2025_01_ef99a967.jpg;File:Moscow, Hyundai and Chery taxis, Sept 2025 01.jpg;https://commons.wikimedia.org/wiki/File%3AMoscow%2C_Hyundai_and_Chery_taxis%2C_Sept_2025_01.jpg;Retired electrician;CC0;http://creativecommons.org/publicdomain/zero/1.0/deed.en;2
images/real/real_56621cd3a8.jpg;Moscow_Hyundai_taxi_2022-05-15_f3b516ef.jpg;File:Moscow, Hyundai taxi, 2022-05-15.jpg;https://commons.wikimedia.org/wiki/File%3AMoscow%2C_Hyundai_taxi%2C_2022-05-15.jpg;Retired electrician;CC0;http://creativecommons.org/publicdomain/zero/1.0/deed.en;0
images/real/real_262c46d67c.jpg;Moscow_JAC_J7_sedan_as_taxi_Aug_2025_02_65f60261.jpg;File:Moscow, JAC J7 sedan as taxi, Aug 2025 02.jpg;https://commons.wikimedia.org/wiki/File%3AMoscow%2C_JAC_J7_sedan_as_taxi%2C_Aug_2025_02.jpg;Retired electrician;CC0;http://creativecommons.org/publicdomain/zero/1.0/deed.en;1
images/real/real_3637f0be78.jpg;Moscow_JAC_J7_sedan_as_taxi_July_2025_01_e431670a.jpg;File:Moscow, JAC J7 sedan as taxi, July 2025 01.jpg;https://commons.wikimedia.org/wiki/File%3AMoscow%2C_JAC_J7_sedan_as_taxi%2C_July_2025_01.jpg;Retired electrician;CC0;http://creativecommons.org/publicdomain/zero/1.0/deed.en;0
images/real/real_85d55beaa0.jpg;Moscow_JAC_J7_sedan_as_taxi_Sept_2025_01_6facf060.jpg;File:Moscow, JAC J7 sedan as taxi, Sept 2025 01.jpg;https://commons.wikimedia.org/wiki/File%3AMoscow%2C_JAC_J7_sedan_as_taxi%2C_Sept_2025_01.jpg;Retired electrician;CC0;http://creativecommons.org/publicdomain/zero/1.0/deed.en;1
images/real/real_36c5032713.jpg;Moscow_JAC_Sunray_as_Yandex_Go_taxi_for_disabled_people_Aug_2025_01_0adf4cb7.jpg;File:Moscow, JAC Sunray as Yandex Go taxi for disabled people, Aug 2025 01.jpg;https://commons.wikimedia.org/wiki/File%3AMoscow%2C_JAC_Sunray_as_Yandex_Go_taxi_for_disabled_people%2C_Aug_2025_01.jpg;Retired electrician;CC0;http://creativecommons.org/publicdomain/zero/1.0/deed.en;1
images/real/real_3227dd4210.jpg;Moscow_JAC_Sunray_as_Yandex_Go_taxi_for_disabled_people_July_2025_01_932b8830.jpg;File:Moscow, JAC Sunray as Yandex Go taxi for disabled people, July 2025 01.jpg;https://commons.wikimedia.org/wiki/File%3AMoscow%2C_JAC_Sunray_as_Yandex_Go_taxi_for_disabled_people%2C_July_2025_01.jpg;Retired electrician;CC0;http://creativecommons.org/publicdomain/zero/1.0/deed.en;5
images/real/real_415fac476d.jpg;Moscow_Jetour_Dashing_taxi_Feb_2026_03_bc18b333.jpg;File:Moscow, Jetour Dashing taxi, Feb 2026 03.jpg;https://commons.wikimedia.org/wiki/File%3AMoscow%2C_Jetour_Dashing_taxi%2C_Feb_2026_03.jpg;Retired electrician;CC0;http://creativecommons.org/publicdomain/zero/1.0/deed.en;1
images/real/real_5fdb7858a7.jpg;Moscow_Jetour_X70_Plus_taxi_Sept_2025_01_58c5f3f8.jpg;File:Moscow, Jetour X70 Plus taxi, Sept 2025 01.jpg;https://commons.wikimedia.org/wiki/File%3AMoscow%2C_Jetour_X70_Plus_taxi%2C_Sept_2025_01.jpg;Retired electrician;CC0;http://creativecommons.org/publicdomain/zero/1.0/deed.en;0
images/real/real_673e01ac18.jpg;Moscow_Kadashevskaya_Embankment_Ninebot_rental_bicycle_02_f118505d.jpg;File:Moscow, Kadashevskaya Embankment, Ninebot rental bicycle 02.jpg;https://commons.wikimedia.org/wiki/File%3AMoscow%2C_Kadashevskaya_Embankment%2C_Ninebot_rental_bicycle_02.jpg;Retired electrician;CC0;http://creativecommons.org/publicdomain/zero/1.0/deed.en;1
images/real/real_72b8dca94f.jpg;Moscow_Kadashevskaya_Embankment_taxi_Aug_2025_01_26e54061.jpg;File:Moscow, Kadashevskaya Embankment, taxi, Aug 2025 01.jpg;https://commons.wikimedia.org/wiki/File%3AMoscow%2C_Kadashevskaya_Embankment%2C_taxi%2C_Aug_2025_01.jpg;Retired electrician;CC0;http://creativecommons.org/publicdomain/zero/1.0/deed.en;0
images/real/real_48c3cb5aea.jpg;Moscow_Kadashevskaya_Embankment_taxi_Aug_2025_03_d063177d.jpg;File:Moscow, Kadashevskaya Embankment, taxi, Aug 2025 03.jpg;https://commons.wikimedia.org/wiki/File%3AMoscow%2C_Kadashevskaya_Embankment%2C_taxi%2C_Aug_2025_03.jpg;Retired electrician;CC0;http://creativecommons.org/publicdomain/zero/1.0/deed.en;2
images/real/real_2b3adb94c1.jpg;Moscow_Kaiyi_E5_taxi_Sept_2025_01_32dbf1f4.jpg;File:Moscow, Kaiyi E5 taxi, Sept 2025 01.jpg;https://commons.wikimedia.org/wiki/File%3AMoscow%2C_Kaiyi_E5_taxi%2C_Sept_2025_01.jpg;Retired electrician;CC0;http://creativecommons.org/publicdomain/zero/1.0/deed.en;0
images/real/real_f13ef009c5.jpg;Moscow_Kia_Ceed_estate_taxi_Apr_2026_01_9f4924a2.jpg;File:Moscow, Kia Ceed estate taxi, Apr 2026 01.jpg;https://commons.wikimedia.org/wiki/File%3AMoscow%2C_Kia_Ceed_estate_taxi%2C_Apr_2026_01.jpg;Retired electrician;CC0;http://creativecommons.org/publicdomain/zero/1.0/deed.en;0
images/real/real_5754ef6ba9.jpg;Moscow_Kia_K5_DL3_taxi_Aug_2025_01_97f3573e.jpg;File:Moscow, Kia K5 (DL3) taxi, Aug 2025 01.jpg;https://commons.wikimedia.org/wiki/File%3AMoscow%2C_Kia_K5_%28DL3%29_taxi%2C_Aug_2025_01.jpg;Retired electrician;CC0;http://creativecommons.org/publicdomain/zero/1.0/deed.en;0
images/real/real_24be29ce0b.jpg;Moscow_Kia_K5_taxi_2022-05-15_ad2f3681.jpg;File:Moscow, Kia K5 taxi, 2022-05-15.jpg;https://commons.wikimedia.org/wiki/File%3AMoscow%2C_Kia_K5_taxi%2C_2022-05-15.jpg;Retired electrician;CC0;http://creativecommons.org/publicdomain/zero/1.0/deed.en;3
images/real/real_3e9d7c1029.jpg;Moscow_Kia_K5_taxi_Aug_2025_01_c2dec851.jpg;File:Moscow, Kia K5 taxi, Aug 2025 01.jpg;https://commons.wikimedia.org/wiki/File%3AMoscow%2C_Kia_K5_taxi%2C_Aug_2025_01.jpg;Retired electrician;CC0;http://creativecommons.org/publicdomain/zero/1.0/deed.en;0
images/real/real_801ae6bc1e.jpg;Moscow_Kia_K5_taxi_May_2026_01_8c00094c.jpg;File:Moscow, Kia K5 taxi, May 2026 01.jpg;https://commons.wikimedia.org/wiki/File%3AMoscow%2C_Kia_K5_taxi%2C_May_2026_01.jpg;Retired electrician;CC0;http://creativecommons.org/publicdomain/zero/1.0/deed.en;0
images/real/real_bc724bad4c.jpg;Moscow_Kia_Rio_Skoda_Rapid_taxis_2022-07-24_cc3bdffc.jpg;File:Moscow, Kia Rio, Skoda Rapid taxis, 2022-07-24.jpg;https://commons.wikimedia.org/wiki/File%3AMoscow%2C_Kia_Rio%2C_Skoda_Rapid_taxis%2C_2022-07-24.jpg;Retired electrician;CC0;http://creativecommons.org/publicdomain/zero/1.0/deed.en;1
images/real/real_06593dd488.jpg;Moscow_Kia_Rio_taxi_2022-05-08_19ad47dc.jpg;File:Moscow, Kia Rio taxi, 2022-05-08.jpg;https://commons.wikimedia.org/wiki/File%3AMoscow%2C_Kia_Rio_taxi%2C_2022-05-08.jpg;Retired electrician;CC0;http://creativecommons.org/publicdomain/zero/1.0/deed.en;1
images/real/real_9a60527956.jpg;Moscow_Kia_X5_taxi_and_Kia_Rio_Aug_2025_01_925e17ba.jpg;File:Moscow, Kia X5 taxi and Kia Rio, Aug 2025 01.jpg;https://commons.wikimedia.org/wiki/File%3AMoscow%2C_Kia_X5_taxi_and_Kia_Rio%2C_Aug_2025_01.jpg;Retired electrician;CC0;http://creativecommons.org/publicdomain/zero/1.0/deed.en;0
images/real/real_95c036d65f.jpg;Moscow_Krzhizhanovskogo_street_Yandex_robotaxi_Apr_2026_02_03a72077.jpg;File:Moscow, Krzhizhanovskogo street, Yandex robotaxi Apr 2026 02.jpg;https://commons.wikimedia.org/wiki/File%3AMoscow%2C_Krzhizhanovskogo_street%2C_Yandex_robotaxi_Apr_2026_02.jpg;Retired electrician;CC0;http://creativecommons.org/publicdomain/zero/1.0/deed.en;0
images/real/real_2847def365.jpg;Moscow_Krzhizhanovskogo_street_Yandex_robotaxi_Apr_2026_03_6fc47eb5.jpg;File:Moscow, Krzhizhanovskogo street, Yandex robotaxi Apr 2026 03.jpg;https://commons.wikimedia.org/wiki/File%3AMoscow%2C_Krzhizhanovskogo_street%2C_Yandex_robotaxi_Apr_2026_03.jpg;Retired electrician;CC0;http://creativecommons.org/publicdomain/zero/1.0/deed.en;2
images/real/real_57ea25c770.jpg;Moscow_Krzhizhanovskogo_street_Yandex_robotaxi_Apr_2026_04_c551f055.jpg;File:Moscow, Krzhizhanovskogo street, Yandex robotaxi Apr 2026 04.jpg;https://commons.wikimedia.org/wiki/File%3AMoscow%2C_Krzhizhanovskogo_street%2C_Yandex_robotaxi_Apr_2026_04.jpg;Retired electrician;CC0;http://creativecommons.org/publicdomain/zero/1.0/deed.en;0
images/real/real_fdf2f08dcb.jpg;Moscow_Lada_Largus_in_Lamoda_livery_Aug_2025_01_89a38113.jpg;File:Moscow, Lada Largus in Lamoda livery, Aug 2025 01.jpg;https://commons.wikimedia.org/wiki/File%3AMoscow%2C_Lada_Largus_in_Lamoda_livery%2C_Aug_2025_01.jpg;Retired electrician;CC0;http://creativecommons.org/publicdomain/zero/1.0/deed.en;1
images/real/real_f9ef54a97a.jpg;Moscow_Lada_Largus_white_JAC_Sunray_social_taxi_Aug_2025_01_37737326.jpg;File:Moscow, Lada Largus white, JAC Sunray social taxi Aug 2025 01.jpg;https://commons.wikimedia.org/wiki/File%3AMoscow%2C_Lada_Largus_white%2C_JAC_Sunray_social_taxi_Aug_2025_01.jpg;Retired electrician;CC0;http://creativecommons.org/publicdomain/zero/1.0/deed.en;0
images/real/real_fc1d34e055.jpg;Moscow_Lada_Vesta_taxi_Durova_Street_Sept_2025_01_33c6b61d.jpg;File:Moscow, Lada Vesta taxi (Durova Street) Sept 2025 01.jpg;https://commons.wikimedia.org/wiki/File%3AMoscow%2C_Lada_Vesta_taxi_%28Durova_Street%29_Sept_2025_01.jpg;Retired electrician;CC0;http://creativecommons.org/publicdomain/zero/1.0/deed.en;1
images/real/real_3d47e912d7.jpg;Moscow_Luidor-2250D_GAZelle_Next_bus_May_2026_01_14c40c77.jpg;File:Moscow, Luidor-2250D (GAZelle Next) bus, May 2026 01.jpg;https://commons.wikimedia.org/wiki/File%3AMoscow%2C_Luidor-2250D_%28GAZelle_Next%29_bus%2C_May_2026_01.jpg;Retired electrician;CC0;http://creativecommons.org/publicdomain/zero/1.0/deed.en;1
images/real/real_67665519bc.jpg;Moscow_Mokhovaya_Street_July_2024_03_021d431c.jpg;File:Moscow, Mokhovaya Street July 2024 03.jpg;https://commons.wikimedia.org/wiki/File%3AMoscow%2C_Mokhovaya_Street_July_2024_03.jpg;Retired electrician;CC0;http://creativecommons.org/publicdomain/zero/1.0/deed.en;8
images/real/real_a92fda6bf2.jpg;Moscow_Moskvich-3_taxi_May_2025_01_87223e1f.jpg;File:Moscow, 'Moskvich-3' taxi, May 2025 01.jpg;https://commons.wikimedia.org/wiki/File%3AMoscow%2C_%27Moskvich-3%27_taxi%2C_May_2025_01.jpg;Retired electrician;CC0;http://creativecommons.org/publicdomain/zero/1.0/deed.en;0
images/real/real_b534509f74.jpg;Moscow_Moskvich_3_taxi_July_2025_01_59b4b62e.jpg;File:Moscow, Moskvich 3 taxi, July 2025 01.jpg;https://commons.wikimedia.org/wiki/File%3AMoscow%2C_Moskvich_3_taxi%2C_July_2025_01.jpg;Retired electrician;CC0;http://creativecommons.org/publicdomain/zero/1.0/deed.en;5
images/real/real_6ae0fab3a6.jpg;Moscow_Mosvodokanal_service_truck_Mar_2026_01_d726c76b.jpg;File:Moscow, Mosvodokanal service truck, Mar 2026 01.jpg;https://commons.wikimedia.org/wiki/File%3AMoscow%2C_Mosvodokanal_service_truck%2C_Mar_2026_01.jpg;Retired electrician;CC0;http://creativecommons.org/publicdomain/zero/1.0/deed.en;0
images/real/real_e44a5e0701.jpg;Moscow_Nikitsky_6_topped-out_May_2026_11_980efa5f.jpg;File:Moscow, Nikitsky 6 topped-out, May 2026 11.jpg;https://commons.wikimedia.org/wiki/File%3AMoscow%2C_Nikitsky_6_topped-out%2C_May_2026_11.jpg;Retired electrician;CC0;http://creativecommons.org/publicdomain/zero/1.0/deed.en;0
images/real/real_4d16107555.jpg;Moscow_Nizhnye_Polya_Street_27_23_water_tower_June_2025_04_7c931d8e.jpg;File:Moscow, Nizhnye Polya Street, 27с23 water tower, June 2025 04.jpg;https://commons.wikimedia.org/wiki/File%3AMoscow%2C_Nizhnye_Polya_Street%2C_27%D1%8123_water_tower%2C_June_2025_04.jpg;Retired electrician;CC0;http://creativecommons.org/publicdomain/zero/1.0/deed.en;0
images/real/real_2fbb68c4be.jpg;Moscow_Nizhnye_Polya_Street_27_23_water_tower_June_2025_04_cropped_van__de495b40.jpg;File:Moscow, Nizhnye Polya Street, 27с23 water tower, June 2025 04 (cropped van).jpg;https://commons.wikimedia.org/wiki/File%3AMoscow%2C_Nizhnye_Polya_Street%2C_27%D1%8123_water_tower%2C_June_2025_04_%28cropped_van%29.jpg;Retired electrician;CC0;http://creativecommons.org/publicdomain/zero/1.0/deed.en;1
images/real/real_756bb2f731.jpg;Moscow_Omoda_C5_taxi_Sept_2025_02_5caeecba.jpg;File:Moscow, Omoda C5 taxi, Sept 2025 02.jpg;https://commons.wikimedia.org/wiki/File%3AMoscow%2C_Omoda_C5_taxi%2C_Sept_2025_02.jpg;Retired electrician;CC0;http://creativecommons.org/publicdomain/zero/1.0/deed.en;0
images/real/real_d6f58430cd.jpg;Moscow_Pokrovsky_Boulevard_May_2025_02_8dddff24.jpg;File:Moscow, Pokrovsky Boulevard, May 2025 02.jpg;https://commons.wikimedia.org/wiki/File%3AMoscow%2C_Pokrovsky_Boulevard%2C_May_2025_02.jpg;Retired electrician;CC0;http://creativecommons.org/publicdomain/zero/1.0/deed.en;3
images/real/real_de63888511.jpg;Moscow_Porsche_718_Boxster_red_Sept_2025_03_cb9ed119.jpg;File:Moscow, Porsche 718 Boxster red, Sept 2025 03.jpg;https://commons.wikimedia.org/wiki/File%3AMoscow%2C_Porsche_718_Boxster_red%2C_Sept_2025_03.jpg;Retired electrician;CC0;http://creativecommons.org/publicdomain/zero/1.0/deed.en;0
images/real/real_e0b109e1bf.jpg;Moscow_Prechistenskaya_Embankment_15_May_2023_19_DXO__69d8b2fa.jpg;File:Moscow, Prechistenskaya Embankment 15 May 2023 19(DXO).jpg;https://commons.wikimedia.org/wiki/File%3AMoscow%2C_Prechistenskaya_Embankment_15_May_2023_19%28DXO%29.jpg;Retired electrician;CC0;http://creativecommons.org/publicdomain/zero/1.0/deed.en;0
images/real/real_dc1ca97da3.jpg;Moscow_Pyatnitskaya_9..23_VW_Polo_sedan_taxi_2024-08-06_cc5efca0.jpg;File:Moscow, Pyatnitskaya 9..23, VW Polo sedan taxi, 2024-08-06.jpg;https://commons.wikimedia.org/wiki/File%3AMoscow%2C_Pyatnitskaya_9..23%2C_VW_Polo_sedan_taxi%2C_2024-08-06.jpg;Retired electrician;CC0;http://creativecommons.org/publicdomain/zero/1.0/deed.en;3
images/real/real_d73d0cf2c2.jpg;Moscow_Pyatnitskaya_Street_June_2025_04_20b8acc9.jpg;File:Moscow, Pyatnitskaya Street, June 2025 04.jpg;https://commons.wikimedia.org/wiki/File%3AMoscow%2C_Pyatnitskaya_Street%2C_June_2025_04.jpg;Retired electrician;CC0;http://creativecommons.org/publicdomain/zero/1.0/deed.en;3
images/real/real_635f62c533.jpg;Moscow_Pyatnitskaya_Street_bonecrushers_May_2022_04_e65ad3b7.jpg;File:Moscow, Pyatnitskaya Street bonecrushers May 2022 04.jpg;https://commons.wikimedia.org/wiki/File%3AMoscow%2C_Pyatnitskaya_Street_bonecrushers_May_2022_04.jpg;Retired electrician;CC0;http://creativecommons.org/publicdomain/zero/1.0/deed.en;2
images/real/real_dcdca7c99e.jpg;Moscow_SWM_G05_Pro_taxi_Sept_2025_01_9ad60b91.jpg;File:Moscow, SWM G05 Pro taxi, Sept 2025 01.jpg;https://commons.wikimedia.org/wiki/File%3AMoscow%2C_SWM_G05_Pro_taxi%2C_Sept_2025_01.jpg;Retired electrician;CC0;http://creativecommons.org/publicdomain/zero/1.0/deed.en;1
images/real/real_ca5ba55703.jpg;Moscow_SWM_G05_Pro_taxi_Sept_2025_02_2d6d5767.jpg;File:Moscow, SWM G05 Pro taxi, Sept 2025 02.jpg;https://commons.wikimedia.org/wiki/File%3AMoscow%2C_SWM_G05_Pro_taxi%2C_Sept_2025_02.jpg;Retired electrician;CC0;http://creativecommons.org/publicdomain/zero/1.0/deed.en;1
images/real/real_efc226d47f.jpg;Moscow_Sadovnicheskaya_5_Aug_2024_02_214f41bd.jpg;File:Moscow, Sadovnicheskaya 5 Aug 2024 02.jpg;https://commons.wikimedia.org/wiki/File%3AMoscow%2C_Sadovnicheskaya_5_Aug_2024_02.jpg;Retired electrician;CC0;http://creativecommons.org/publicdomain/zero/1.0/deed.en;0
images/real/real_93bfa0ff84.jpg;Moscow_Serpukhovskaya_Square_taxi_pileup_May_2025_04_18913f4d.jpg;File:Moscow, Serpukhovskaya Square, taxi pileup May 2025 04.jpg;https://commons.wikimedia.org/wiki/File%3AMoscow%2C_Serpukhovskaya_Square%2C_taxi_pileup_May_2025_04.jpg;Retired electrician;CC0;http://creativecommons.org/publicdomain/zero/1.0/deed.en;0
images/real/real_bfb8b0725c.jpg;Moscow_Serpukhovskaya_Square_taxi_pileup_May_2025_05_0eb1e344.jpg;File:Moscow, Serpukhovskaya Square, taxi pileup May 2025 05.jpg;https://commons.wikimedia.org/wiki/File%3AMoscow%2C_Serpukhovskaya_Square%2C_taxi_pileup_May_2025_05.jpg;Retired electrician;CC0;http://creativecommons.org/publicdomain/zero/1.0/deed.en;0
images/real/real_21f9a47a1d.jpg;Moscow_Serpukhovskaya_Square_taxi_pileup_May_2025_07_c84f9a55.jpg;File:Moscow, Serpukhovskaya Square, taxi pileup May 2025 07.jpg;https://commons.wikimedia.org/wiki/File%3AMoscow%2C_Serpukhovskaya_Square%2C_taxi_pileup_May_2025_07.jpg;Retired electrician;CC0;http://creativecommons.org/publicdomain/zero/1.0/deed.en;0
images/real/real_5890bc12b5.jpg;Moscow_Shchipok_Street_Geely_Monjaro_taxi_May_2025_01_7f383d0c.jpg;File:Moscow, Shchipok Street, Geely Monjaro taxi May 2025 01.jpg;https://commons.wikimedia.org/wiki/File%3AMoscow%2C_Shchipok_Street%2C_Geely_Monjaro_taxi_May_2025_01.jpg;Retired electrician;CC0;http://creativecommons.org/publicdomain/zero/1.0/deed.en;0
images/real/real_8a446d3074.jpg;Moscow_Sofiyskaya_Embankment_painting_June_2026_01_6139f14a.jpg;File:Moscow, Sofiyskaya Embankment, painting June 2026 01.jpg;https://commons.wikimedia.org/wiki/File%3AMoscow%2C_Sofiyskaya_Embankment%2C_painting_June_2026_01.jpg;Retired electrician;CC0;http://creativecommons.org/publicdomain/zero/1.0/deed.en;1
images/real/real_beb68bb44e.jpg;Moscow_Solaris_KRS_Kia_Rio_taxi_Feb_2025_01_c8de9061.jpg;File:Moscow, Solaris KRS (Kia Rio) taxi, Feb 2025 01.jpg;https://commons.wikimedia.org/wiki/File%3AMoscow%2C_Solaris_KRS_%28Kia_Rio%29_taxi%2C_Feb_2025_01.jpg;Retired electrician;CC0;http://creativecommons.org/publicdomain/zero/1.0/deed.en;2
images/real/real_9ead30a20d.jpg;Moscow_Taganka_cars_April_2025_03_2a3e3c5d.jpg;File:Moscow, Taganka, cars April 2025 03.jpg;https://commons.wikimedia.org/wiki/File%3AMoscow%2C_Taganka%2C_cars_April_2025_03.jpg;Retired electrician;CC0;http://creativecommons.org/publicdomain/zero/1.0/deed.en;1
images/real/real_3e85aa4185.jpg;Moscow_Taganka_cars_April_2025_04_d6c73fd0.jpg;File:Moscow, Taganka, cars April 2025 04.jpg;https://commons.wikimedia.org/wiki/File%3AMoscow%2C_Taganka%2C_cars_April_2025_04.jpg;Retired electrician;CC0;http://creativecommons.org/publicdomain/zero/1.0/deed.en;1
images/real/real_a0d6119583.jpg;Moscow_Taganka_cars_April_2025_07_b1f5f3b6.jpg;File:Moscow, Taganka, cars April 2025 07.jpg;https://commons.wikimedia.org/wiki/File%3AMoscow%2C_Taganka%2C_cars_April_2025_07.jpg;Retired electrician;CC0;http://creativecommons.org/publicdomain/zero/1.0/deed.en;1
images/real/real_c8ba2e9fad.jpg;Moscow_Taganka_cars_April_2025_11_7fd6c013.jpg;File:Moscow, Taganka, cars April 2025 11.jpg;https://commons.wikimedia.org/wiki/File%3AMoscow%2C_Taganka%2C_cars_April_2025_11.jpg;Retired electrician;CC0;http://creativecommons.org/publicdomain/zero/1.0/deed.en;2
images/real/real_e4b8066168.jpg;Moscow_Tenet_T7_taxi_Feb_2026_01_bb092eb3.jpg;File:Moscow, Tenet T7 taxi, Feb 2026 01.jpg;https://commons.wikimedia.org/wiki/File%3AMoscow%2C_Tenet_T7_taxi%2C_Feb_2026_01.jpg;Retired electrician;CC0;http://creativecommons.org/publicdomain/zero/1.0/deed.en;3
images/real/real_d9d281ba53.jpg;Moscow_Tenet_T7_taxi_Feb_2026_02_c494dd95.jpg;File:Moscow, Tenet T7 taxi, Feb 2026 02.jpg;https://commons.wikimedia.org/wiki/File%3AMoscow%2C_Tenet_T7_taxi%2C_Feb_2026_02.jpg;Retired electrician;CC0;http://creativecommons.org/publicdomain/zero/1.0/deed.en;0
images/real/real_9fd944a4c0.jpg;Moscow_Tenet_T7_taxi_Sept_2025_02_66b8cab1.jpg;File:Moscow, Tenet T7 taxi, Sept 2025 02.jpg;https://commons.wikimedia.org/wiki/File%3AMoscow%2C_Tenet_T7_taxi%2C_Sept_2025_02.jpg;Retired electrician;CC0;http://creativecommons.org/publicdomain/zero/1.0/deed.en;0
images/real/real_96c377de3d.jpg;Moscow_Tenet_T7_taxi_Sept_2025_04_8c372583.jpg;File:Moscow, Tenet T7 taxi, Sept 2025 04.jpg;https://commons.wikimedia.org/wiki/File%3AMoscow%2C_Tenet_T7_taxi%2C_Sept_2025_04.jpg;Retired electrician;CC0;http://creativecommons.org/publicdomain/zero/1.0/deed.en;1
images/real/real_02ff2e9d2b.jpg;Moscow_Teterinsky_12_inner_driveway_Chery_Tiggo_7_taxi_Sept_2025_01_01ed7449.jpg;File:Moscow, Teterinsky 12 inner driveway, Chery Tiggo 7 taxi, Sept 2025 01.jpg;https://commons.wikimedia.org/wiki/File%3AMoscow%2C_Teterinsky_12_inner_driveway%2C_Chery_Tiggo_7_taxi%2C_Sept_2025_01.jpg;Retired electrician;CC0;http://creativecommons.org/publicdomain/zero/1.0/deed.en;0
images/real/real_358ff2ccd4.jpg;Moscow_UMO_5_taxi_Apr_2026_01_8d3311fc.jpg;File:Moscow, UMO 5 taxi, Apr 2026 01.jpg;https://commons.wikimedia.org/wiki/File%3AMoscow%2C_UMO_5_taxi%2C_Apr_2026_01.jpg;Retired electrician;CC0;http://creativecommons.org/publicdomain/zero/1.0/deed.en;2
images/real/real_42e8f670cc.jpg;Moscow_UMO_5_taxi_Apr_2026_02_76f3c121.jpg;File:Moscow, UMO 5 taxi, Apr 2026 02.jpg;https://commons.wikimedia.org/wiki/File%3AMoscow%2C_UMO_5_taxi%2C_Apr_2026_02.jpg;Retired electrician;CC0;http://creativecommons.org/publicdomain/zero/1.0/deed.en;1
images/real/real_f950c99cb2.jpg;Moscow_UMO_5_taxi_Apr_2026_03_50ae9697.jpg;File:Moscow, UMO 5 taxi, Apr 2026 03.jpg;https://commons.wikimedia.org/wiki/File%3AMoscow%2C_UMO_5_taxi%2C_Apr_2026_03.jpg;Retired electrician;CC0;http://creativecommons.org/publicdomain/zero/1.0/deed.en;1
images/real/real_a9a4e4cb17.jpg;Moscow_UMO_5_taxi_June_2026_01_82996c0f.jpg;File:Moscow, UMO 5 taxi, June 2026 01.jpg;https://commons.wikimedia.org/wiki/File%3AMoscow%2C_UMO_5_taxi%2C_June_2026_01.jpg;Retired electrician;CC0;http://creativecommons.org/publicdomain/zero/1.0/deed.en;2
images/real/real_ee6109ec43.jpg;Moscow_UMO_5_taxi_May_2026_33_d37c01bf.jpg;File:Moscow, UMO 5 taxi, May 2026 33.jpg;https://commons.wikimedia.org/wiki/File%3AMoscow%2C_UMO_5_taxi%2C_May_2026_33.jpg;Retired electrician;CC0;http://creativecommons.org/publicdomain/zero/1.0/deed.en;1
images/real/real_5725d11f5c.jpg;Moscow_Urent_and_Yandex_scooters_Apr_2026_01_8c17f2dc.jpg;File:Moscow, Urent and Yandex scooters, Apr 2026 01.jpg;https://commons.wikimedia.org/wiki/File%3AMoscow%2C_Urent_and_Yandex_scooters%2C_Apr_2026_01.jpg;Retired electrician;CC0;http://creativecommons.org/publicdomain/zero/1.0/deed.en;0
images/real/real_a4ced08006.jpg;Moscow_Urent_scooter_on_rack_June_2026_02_021f18dc.jpg;File:Moscow, Urent scooter on rack, June 2026 02.jpg;https://commons.wikimedia.org/wiki/File%3AMoscow%2C_Urent_scooter_on_rack%2C_June_2026_02.jpg;Retired electrician;CC0;http://creativecommons.org/publicdomain/zero/1.0/deed.en;0
images/real/real_c24ea36cb8.jpg;Moscow_Urent_scooter_on_rack_June_2026_04_30e34da7.jpg;File:Moscow, Urent scooter on rack, June 2026 04.jpg;https://commons.wikimedia.org/wiki/File%3AMoscow%2C_Urent_scooter_on_rack%2C_June_2026_04.jpg;Retired electrician;CC0;http://creativecommons.org/publicdomain/zero/1.0/deed.en;1
images/real/real_b00992923d.jpg;Moscow_Volkhonka_X_Kolymazhny_Hyundai_Solaris_taxi_Sept_2025_01_49ccc247.jpg;File:Moscow, Volkhonka X Kolymazhny, Hyundai Solaris taxi, Sept 2025 01.jpg;https://commons.wikimedia.org/wiki/File%3AMoscow%2C_Volkhonka_X_Kolymazhny%2C_Hyundai_Solaris_taxi%2C_Sept_2025_01.jpg;Retired electrician;CC0;http://creativecommons.org/publicdomain/zero/1.0/deed.en;5
images/real/real_12d164536b.jpg;Moscow_Volkswagen_Caddy_Maxi_2010_taxi_Sept_2025_01_e34ff4ec.jpg;File:Moscow, Volkswagen Caddy Maxi (2010) taxi, Sept 2025 01.jpg;https://commons.wikimedia.org/wiki/File%3AMoscow%2C_Volkswagen_Caddy_Maxi_%282010%29_taxi%2C_Sept_2025_01.jpg;Retired electrician;CC0;http://creativecommons.org/publicdomain/zero/1.0/deed.en;0
images/real/real_128d9f1166.jpg;Moscow_Volkswagen_Jetta_A7_taxi_July_2025_01_456489b1.jpg;File:Moscow, Volkswagen Jetta (A7) taxi, July 2025 01.jpg;https://commons.wikimedia.org/wiki/File%3AMoscow%2C_Volkswagen_Jetta_%28A7%29_taxi%2C_July_2025_01.jpg;Retired electrician;CC0;http://creativecommons.org/publicdomain/zero/1.0/deed.en;2
images/real/real_188722050b.jpg;Moscow_Yandex_self-driving_Hyundai_Sonata_Apr_2026_03_26781615.jpg;File:Moscow, Yandex self-driving Hyundai Sonata, Apr 2026 03.jpg;https://commons.wikimedia.org/wiki/File%3AMoscow%2C_Yandex_self-driving_Hyundai_Sonata%2C_Apr_2026_03.jpg;Retired electrician;CC0;http://creativecommons.org/publicdomain/zero/1.0/deed.en;0
images/real/real_2cc96810ec.jpg;Moscow_Yandex_self-driving_Hyundai_Sonata_Aug_2025_02_70867377.jpg;File:Moscow, Yandex self-driving Hyundai Sonata, Aug 2025 02.jpg;https://commons.wikimedia.org/wiki/File%3AMoscow%2C_Yandex_self-driving_Hyundai_Sonata%2C_Aug_2025_02.jpg;Retired electrician;CC0;http://creativecommons.org/publicdomain/zero/1.0/deed.en;0
images/real/real_59ff46ec5e.jpg;Moscow_Yandex_self-driving_Hyundai_Sonata_Aug_2025_03_52680507.jpg;File:Moscow, Yandex self-driving Hyundai Sonata, Aug 2025 03.jpg;https://commons.wikimedia.org/wiki/File%3AMoscow%2C_Yandex_self-driving_Hyundai_Sonata%2C_Aug_2025_03.jpg;Retired electrician;CC0;http://creativecommons.org/publicdomain/zero/1.0/deed.en;0
images/real/real_94e5884821.jpg;Moscow_Yandex_self-driving_Hyundai_Sonata_Aug_2025_04_401baf92.jpg;File:Moscow, Yandex self-driving Hyundai Sonata, Aug 2025 04.jpg;https://commons.wikimedia.org/wiki/File%3AMoscow%2C_Yandex_self-driving_Hyundai_Sonata%2C_Aug_2025_04.jpg;Retired electrician;CC0;http://creativecommons.org/publicdomain/zero/1.0/deed.en;1
images/real/real_0706de502a.jpg;Moscow_Yandex_self-driving_Hyundai_Sonata_Aug_2025_06_7cdeeeab.jpg;File:Moscow, Yandex self-driving Hyundai Sonata, Aug 2025 06.jpg;https://commons.wikimedia.org/wiki/File%3AMoscow%2C_Yandex_self-driving_Hyundai_Sonata%2C_Aug_2025_06.jpg;Retired electrician;CC0;http://creativecommons.org/publicdomain/zero/1.0/deed.en;0
images/real/real_7f2ff6fe52.jpg;Moscow_Yandex_self-driving_Hyundai_Sonata_Aug_2025_09_f24e2531.jpg;File:Moscow, Yandex self-driving Hyundai Sonata, Aug 2025 09.jpg;https://commons.wikimedia.org/wiki/File%3AMoscow%2C_Yandex_self-driving_Hyundai_Sonata%2C_Aug_2025_09.jpg;Retired electrician;CC0;http://creativecommons.org/publicdomain/zero/1.0/deed.en;0
images/real/real_b05356da6c.jpg;Moscow_Yandex_self-driving_Hyundai_Sonata_Orekhovo_Aug_2025_01_74f5daf1.jpg;File:Moscow, Yandex self-driving Hyundai Sonata (Orekhovo), Aug 2025 01.jpg;https://commons.wikimedia.org/wiki/File%3AMoscow%2C_Yandex_self-driving_Hyundai_Sonata_%28Orekhovo%29%2C_Aug_2025_01.jpg;Retired electrician;CC0;http://creativecommons.org/publicdomain/zero/1.0/deed.en;2
images/real/real_bed1834630.jpg;Moscow_Yandex_self-driving_Hyundai_Sonata_Paveletskaya_Aug_2025_01_1eb15db8.jpg;File:Moscow, Yandex self-driving Hyundai Sonata (Paveletskaya), Aug 2025 01.jpg;https://commons.wikimedia.org/wiki/File%3AMoscow%2C_Yandex_self-driving_Hyundai_Sonata_%28Paveletskaya%29%2C_Aug_2025_01.jpg;Retired electrician;CC0;http://creativecommons.org/publicdomain/zero/1.0/deed.en;2
images/real/real_a5f4a9e2e9.jpg;Moscow_Yandex_self-driving_Hyundai_Sonata_Robotaxi_livery_Mar_2026_01_7c8c800e.jpg;File:Moscow, Yandex self-driving Hyundai Sonata, Robotaxi livery, Mar 2026 01.jpg;https://commons.wikimedia.org/wiki/File%3AMoscow%2C_Yandex_self-driving_Hyundai_Sonata%2C_Robotaxi_livery%2C_Mar_2026_01.jpg;Retired electrician;CC0;http://creativecommons.org/publicdomain/zero/1.0/deed.en;0
images/real/real_c2ee3b787c.jpg;Moscow_Yandex_self-driving_Hyundai_Sonata_Robotaxi_livery_Mar_2026_02_d7d3633a.jpg;File:Moscow, Yandex self-driving Hyundai Sonata, Robotaxi livery, Mar 2026 02.jpg;https://commons.wikimedia.org/wiki/File%3AMoscow%2C_Yandex_self-driving_Hyundai_Sonata%2C_Robotaxi_livery%2C_Mar_2026_02.jpg;Retired electrician;CC0;http://creativecommons.org/publicdomain/zero/1.0/deed.en;1
images/real/real_77d31fd39e.jpg;Moscow_Yandex_self-driving_Hyundai_Sonata_Sept_2025_01_7dcf677e.jpg;File:Moscow, Yandex self-driving Hyundai Sonata, Sept 2025 01.jpg;https://commons.wikimedia.org/wiki/File%3AMoscow%2C_Yandex_self-driving_Hyundai_Sonata%2C_Sept_2025_01.jpg;Retired electrician;CC0;http://creativecommons.org/publicdomain/zero/1.0/deed.en;0
images/real/real_8f2e8ffb71.jpg;Moscow_Yandex_self-driving_Hyundai_Sonata_Sept_2025_11_9c066826.jpg;File:Moscow, Yandex self-driving Hyundai Sonata, Sept 2025 11.jpg;https://commons.wikimedia.org/wiki/File%3AMoscow%2C_Yandex_self-driving_Hyundai_Sonata%2C_Sept_2025_11.jpg;Retired electrician;CC0;http://creativecommons.org/publicdomain/zero/1.0/deed.en;0
images/real/real_0cd77ad127.jpg;Moscow_red_tour_bus_on_Kamenny_bridge_July_2024_01_4373e209.jpg;File:Moscow, red tour bus on Kamenny bridge July 2024 01.jpg;https://commons.wikimedia.org/wiki/File%3AMoscow%2C_red_tour_bus_on_Kamenny_bridge_July_2024_01.jpg;Retired electrician;CC0;http://creativecommons.org/publicdomain/zero/1.0/deed.en;3
images/real/real_cb1a83e03e.jpg;Moscow_rental_bicycles_by_Novospassky_bridge_July_2025_01_0a9ecaa1.jpg;File:Moscow, rental bicycles by Novospassky bridge, July 2025 01.jpg;https://commons.wikimedia.org/wiki/File%3AMoscow%2C_rental_bicycles_by_Novospassky_bridge%2C_July_2025_01.jpg;Retired electrician;CC0;http://creativecommons.org/publicdomain/zero/1.0/deed.en;0
images/real/real_ef96c50c2a.jpg;Sevan_street_2021-09_1631382188_b49fc169.jpg;File:Sevan street 2021-09 1631382188.JPG;https://commons.wikimedia.org/wiki/File%3ASevan_street_2021-09_1631382188.JPG;Artyom Svetlov;CC BY 4.0;https://creativecommons.org/licenses/by/4.0;0
images/real/real_376aee653c.jpg;Yandex.Taxi_2_0f8f9d5b.jpg;File:Yandex.Taxi 2.jpg;https://commons.wikimedia.org/wiki/File%3AYandex.Taxi_2.jpg;К.Артём.1;CC BY-SA 4.0;https://creativecommons.org/licenses/by-sa/4.0;0
images/real/real_cb22959b9f.jpg;YandexGo_Astana_P1190680__0a0f4741.jpg;File:YandexGo, Astana (P1190680).jpg;https://commons.wikimedia.org/wiki/File%3AYandexGo%2C_Astana_%28P1190680%29.jpg;Matti Blume;CC BY-SA 4.0;https://creativecommons.org/licenses/by-sa/4.0/deed.en;0
images/real/real_7a6b4b4698.jpg;Yandex_Self-driving_Sonata_6_c6c41dcd.jpg;File:Yandex Self-driving Sonata 6.jpg;https://commons.wikimedia.org/wiki/File%3AYandex_Self-driving_Sonata_6.jpg;Shvicha;CC BY-SA 4.0;https://creativecommons.org/licenses/by-sa/4.0;1
images/real/real_fe10e189f0.jpg;Yandex_self-driving_car_2023-07_1690038115_3195ac2d.jpg;File:Yandex self-driving car 2023-07 1690038115.jpg;https://commons.wikimedia.org/wiki/File%3AYandex_self-driving_car_2023-07_1690038115.jpg;Artyom Svetlov;CC BY-SA 4.0;https://creativecommons.org/licenses/by-sa/4.0;2
images/real/real_85d60418fd.jpg;Yandex_self-driving_car_2023-07_1690038130_7d850f5a.jpg;File:Yandex self-driving car 2023-07 1690038130.jpg;https://commons.wikimedia.org/wiki/File%3AYandex_self-driving_car_2023-07_1690038130.jpg;Artyom Svetlov;CC BY-SA 4.0;https://creativecommons.org/licenses/by-sa/4.0;0
images/real/real_5317870e2e.jpg;Yandex_taxi_car_moscow_07288494.jpg;File:Yandex taxi car moscow.jpg;https://commons.wikimedia.org/wiki/File%3AYandex_taxi_car_moscow.jpg;Sergey Boyko;CC BY 2.0;https://creativecommons.org/licenses/by/2.0;1
images/real/real_95c7b6edfa.jpg;_.__67364d14.jpg;File:Общий вид ул. Охотный ряд, Москва.jpg;https://commons.wikimedia.org/wiki/File%3A%D0%9E%D0%B1%D1%89%D0%B8%D0%B9_%D0%B2%D0%B8%D0%B4_%D1%83%D0%BB._%D0%9E%D1%85%D0%BE%D1%82%D0%BD%D1%8B%D0%B9_%D1%80%D1%8F%D0%B4%2C_%D0%9C%D0%BE%D1%81%D0%BA%D0%B2%D0%B0.jpg;Юрий Д.К.;CC BY 4.0;https://creativecommons.org/licenses/by/4.0;1
images/real/real_1eda900dd1.jpg;_2.0__34132a88.jpg;File:Юрент электросамокат Юрент 2.0 спереди.jpg;https://commons.wikimedia.org/wiki/File%3A%D0%AE%D1%80%D0%B5%D0%BD%D1%82_%D1%8D%D0%BB%D0%B5%D0%BA%D1%82%D1%80%D0%BE%D1%81%D0%B0%D0%BC%D0%BE%D0%BA%D0%B0%D1%82_%D0%AE%D1%80%D0%B5%D0%BD%D1%82_2.0_%D1%81%D0%BF%D0%B5%D1%80%D0%B5%D0%B4%D0%B8.jpg;ATI1999;CC BY-SA 4.0;https://creativecommons.org/licenses/by-sa/4.0;1
images/real/real_d4348571d9.jpg;_20_bf955e71.jpg;File:Красный проспект, Новосибирск 20.jpg;https://commons.wikimedia.org/wiki/File%3A%D0%9A%D1%80%D0%B0%D1%81%D0%BD%D1%8B%D0%B9_%D0%BF%D1%80%D0%BE%D1%81%D0%BF%D0%B5%D0%BA%D1%82%2C_%D0%9D%D0%BE%D0%B2%D0%BE%D1%81%D0%B8%D0%B1%D0%B8%D1%80%D1%81%D0%BA_20.jpg;К.Артём.1;CC BY-SA 4.0;https://creativecommons.org/licenses/by-sa/4.0;0
images/real/real_8c054ff642.jpg;_48__eb6d9174.jpg;File:Парковка СИМ рядом с павильоном 48 ВДНХ вид на разметку.jpg;https://commons.wikimedia.org/wiki/File%3A%D0%9F%D0%B0%D1%80%D0%BA%D0%BE%D0%B2%D0%BA%D0%B0_%D0%A1%D0%98%D0%9C_%D1%80%D1%8F%D0%B4%D0%BE%D0%BC_%D1%81_%D0%BF%D0%B0%D0%B2%D0%B8%D0%BB%D1%8C%D0%BE%D0%BD%D0%BE%D0%BC_48_%D0%92%D0%94%D0%9D%D0%A5_%D0%B2%D0%B8%D0%B4_%D0%BD%D0%B0_%D1%80%D0%B0%D0%B7%D0%BC%D0%B5%D1%82%D0%BA%D1%83.jpg;ATI1999;CC BY-SA 4.0;https://creativecommons.org/licenses/by-sa/4.0;0
images/real/real_57f7f8876a.jpg;_NEXT_02_457e1a47.jpg;File:ГАЗель NEXT МГТ социальное такси на парковке ЮРЛ 02.jpg;https://commons.wikimedia.org/wiki/File%3A%D0%93%D0%90%D0%97%D0%B5%D0%BB%D1%8C_NEXT_%D0%9C%D0%93%D0%A2_%D1%81%D0%BE%D1%86%D0%B8%D0%B0%D0%BB%D1%8C%D0%BD%D0%BE%D0%B5_%D1%82%D0%B0%D0%BA%D1%81%D0%B8_%D0%BD%D0%B0_%D0%BF%D0%B0%D1%80%D0%BA%D0%BE%D0%B2%D0%BA%D0%B5_%D0%AE%D0%A0%D0%9B_02.jpg;ATI1999;CC BY-SA 4.0;https://creativecommons.org/licenses/by-sa/4.0;1
images/real/real_b17fa7cc2f.jpg;__2173b240.jpg;File:Юрент электровелосипед спереди слева.jpg;https://commons.wikimedia.org/wiki/File%3A%D0%AE%D1%80%D0%B5%D0%BD%D1%82_%D1%8D%D0%BB%D0%B5%D0%BA%D1%82%D1%80%D0%BE%D0%B2%D0%B5%D0%BB%D0%BE%D1%81%D0%B8%D0%BF%D0%B5%D0%B4_%D1%81%D0%BF%D0%B5%D1%80%D0%B5%D0%B4%D0%B8_%D1%81%D0%BB%D0%B5%D0%B2%D0%B0.jpg;ATI1999;CC BY-SA 4.0;https://creativecommons.org/licenses/by-sa/4.0;0
images/real/real_9740b24af4.jpg;__6285c3f6.jpg;File:Юрент электросамокат с номерами на углу Моховой и Большой Никитской сзади.jpg;https://commons.wikimedia.org/wiki/File%3A%D0%AE%D1%80%D0%B5%D0%BD%D1%82_%D1%8D%D0%BB%D0%B5%D0%BA%D1%82%D1%80%D0%BE%D1%81%D0%B0%D0%BC%D0%BE%D0%BA%D0%B0%D1%82_%D1%81_%D0%BD%D0%BE%D0%BC%D0%B5%D1%80%D0%B0%D0%BC%D0%B8_%D0%BD%D0%B0_%D1%83%D0%B3%D0%BB%D1%83_%D0%9C%D0%BE%D1%85%D0%BE%D0%B2%D0%BE%D0%B9_%D0%B8_%D0%91%D0%BE%D0%BB%D1%8C%D1%88%D0%BE%D0%B9_%D0%9D%D0%B8%D0%BA%D0%B8%D1%82%D1%81%D0%BA%D0%BE%D0%B9_%D1%81%D0%B7%D0%B0%D0%B4%D0%B8.jpg;ATI1999;CC BY-SA 4.0;https://creativecommons.org/licenses/by-sa/4.0;0
images/real/real_fc801ff48e.jpg;__6f30713c.jpg;File:Крестцы, городское такси.jpg;https://commons.wikimedia.org/wiki/File%3A%D0%9A%D1%80%D0%B5%D1%81%D1%82%D1%86%D1%8B%2C_%D0%B3%D0%BE%D1%80%D0%BE%D0%B4%D1%81%D0%BA%D0%BE%D0%B5_%D1%82%D0%B0%D0%BA%D1%81%D0%B8.jpg;Красный;CC BY-SA 4.0;https://creativecommons.org/licenses/by-sa/4.0;0
images/real/real_002c10a4eb.jpg;__8267afe9.jpg;File:Маршрутное такси Мерседес.jpg;https://commons.wikimedia.org/wiki/File%3A%D0%9C%D0%B0%D1%80%D1%88%D1%80%D1%83%D1%82%D0%BD%D0%BE%D0%B5_%D1%82%D0%B0%D0%BA%D1%81%D0%B8_%D0%9C%D0%B5%D1%80%D1%81%D0%B5%D0%B4%D0%B5%D1%81.jpg;Qw2016;CC BY-SA 4.0;https://creativecommons.org/licenses/by-sa/4.0;2
images/real/real_ebb1c48b78.jpg;__d3632a87.jpg;File:Место стоянки легкового такси (Москва).jpg;https://commons.wikimedia.org/wiki/File%3A%D0%9C%D0%B5%D1%81%D1%82%D0%BE_%D1%81%D1%82%D0%BE%D1%8F%D0%BD%D0%BA%D0%B8_%D0%BB%D0%B5%D0%B3%D0%BA%D0%BE%D0%B2%D0%BE%D0%B3%D0%BE_%D1%82%D0%B0%D0%BA%D1%81%D0%B8_%28%D0%9C%D0%BE%D1%81%D0%BA%D0%B2%D0%B0%29.jpg;Mos.ru;CC BY 4.0;https://creativecommons.org/licenses/by/4.0;0
images/real/real_11bdbe4f6b.jpg;__de3dcb84.jpg;File:Выставка Россия, беспилотный автомобиль Яндекса.jpg;https://commons.wikimedia.org/wiki/File%3A%D0%92%D1%8B%D1%81%D1%82%D0%B0%D0%B2%D0%BA%D0%B0_%D0%A0%D0%BE%D1%81%D1%81%D0%B8%D1%8F%2C_%D0%B1%D0%B5%D1%81%D0%BF%D0%B8%D0%BB%D0%BE%D1%82%D0%BD%D1%8B%D0%B9_%D0%B0%D0%B2%D1%82%D0%BE%D0%BC%D0%BE%D0%B1%D0%B8%D0%BB%D1%8C_%D0%AF%D0%BD%D0%B4%D0%B5%D0%BA%D1%81%D0%B0.jpg;Okras;CC BY 4.0;https://creativecommons.org/licenses/by/4.0;1
images/real/real_a7f2a06080.jpg;__df5d5982.jpg;File:Электровелосипед Яндекса для курьеров на Пятницкой.jpg;https://commons.wikimedia.org/wiki/File%3A%D0%AD%D0%BB%D0%B5%D0%BA%D1%82%D1%80%D0%BE%D0%B2%D0%B5%D0%BB%D0%BE%D1%81%D0%B8%D0%BF%D0%B5%D0%B4_%D0%AF%D0%BD%D0%B4%D0%B5%D0%BA%D1%81%D0%B0_%D0%B4%D0%BB%D1%8F_%D0%BA%D1%83%D1%80%D1%8C%D0%B5%D1%80%D0%BE%D0%B2_%D0%BD%D0%B0_%D0%9F%D1%8F%D1%82%D0%BD%D0%B8%D1%86%D0%BA%D0%BE%D0%B9.jpg;ATI1999;CC BY-SA 4.0;https://creativecommons.org/licenses/by-sa/4.0;2
images/real/real_6b03298433.jpg;1968_Ford_LTD_in_Blokhina_Street_SPb_2021-06-24_02_cfe0f7e1.jpg;File:1968 Ford LTD in Blokhina Street, SPb (2021-06-24) 02.jpg;https://commons.wikimedia.org/wiki/File%3A1968_Ford_LTD_in_Blokhina_Street%2C_SPb_%282021-06-24%29_02.jpg;Kaganer;CC BY-SA 4.0;https://creativecommons.org/licenses/by-sa/4.0;1
images/real/real_f3ce0a12a4.jpg;1968_Ford_LTD_in_Blokhina_Street_SPb_2021-06-24_03_1160f932.jpg;File:1968 Ford LTD in Blokhina Street, SPb (2021-06-24) 03.jpg;https://commons.wikimedia.org/wiki/File%3A1968_Ford_LTD_in_Blokhina_Street%2C_SPb_%282021-06-24%29_03.jpg;Kaganer;CC BY-SA 4.0;https://creativecommons.org/licenses/by-sa/4.0;0
images/real/real_5781db625d.jpg;1968_Ford_LTD_in_Blokhina_Street_SPb_2021-06-24_04_a4183b71.jpg;File:1968 Ford LTD in Blokhina Street, SPb (2021-06-24) 04.jpg;https://commons.wikimedia.org/wiki/File%3A1968_Ford_LTD_in_Blokhina_Street%2C_SPb_%282021-06-24%29_04.jpg;Kaganer;CC BY-SA 4.0;https://creativecommons.org/licenses/by-sa/4.0;1
images/real/real_b16784f7bb.jpg;2025-09-21_Moscow_marathon_the_cleanup_16_d64d3a96.jpg;File:2025-09-21 Moscow marathon, the cleanup 16.jpg;https://commons.wikimedia.org/wiki/File%3A2025-09-21_Moscow_marathon%2C_the_cleanup_16.jpg;Retired electrician;CC0;http://creativecommons.org/publicdomain/zero/1.0/deed.en;1
images/real/real_37b8ef73e5.jpg;2025-09-21_filming_location_caravan_22_22e69d81.jpg;File:2025-09-21 filming location, caravan 22.jpg;https://commons.wikimedia.org/wiki/File%3A2025-09-21_filming_location%2C_caravan_22.jpg;Retired electrician;CC0;http://creativecommons.org/publicdomain/zero/1.0/deed.en;0
images/real/real_d7bd4bc10f.jpg;20251110_Automobile_in_Khimki_67567__e41a8e94.jpg;File:20251110 Automobile in Khimki (67567).jpg;https://commons.wikimedia.org/wiki/File%3A20251110_Automobile_in_Khimki_%2867567%29.jpg;Sergey A. Demidov;CC BY 4.0;https://creativecommons.org/licenses/by/4.0;1
images/real/real_a39c6edb57.jpg;2026-06-27_Moscow_electric_vehicle_parade_display_39_Cybertruck_857cc9a2.jpg;File:2026-06-27 Moscow electric vehicle parade, display 39 Cybertruck.jpg;https://commons.wikimedia.org/wiki/File%3A2026-06-27_Moscow_electric_vehicle_parade%2C_display_39_Cybertruck.jpg;Retired electrician;CC0;http://creativecommons.org/publicdomain/zero/1.0/deed.en;0
images/real/real_e8e7f153fd.jpg;2026-06-27_Moscow_electric_vehicle_parade_display_40_Cybertruck_fae53773.jpg;File:2026-06-27 Moscow electric vehicle parade, display 40 Cybertruck.jpg;https://commons.wikimedia.org/wiki/File%3A2026-06-27_Moscow_electric_vehicle_parade%2C_display_40_Cybertruck.jpg;Retired electrician;CC0;http://creativecommons.org/publicdomain/zero/1.0/deed.en;0
images/real/real_d9e3d6c962.jpg;2026-06-27_Moscow_electric_vehicle_parade_display_45_police_Kamaz-52222_e2a858ae.jpg;File:2026-06-27 Moscow electric vehicle parade, display 45 police, Kamaz-52222.jpg;https://commons.wikimedia.org/wiki/File%3A2026-06-27_Moscow_electric_vehicle_parade%2C_display_45_police%2C_Kamaz-52222.jpg;Retired electrician;CC0;http://creativecommons.org/publicdomain/zero/1.0/deed.en;3
images/real/real_e8adf96928.jpg;2026-06-27_Moscow_electric_vehicle_parade_display_46_police_Kamaz-52222_a21c7fc0.jpg;File:2026-06-27 Moscow electric vehicle parade, display 46 police, Kamaz-52222.jpg;https://commons.wikimedia.org/wiki/File%3A2026-06-27_Moscow_electric_vehicle_parade%2C_display_46_police%2C_Kamaz-52222.jpg;Retired electrician;CC0;http://creativecommons.org/publicdomain/zero/1.0/deed.en;1
images/real/real_1315e7188a.jpg;2026-06-27_Moscow_electric_vehicle_parade_riding_01_police_56d22965.jpg;File:2026-06-27 Moscow electric vehicle parade, riding 01 police.jpg;https://commons.wikimedia.org/wiki/File%3A2026-06-27_Moscow_electric_vehicle_parade%2C_riding_01_police.jpg;Retired electrician;CC0;http://creativecommons.org/publicdomain/zero/1.0/deed.en;0
images/real/real_f067fcdf01.jpg;2026-06-27_Moscow_electric_vehicle_parade_riding_02_police_c53a2276.jpg;File:2026-06-27 Moscow electric vehicle parade, riding 02 police.jpg;https://commons.wikimedia.org/wiki/File%3A2026-06-27_Moscow_electric_vehicle_parade%2C_riding_02_police.jpg;Retired electrician;CC0;http://creativecommons.org/publicdomain/zero/1.0/deed.en;0
images/real/real_1b46a46043.jpg;2026-06-27_Moscow_electric_vehicle_parade_riding_03_Kamaz-52222_c2d88d1c.jpg;File:2026-06-27 Moscow electric vehicle parade, riding 03 Kamaz-52222.jpg;https://commons.wikimedia.org/wiki/File%3A2026-06-27_Moscow_electric_vehicle_parade%2C_riding_03_Kamaz-52222.jpg;Retired electrician;CC0;http://creativecommons.org/publicdomain/zero/1.0/deed.en;0
images/real/real_304dd29a4d.jpg;2026-06-27_Moscow_electric_vehicle_parade_riding_20_Tesla_fa330b9d.jpg;File:2026-06-27 Moscow electric vehicle parade, riding 20 Tesla.jpg;https://commons.wikimedia.org/wiki/File%3A2026-06-27_Moscow_electric_vehicle_parade%2C_riding_20_Tesla.jpg;Retired electrician;CC0;http://creativecommons.org/publicdomain/zero/1.0/deed.en;2
images/real/real_9aa57e082d.jpg;2026-06-27_Moscow_electric_vehicle_parade_riding_21_Cybertruck_2fb9664e.jpg;File:2026-06-27 Moscow electric vehicle parade, riding 21 Cybertruck.jpg;https://commons.wikimedia.org/wiki/File%3A2026-06-27_Moscow_electric_vehicle_parade%2C_riding_21_Cybertruck.jpg;Retired electrician;CC0;http://creativecommons.org/publicdomain/zero/1.0/deed.en;0
images/real/real_daf0b0b8f7.jpg;2026-06-27_Moscow_electric_vehicle_parade_riding_22_ZAZ_Cybertruck_9f6cf053.jpg;File:2026-06-27 Moscow electric vehicle parade, riding 22 ZAZ, Cybertruck.jpg;https://commons.wikimedia.org/wiki/File%3A2026-06-27_Moscow_electric_vehicle_parade%2C_riding_22_ZAZ%2C_Cybertruck.jpg;Retired electrician;CC0;http://creativecommons.org/publicdomain/zero/1.0/deed.en;1
images/real/real_234e2c0166.jpg;2026-06-27_Moscow_electric_vehicle_parade_riding_23_ZAZ_Cybertruck_795ba333.jpg;File:2026-06-27 Moscow electric vehicle parade, riding 23 ZAZ, Cybertruck.jpg;https://commons.wikimedia.org/wiki/File%3A2026-06-27_Moscow_electric_vehicle_parade%2C_riding_23_ZAZ%2C_Cybertruck.jpg;Retired electrician;CC0;http://creativecommons.org/publicdomain/zero/1.0/deed.en;3
images/real/real_74e898472b.jpg;2026-06-27_Moscow_electric_vehicle_parade_riding_24_Cybertruck_58b86aab.jpg;File:2026-06-27 Moscow electric vehicle parade, riding 24 Cybertruck.jpg;https://commons.wikimedia.org/wiki/File%3A2026-06-27_Moscow_electric_vehicle_parade%2C_riding_24_Cybertruck.jpg;Retired electrician;CC0;http://creativecommons.org/publicdomain/zero/1.0/deed.en;3
images/real/real_45358ec31a.jpg;2026-06-27_Moscow_electric_vehicle_parade_riding_52_Nissan_Leaf_78cf7669.jpg;File:2026-06-27 Moscow electric vehicle parade, riding 52 Nissan Leaf.jpg;https://commons.wikimedia.org/wiki/File%3A2026-06-27_Moscow_electric_vehicle_parade%2C_riding_52_Nissan_Leaf.jpg;Retired electrician;CC0;http://creativecommons.org/publicdomain/zero/1.0/deed.en;2
images/real/real_8751ab58bd.jpg;2026-06-27_Moscow_electric_vehicle_parade_riding_59_Nissan_adf52a69.jpg;File:2026-06-27 Moscow electric vehicle parade, riding 59 Nissan.jpg;https://commons.wikimedia.org/wiki/File%3A2026-06-27_Moscow_electric_vehicle_parade%2C_riding_59_Nissan.jpg;Retired electrician;CC0;http://creativecommons.org/publicdomain/zero/1.0/deed.en;1
images/real/real_43711f091b.jpg;2026-06-27_Moscow_electric_vehicle_parade_riding_60_Tesla_309b3485.jpg;File:2026-06-27 Moscow electric vehicle parade, riding 60 Tesla.jpg;https://commons.wikimedia.org/wiki/File%3A2026-06-27_Moscow_electric_vehicle_parade%2C_riding_60_Tesla.jpg;Retired electrician;CC0;http://creativecommons.org/publicdomain/zero/1.0/deed.en;1
images/real/real_0077cb9d58.jpg;2026-06-27_Moscow_electric_vehicle_parade_riding_64_Chevrolet_Bolt_f1906236.jpg;File:2026-06-27 Moscow electric vehicle parade, riding 64 Chevrolet Bolt.jpg;https://commons.wikimedia.org/wiki/File%3A2026-06-27_Moscow_electric_vehicle_parade%2C_riding_64_Chevrolet_Bolt.jpg;Retired electrician;CC0;http://creativecommons.org/publicdomain/zero/1.0/deed.en;0
images/real/real_07c75c185b.jpg;2026-06-27_Moscow_electric_vehicle_parade_riding_66_Cybertruck_05973f0c.jpg;File:2026-06-27 Moscow electric vehicle parade, riding 66 Cybertruck.jpg;https://commons.wikimedia.org/wiki/File%3A2026-06-27_Moscow_electric_vehicle_parade%2C_riding_66_Cybertruck.jpg;Retired electrician;CC0;http://creativecommons.org/publicdomain/zero/1.0/deed.en;0
images/real/real_34ac0f5340.jpg;2026-06-27_Moscow_electric_vehicle_parade_riding_67_Cybertruck_d6690766.jpg;File:2026-06-27 Moscow electric vehicle parade, riding 67 Cybertruck.jpg;https://commons.wikimedia.org/wiki/File%3A2026-06-27_Moscow_electric_vehicle_parade%2C_riding_67_Cybertruck.jpg;Retired electrician;CC0;http://creativecommons.org/publicdomain/zero/1.0/deed.en;0
images/real/real_bda30dc07e.jpg;2026-06-27_Moscow_electric_vehicle_parade_riding_72_Tesla_7a362c96.jpg;File:2026-06-27 Moscow electric vehicle parade, riding 72 Tesla.jpg;https://commons.wikimedia.org/wiki/File%3A2026-06-27_Moscow_electric_vehicle_parade%2C_riding_72_Tesla.jpg;Retired electrician;CC0;http://creativecommons.org/publicdomain/zero/1.0/deed.en;2
images/real/real_4d1427677b.jpg;2026-06-27_Moscow_electric_vehicle_parade_riding_73_Honda_e_Voyah_Free_837f8091.jpg;File:2026-06-27 Moscow electric vehicle parade, riding 73 Honda e, Voyah Free.jpg;https://commons.wikimedia.org/wiki/File%3A2026-06-27_Moscow_electric_vehicle_parade%2C_riding_73_Honda_e%2C_Voyah_Free.jpg;Retired electrician;CC0;http://creativecommons.org/publicdomain/zero/1.0/deed.en;1
images/real/real_a4d7b76061.jpg;2026-06-27_Moscow_electric_vehicle_parade_riding_74_Honda_e_1293ced0.jpg;File:2026-06-27 Moscow electric vehicle parade, riding 74 Honda e.jpg;https://commons.wikimedia.org/wiki/File%3A2026-06-27_Moscow_electric_vehicle_parade%2C_riding_74_Honda_e.jpg;Retired electrician;CC0;http://creativecommons.org/publicdomain/zero/1.0/deed.en;3
images/real/real_59f035c97e.jpg;2026-06-27_Moscow_electric_vehicle_parade_riding_75_Ora_Goodcat_7b0e1002.jpg;File:2026-06-27 Moscow electric vehicle parade, riding 75 Ora Goodcat.jpg;https://commons.wikimedia.org/wiki/File%3A2026-06-27_Moscow_electric_vehicle_parade%2C_riding_75_Ora_Goodcat.jpg;Retired electrician;CC0;http://creativecommons.org/publicdomain/zero/1.0/deed.en;0
images/real/real_8bd64964f3.jpg;2026-06-27_Moscow_electric_vehicle_parade_riding_76_Mitsubishi_Miev_8a636c63.jpg;File:2026-06-27 Moscow electric vehicle parade, riding 76 Mitsubishi Miev.jpg;https://commons.wikimedia.org/wiki/File%3A2026-06-27_Moscow_electric_vehicle_parade%2C_riding_76_Mitsubishi_Miev.jpg;Retired electrician;CC0;http://creativecommons.org/publicdomain/zero/1.0/deed.en;2
images/real/real_39be9803ed.jpg;A_to_Honda_CR-V_parkumita_inter_du_a_toj_Suzuki_en_Tjumeno_557a3b85.jpg;File:Aŭto Honda CR-V parkumita inter du aŭtoj Suzuki en Tjumeno.jpg;https://commons.wikimedia.org/wiki/File%3AA%C5%ADto_Honda_CR-V_parkumita_inter_du_a%C5%ADtoj_Suzuki_en_Tjumeno.jpg;RG72;CC BY-SA 4.0;https://creativecommons.org/licenses/by-sa/4.0;0
images/real/real_054a007d06.jpg;A_to_Suzuki_Jimny_Sierra_en_Tjumeno_01_9034ae08.jpg;File:Aŭto Suzuki Jimny Sierra en Tjumeno 01.jpg;https://commons.wikimedia.org/wiki/File%3AA%C5%ADto_Suzuki_Jimny_Sierra_en_Tjumeno_01.jpg;RG72;CC BY 4.0;https://creativecommons.org/licenses/by/4.0;0
images/real/real_e8de9cc01c.jpg;A_to_Toyota_Alphard_AH10_kun_numerplato_de_Kirgizio_02_c35d14bd.jpg;File:Aŭto Toyota Alphard (AH10) kun numerplato de Kirgizio 02.jpg;https://commons.wikimedia.org/wiki/File%3AA%C5%ADto_Toyota_Alphard_%28AH10%29_kun_numerplato_de_Kirgizio_02.jpg;RG72;CC BY-SA 4.0;https://creativecommons.org/licenses/by-sa/4.0;0
images/real/real_aedf007eb5.jpg;A_to_Toyota_Chaser_en_la_korto_de_la_domo_N_213_en_strato_Respubliko_Tjumeno__7e0d8cc2.jpg;File:Aŭto Toyota Chaser en la korto de la domo N 213 en strato Respubliko (Tjumeno).jpg;https://commons.wikimedia.org/wiki/File%3AA%C5%ADto_Toyota_Chaser_en_la_korto_de_la_domo_N_213_en_strato_Respubliko_%28Tjumeno%29.jpg;RG72;CC BY-SA 4.0;https://creativecommons.org/licenses/by-sa/4.0;0
images/real/real_7a54a1e229.jpg;A_tomobilo_kun_simbolo_Z_kaj_surskribo_Laboru_fratoj_8f122281.jpg;File:Aŭtomobilo kun simbolo Z kaj surskribo Laboru fratoj.jpg;https://commons.wikimedia.org/wiki/File%3AA%C5%ADtomobilo_kun_simbolo_Z_kaj_surskribo_Laboru_fratoj.jpg;RG72;CC BY-SA 4.0;https://creativecommons.org/licenses/by-sa/4.0;0
images/real/real_70b3e5dfc1.jpg;A_toriparejo_en_strato_Novatorov_Tjumeno_02_1b4c3865.jpg;File:Aŭtoriparejo en strato Novatorov (Tjumeno) 02.jpg;https://commons.wikimedia.org/wiki/File%3AA%C5%ADtoriparejo_en_strato_Novatorov_%28Tjumeno%29_02.jpg;RG72;CC BY-SA 4.0;https://creativecommons.org/licenses/by-sa/4.0;0
images/real/real_ae5cca0d67.jpg;Abkhazia_plates_01_59d583d1.jpg;File:Abkhazia plates 01.jpg;https://commons.wikimedia.org/wiki/File%3AAbkhazia_plates_01.jpg;Stolbovsky;CC BY-SA 3.0;https://creativecommons.org/licenses/by-sa/3.0;0
images/real/real_cfcbd1032a.jpg;Abkhazia_plates_02_be997d10.jpg;File:Abkhazia plates 02.jpg;https://commons.wikimedia.org/wiki/File%3AAbkhazia_plates_02.jpg;Stolbovsky;CC BY-SA 3.0;https://creativecommons.org/licenses/by-sa/3.0;0
images/real/real_896472ad43.jpg;Anstata_igo_de_pne_oj_en_Tjumeno_d02906f9.jpg;File:Anstataŭigo de pneŭoj en Tjumeno.jpg;https://commons.wikimedia.org/wiki/File%3AAnstata%C5%ADigo_de_pne%C5%ADoj_en_Tjumeno.jpg;RG72;CC BY-SA 4.0;https://creativecommons.org/licenses/by-sa/4.0;0
images/real/real_a7565b2254.jpg;Auto_Ford_Fiesta_Mk1_Kaliningrad_Oktyabrskaya_street_957_39_2021-08_126_86863b8e.jpg;File:Auto Ford Fiesta Mk1 Kaliningrad Oktyabrskaya street Н957НС39 2021-08 126.jpg;https://commons.wikimedia.org/wiki/File%3AAuto_Ford_Fiesta_Mk1_Kaliningrad_Oktyabrskaya_street_%D0%9D957%D0%9D%D0%A139_2021-08_126.jpg;Artyom Svetlov;CC BY 4.0;https://creativecommons.org/licenses/by/4.0;1
images/real/real_911f08ba72.jpg;Auto_Ford_Sierra_Mk1_Chernyshevskogo_Square_Chernyshevskogo_Square_374_178_2025-_d855053f.jpg;File:Auto Ford Sierra Mk1 Chernyshevskogo Square Chernyshevskogo Square Н374ОН178 2025-03 015.JPG;https://commons.wikimedia.org/wiki/File%3AAuto_Ford_Sierra_Mk1_Chernyshevskogo_Square_Chernyshevskogo_Square_%D0%9D374%D0%9E%D0%9D178_2025-03_015.JPG;Artyom Svetlov;CC BY 4.0;https://creativecommons.org/licenses/by/4.0;2
images/real/real_64c6941677.jpg;Auto_Mazda_323_Kaliningrad_Victory_Square_403_154_2025-05_00035_64d66a13.jpg;File:Auto Mazda 323 Kaliningrad Victory Square Х403СО154 2025-05 00035.JPG;https://commons.wikimedia.org/wiki/File%3AAuto_Mazda_323_Kaliningrad_Victory_Square_%D0%A5403%D0%A1%D0%9E154_2025-05_00035.JPG;Artyom Svetlov;CC BY 4.0;https://creativecommons.org/licenses/by/4.0;3
images/real/real_f8d03a575e.jpg;Auto_Merkur_Scorpio_Perovo_District_Zelyony_Prospekt_141_797_2025-02_1738418941__c9351b7c.jpg;File:Auto Merkur Scorpio Perovo District Zelyony Prospekt А141ТХ797 2025-02 1738418941 024.tif;https://commons.wikimedia.org/wiki/File%3AAuto_Merkur_Scorpio_Perovo_District_Zelyony_Prospekt_%D0%90141%D0%A2%D0%A5797_2025-02_1738418941_024.tif;Artyom Svetlov;CC BY 4.0;https://creativecommons.org/licenses/by/4.0;0
images/real/real_d3796970b3.jpg;Auto_Station_-_Efremov_Russia_2024_37351a7a.jpg;File:Auto Station - Efremov, Russia 2024.jpg;https://commons.wikimedia.org/wiki/File%3AAuto_Station_-_Efremov%2C_Russia_2024.jpg;Юрий Д.К.;CC BY 4.0;https://creativecommons.org/licenses/by/4.0;0
images/real/real_cc33866c24.jpg;Auto_Toyota_MR2_W10_Kaliningrad_Oktyabrskaya_street_561_39_2021-08_124_59a907aa.jpg;File:Auto Toyota MR2 (W10) Kaliningrad Oktyabrskaya street Р561СВ39 2021-08 124.jpg;https://commons.wikimedia.org/wiki/File%3AAuto_Toyota_MR2_%28W10%29_Kaliningrad_Oktyabrskaya_street_%D0%A0561%D0%A1%D0%9239_2021-08_124.jpg;Artyom Svetlov;CC BY 4.0;https://creativecommons.org/licenses/by/4.0;0
images/real/real_b47e4f078c.jpg;Auto_Toyota_MR2_W10_Kaliningrad_Oktyabrskaya_street_561_39_2021-08_125_f90ae032.jpg;File:Auto Toyota MR2 (W10) Kaliningrad Oktyabrskaya street Р561СВ39 2021-08 125.jpg;https://commons.wikimedia.org/wiki/File%3AAuto_Toyota_MR2_%28W10%29_Kaliningrad_Oktyabrskaya_street_%D0%A0561%D0%A1%D0%9239_2021-08_125.jpg;Artyom Svetlov;CC BY 4.0;https://creativecommons.org/licenses/by/4.0;0
images/real/real_f68894418f.jpg;Black_Chevrolet_Chevelle_SS_in_Moscow_2024_01_339fb490.jpg;File:Black Chevrolet Chevelle SS in Moscow, 2024 01.jpg;https://commons.wikimedia.org/wiki/File%3ABlack_Chevrolet_Chevelle_SS_in_Moscow%2C_2024_01.jpg;Retired electrician;CC0;http://creativecommons.org/publicdomain/zero/1.0/deed.en;1
images/real/real_0c9cffa26a.jpg;Black_Chevrolet_Chevelle_SS_in_Moscow_2024_03_63172cd3.jpg;File:Black Chevrolet Chevelle SS in Moscow, 2024 03.jpg;https://commons.wikimedia.org/wiki/File%3ABlack_Chevrolet_Chevelle_SS_in_Moscow%2C_2024_03.jpg;Retired electrician;CC0;http://creativecommons.org/publicdomain/zero/1.0/deed.en;0
images/real/real_9631ba09ac.jpg;Black_Chevrolet_Chevelle_SS_in_Moscow_2024_04_4f45fb44.jpg;File:Black Chevrolet Chevelle SS in Moscow, 2024 04.jpg;https://commons.wikimedia.org/wiki/File%3ABlack_Chevrolet_Chevelle_SS_in_Moscow%2C_2024_04.jpg;Retired electrician;CC0;http://creativecommons.org/publicdomain/zero/1.0/deed.en;0
images/real/real_547b2e25b0.jpg;Blue_Ford_-_Moscow1_8fbd5fb1.jpg;File:Blue Ford - Moscow1.jpg;https://commons.wikimedia.org/wiki/File%3ABlue_Ford_-_Moscow1.jpg;Юрий Д.К.;CC BY 4.0;https://creativecommons.org/licenses/by/4.0;0
images/real/real_567a445449.jpg;Blue_Ford_-_Moscow_5db45818.jpg;File:Blue Ford - Moscow.jpg;https://commons.wikimedia.org/wiki/File%3ABlue_Ford_-_Moscow.jpg;Юрий Д.К.;CC BY 4.0;https://creativecommons.org/licenses/by/4.0;0
images/real/real_70298f55c0.jpg;Burning_automobile_01_cbd27fbf.jpg;File:Burning automobile 01.jpg;https://commons.wikimedia.org/wiki/File%3ABurning_automobile_01.jpg;Stolbovsky;CC BY-SA 3.0;https://creativecommons.org/licenses/by-sa/3.0;1
images/real/real_b44c67db37.jpg;Butiko_Letual_en_strato_Pervomajskaja_Tjumeno__b63595f4.jpg;File:Butiko Letual en strato Pervomajskaja (Tjumeno).jpg;https://commons.wikimedia.org/wiki/File%3AButiko_Letual_en_strato_Pervomajskaja_%28Tjumeno%29.jpg;RG72;CC BY-SA 4.0;https://creativecommons.org/licenses/by-sa/4.0;0
images/real/real_49c0a05428.jpg;Chevrolet_Saratov__8fc3a79a.jpg;File:Chevrolet (Saratov).jpg;https://commons.wikimedia.org/wiki/File%3AChevrolet_%28Saratov%29.jpg;ИринаЯ;CC BY-SA 4.0;https://creativecommons.org/licenses/by-sa/4.0;2
images/real/real_ec748911a4.jpg;Datsun_Stanza_Moscow_3_d66a0dd2.tiff;File:Datsun Stanza Moscow 3.tiff;https://commons.wikimedia.org/wiki/File%3ADatsun_Stanza_Moscow_3.tiff;Svetlov Artem;CC0;http://creativecommons.org/publicdomain/zero/1.0/deed.en;0
images/real/real_e240a1fcac.jpg;Datsun_Stanza_Moscow_aabc4743.tiff;File:Datsun Stanza Moscow.tiff;https://commons.wikimedia.org/wiki/File%3ADatsun_Stanza_Moscow.tiff;Svetlov Artem;CC0;http://creativecommons.org/publicdomain/zero/1.0/deed.en;0
images/real/real_0a00bc9ef4.jpg;Diabla_Honda_01_c583b987.jpg;File:Diabla Honda 01.jpg;https://commons.wikimedia.org/wiki/File%3ADiabla_Honda_01.jpg;RG72;CC BY-SA 4.0;https://creativecommons.org/licenses/by-sa/4.0;0
images/real/real_2cc399571b.jpg;Domo_N_97_en_strato_Melnikaite_Tjumeno__bbbd5d45.jpg;File:Domo N 97 en strato Melnikaite (Tjumeno).jpg;https://commons.wikimedia.org/wiki/File%3ADomo_N_97_en_strato_Melnikaite_%28Tjumeno%29.jpg;RG72;CC BY-SA 4.0;https://creativecommons.org/licenses/by-sa/4.0;1
images/real/real_3001d0bcb2.jpg;Filyovskaya_Embankment_32_1ae60593.jpg;File:Filyovskaya Embankment 32.jpg;https://commons.wikimedia.org/wiki/File%3AFilyovskaya_Embankment_32.jpg;MBH;CC BY 4.0;https://creativecommons.org/licenses/by/4.0;3
images/real/real_6072a3840a.jpg;Honda_Accord_2007_en_Tjumeno_01_3b6ff604.jpg;File:Honda Accord (2007) en Tjumeno 01.jpg;https://commons.wikimedia.org/wiki/File%3AHonda_Accord_%282007%29_en_Tjumeno_01.jpg;RG72;CC BY-SA 4.0;https://creativecommons.org/licenses/by-sa/4.0;0
images/real/real_c160f20ac8.jpg;Honda_Accord_2007_en_Tjumeno_02_7e8a8003.jpg;File:Honda Accord (2007) en Tjumeno 02.jpg;https://commons.wikimedia.org/wiki/File%3AHonda_Accord_%282007%29_en_Tjumeno_02.jpg;RG72;CC BY-SA 4.0;https://creativecommons.org/licenses/by-sa/4.0;0
images/real/real_c482d422fc.jpg;Honda_Accord_2007_en_Tjumeno_04_c5acfd37.jpg;File:Honda Accord (2007) en Tjumeno 04.jpg;https://commons.wikimedia.org/wiki/File%3AHonda_Accord_%282007%29_en_Tjumeno_04.jpg;RG72;CC BY-SA 4.0;https://creativecommons.org/licenses/by-sa/4.0;0
images/real/real_68fbeac663.jpg;Infiniti_Q_56_JA60_sur_la_riverkajo_en_Tjumeno_01_059e0a65.jpg;File:Infiniti QХ56 (JA60) sur la riverkajo en Tjumeno 01.jpg;https://commons.wikimedia.org/wiki/File%3AInfiniti_Q%D0%A556_%28JA60%29_sur_la_riverkajo_en_Tjumeno_01.jpg;RG72;CC BY-SA 4.0;https://creativecommons.org/licenses/by-sa/4.0;0
images/real/real_5e85caabbe.jpg;Jeep_Grand_Cherokee_in_Moscow_2025_10275465.jpg;File:Jeep Grand Cherokee in Moscow 2025.jpg;https://commons.wikimedia.org/wiki/File%3AJeep_Grand_Cherokee_in_Moscow_2025.jpg;Sergey A. Demidov;CC BY 4.0;https://creativecommons.org/licenses/by/4.0;0
images/real/real_351a829750.jpg;Kuprin_Prospekt_Moscow_-_2024-8_1_a7396cec.jpg;File:Kuprin Prospekt (Moscow) - 2024-8 1.jpg;https://commons.wikimedia.org/wiki/File%3AKuprin_Prospekt_%28Moscow%29_-_2024-8_1.jpg;Юрий Д.К.;CC BY 4.0;https://creativecommons.org/licenses/by/4.0;0
images/real/real_5b6b9c064d.jpg;Kuprin_Prospekt_Moscow_-_2024-8_2_152d821d.jpg;File:Kuprin Prospekt (Moscow) - 2024-8 2.jpg;https://commons.wikimedia.org/wiki/File%3AKuprin_Prospekt_%28Moscow%29_-_2024-8_2.jpg;Юрий Д.К.;CC BY 4.0;https://creativecommons.org/licenses/by/4.0;0
images/real/real_e2a19b48ec.jpg;Mazda_Kuprin_Avenue_-_Moscow1_311fe584.jpg;File:Mazda, Kuprin Avenue - Moscow1.jpg;https://commons.wikimedia.org/wiki/File%3AMazda%2C_Kuprin_Avenue_-_Moscow1.jpg;Юрий Д.К.;CC BY 4.0;https://creativecommons.org/licenses/by/4.0;0
images/real/real_f7d61f2cce.jpg;Mazda_Kuprin_Avenue_-_Moscow2_7ed49da1.jpg;File:Mazda, Kuprin Avenue - Moscow2.jpg;https://commons.wikimedia.org/wiki/File%3AMazda%2C_Kuprin_Avenue_-_Moscow2.jpg;Юрий Д.К.;CC BY 4.0;https://creativecommons.org/licenses/by/4.0;0
images/real/real_52de95c560.jpg;Moscow_-_2025_-_Bolotnaya_Embankment1_aa76df5f.jpg;File:Moscow - 2025 - Bolotnaya Embankment1.jpg;https://commons.wikimedia.org/wiki/File%3AMoscow_-_2025_-_Bolotnaya_Embankment1.jpg;Юрий Д.К.;CC BY 4.0;https://creativecommons.org/licenses/by/4.0;0
images/real/real_1a618ed88b.jpg;Moscow_-_6-2026_-_Honda_Integra_1717d30b.jpg;File:Moscow - 6-2026 - Honda Integra.jpg;https://commons.wikimedia.org/wiki/File%3AMoscow_-_6-2026_-_Honda_Integra.jpg;Юрий Д.К.;CC BY 4.0;https://creativecommons.org/licenses/by/4.0;0
images/real/real_7a344b2011.jpg;Moscow_-_July_2026_-_Ford_Granada1_e257ad4c.jpg;File:Moscow - July 2026 - Ford Granada1.jpg;https://commons.wikimedia.org/wiki/File%3AMoscow_-_July_2026_-_Ford_Granada1.jpg;Юрий Д.К.;CC BY 4.0;https://creativecommons.org/licenses/by/4.0;0
images/real/real_50372ea137.jpg;Moscow_-_July_2026_-_Ford_Granada_a709f605.jpg;File:Moscow - July 2026 - Ford Granada.jpg;https://commons.wikimedia.org/wiki/File%3AMoscow_-_July_2026_-_Ford_Granada.jpg;Юрий Д.К.;CC BY 4.0;https://creativecommons.org/licenses/by/4.0;0
images/real/real_8c5886201f.jpg;Moscow_-_July_2026_-_Orange_Nissan_Okhotny_Ryad_Teatralny_Proezd_1570ed89.jpg;File:Moscow - July 2026 - Orange Nissan, Okhotny Ryad, Teatralny Proezd.jpg;https://commons.wikimedia.org/wiki/File%3AMoscow_-_July_2026_-_Orange_Nissan%2C_Okhotny_Ryad%2C_Teatralny_Proezd.jpg;Юрий Д.К.;CC BY 4.0;https://creativecommons.org/licenses/by/4.0;2
images/real/real_78c3b98580.jpg;Moscow_-_Kuprin_Avenue_and_the_surrounding_forest_8fc5a280.jpg;File:Moscow - Kuprin Avenue and the surrounding forest.jpg;https://commons.wikimedia.org/wiki/File%3AMoscow_-_Kuprin_Avenue_and_the_surrounding_forest.jpg;Юрий Д.К.;CC BY 4.0;https://creativecommons.org/licenses/by/4.0;0
images/real/real_e32fc21a5a.jpg;Moscow_-_Red_Mazda_Kuprin_Avenue1_5ed12885.jpg;File:Moscow - Red Mazda, Kuprin Avenue1.jpg;https://commons.wikimedia.org/wiki/File%3AMoscow_-_Red_Mazda%2C_Kuprin_Avenue1.jpg;Юрий Д.К.;CC BY 4.0;https://creativecommons.org/licenses/by/4.0;0
images/real/real_ad0ceb6691.jpg;Moscow_-_Red_Mazda_Kuprin_Avenue2_6adf3f75.jpg;File:Moscow - Red Mazda, Kuprin Avenue2.jpg;https://commons.wikimedia.org/wiki/File%3AMoscow_-_Red_Mazda%2C_Kuprin_Avenue2.jpg;Юрий Д.К.;CC BY 4.0;https://creativecommons.org/licenses/by/4.0;0
images/real/real_bec9eeaf3b.jpg;Moscow_-_Red_Mazda_Kuprin_Avenue_147da5c7.jpg;File:Moscow - Red Mazda, Kuprin Avenue.jpg;https://commons.wikimedia.org/wiki/File%3AMoscow_-_Red_Mazda%2C_Kuprin_Avenue.jpg;Юрий Д.К.;CC BY 4.0;https://creativecommons.org/licenses/by/4.0;0
images/real/real_87d991e9c5.jpg;Moscow_1st_Derbenyovsky_Lane_Opus_building_construction_July_2025_01_f0ff8620.jpg;File:Moscow, 1st Derbenyovsky Lane, Opus building construction, July 2025 01.jpg;https://commons.wikimedia.org/wiki/File%3AMoscow%2C_1st_Derbenyovsky_Lane%2C_Opus_building_construction%2C_July_2025_01.jpg;Retired electrician;CC0;http://creativecommons.org/publicdomain/zero/1.0/deed.en;0
images/real/real_dd7173d045.jpg;Moscow_1st_Derbenyovsky_Lane_Opus_building_construction_July_2025_03_cf280557.jpg;File:Moscow, 1st Derbenyovsky Lane, Opus building construction, July 2025 03.jpg;https://commons.wikimedia.org/wiki/File%3AMoscow%2C_1st_Derbenyovsky_Lane%2C_Opus_building_construction%2C_July_2025_03.jpg;Retired electrician;CC0;http://creativecommons.org/publicdomain/zero/1.0/deed.en;0
images/real/real_23a72e6ee7.jpg;Moscow_1st_Dobryninsky_and_1st_Lyusinovsky_May_2022_01_e3b8948c.jpg;File:Moscow, 1st Dobryninsky and 1st Lyusinovsky, May 2022 01.jpg;https://commons.wikimedia.org/wiki/File%3AMoscow%2C_1st_Dobryninsky_and_1st_Lyusinovsky%2C_May_2022_01.jpg;Retired electrician;CC0;http://creativecommons.org/publicdomain/zero/1.0/deed.en;1
images/real/real_637f721ed1.jpg;Moscow_1st_Nagatinsky_14_June_2025_09_2f73ff3a.jpg;File:Moscow, 1st Nagatinsky 14 June 2025 09.jpg;https://commons.wikimedia.org/wiki/File%3AMoscow%2C_1st_Nagatinsky_14_June_2025_09.jpg;Retired electrician;CC0;http://creativecommons.org/publicdomain/zero/1.0/deed.en;0
images/real/real_dc39af8f12.jpg;Moscow_1st_Pavlovsky_Lane_Mitsubishi_ASX_E-Klasse_Hyundai_Elantra_2024-06-15_5dd15c65.jpg;File:Moscow, 1st Pavlovsky Lane, Mitsubishi ASX, E-Klasse, Hyundai Elantra 2024-06-15.jpg;https://commons.wikimedia.org/wiki/File%3AMoscow%2C_1st_Pavlovsky_Lane%2C_Mitsubishi_ASX%2C_E-Klasse%2C_Hyundai_Elantra_2024-06-15.jpg;Retired electrician;CC0;http://creativecommons.org/publicdomain/zero/1.0/deed.en;0
images/real/real_c11ee30255.jpg;Moscow_1st_Silikatny_11_prison_June_2025_04_cropped_Jeep__ab39fb84.jpg;File:Moscow, 1st Silikatny 11 prison June 2025 04 (cropped Jeep).jpg;https://commons.wikimedia.org/wiki/File%3AMoscow%2C_1st_Silikatny_11_prison_June_2025_04_%28cropped_Jeep%29.jpg;Retired electrician;CC0;http://creativecommons.org/publicdomain/zero/1.0/deed.en;0
images/real/real_54dc73f57f.jpg;Moscow_1st_Tverskaya-Yamskaya_-_Oruzheyny_Lane_July_2026_02_ea191bd6.jpg;File:Moscow, 1st Tverskaya-Yamskaya - Oruzheyny Lane, July 2026 02.jpg;https://commons.wikimedia.org/wiki/File%3AMoscow%2C_1st_Tverskaya-Yamskaya_-_Oruzheyny_Lane%2C_July_2026_02.jpg;Retired electrician;CC0;http://creativecommons.org/publicdomain/zero/1.0/deed.en;4
images/real/real_3e2a2244aa.jpg;Moscow_2nd_Nagatinsky_Proezd_garage_workshops_June_2025_03_99343865.jpg;File:Moscow, 2nd Nagatinsky Proezd, garage workshops, June 2025 03.jpg;https://commons.wikimedia.org/wiki/File%3AMoscow%2C_2nd_Nagatinsky_Proezd%2C_garage_workshops%2C_June_2025_03.jpg;Retired electrician;CC0;http://creativecommons.org/publicdomain/zero/1.0/deed.en;0
images/real/real_2f7b27e81c.jpg;Moscow_2nd_Nagatinsky_Proezd_garage_workshops_June_2025_04_42c51624.jpg;File:Moscow, 2nd Nagatinsky Proezd, garage workshops, June 2025 04.jpg;https://commons.wikimedia.org/wiki/File%3AMoscow%2C_2nd_Nagatinsky_Proezd%2C_garage_workshops%2C_June_2025_04.jpg;Retired electrician;CC0;http://creativecommons.org/publicdomain/zero/1.0/deed.en;0
images/real/real_984f01e44e.jpg;Moscow_2nd_Pavlovsky_Lane_red_Tesla_3plus_May_2025_02_8d5ae646.jpg;File:Moscow, 2nd Pavlovsky Lane, red Tesla 3plus, May 2025 02.jpg;https://commons.wikimedia.org/wiki/File%3AMoscow%2C_2nd_Pavlovsky_Lane%2C_red_Tesla_3plus%2C_May_2025_02.jpg;Retired electrician;CC0;http://creativecommons.org/publicdomain/zero/1.0/deed.en;0
images/real/real_44700a5bbe.jpg;Moscow_B-Gnezdnikovsky_10_Aug_2024_01_6738c9fe.jpg;File:Moscow, B-Gnezdnikovsky 10 Aug 2024 01.jpg;https://commons.wikimedia.org/wiki/File%3AMoscow%2C_B-Gnezdnikovsky_10_Aug_2024_01.jpg;Retired electrician;CC0;http://creativecommons.org/publicdomain/zero/1.0/deed.en;0
images/real/real_b475bea51b.jpg;Moscow_BMW_Nissan_Note_Mazda6_2022-06-04_c4cbc366.jpg;File:Moscow, BMW, Nissan Note, Mazda6 2022-06-04.jpg;https://commons.wikimedia.org/wiki/File%3AMoscow%2C_BMW%2C_Nissan_Note%2C_Mazda6_2022-06-04.jpg;Retired electrician;CC0;http://creativecommons.org/publicdomain/zero/1.0/deed.en;0
images/real/real_f29d73b85d.jpg;Moscow_Bakhrushina_20_charging_station_June_2022_01_a5753451.jpg;File:Moscow, Bakhrushina 20 charging station June 2022 01.jpg;https://commons.wikimedia.org/wiki/File%3AMoscow%2C_Bakhrushina_20_charging_station_June_2022_01.jpg;Retired electrician;CC0;http://creativecommons.org/publicdomain/zero/1.0/deed.en;0
images/real/real_66bdea50e0.jpg;Moscow_Bakhrushina_20_charging_station_June_2022_02_df5a071d.jpg;File:Moscow, Bakhrushina 20 charging station June 2022 02.jpg;https://commons.wikimedia.org/wiki/File%3AMoscow%2C_Bakhrushina_20_charging_station_June_2022_02.jpg;Retired electrician;CC0;http://creativecommons.org/publicdomain/zero/1.0/deed.en;1
images/real/real_f745f9303b.jpg;Moscow_Bakhrushina_27_29_July_2023_02_DXO__9d68bfbb.jpg;File:Moscow, Bakhrushina 27, 29 July 2023 02(DXO).jpg;https://commons.wikimedia.org/wiki/File%3AMoscow%2C_Bakhrushina_27%2C_29_July_2023_02%28DXO%29.jpg;Retired electrician;CC0;http://creativecommons.org/publicdomain/zero/1.0/deed.en;0
images/real/real_6159cb918b.jpg;Moscow_Bolshoy_Ordynsky_Lane_May_2022_03_9632ab3c.jpg;File:Moscow, Bolshoy Ordynsky Lane May 2022 03.jpg;https://commons.wikimedia.org/wiki/File%3AMoscow%2C_Bolshoy_Ordynsky_Lane_May_2022_03.jpg;Retired electrician;CC0;http://creativecommons.org/publicdomain/zero/1.0/deed.en;0
images/real/real_35f53067fc.jpg;Moscow_Bolshoy_Ordynsky_Lane_Mitsu_Pajero_Sport_2022-05-23_0f7fdf37.jpg;File:Moscow, Bolshoy Ordynsky Lane, Mitsu Pajero Sport, 2022-05-23.jpg;https://commons.wikimedia.org/wiki/File%3AMoscow%2C_Bolshoy_Ordynsky_Lane%2C_Mitsu_Pajero_Sport%2C_2022-05-23.jpg;Retired electrician;CC0;http://creativecommons.org/publicdomain/zero/1.0/deed.en;0
images/real/real_a4f53e9fb0.jpg;Moscow_Borisa_Petrovskogo_Street_MIG_plant_site_watchtower_April_2025_01_6611a2aa.jpg;File:Moscow, Borisa Petrovskogo Street, MIG plant site, watchtower April 2025 01.jpg;https://commons.wikimedia.org/wiki/File%3AMoscow%2C_Borisa_Petrovskogo_Street%2C_MIG_plant_site%2C_watchtower_April_2025_01.jpg;Retired electrician;CC0;http://creativecommons.org/publicdomain/zero/1.0/deed.en;0
images/real/real_2046de893b.jpg;Moscow_Botkin_Hospital_-_ambulance_April_2025_21_2a0deab5.jpg;File:Moscow, Botkin Hospital - ambulance April 2025 21.jpg;https://commons.wikimedia.org/wiki/File%3AMoscow%2C_Botkin_Hospital_-_ambulance_April_2025_21.jpg;Retired electrician;CC0;http://creativecommons.org/publicdomain/zero/1.0/deed.en;0
images/real/real_1f864ee4ba.jpg;Moscow_Burdenko_Street_Suzuki_Spacia_Hybrid_Oct_2024_02_4915f447.jpg;File:Moscow, Burdenko Street, Suzuki Spacia Hybrid Oct 2024 02.jpg;https://commons.wikimedia.org/wiki/File%3AMoscow%2C_Burdenko_Street%2C_Suzuki_Spacia_Hybrid_Oct_2024_02.jpg;Retired electrician;CC0;http://creativecommons.org/publicdomain/zero/1.0/deed.en;0
images/real/real_abd36a9d0b.jpg;Moscow_Burdenko_Street_Suzuki_Spacia_Hybrid_Oct_2024_03_cc10d648.jpg;File:Moscow, Burdenko Street, Suzuki Spacia Hybrid Oct 2024 03.jpg;https://commons.wikimedia.org/wiki/File%3AMoscow%2C_Burdenko_Street%2C_Suzuki_Spacia_Hybrid_Oct_2024_03.jpg;Retired electrician;CC0;http://creativecommons.org/publicdomain/zero/1.0/deed.en;0
images/real/real_d0a602ddfe.jpg;Moscow_Chevrolet_Aveo_T200_hatchback_silver_Sept_2025_01_4fcee135.jpg;File:Moscow, Chevrolet Aveo (T200) hatchback silver, Sept 2025 01.jpg;https://commons.wikimedia.org/wiki/File%3AMoscow%2C_Chevrolet_Aveo_%28T200%29_hatchback_silver%2C_Sept_2025_01.jpg;Retired electrician;CC0;http://creativecommons.org/publicdomain/zero/1.0/deed.en;3
images/real/real_3c16889783.jpg;Moscow_Chevrolet_Equinox_white_Sept_2025_01_881eb3b4.jpg;File:Moscow, Chevrolet Equinox white, Sept 2025 01.jpg;https://commons.wikimedia.org/wiki/File%3AMoscow%2C_Chevrolet_Equinox_white%2C_Sept_2025_01.jpg;Retired electrician;CC0;http://creativecommons.org/publicdomain/zero/1.0/deed.en;1
images/real/real_549914297b.jpg;Moscow_Chevrolet_Spark_LT_white_with_KG_plates_Aug_2026_01_2189ab76.jpg;File:Moscow, Chevrolet Spark LT white with KG plates, Aug 2026 01.jpg;https://commons.wikimedia.org/wiki/File%3AMoscow%2C_Chevrolet_Spark_LT_white_with_KG_plates%2C_Aug_2026_01.jpg;Retired electrician;CC0;http://creativecommons.org/publicdomain/zero/1.0/deed.en;1
images/real/real_f767ac522a.jpg;Moscow_Chevrolet_TrailBlazer_June_2025_04_09dd48aa.jpg;File:Moscow, Chevrolet TrailBlazer June 2025 04.jpg;https://commons.wikimedia.org/wiki/File%3AMoscow%2C_Chevrolet_TrailBlazer_June_2025_04.jpg;Retired electrician;CC0;http://creativecommons.org/publicdomain/zero/1.0/deed.en;1
images/real/real_1508ad19d8.jpg;Moscow_Chevrolet_Trailblazer_Aug_2025_14_45da80ca.jpg;File:Moscow, Chevrolet Trailblazer, Aug 2025 14.jpg;https://commons.wikimedia.org/wiki/File%3AMoscow%2C_Chevrolet_Trailblazer%2C_Aug_2025_14.jpg;Retired electrician;CC0;http://creativecommons.org/publicdomain/zero/1.0/deed.en;0
images/real/real_84ce4325c9.jpg;Moscow_Daihatsu_Taft_green_Sept_2025_03_604f1baf.jpg;File:Moscow, Daihatsu Taft green, Sept 2025 03.jpg;https://commons.wikimedia.org/wiki/File%3AMoscow%2C_Daihatsu_Taft_green%2C_Sept_2025_03.jpg;Retired electrician;CC0;http://creativecommons.org/publicdomain/zero/1.0/deed.en;0
images/real/real_1bb8ac733c.jpg;Moscow_Daihatsu_Wake_orange_Mar_2026_04_9196dcea.jpg;File:Moscow, Daihatsu Wake orange, Mar 2026 04.jpg;https://commons.wikimedia.org/wiki/File%3AMoscow%2C_Daihatsu_Wake_orange%2C_Mar_2026_04.jpg;Retired electrician;CC0;http://creativecommons.org/publicdomain/zero/1.0/deed.en;0
images/real/real_e6eb963ac3.jpg;Moscow_Daihatsu_with_shadow_plates_Mar_2026_01_74f1b83c.jpg;File:Moscow, Daihatsu with shadow plates, Mar 2026 01.jpg;https://commons.wikimedia.org/wiki/File%3AMoscow%2C_Daihatsu_with_shadow_plates%2C_Mar_2026_01.jpg;Retired electrician;CC0;http://creativecommons.org/publicdomain/zero/1.0/deed.en;1
images/real/real_391ed4767e.jpg;Moscow_Daihatsu_with_shadow_plates_Mar_2026_02_f2df4d49.jpg;File:Moscow, Daihatsu with shadow plates, Mar 2026 02.jpg;https://commons.wikimedia.org/wiki/File%3AMoscow%2C_Daihatsu_with_shadow_plates%2C_Mar_2026_02.jpg;Retired electrician;CC0;http://creativecommons.org/publicdomain/zero/1.0/deed.en;0
images/real/real_058e5d8179.jpg;Moscow_Dinamovskaya_Street_Aug_2024_01_1f6a68ca.jpg;File:Moscow, Dinamovskaya Street Aug 2024 01.jpg;https://commons.wikimedia.org/wiki/File%3AMoscow%2C_Dinamovskaya_Street_Aug_2024_01.jpg;Retired electrician;CC0;http://creativecommons.org/publicdomain/zero/1.0/deed.en;0
images/real/real_f921cdc962.jpg;Moscow_Dinamovskaya_Street_Aug_2024_02_f9ecc681.jpg;File:Moscow, Dinamovskaya Street Aug 2024 02.jpg;https://commons.wikimedia.org/wiki/File%3AMoscow%2C_Dinamovskaya_Street_Aug_2024_02.jpg;Retired electrician;CC0;http://creativecommons.org/publicdomain/zero/1.0/deed.en;0
images/real/real_7a5cf54d65.jpg;Moscow_Dodge_Challenger_Aug_2025_01_0f9a28b7.jpg;File:Moscow, Dodge Challenger Aug 2025 01.jpg;https://commons.wikimedia.org/wiki/File%3AMoscow%2C_Dodge_Challenger_Aug_2025_01.jpg;Retired electrician;CC0;http://creativecommons.org/publicdomain/zero/1.0/deed.en;0
images/real/real_b6dfb0b8c9.jpg;Moscow_Dodge_Challenger_Aug_2025_02_27b2f2fc.jpg;File:Moscow, Dodge Challenger Aug 2025 02.jpg;https://commons.wikimedia.org/wiki/File%3AMoscow%2C_Dodge_Challenger_Aug_2025_02.jpg;Retired electrician;CC0;http://creativecommons.org/publicdomain/zero/1.0/deed.en;2
images/real/real_969da73c4e.jpg;Moscow_Dodge_Challenger_grey_June_2026_02_e42ee219.jpg;File:Moscow, Dodge Challenger grey, June 2026 02.jpg;https://commons.wikimedia.org/wiki/File%3AMoscow%2C_Dodge_Challenger_grey%2C_June_2026_02.jpg;Retired electrician;CC0;http://creativecommons.org/publicdomain/zero/1.0/deed.en;0
images/real/real_91f8619c3f.jpg;Moscow_Dubininskaya_57_Chevrolet_Lacetti_SW_2022-05-15_f6643725.jpg;File:Moscow, Dubininskaya 57, Chevrolet Lacetti SW 2022-05-15.jpg;https://commons.wikimedia.org/wiki/File%3AMoscow%2C_Dubininskaya_57%2C_Chevrolet_Lacetti_SW_2022-05-15.jpg;Retired electrician;CC0;http://creativecommons.org/publicdomain/zero/1.0/deed.en;0
images/real/real_52b9c8662f.jpg;Moscow_Ford_Explorer_June_2025_01_11e2921d.jpg;File:Moscow, Ford Explorer, June 2025 01.jpg;https://commons.wikimedia.org/wiki/File%3AMoscow%2C_Ford_Explorer%2C_June_2025_01.jpg;Retired electrician;CC0;http://creativecommons.org/publicdomain/zero/1.0/deed.en;0
images/real/real_81e60576e8.jpg;Moscow_Ford_Explorer_June_2025_02_45846be7.jpg;File:Moscow, Ford Explorer, June 2025 02.jpg;https://commons.wikimedia.org/wiki/File%3AMoscow%2C_Ford_Explorer%2C_June_2025_02.jpg;Retired electrician;CC0;http://creativecommons.org/publicdomain/zero/1.0/deed.en;1
images/real/real_763379a8ec.jpg;Moscow_Ford_F150_with_KG_plates_Mar_2026_03_bc38838b.jpg;File:Moscow, Ford F150 with KG plates, Mar 2026 03.jpg;https://commons.wikimedia.org/wiki/File%3AMoscow%2C_Ford_F150_with_KG_plates%2C_Mar_2026_03.jpg;Retired electrician;CC0;http://creativecommons.org/publicdomain/zero/1.0/deed.en;0
images/real/real_80f658aa2b.jpg;Moscow_Ford_Fiesta_on_a_tow_truck_Sept_2025_01_05912b73.jpg;File:Moscow, Ford Fiesta on a tow truck, Sept 2025 01.jpg;https://commons.wikimedia.org/wiki/File%3AMoscow%2C_Ford_Fiesta_on_a_tow_truck%2C_Sept_2025_01.jpg;Retired electrician;CC0;http://creativecommons.org/publicdomain/zero/1.0/deed.en;3
images/real/real_0b799845c8.jpg;Moscow_Ford_Focus_RS_acid-green_June_2026_01_ccd3980a.jpg;File:Moscow, Ford Focus RS acid-green, June 2026 01.jpg;https://commons.wikimedia.org/wiki/File%3AMoscow%2C_Ford_Focus_RS_acid-green%2C_June_2026_01.jpg;Retired electrician;CC0;http://creativecommons.org/publicdomain/zero/1.0/deed.en;0
images/real/real_0b14cc2ca3.jpg;Moscow_Ford_Kuga_white_May_2026_02_cad98573.jpg;File:Moscow, Ford Kuga white, May 2026 02.jpg;https://commons.wikimedia.org/wiki/File%3AMoscow%2C_Ford_Kuga_white%2C_May_2026_02.jpg;Retired electrician;CC0;http://creativecommons.org/publicdomain/zero/1.0/deed.en;0
images/real/real_628691f191.jpg;Moscow_Ford_Tourneo_Connect_Aug_2025_01_c0630566.jpg;File:Moscow, Ford Tourneo Connect, Aug 2025 01.jpg;https://commons.wikimedia.org/wiki/File%3AMoscow%2C_Ford_Tourneo_Connect%2C_Aug_2025_01.jpg;Retired electrician;CC0;http://creativecommons.org/publicdomain/zero/1.0/deed.en;0
images/real/real_8f35af5c4a.jpg;Moscow_GMC_Denali_black_May_2026_01_9f2efe88.jpg;File:Moscow, GMC Denali black, May 2026 01.jpg;https://commons.wikimedia.org/wiki/File%3AMoscow%2C_GMC_Denali_black%2C_May_2026_01.jpg;Retired electrician;CC0;http://creativecommons.org/publicdomain/zero/1.0/deed.en;0
images/real/real_06262a755b.jpg;Moscow_Gazelle_Next_in_Russian_Post_livery_Sept_2025_01_1006e343.jpg;File:Moscow, Gazelle Next in Russian Post livery, Sept 2025 01.jpg;https://commons.wikimedia.org/wiki/File%3AMoscow%2C_Gazelle_Next_in_Russian_Post_livery%2C_Sept_2025_01.jpg;Retired electrician;CC0;http://creativecommons.org/publicdomain/zero/1.0/deed.en;3
images/real/real_c0ced239b9.jpg;Moscow_Holder_street_sprinklers_street_racing_April_2025_05_6afd8e8f.jpg;File:Moscow, Holder street sprinklers street racing, April 2025 05.jpg;https://commons.wikimedia.org/wiki/File%3AMoscow%2C_Holder_street_sprinklers_street_racing%2C_April_2025_05.jpg;Retired electrician;CC0;http://creativecommons.org/publicdomain/zero/1.0/deed.en;0
images/real/real_e764a364d9.jpg;Moscow_Honda_Civic_2015_hatchback_blue_Oct_2025_02_0c4a0653.jpg;File:Moscow, Honda Civic (2015) hatchback blue, Oct 2025 02.jpg;https://commons.wikimedia.org/wiki/File%3AMoscow%2C_Honda_Civic_%282015%29_hatchback_blue%2C_Oct_2025_02.jpg;Retired electrician;CC0;http://creativecommons.org/publicdomain/zero/1.0/deed.en;3
images/real/real_206f9d3dc0.jpg;Moscow_Honda_Civic_2015_hatchback_blue_Oct_2025_03-1_935c2948.jpg;File:Moscow, Honda Civic (2015) hatchback blue, Oct 2025 03-1.jpg;https://commons.wikimedia.org/wiki/File%3AMoscow%2C_Honda_Civic_%282015%29_hatchback_blue%2C_Oct_2025_03-1.jpg;Retired electrician;CC0;http://creativecommons.org/publicdomain/zero/1.0/deed.en;0
images/real/real_5591c3f269.jpg;Moscow_Honda_Civic_orange_Sept_2025_01_c23419d7.jpg;File:Moscow, Honda Civic orange, Sept 2025 01.jpg;https://commons.wikimedia.org/wiki/File%3AMoscow%2C_Honda_Civic_orange%2C_Sept_2025_01.jpg;Retired electrician;CC0;http://creativecommons.org/publicdomain/zero/1.0/deed.en;2
images/real/real_ba78824710.jpg;Moscow_Honda_Freed_Hybrid_2nd_generation_silver_Sept_2025_01_daeed510.jpg;File:Moscow, Honda Freed Hybrid (2nd generation) silver, Sept 2025 01.jpg;https://commons.wikimedia.org/wiki/File%3AMoscow%2C_Honda_Freed_Hybrid_%282nd_generation%29_silver%2C_Sept_2025_01.jpg;Retired electrician;CC0;http://creativecommons.org/publicdomain/zero/1.0/deed.en;1
images/real/real_c939b3d127.jpg;Moscow_Honda_Freed_Hybrid_2nd_generation_silver_Sept_2025_02_8315bccb.jpg;File:Moscow, Honda Freed Hybrid (2nd generation) silver, Sept 2025 02.jpg;https://commons.wikimedia.org/wiki/File%3AMoscow%2C_Honda_Freed_Hybrid_%282nd_generation%29_silver%2C_Sept_2025_02.jpg;Retired electrician;CC0;http://creativecommons.org/publicdomain/zero/1.0/deed.en;1
images/real/real_a8012669cf.jpg;Moscow_Honda_Freed_Spike_hybrid_silver_Sept_2025_01_7cd552dc.jpg;File:Moscow, Honda Freed Spike hybrid silver, Sept 2025 01.jpg;https://commons.wikimedia.org/wiki/File%3AMoscow%2C_Honda_Freed_Spike_hybrid_silver%2C_Sept_2025_01.jpg;Retired electrician;CC0;http://creativecommons.org/publicdomain/zero/1.0/deed.en;2
images/real/real_c941d11bb8.jpg;Moscow_Honda_Freed_Spike_hybrid_silver_Sept_2025_02_cf55d5e6.jpg;File:Moscow, Honda Freed Spike hybrid silver, Sept 2025 02.jpg;https://commons.wikimedia.org/wiki/File%3AMoscow%2C_Honda_Freed_Spike_hybrid_silver%2C_Sept_2025_02.jpg;Retired electrician;CC0;http://creativecommons.org/publicdomain/zero/1.0/deed.en;5
images/real/real_f0a3e93c73.jpg;Moscow_Honda_Insight_with_KG_plates_in_snow_Feb_2026_01_b9f53a84.jpg;File:Moscow, Honda Insight with KG plates in snow, Feb 2026 01.jpg;https://commons.wikimedia.org/wiki/File%3AMoscow%2C_Honda_Insight_with_KG_plates_in_snow%2C_Feb_2026_01.jpg;Retired electrician;CC0;http://creativecommons.org/publicdomain/zero/1.0/deed.en;0
images/real/real_74ae45cb1d.jpg;Moscow_Honda_N-Box_1st_gen_Aug_2025_10_5f2518e1.jpg;File:Moscow, Honda N-Box (1st gen) Aug 2025 10.jpg;https://commons.wikimedia.org/wiki/File%3AMoscow%2C_Honda_N-Box_%281st_gen%29_Aug_2025_10.jpg;Retired electrician;CC0;http://creativecommons.org/publicdomain/zero/1.0/deed.en;2
images/real/real_f497c6c88a.jpg;Moscow_Honda_N-Box_1st_gen_Aug_2025_16_aa950602.jpg;File:Moscow, Honda N-Box (1st gen) Aug 2025 16.jpg;https://commons.wikimedia.org/wiki/File%3AMoscow%2C_Honda_N-Box_%281st_gen%29_Aug_2025_16.jpg;Retired electrician;CC0;http://creativecommons.org/publicdomain/zero/1.0/deed.en;1
images/real/real_862301e3ae.jpg;Moscow_Honda_N-van_Mar_2026_01_69dacbf5.jpg;File:Moscow, Honda N-van, Mar 2026 01.jpg;https://commons.wikimedia.org/wiki/File%3AMoscow%2C_Honda_N-van%2C_Mar_2026_01.jpg;Retired electrician;CC0;http://creativecommons.org/publicdomain/zero/1.0/deed.en;0
images/real/real_a8a0477fc1.jpg;Moscow_Honda_Odyssey_RA6RA9_Apr_2026_01_651e72e6.jpg;File:Moscow, Honda Odyssey RA6RA9 Apr 2026 01.jpg;https://commons.wikimedia.org/wiki/File%3AMoscow%2C_Honda_Odyssey_RA6RA9_Apr_2026_01.jpg;Retired electrician;CC0;http://creativecommons.org/publicdomain/zero/1.0/deed.en;1
images/real/real_1ea204cb70.jpg;Moscow_Honda_Ridgeline_1st_generation_Sept_2025_01_91e96dab.jpg;File:Moscow, Honda Ridgeline (1st generation) Sept 2025 01.jpg;https://commons.wikimedia.org/wiki/File%3AMoscow%2C_Honda_Ridgeline_%281st_generation%29_Sept_2025_01.jpg;Retired electrician;CC0;http://creativecommons.org/publicdomain/zero/1.0/deed.en;0
images/real/real_6e0f44e595.jpg;Moscow_Honda_Stepwgn_white_Apr_2026_02_e5a62f5b.jpg;File:Moscow, Honda Stepwgn white, Apr 2026 02.jpg;https://commons.wikimedia.org/wiki/File%3AMoscow%2C_Honda_Stepwgn_white%2C_Apr_2026_02.jpg;Retired electrician;CC0;http://creativecommons.org/publicdomain/zero/1.0/deed.en;0
images/real/real_052eb12010.jpg;Moscow_Honda_Vezel_silver_Aug_2026_01_30440e60.jpg;File:Moscow, Honda Vezel silver, Aug 2026 01.jpg;https://commons.wikimedia.org/wiki/File%3AMoscow%2C_Honda_Vezel_silver%2C_Aug_2026_01.jpg;Retired electrician;CC0;http://creativecommons.org/publicdomain/zero/1.0/deed.en;0
images/real/real_a67402a8a8.jpg;Moscow_Honda_n-Box_July_2025_05_c551b077.jpg;File:Moscow, Honda n-Box, July 2025 05.jpg;https://commons.wikimedia.org/wiki/File%3AMoscow%2C_Honda_n-Box%2C_July_2025_05.jpg;Retired electrician;CC0;http://creativecommons.org/publicdomain/zero/1.0/deed.en;0
images/real/real_d90b61250d.jpg;Moscow_Honda_n-Box_July_2025_08_f69757ea.jpg;File:Moscow, Honda n-Box, July 2025 08.jpg;https://commons.wikimedia.org/wiki/File%3AMoscow%2C_Honda_n-Box%2C_July_2025_08.jpg;Retired electrician;CC0;http://creativecommons.org/publicdomain/zero/1.0/deed.en;0
images/real/real_c4da3be175.jpg;Moscow_Infiniti_FX37_MB_GLA_Subaru_Forester_2022-05-22_6d40f3d5.jpg;File:Moscow, Infiniti FX37, MB GLA, Subaru Forester 2022-05-22.jpg;https://commons.wikimedia.org/wiki/File%3AMoscow%2C_Infiniti_FX37%2C_MB_GLA%2C_Subaru_Forester_2022-05-22.jpg;Retired electrician;CC0;http://creativecommons.org/publicdomain/zero/1.0/deed.en;0
images/real/real_762b4123f9.jpg;Moscow_Isuzu_garbage_truck_Ford_pickup_Aug_2025_01_15f822e8.jpg;File:Moscow, Isuzu garbage truck, Ford pickup Aug 2025 01.jpg;https://commons.wikimedia.org/wiki/File%3AMoscow%2C_Isuzu_garbage_truck%2C_Ford_pickup_Aug_2025_01.jpg;Retired electrician;CC0;http://creativecommons.org/publicdomain/zero/1.0/deed.en;2
images/real/real_b72b85b138.jpg;Moscow_Jeep_Grand_Wagoneer_WS_desperately_needs_a_wash_Apr_2026_03_f8073c44.jpg;File:Moscow, Jeep Grand Wagoneer (WS) desperately needs a wash, Apr 2026 03.jpg;https://commons.wikimedia.org/wiki/File%3AMoscow%2C_Jeep_Grand_Wagoneer_%28WS%29_desperately_needs_a_wash%2C_Apr_2026_03.jpg;Retired electrician;CC0;http://creativecommons.org/publicdomain/zero/1.0/deed.en;0
images/real/real_39ae0d5e83.jpg;Moscow_Jeep_Renegade_Aug_2025_01_b0cae7c0.jpg;File:Moscow, Jeep Renegade, Aug 2025 01.jpg;https://commons.wikimedia.org/wiki/File%3AMoscow%2C_Jeep_Renegade%2C_Aug_2025_01.jpg;Retired electrician;CC0;http://creativecommons.org/publicdomain/zero/1.0/deed.en;0
images/real/real_d0cb813f3d.jpg;Moscow_Kadashevskaya_Embankment_Tretyakov_Gallery_entrance_RAV4_hybrid_June_2025_23eef938.jpg;File:Moscow, Kadashevskaya Embankment, Tretyakov Gallery entrance, RAV4 hybrid June 2025 01.jpg;https://commons.wikimedia.org/wiki/File%3AMoscow%2C_Kadashevskaya_Embankment%2C_Tretyakov_Gallery_entrance%2C_RAV4_hybrid_June_2025_01.jpg;Retired electrician;CC0;http://creativecommons.org/publicdomain/zero/1.0/deed.en;2
images/real/real_67a650adfd.jpg;Moscow_Leninsky_Prospect_29_Ford_Ranger_Aug_2025_02_39959a46.jpg;File:Moscow, Leninsky Prospect 29, Ford Ranger, Aug 2025 02.jpg;https://commons.wikimedia.org/wiki/File%3AMoscow%2C_Leninsky_Prospect_29%2C_Ford_Ranger%2C_Aug_2025_02.jpg;Retired electrician;CC0;http://creativecommons.org/publicdomain/zero/1.0/deed.en;3
images/real/real_eee2465ddf.jpg;Moscow_Lincoln_Town_Car_1981_at_a_club_meet_June_2026_02_6f900343.jpg;File:Moscow, Lincoln Town Car (1981) at a club meet, June 2026 02.jpg;https://commons.wikimedia.org/wiki/File%3AMoscow%2C_Lincoln_Town_Car_%281981%29_at_a_club_meet%2C_June_2026_02.jpg;Retired electrician;CC0;http://creativecommons.org/publicdomain/zero/1.0/deed.en;3
images/real/real_0aab984c43.jpg;Moscow_Mazda6_GH_red_Aug_2026_01_87f54da2.jpg;File:Moscow, Mazda6 (GH) red, Aug 2026 01.jpg;https://commons.wikimedia.org/wiki/File%3AMoscow%2C_Mazda6_%28GH%29_red%2C_Aug_2026_01.jpg;Retired electrician;CC0;http://creativecommons.org/publicdomain/zero/1.0/deed.en;1
images/real/real_134c29f630.jpg;Moscow_Mazda6_blue_Feb_2026_01_839c7b88.jpg;File:Moscow, Mazda6 blue, Feb 2026 01.jpg;https://commons.wikimedia.org/wiki/File%3AMoscow%2C_Mazda6_blue%2C_Feb_2026_01.jpg;Retired electrician;CC0;http://creativecommons.org/publicdomain/zero/1.0/deed.en;4
images/real/real_31614c09bd.jpg;Moscow_Mazda_BT-50_black_Sept_2025_01_8ae2902c.jpg;File:Moscow, Mazda BT-50 black, Sept 2025 01.jpg;https://commons.wikimedia.org/wiki/File%3AMoscow%2C_Mazda_BT-50_black%2C_Sept_2025_01.jpg;Retired electrician;CC0;http://creativecommons.org/publicdomain/zero/1.0/deed.en;0
images/real/real_37488168c4.jpg;Moscow_Mazda_Bongo_fourth_generation_May_2026_02_7bfa96e0.jpg;File:Moscow, Mazda Bongo (fourth generation) May 2026 02.jpg;https://commons.wikimedia.org/wiki/File%3AMoscow%2C_Mazda_Bongo_%28fourth_generation%29_May_2026_02.jpg;Retired electrician;CC0;http://creativecommons.org/publicdomain/zero/1.0/deed.en;2
images/real/real_2fa1c64f9f.jpg;Moscow_Mazda_CX-9_Aug_2025_01_1a6ee544.jpg;File:Moscow, Mazda CX-9, Aug 2025 01.jpg;https://commons.wikimedia.org/wiki/File%3AMoscow%2C_Mazda_CX-9%2C_Aug_2025_01.jpg;Retired electrician;CC0;http://creativecommons.org/publicdomain/zero/1.0/deed.en;0
images/real/real_34204a5c5e.jpg;Moscow_Mazda_MX5_Aug_2025_09_9a6aa631.jpg;File:Moscow, Mazda MX5 Aug 2025 09.jpg;https://commons.wikimedia.org/wiki/File%3AMoscow%2C_Mazda_MX5_Aug_2025_09.jpg;Retired electrician;CC0;http://creativecommons.org/publicdomain/zero/1.0/deed.en;0
images/real/real_cbae436096.jpg;Moscow_Mazda_Scrum_fifth_generation_July_2026_04_21c542ec.jpg;File:Moscow, Mazda Scrum (fifth generation) July 2026 04.jpg;https://commons.wikimedia.org/wiki/File%3AMoscow%2C_Mazda_Scrum_%28fifth_generation%29_July_2026_04.jpg;Retired electrician;CC0;http://creativecommons.org/publicdomain/zero/1.0/deed.en;1
images/real/real_50ec99f90a.jpg;Moscow_Mitsubishi_MIEV_-_Russian_Post_Mar_2026_01-1_d9995b2b.jpg;File:Moscow, Mitsubishi MIEV - Russian Post, Mar 2026 01-1.jpg;https://commons.wikimedia.org/wiki/File%3AMoscow%2C_Mitsubishi_MIEV_-_Russian_Post%2C_Mar_2026_01-1.jpg;Retired electrician;CC0;http://creativecommons.org/publicdomain/zero/1.0/deed.en;3
images/real/real_d588f0fcac.jpg;Moscow_Mitsubishi_MIEV_Aug_2025_01_94a9c251.jpg;File:Moscow, Mitsubishi MIEV, Aug 2025 01.jpg;https://commons.wikimedia.org/wiki/File%3AMoscow%2C_Mitsubishi_MIEV%2C_Aug_2025_01.jpg;Retired electrician;CC0;http://creativecommons.org/publicdomain/zero/1.0/deed.en;1
images/real/real_ca7551c539.jpg;Moscow_Mitsubishi_Miev_April_2025_c33c3179.jpg;File:Moscow, Mitsubishi Miev, April 2025.jpg;https://commons.wikimedia.org/wiki/File%3AMoscow%2C_Mitsubishi_Miev%2C_April_2025.jpg;Retired electrician;CC0;http://creativecommons.org/publicdomain/zero/1.0/deed.en;0
images/real/real_13704ae963.jpg;Moscow_Mitsubishi_Mirage_Dingo_rusty_hatch_Sept_2025_01_23383feb.jpg;File:Moscow, Mitsubishi Mirage Dingo rusty hatch, Sept 2025 01.jpg;https://commons.wikimedia.org/wiki/File%3AMoscow%2C_Mitsubishi_Mirage_Dingo_rusty_hatch%2C_Sept_2025_01.jpg;Retired electrician;CC0;http://creativecommons.org/publicdomain/zero/1.0/deed.en;0
images/real/real_5ae09493b2.jpg;Moscow_Mitsubishi_Pajero_silver_Sept_2025_01_7453f7e2.jpg;File:Moscow, Mitsubishi Pajero silver, Sept 2025 01.jpg;https://commons.wikimedia.org/wiki/File%3AMoscow%2C_Mitsubishi_Pajero_silver%2C_Sept_2025_01.jpg;Retired electrician;CC0;http://creativecommons.org/publicdomain/zero/1.0/deed.en;2
images/real/real_188e16d010.jpg;Moscow_Mosenergo_Mitsubishi_MIEV_Aug_2025_01_5ff81783.jpg;File:Moscow, Mosenergo Mitsubishi MIEV, Aug 2025 01.jpg;https://commons.wikimedia.org/wiki/File%3AMoscow%2C_Mosenergo_Mitsubishi_MIEV%2C_Aug_2025_01.jpg;Retired electrician;CC0;http://creativecommons.org/publicdomain/zero/1.0/deed.en;1
images/real/real_1ea85c08b2.jpg;Moscow_Nagatinskaya_9_June_2025_02_bdc5b0eb.jpg;File:Moscow, Nagatinskaya 9 June 2025 02.jpg;https://commons.wikimedia.org/wiki/File%3AMoscow%2C_Nagatinskaya_9_June_2025_02.jpg;Retired electrician;CC0;http://creativecommons.org/publicdomain/zero/1.0/deed.en;1
images/real/real_863065faee.jpg;Moscow_Nissan-vs-Lada_collision_Sept_2026_10_a713617b.jpg;File:Moscow, Nissan-vs-Lada collision, Sept 2026 10.jpg;https://commons.wikimedia.org/wiki/File%3AMoscow%2C_Nissan-vs-Lada_collision%2C_Sept_2026_10.jpg;Retired electrician;CC0;http://creativecommons.org/publicdomain/zero/1.0/deed.en;0
images/real/real_91a4d2d56f.jpg;Moscow_Nissan_Cube_May_2026_01_060c758d.jpg;File:Moscow, Nissan Cube, May 2026 01.jpg;https://commons.wikimedia.org/wiki/File%3AMoscow%2C_Nissan_Cube%2C_May_2026_01.jpg;Retired electrician;CC0;http://creativecommons.org/publicdomain/zero/1.0/deed.en;0
images/real/real_ce9109d71d.jpg;Moscow_Nissan_NV100_third_generation_June_2026_02_24fd55c8.jpg;File:Moscow, Nissan NV100 (third generation) Анннушка June 2026 02.jpg;https://commons.wikimedia.org/wiki/File%3AMoscow%2C_Nissan_NV100_%28third_generation%29_%D0%90%D0%BD%D0%BD%D0%BD%D1%83%D1%88%D0%BA%D0%B0_June_2026_02.jpg;Retired electrician;CC0;http://creativecommons.org/publicdomain/zero/1.0/deed.en;3
images/real/real_5b1e909309.jpg;Moscow_Nissan_NV100_third_generation_June_2026_03_14de83f2.jpg;File:Moscow, Nissan NV100 (third generation) Анннушка June 2026 03.jpg;https://commons.wikimedia.org/wiki/File%3AMoscow%2C_Nissan_NV100_%28third_generation%29_%D0%90%D0%BD%D0%BD%D0%BD%D1%83%D1%88%D0%BA%D0%B0_June_2026_03.jpg;Retired electrician;CC0;http://creativecommons.org/publicdomain/zero/1.0/deed.en;0
images/real/real_be4f4aff50.jpg;Moscow_Nissan_NV100_third_generation_June_2026_04_fc88b000.jpg;File:Moscow, Nissan NV100 (third generation) Анннушка June 2026 04.jpg;https://commons.wikimedia.org/wiki/File%3AMoscow%2C_Nissan_NV100_%28third_generation%29_%D0%90%D0%BD%D0%BD%D0%BD%D1%83%D1%88%D0%BA%D0%B0_June_2026_04.jpg;Retired electrician;CC0;http://creativecommons.org/publicdomain/zero/1.0/deed.en;2
images/real/real_c3f7265ddb.jpg;Moscow_Nissan_Note_1st_gen_black_Feb_2026_01_e742cc98.jpg;File:Moscow, Nissan Note 1st gen black, Feb 2026 01.jpg;https://commons.wikimedia.org/wiki/File%3AMoscow%2C_Nissan_Note_1st_gen_black%2C_Feb_2026_01.jpg;Retired electrician;CC0;http://creativecommons.org/publicdomain/zero/1.0/deed.en;0
images/real/real_91af6ca5fe.jpg;Moscow_Nissan_Primera_P12_hatchback_Aug_2026_01_044d593d.jpg;File:Moscow, Nissan Primera (P12) hatchback Aug 2026 01.jpg;https://commons.wikimedia.org/wiki/File%3AMoscow%2C_Nissan_Primera_%28P12%29_hatchback_Aug_2026_01.jpg;Retired electrician;CC0;http://creativecommons.org/publicdomain/zero/1.0/deed.en;13
images/real/real_a61e0ed5e6.jpg;Moscow_Nissan_Qashqai_white_Aug_2025_01_261ffae7.jpg;File:Moscow, Nissan Qashqai white, Aug 2025 01.jpg;https://commons.wikimedia.org/wiki/File%3AMoscow%2C_Nissan_Qashqai_white%2C_Aug_2025_01.jpg;Retired electrician;CC0;http://creativecommons.org/publicdomain/zero/1.0/deed.en;0
images/real/real_58115a0050.jpg;Moscow_Nissan_Serena_Sept_2025_02_7a905813.jpg;File:Moscow, Nissan Serena, Sept 2025 02.jpg;https://commons.wikimedia.org/wiki/File%3AMoscow%2C_Nissan_Serena%2C_Sept_2025_02.jpg;Retired electrician;CC0;http://creativecommons.org/publicdomain/zero/1.0/deed.en;5
images/real/real_37437977a0.jpg;Moscow_Nissan_Tiida_black_driving_school_Sept_2025_01_3d2533e4.jpg;File:Moscow, Nissan Tiida black driving school, Sept 2025 01.jpg;https://commons.wikimedia.org/wiki/File%3AMoscow%2C_Nissan_Tiida_black_driving_school%2C_Sept_2025_01.jpg;Retired electrician;CC0;http://creativecommons.org/publicdomain/zero/1.0/deed.en;0
images/real/real_58df0eb3f1.jpg;Moscow_Nissan_Vanette_NV200_Aug_2025_02_8cca2697.jpg;File:Moscow, Nissan Vanette NV200, Aug 2025 02.jpg;https://commons.wikimedia.org/wiki/File%3AMoscow%2C_Nissan_Vanette_NV200%2C_Aug_2025_02.jpg;Retired electrician;CC0;http://creativecommons.org/publicdomain/zero/1.0/deed.en;0
images/real/real_63c608a5cb.jpg;Moscow_Novokuznetskaya_Street_Toyota_FJ_Cruiser_01_0b7387b8.jpg;File:Moscow, Novokuznetskaya Street, Toyota FJ Cruiser 01.jpg;https://commons.wikimedia.org/wiki/File%3AMoscow%2C_Novokuznetskaya_Street%2C_Toyota_FJ_Cruiser_01.jpg;Retired electrician;CC0;http://creativecommons.org/publicdomain/zero/1.0/deed.en;1
images/real/real_bdd3b443ed.jpg;Moscow_Novokuznetskaya_Street_Toyota_FJ_Cruiser_02_9719d534.jpg;File:Moscow, Novokuznetskaya Street, Toyota FJ Cruiser 02.jpg;https://commons.wikimedia.org/wiki/File%3AMoscow%2C_Novokuznetskaya_Street%2C_Toyota_FJ_Cruiser_02.jpg;Retired electrician;CC0;http://creativecommons.org/publicdomain/zero/1.0/deed.en;3
images/real/real_b35b65165d.jpg;Moscow_Paveletskaya_Embankment_4_July_2024_01_2360fe67.jpg;File:Moscow, Paveletskaya Embankment 4 (July 2024) 01.jpg;https://commons.wikimedia.org/wiki/File%3AMoscow%2C_Paveletskaya_Embankment_4_%28July_2024%29_01.jpg;Retired electrician;CC0;http://creativecommons.org/publicdomain/zero/1.0/deed.en;0
images/real/real_4548db2bab.jpg;Moscow_Paveletskaya_Square_Apr_2026_11_d4d56172.jpg;File:Moscow, Paveletskaya Square, Apr 2026 11.jpg;https://commons.wikimedia.org/wiki/File%3AMoscow%2C_Paveletskaya_Square%2C_Apr_2026_11.jpg;Retired electrician;CC0;http://creativecommons.org/publicdomain/zero/1.0/deed.en;0
images/real/real_5d217a5766.jpg;Moscow_Pyatnitskaya_21_Aug_2024_02_342addd3.jpg;File:Moscow, Pyatnitskaya 21 Aug 2024 02.jpg;https://commons.wikimedia.org/wiki/File%3AMoscow%2C_Pyatnitskaya_21_Aug_2024_02.jpg;Retired electrician;CC0;http://creativecommons.org/publicdomain/zero/1.0/deed.en;4
images/real/real_0795a80ced.jpg;Moscow_Pyatnitskaya_9..23_Ford_Transit_Mitsubishi_Carisma_2024-08-06_62328b15.jpg;File:Moscow, Pyatnitskaya 9..23, Ford Transit, Mitsubishi Carisma, 2024-08-06.jpg;https://commons.wikimedia.org/wiki/File%3AMoscow%2C_Pyatnitskaya_9..23%2C_Ford_Transit%2C_Mitsubishi_Carisma%2C_2024-08-06.jpg;Retired electrician;CC0;http://creativecommons.org/publicdomain/zero/1.0/deed.en;3
images/real/real_007cdb6460.jpg;Moscow_Retro_Tram_Parade_2019_Shabolovka_Street_-_5381_acc6e876.jpg;File:Moscow Retro Tram Parade 2019, Shabolovka Street - 5381.jpg;https://commons.wikimedia.org/wiki/File%3AMoscow_Retro_Tram_Parade_2019%2C_Shabolovka_Street_-_5381.jpg;Roman Balabin;CC BY-SA 3.0;https://creativecommons.org/licenses/by-sa/3.0;1
images/real/real_049561b48b.jpg;Moscow_Retro_Tram_Parade_2019_Shabolovka_Street_-_5382_23901821.jpg;File:Moscow Retro Tram Parade 2019, Shabolovka Street - 5382.jpg;https://commons.wikimedia.org/wiki/File%3AMoscow_Retro_Tram_Parade_2019%2C_Shabolovka_Street_-_5382.jpg;Roman Balabin;CC BY-SA 3.0;https://creativecommons.org/licenses/by-sa/3.0;1
images/real/real_645c85c36d.jpg;Moscow_River_Park_estate_embankment_-_Ford_Mustang_May_2025_10_8afba3c2.jpg;File:Moscow, River Park estate, embankment - Ford Mustang May 2025 10.jpg;https://commons.wikimedia.org/wiki/File%3AMoscow%2C_River_Park_estate%2C_embankment_-_Ford_Mustang_May_2025_10.jpg;Retired electrician;CC0;http://creativecommons.org/publicdomain/zero/1.0/deed.en;0
images/real/real_048cd2ab31.jpg;Moscow_Rogozhsky_Val_bus_on_route_40_Apr_2026_01_1d780d70.jpg;File:Moscow, Rogozhsky Val, bus on route 40, Apr 2026 01.jpg;https://commons.wikimedia.org/wiki/File%3AMoscow%2C_Rogozhsky_Val%2C_bus_on_route_40%2C_Apr_2026_01.jpg;Retired electrician;CC0;http://creativecommons.org/publicdomain/zero/1.0/deed.en;2
images/real/real_7c231fe2bb.jpg;Moscow_Sadovnicheskaya_73_May_2022_11_afe86675.jpg;File:Moscow, Sadovnicheskaya 73 May 2022 11.jpg;https://commons.wikimedia.org/wiki/File%3AMoscow%2C_Sadovnicheskaya_73_May_2022_11.jpg;Retired electrician;CC0;http://creativecommons.org/publicdomain/zero/1.0/deed.en;3
images/real/real_8f0f8477a6.jpg;Moscow_Sharikopodshipnikovsky_overpass_Scion_xB_XP30_July_2025_01_ece61adc.jpg;File:Moscow, Sharikopodshipnikovsky overpass, Scion xB (XP30), July 2025 01.jpg;https://commons.wikimedia.org/wiki/File%3AMoscow%2C_Sharikopodshipnikovsky_overpass%2C_Scion_xB_%28XP30%29%2C_July_2025_01.jpg;Retired electrician;CC0;http://creativecommons.org/publicdomain/zero/1.0/deed.en;0
images/real/real_05873d80c0.jpg;Moscow_Sharikopodshipnikovsky_overpass_Scion_xB_XP30_July_2025_02_a4d6f4c9.jpg;File:Moscow, Sharikopodshipnikovsky overpass, Scion xB (XP30), July 2025 02.jpg;https://commons.wikimedia.org/wiki/File%3AMoscow%2C_Sharikopodshipnikovsky_overpass%2C_Scion_xB_%28XP30%29%2C_July_2025_02.jpg;Retired electrician;CC0;http://creativecommons.org/publicdomain/zero/1.0/deed.en;0
images/real/real_ee1844ced4.jpg;Moscow_Sharikopodshipnikovsky_overpass_Scion_xB_XP30_July_2025_03_4aac9327.jpg;File:Moscow, Sharikopodshipnikovsky overpass, Scion xB (XP30), July 2025 03.jpg;https://commons.wikimedia.org/wiki/File%3AMoscow%2C_Sharikopodshipnikovsky_overpass%2C_Scion_xB_%28XP30%29%2C_July_2025_03.jpg;Retired electrician;CC0;http://creativecommons.org/publicdomain/zero/1.0/deed.en;1
images/real/real_c2efb8043b.jpg;Moscow_Subaru_BRZ_Mar_2026_03_80932883.jpg;File:Moscow, Subaru BRZ, Mar 2026 03.jpg;https://commons.wikimedia.org/wiki/File%3AMoscow%2C_Subaru_BRZ%2C_Mar_2026_03.jpg;Retired electrician;CC0;http://creativecommons.org/publicdomain/zero/1.0/deed.en;0
images/real/real_31e2a350de.jpg;Moscow_Subaru_BRZ_ZC6_white-carbon_Sept_2025_03_c366be47.jpg;File:Moscow, Subaru BRZ (ZC6) white-carbon, Sept 2025 03.jpg;https://commons.wikimedia.org/wiki/File%3AMoscow%2C_Subaru_BRZ_%28ZC6%29_white-carbon%2C_Sept_2025_03.jpg;Retired electrician;CC0;http://creativecommons.org/publicdomain/zero/1.0/deed.en;0
images/real/real_2d1dc35a38.jpg;Moscow_Subaru_BRZ_ZC6_white-carbon_Sept_2025_05_e10e45c1.jpg;File:Moscow, Subaru BRZ (ZC6) white-carbon, Sept 2025 05.jpg;https://commons.wikimedia.org/wiki/File%3AMoscow%2C_Subaru_BRZ_%28ZC6%29_white-carbon%2C_Sept_2025_05.jpg;Retired electrician;CC0;http://creativecommons.org/publicdomain/zero/1.0/deed.en;0
images/real/real_5fb9763332.jpg;Moscow_Subaru_Forester_25xs_silver_Sept_2025_01_ae4cc8fe.jpg;File:Moscow, Subaru Forester 25xs silver, Sept 2025 01.jpg;https://commons.wikimedia.org/wiki/File%3AMoscow%2C_Subaru_Forester_25xs_silver%2C_Sept_2025_01.jpg;Retired electrician;CC0;http://creativecommons.org/publicdomain/zero/1.0/deed.en;0
images/real/real_f939709aaf.jpg;Moscow_Subaru_Legacy_Mar_2026_01_37ff3650.jpg;File:Moscow, Subaru Legacy, Mar 2026 01.jpg;https://commons.wikimedia.org/wiki/File%3AMoscow%2C_Subaru_Legacy%2C_Mar_2026_01.jpg;Retired electrician;CC0;http://creativecommons.org/publicdomain/zero/1.0/deed.en;1
images/real/real_6478f6ac39.jpg;Moscow_Subaru_Levorg_first_generation_red_Apr_2026_03_fcbe66e3.jpg;File:Moscow, Subaru Levorg (first generation) red, Apr 2026 03.jpg;https://commons.wikimedia.org/wiki/File%3AMoscow%2C_Subaru_Levorg_%28first_generation%29_red%2C_Apr_2026_03.jpg;Retired electrician;CC0;http://creativecommons.org/publicdomain/zero/1.0/deed.en;3
images/real/real_e622022aac.jpg;Moscow_Subaru_Levorg_first_generation_red_Apr_2026_05_1dd610f9.jpg;File:Moscow, Subaru Levorg (first generation) red, Apr 2026 05.jpg;https://commons.wikimedia.org/wiki/File%3AMoscow%2C_Subaru_Levorg_%28first_generation%29_red%2C_Apr_2026_05.jpg;Retired electrician;CC0;http://creativecommons.org/publicdomain/zero/1.0/deed.en;0
images/real/real_4a55351071.jpg;Moscow_Subaru_Outback_white_Sept_2025_01_420e9300.jpg;File:Moscow, Subaru Outback white, Sept 2025 01.jpg;https://commons.wikimedia.org/wiki/File%3AMoscow%2C_Subaru_Outback_white%2C_Sept_2025_01.jpg;Retired electrician;CC0;http://creativecommons.org/publicdomain/zero/1.0/deed.en;0
images/real/real_77ec0b9d86.jpg;Moscow_Subaru_Stella_3rd_gen_Sept_2025_01_bfa58d82.jpg;File:Moscow, Subaru Stella (3rd gen) Sept 2025 01.jpg;https://commons.wikimedia.org/wiki/File%3AMoscow%2C_Subaru_Stella_%283rd_gen%29_Sept_2025_01.jpg;Retired electrician;CC0;http://creativecommons.org/publicdomain/zero/1.0/deed.en;0
images/real/real_1f6d931a9c.jpg;Moscow_Suzuki_Ertiga_Aug_2025_01_f0b6f4d8.jpg;File:Moscow, Suzuki Ertiga, Aug 2025 01.jpg;https://commons.wikimedia.org/wiki/File%3AMoscow%2C_Suzuki_Ertiga%2C_Aug_2025_01.jpg;Retired electrician;CC0;http://creativecommons.org/publicdomain/zero/1.0/deed.en;0
images/real/real_7129b59f27.jpg;Moscow_Suzuki_Ertiga_June_2025_02_2__e07f7688.jpg;File:Moscow, Suzuki Ertiga, June 2025 02 (2).jpg;https://commons.wikimedia.org/wiki/File%3AMoscow%2C_Suzuki_Ertiga%2C_June_2025_02_%282%29.jpg;Retired electrician;CC0;http://creativecommons.org/publicdomain/zero/1.0/deed.en;0
images/real/real_220d7c1963.jpg;Moscow_Suzuki_Jimny_JB33JB43JB53_Sept_2025_03_8e1cb90f.jpg;File:Moscow, Suzuki Jimny (JB33JB43JB53) Sept 2025 03.jpg;https://commons.wikimedia.org/wiki/File%3AMoscow%2C_Suzuki_Jimny_%28JB33JB43JB53%29_Sept_2025_03.jpg;Retired electrician;CC0;http://creativecommons.org/publicdomain/zero/1.0/deed.en;0
images/real/real_b4dce7a0ed.jpg;Moscow_Suzuki_Solio_1st_gen_Aug_2025_02_408bbdfd.jpg;File:Moscow, Suzuki Solio (1st gen) Aug 2025 02.jpg;https://commons.wikimedia.org/wiki/File%3AMoscow%2C_Suzuki_Solio_%281st_gen%29_Aug_2025_02.jpg;Retired electrician;CC0;http://creativecommons.org/publicdomain/zero/1.0/deed.en;2
images/real/real_3f582027fb.jpg;Moscow_Suzuki_Solio_1st_gen_Aug_2025_05_99ecfa84.jpg;File:Moscow, Suzuki Solio (1st gen) Aug 2025 05.jpg;https://commons.wikimedia.org/wiki/File%3AMoscow%2C_Suzuki_Solio_%281st_gen%29_Aug_2025_05.jpg;Retired electrician;CC0;http://creativecommons.org/publicdomain/zero/1.0/deed.en;1
images/real/real_9a2f260d2b.jpg;Moscow_Suzuki_Solio_1st_gen_Aug_2025_07_485c9fa2.jpg;File:Moscow, Suzuki Solio (1st gen) Aug 2025 07.jpg;https://commons.wikimedia.org/wiki/File%3AMoscow%2C_Suzuki_Solio_%281st_gen%29_Aug_2025_07.jpg;Retired electrician;CC0;http://creativecommons.org/publicdomain/zero/1.0/deed.en;0
images/real/real_554eaaebbd.jpg;Moscow_Suzuki_Solio_Bandit_hybrid_dark-red_June_2026_03_d8494ea1.jpg;File:Moscow, Suzuki Solio Bandit hybrid dark-red, June 2026 03.jpg;https://commons.wikimedia.org/wiki/File%3AMoscow%2C_Suzuki_Solio_Bandit_hybrid_dark-red%2C_June_2026_03.jpg;Retired electrician;CC0;http://creativecommons.org/publicdomain/zero/1.0/deed.en;2
images/real/real_b2354f4fa0.jpg;Moscow_Taganka_cars_April_2025_10_ab72c8df.jpg;File:Moscow, Taganka, cars April 2025 10.jpg;https://commons.wikimedia.org/wiki/File%3AMoscow%2C_Taganka%2C_cars_April_2025_10.jpg;Retired electrician;CC0;http://creativecommons.org/publicdomain/zero/1.0/deed.en;0
images/real/real_82a5a0c78f.jpg;Moscow_Taganka_trucks_and_tractors_April_2025_04_fa325ceb.jpg;File:Moscow, Taganka, trucks and tractors April 2025 04.jpg;https://commons.wikimedia.org/wiki/File%3AMoscow%2C_Taganka%2C_trucks_and_tractors_April_2025_04.jpg;Retired electrician;CC0;http://creativecommons.org/publicdomain/zero/1.0/deed.en;1
images/real/real_ad991c398c.jpg;Moscow_Taganka_trucks_and_tractors_April_2025_05_bf386a4a.jpg;File:Moscow, Taganka, trucks and tractors April 2025 05.jpg;https://commons.wikimedia.org/wiki/File%3AMoscow%2C_Taganka%2C_trucks_and_tractors_April_2025_05.jpg;Retired electrician;CC0;http://creativecommons.org/publicdomain/zero/1.0/deed.en;0
images/real/real_6a59ba0f7e.jpg;Moscow_Technopark_metro_station_April_2025_09_ce02ea6d.jpg;File:Moscow, Technopark metro station, April 2025 09.jpg;https://commons.wikimedia.org/wiki/File%3AMoscow%2C_Technopark_metro_station%2C_April_2025_09.jpg;Retired electrician;CC0;http://creativecommons.org/publicdomain/zero/1.0/deed.en;2
images/real/real_6c95e126a8.jpg;Moscow_Tovarishchesky_3_7c2_May_2022_01_crop_cars__e94a2785.jpg;File:Moscow, Tovarishchesky 3,7c2 May 2022 01 (crop cars).jpg;https://commons.wikimedia.org/wiki/File%3AMoscow%2C_Tovarishchesky_3%2C7c2_May_2022_01_%28crop_cars%29.jpg;Retired electrician;CC0;http://creativecommons.org/publicdomain/zero/1.0/deed.en;0
images/real/real_f0237d9035.jpg;Moscow_Toyota_Chaser_X90_Sept_2025_02_835d5bb3.jpg;File:Moscow, Toyota Chaser (X90) Sept 2025 02.jpg;https://commons.wikimedia.org/wiki/File%3AMoscow%2C_Toyota_Chaser_%28X90%29_Sept_2025_02.jpg;Retired electrician;CC0;http://creativecommons.org/publicdomain/zero/1.0/deed.en;1
images/real/real_18a487cb7b.jpg;Moscow_Toyota_Corolla_5-door_red_May_2026_01_c0a24aae.jpg;File:Moscow, Toyota Corolla 5-door red, May 2026 01.jpg;https://commons.wikimedia.org/wiki/File%3AMoscow%2C_Toyota_Corolla_5-door_red%2C_May_2026_01.jpg;Retired electrician;CC0;http://creativecommons.org/publicdomain/zero/1.0/deed.en;0
images/real/real_6f3abac998.jpg;Moscow_Toyota_IQ_with_Thule_top_Aug_2025_03_f247ec41.jpg;File:Moscow, Toyota IQ with Thule top, Aug 2025 03.jpg;https://commons.wikimedia.org/wiki/File%3AMoscow%2C_Toyota_IQ_with_Thule_top%2C_Aug_2025_03.jpg;Retired electrician;CC0;http://creativecommons.org/publicdomain/zero/1.0/deed.en;0
images/real/real_fe1f68fcbe.jpg;Moscow_Toyota_Sprinter_Marino_Aug_2025_01_65ed3818.jpg;File:Moscow, Toyota Sprinter Marino, Aug 2025 01.jpg;https://commons.wikimedia.org/wiki/File%3AMoscow%2C_Toyota_Sprinter_Marino%2C_Aug_2025_01.jpg;Retired electrician;CC0;http://creativecommons.org/publicdomain/zero/1.0/deed.en;0
images/real/real_9f8ded8095.jpg;Moscow_Toyota_Sprinter_Marino_Toyota_Sequoia_Aug_2025_01_4f1bb5a8.jpg;File:Moscow, Toyota Sprinter Marino, Toyota Sequoia, Aug 2025 01.jpg;https://commons.wikimedia.org/wiki/File%3AMoscow%2C_Toyota_Sprinter_Marino%2C_Toyota_Sequoia%2C_Aug_2025_01.jpg;Retired electrician;CC0;http://creativecommons.org/publicdomain/zero/1.0/deed.en;0
images/real/real_2508e24e17.jpg;Moscow_Toyota_Vellfire_V6_with_RSO_plates_Aug_2025_02_50eaed70.jpg;File:Moscow, Toyota Vellfire V6 with RSO plates, Aug 2025 02.jpg;https://commons.wikimedia.org/wiki/File%3AMoscow%2C_Toyota_Vellfire_V6_with_RSO_plates%2C_Aug_2025_02.jpg;Retired electrician;CC0;http://creativecommons.org/publicdomain/zero/1.0/deed.en;0
images/real/real_40f60e7c1f.jpg;Moscow_Toyota_Voxy_white_Sept_2025_04_7f47e9ce.jpg;File:Moscow, Toyota Voxy white, Sept 2025 04.jpg;https://commons.wikimedia.org/wiki/File%3AMoscow%2C_Toyota_Voxy_white%2C_Sept_2025_04.jpg;Retired electrician;CC0;http://creativecommons.org/publicdomain/zero/1.0/deed.en;0
images/real/real_4333229ccf.jpg;Moscow_Yauskie_Vorota_c_Sept_2025_01_d89ebf2b.jpg;File:Moscow, Yauskie Vorota, c, Sept 2025 01.jpg;https://commons.wikimedia.org/wiki/File%3AMoscow%2C_Yauskie_Vorota%2C_c%2C_Sept_2025_01.jpg;Retired electrician;CC0;http://creativecommons.org/publicdomain/zero/1.0/deed.en;0
images/real/real_e728c71280.jpg;Moscow_Zvyozdny_Boulevard_19_May_2026_01_ad537ad1.jpg;File:Moscow, Zvyozdny Boulevard 19, May 2026 01.jpg;https://commons.wikimedia.org/wiki/File%3AMoscow%2C_Zvyozdny_Boulevard_19%2C_May_2026_01.jpg;Retired electrician;CC0;http://creativecommons.org/publicdomain/zero/1.0/deed.en;1
images/real/real_4fc3ebbebf.jpg;Moscow_black_Tesla_Aug_2025_01_dbe99c2d.jpg;File:Moscow, black Tesla, Aug 2025 01.jpg;https://commons.wikimedia.org/wiki/File%3AMoscow%2C_black_Tesla%2C_Aug_2025_01.jpg;Retired electrician;CC0;http://creativecommons.org/publicdomain/zero/1.0/deed.en;1
images/real/real_97e983bfbc.jpg;Moscow_blue_Honda_S2000_AP1_with_big_wheel_camber_June_2025_01_92e0ad7f.jpg;File:Moscow, blue Honda S2000 (AP1) with big wheel camber, June 2025 01.jpg;https://commons.wikimedia.org/wiki/File%3AMoscow%2C_blue_Honda_S2000_%28AP1%29_with_big_wheel_camber%2C_June_2025_01.jpg;Retired electrician;CC0;http://creativecommons.org/publicdomain/zero/1.0/deed.en;0
images/real/real_f30702a96c.jpg;Moscow_blue_Honda_S2000_AP1_with_big_wheel_camber_June_2025_02_db96b270.jpg;File:Moscow, blue Honda S2000 (AP1) with big wheel camber, June 2025 02.jpg;https://commons.wikimedia.org/wiki/File%3AMoscow%2C_blue_Honda_S2000_%28AP1%29_with_big_wheel_camber%2C_June_2025_02.jpg;Retired electrician;CC0;http://creativecommons.org/publicdomain/zero/1.0/deed.en;0
images/real/real_44db5f6bfc.jpg;Moscow_bumblebee_Camaro_July_2024_02_a28e6f35.jpg;File:Moscow, bumblebee Camaro, July 2024 02.jpg;https://commons.wikimedia.org/wiki/File%3AMoscow%2C_bumblebee_Camaro%2C_July_2024_02.jpg;Retired electrician;CC0;http://creativecommons.org/publicdomain/zero/1.0/deed.en;0
images/real/real_2335389ff9.jpg;Moscow_bumblebee_Camaro_July_2024_03_fe5f5ce6.jpg;File:Moscow, bumblebee Camaro, July 2024 03.jpg;https://commons.wikimedia.org/wiki/File%3AMoscow%2C_bumblebee_Camaro%2C_July_2024_03.jpg;Retired electrician;CC0;http://creativecommons.org/publicdomain/zero/1.0/deed.en;0
images/real/real_85aed3f9d9.jpg;Moscow_car_meet_2025-07-12_Cadillac_01_89c76a6e.jpg;File:Moscow car meet 2025-07-12 Cadillac 01.jpg;https://commons.wikimedia.org/wiki/File%3AMoscow_car_meet_2025-07-12_Cadillac_01.jpg;Retired electrician;CC0;http://creativecommons.org/publicdomain/zero/1.0/deed.en;5
images/real/real_0a460c69bd.jpg;Moscow_car_meet_2025-07-12_Cadillac_02_a2cd9183.jpg;File:Moscow car meet 2025-07-12 Cadillac 02.jpg;https://commons.wikimedia.org/wiki/File%3AMoscow_car_meet_2025-07-12_Cadillac_02.jpg;Retired electrician;CC0;http://creativecommons.org/publicdomain/zero/1.0/deed.en;18
images/real/real_044d3bc412.jpg;Moscow_car_meet_2025-07-12_Cadillac_03_e2d8a302.jpg;File:Moscow car meet 2025-07-12 Cadillac 03.jpg;https://commons.wikimedia.org/wiki/File%3AMoscow_car_meet_2025-07-12_Cadillac_03.jpg;Retired electrician;CC0;http://creativecommons.org/publicdomain/zero/1.0/deed.en;12
images/real/real_2fe2e62b84.jpg;Moscow_car_meet_2025-07-12_Cadillac_Eldorado_02_54aba458.jpg;File:Moscow car meet 2025-07-12 Cadillac Eldorado 02.jpg;https://commons.wikimedia.org/wiki/File%3AMoscow_car_meet_2025-07-12_Cadillac_Eldorado_02.jpg;Retired electrician;CC0;http://creativecommons.org/publicdomain/zero/1.0/deed.en;18
images/real/real_db5002a110.jpg;Moscow_car_meet_2025-07-12_Cadillac_Eldorado_03_f9d88e1c.jpg;File:Moscow car meet 2025-07-12 Cadillac Eldorado 03.jpg;https://commons.wikimedia.org/wiki/File%3AMoscow_car_meet_2025-07-12_Cadillac_Eldorado_03.jpg;Retired electrician;CC0;http://creativecommons.org/publicdomain/zero/1.0/deed.en;19
images/real/real_c9e1cebac7.jpg;Moscow_car_meet_2025-07-12_Cadillac_Eldorado_09_4a8e65bd.jpg;File:Moscow car meet 2025-07-12 Cadillac Eldorado 09.jpg;https://commons.wikimedia.org/wiki/File%3AMoscow_car_meet_2025-07-12_Cadillac_Eldorado_09.jpg;Retired electrician;CC0;http://creativecommons.org/publicdomain/zero/1.0/deed.en;7
images/real/real_712414c55f.jpg;Moscow_car_meet_2025-07-12_Chevrolet_Corvette_C1_02_2cea5ffc.jpg;File:Moscow car meet 2025-07-12 Chevrolet Corvette C1 02.jpg;https://commons.wikimedia.org/wiki/File%3AMoscow_car_meet_2025-07-12_Chevrolet_Corvette_C1_02.jpg;Retired electrician;CC0;http://creativecommons.org/publicdomain/zero/1.0/deed.en;7
images/real/real_9992d468f7.jpg;Moscow_car_meet_2025-07-12_Chevrolet_Corvette_C1_03_4525df7d.jpg;File:Moscow car meet 2025-07-12 Chevrolet Corvette C1 03.jpg;https://commons.wikimedia.org/wiki/File%3AMoscow_car_meet_2025-07-12_Chevrolet_Corvette_C1_03.jpg;Retired electrician;CC0;http://creativecommons.org/publicdomain/zero/1.0/deed.en;10
images/real/real_2703e8d383.jpg;Moscow_car_meet_2025-07-12_Ford_F-100_01_9f600b66.jpg;File:Moscow car meet 2025-07-12 Ford F-100 01.jpg;https://commons.wikimedia.org/wiki/File%3AMoscow_car_meet_2025-07-12_Ford_F-100_01.jpg;Retired electrician;CC0;http://creativecommons.org/publicdomain/zero/1.0/deed.en;6
images/real/real_a87d506761.jpg;Moscow_car_meet_2025-07-12_Ford_F-100_02_0a8409b8.jpg;File:Moscow car meet 2025-07-12 Ford F-100 02.jpg;https://commons.wikimedia.org/wiki/File%3AMoscow_car_meet_2025-07-12_Ford_F-100_02.jpg;Retired electrician;CC0;http://creativecommons.org/publicdomain/zero/1.0/deed.en;5
images/real/real_e6b6308b2c.jpg;Moscow_car_meet_2025-07-12_Ford_F-100_05_5a8a3f4d.jpg;File:Moscow car meet 2025-07-12 Ford F-100 05.jpg;https://commons.wikimedia.org/wiki/File%3AMoscow_car_meet_2025-07-12_Ford_F-100_05.jpg;Retired electrician;CC0;http://creativecommons.org/publicdomain/zero/1.0/deed.en;6
images/real/real_73d57f2ce3.jpg;Moscow_car_meet_2025-07-12_Jeep_Wrangler_01_37b96be0.jpg;File:Moscow car meet 2025-07-12 Jeep Wrangler 01.jpg;https://commons.wikimedia.org/wiki/File%3AMoscow_car_meet_2025-07-12_Jeep_Wrangler_01.jpg;Retired electrician;CC0;http://creativecommons.org/publicdomain/zero/1.0/deed.en;5
images/real/real_22efd9b406.jpg;Moscow_car_meet_2025-07-12_Lincoln_Continental_MarkII_01_40ae82b3.jpg;File:Moscow car meet 2025-07-12 Lincoln Continental MarkII 01.jpg;https://commons.wikimedia.org/wiki/File%3AMoscow_car_meet_2025-07-12_Lincoln_Continental_MarkII_01.jpg;Retired electrician;CC0;http://creativecommons.org/publicdomain/zero/1.0/deed.en;13
images/real/real_3d4d8cad14.jpg;Moscow_car_meet_2025-07-12_Lincoln_Continental_MarkII_02_f019a405.jpg;File:Moscow car meet 2025-07-12 Lincoln Continental MarkII 02.jpg;https://commons.wikimedia.org/wiki/File%3AMoscow_car_meet_2025-07-12_Lincoln_Continental_MarkII_02.jpg;Retired electrician;CC0;http://creativecommons.org/publicdomain/zero/1.0/deed.en;14
images/real/real_d884b8eedc.jpg;Moscow_car_meet_2025-07-12_Lincoln_Continental_MarkII_03_bce724c1.jpg;File:Moscow car meet 2025-07-12 Lincoln Continental MarkII 03.jpg;https://commons.wikimedia.org/wiki/File%3AMoscow_car_meet_2025-07-12_Lincoln_Continental_MarkII_03.jpg;Retired electrician;CC0;http://creativecommons.org/publicdomain/zero/1.0/deed.en;3
images/real/real_365a4bb6c7.jpg;Moscow_car_meet_2025-07-12_RAV4_in_rallye_paint_01_3ab96888.jpg;File:Moscow car meet 2025-07-12 RAV4 in rallye paint 01.jpg;https://commons.wikimedia.org/wiki/File%3AMoscow_car_meet_2025-07-12_RAV4_in_rallye_paint_01.jpg;Retired electrician;CC0;http://creativecommons.org/publicdomain/zero/1.0/deed.en;0
images/real/real_96e3bd6162.jpg;Moscow_car_meet_2025-07-12_orange_Chevrolet_01_8a50bec6.jpg;File:Moscow car meet 2025-07-12 orange Chevrolet 01.jpg;https://commons.wikimedia.org/wiki/File%3AMoscow_car_meet_2025-07-12_orange_Chevrolet_01.jpg;Retired electrician;CC0;http://creativecommons.org/publicdomain/zero/1.0/deed.en;13
images/real/real_ceb32b94da.jpg;Moscow_car_meet_2025-07-12_orange_Chevrolet_02_62bb5f5f.jpg;File:Moscow car meet 2025-07-12 orange Chevrolet 02.jpg;https://commons.wikimedia.org/wiki/File%3AMoscow_car_meet_2025-07-12_orange_Chevrolet_02.jpg;Retired electrician;CC0;http://creativecommons.org/publicdomain/zero/1.0/deed.en;9
images/real/real_af5f25cd4a.jpg;Moscow_car_meet_2025-07-12_orange_Chevrolet_05_8aa8b600.jpg;File:Moscow car meet 2025-07-12 orange Chevrolet 05.jpg;https://commons.wikimedia.org/wiki/File%3AMoscow_car_meet_2025-07-12_orange_Chevrolet_05.jpg;Retired electrician;CC0;http://creativecommons.org/publicdomain/zero/1.0/deed.en;23
images/real/real_62895795ed.jpg;Moscow_car_show_2025-08-03_Chevrolet_Corvette_red_02_32575e74.jpg;File:Moscow car show 2025-08-03 Chevrolet Corvette red 02.jpg;https://commons.wikimedia.org/wiki/File%3AMoscow_car_show_2025-08-03_Chevrolet_Corvette_red_02.jpg;Retired electrician;CC0;http://creativecommons.org/publicdomain/zero/1.0/deed.en;0
images/real/real_f6d535ac2c.jpg;Moscow_car_show_2025-08-03_Chevrolet_Corvette_red_03_0890b7f1.jpg;File:Moscow car show 2025-08-03 Chevrolet Corvette red 03.jpg;https://commons.wikimedia.org/wiki/File%3AMoscow_car_show_2025-08-03_Chevrolet_Corvette_red_03.jpg;Retired electrician;CC0;http://creativecommons.org/publicdomain/zero/1.0/deed.en;1
images/real/real_e6df7fd85e.jpg;Moscow_car_show_2025-08-03_Honda_NSX_1990_04_ffc5cd4e.jpg;File:Moscow car show 2025-08-03 Honda NSX 1990 04.jpg;https://commons.wikimedia.org/wiki/File%3AMoscow_car_show_2025-08-03_Honda_NSX_1990_04.jpg;Retired electrician;CC0;http://creativecommons.org/publicdomain/zero/1.0/deed.en;0
images/real/real_5f8b6bafc6.jpg;Moscow_car_show_2025-08-03_Subaru_WRX_01_75ff57fd.jpg;File:Moscow car show 2025-08-03 Subaru WRX 01.jpg;https://commons.wikimedia.org/wiki/File%3AMoscow_car_show_2025-08-03_Subaru_WRX_01.jpg;Retired electrician;CC0;http://creativecommons.org/publicdomain/zero/1.0/deed.en;0
images/real/real_dfc8788578.jpg;Moscow_car_show_2026-07-31_2006_Chevrolet_SSR_01_ee80f175.jpg;File:Moscow car show 2026-07-31 2006 Chevrolet SSR 01.jpg;https://commons.wikimedia.org/wiki/File%3AMoscow_car_show_2026-07-31_2006_Chevrolet_SSR_01.jpg;Retired electrician;CC0;http://creativecommons.org/publicdomain/zero/1.0/deed.en;1
images/real/real_a5a8ddc054.jpg;Moscow_car_show_2026-07-31_Acura_NSX_01_2502ec7a.jpg;File:Moscow car show 2026-07-31 Acura NSX 01.jpg;https://commons.wikimedia.org/wiki/File%3AMoscow_car_show_2026-07-31_Acura_NSX_01.jpg;Retired electrician;CC0;http://creativecommons.org/publicdomain/zero/1.0/deed.en;11
images/real/real_c402daecc5.jpg;Moscow_car_show_2026-07-31_Mazda_roadster_01_575867b4.jpg;File:Moscow car show 2026-07-31 Mazda roadster 01.jpg;https://commons.wikimedia.org/wiki/File%3AMoscow_car_show_2026-07-31_Mazda_roadster_01.jpg;Retired electrician;CC0;http://creativecommons.org/publicdomain/zero/1.0/deed.en;4
images/real/real_883f1612c5.jpg;Moscow_car_show_2026-07-31_Mazda_roadster_02_f3fa0c34.jpg;File:Moscow car show 2026-07-31 Mazda roadster 02.jpg;https://commons.wikimedia.org/wiki/File%3AMoscow_car_show_2026-07-31_Mazda_roadster_02.jpg;Retired electrician;CC0;http://creativecommons.org/publicdomain/zero/1.0/deed.en;0
images/real/real_55715cac75.jpg;Moscow_car_show_2026-08-01_Alfa_Romeo_Spider_Type_916_02_006260cb.jpg;File:Moscow car show 2026-08-01 Alfa Romeo Spider Type 916 02.jpg;https://commons.wikimedia.org/wiki/File%3AMoscow_car_show_2026-08-01_Alfa_Romeo_Spider_Type_916_02.jpg;Retired electrician;CC0;http://creativecommons.org/publicdomain/zero/1.0/deed.en;14
images/real/real_a3b1693f23.jpg;Moscow_car_show_2026-08-01_Cadillac_Escalade_01_d15d3d30.jpg;File:Moscow car show 2026-08-01 Cadillac Escalade 01.jpg;https://commons.wikimedia.org/wiki/File%3AMoscow_car_show_2026-08-01_Cadillac_Escalade_01.jpg;Retired electrician;CC0;http://creativecommons.org/publicdomain/zero/1.0/deed.en;0
images/real/real_3c568d1379.jpg;Moscow_car_show_2026-08-01_Chevrolet_Caprice_01_016ef1c0.jpg;File:Moscow car show 2026-08-01 Chevrolet Caprice 01.jpg;https://commons.wikimedia.org/wiki/File%3AMoscow_car_show_2026-08-01_Chevrolet_Caprice_01.jpg;Retired electrician;CC0;http://creativecommons.org/publicdomain/zero/1.0/deed.en;1
images/real/real_690e28646d.jpg;Moscow_car_show_2026-08-01_Chevrolet_Caprice_Classic_03_8c5e9a97.jpg;File:Moscow car show 2026-08-01 Chevrolet Caprice Classic 03.jpg;https://commons.wikimedia.org/wiki/File%3AMoscow_car_show_2026-08-01_Chevrolet_Caprice_Classic_03.jpg;Retired electrician;CC0;http://creativecommons.org/publicdomain/zero/1.0/deed.en;0
images/real/real_e125bcd674.jpg;Moscow_car_show_2026-08-01_Chevrolet_Van_01_1f3e76b7.jpg;File:Moscow car show 2026-08-01 Chevrolet Van 01.jpg;https://commons.wikimedia.org/wiki/File%3AMoscow_car_show_2026-08-01_Chevrolet_Van_01.jpg;Retired electrician;CC0;http://creativecommons.org/publicdomain/zero/1.0/deed.en;5
images/real/real_00d273e170.jpg;Moscow_car_show_2026-08-01_Izh_food_truck_02_6711f8b7.jpg;File:Moscow car show 2026-08-01 Izh food truck 02.jpg;https://commons.wikimedia.org/wiki/File%3AMoscow_car_show_2026-08-01_Izh_food_truck_02.jpg;Retired electrician;CC0;http://creativecommons.org/publicdomain/zero/1.0/deed.en;5
images/real/real_e773f8af40.jpg;Moscow_car_show_2026-08-01_Mazda_323F_red_01_c92ba72e.jpg;File:Moscow car show 2026-08-01 Mazda 323F red 01.jpg;https://commons.wikimedia.org/wiki/File%3AMoscow_car_show_2026-08-01_Mazda_323F_red_01.jpg;Retired electrician;CC0;http://creativecommons.org/publicdomain/zero/1.0/deed.en;0
images/real/real_e007f9265a.jpg;Moscow_car_show_2026-08-01_Mazda_323F_red_02_0c2dfa9a.jpg;File:Moscow car show 2026-08-01 Mazda 323F red 02.jpg;https://commons.wikimedia.org/wiki/File%3AMoscow_car_show_2026-08-01_Mazda_323F_red_02.jpg;Retired electrician;CC0;http://creativecommons.org/publicdomain/zero/1.0/deed.en;6
images/real/real_6119162086.jpg;Moscow_car_show_2026-08-01_Mazda_323F_red_04_bea99400.jpg;File:Moscow car show 2026-08-01 Mazda 323F red 04.jpg;https://commons.wikimedia.org/wiki/File%3AMoscow_car_show_2026-08-01_Mazda_323F_red_04.jpg;Retired electrician;CC0;http://creativecommons.org/publicdomain/zero/1.0/deed.en;15
images/real/real_b6f9f0f4d0.jpg;Moscow_car_show_2026-08-01_Mazda_Astina_blue_02_c91590a0.jpg;File:Moscow car show 2026-08-01 Mazda Astina blue 02.jpg;https://commons.wikimedia.org/wiki/File%3AMoscow_car_show_2026-08-01_Mazda_Astina_blue_02.jpg;Retired electrician;CC0;http://creativecommons.org/publicdomain/zero/1.0/deed.en;1
images/real/real_4c4b54ba4e.jpg;Moscow_car_show_2026-08-01_Mazda_Astina_blue_04_3a1807c2.jpg;File:Moscow car show 2026-08-01 Mazda Astina blue 04.jpg;https://commons.wikimedia.org/wiki/File%3AMoscow_car_show_2026-08-01_Mazda_Astina_blue_04.jpg;Retired electrician;CC0;http://creativecommons.org/publicdomain/zero/1.0/deed.en;17
images/real/real_41939f79ca.jpg;Moscow_car_show_2026-08-01_Mazda_RX7_red_01_bab9ecad.jpg;File:Moscow car show 2026-08-01 Mazda RX7 red 01.jpg;https://commons.wikimedia.org/wiki/File%3AMoscow_car_show_2026-08-01_Mazda_RX7_red_01.jpg;Retired electrician;CC0;http://creativecommons.org/publicdomain/zero/1.0/deed.en;5
images/real/real_4d2f3d8297.jpg;Moscow_car_show_2026-08-01_Mazda_RX7_red_02_042f197b.jpg;File:Moscow car show 2026-08-01 Mazda RX7 red 02.jpg;https://commons.wikimedia.org/wiki/File%3AMoscow_car_show_2026-08-01_Mazda_RX7_red_02.jpg;Retired electrician;CC0;http://creativecommons.org/publicdomain/zero/1.0/deed.en;0
images/real/real_00c10ce3d8.jpg;Moscow_car_show_2026-08-01_Mazda_RX7_red_06_beb2e2b7.jpg;File:Moscow car show 2026-08-01 Mazda RX7 red 06.jpg;https://commons.wikimedia.org/wiki/File%3AMoscow_car_show_2026-08-01_Mazda_RX7_red_06.jpg;Retired electrician;CC0;http://creativecommons.org/publicdomain/zero/1.0/deed.en;2
images/real/real_80b04e01cc.jpg;Moscow_car_show_2026-08-01_Subaru_kei_van_03_8668b06b.jpg;File:Moscow car show 2026-08-01 Subaru kei van 03.jpg;https://commons.wikimedia.org/wiki/File%3AMoscow_car_show_2026-08-01_Subaru_kei_van_03.jpg;Retired electrician;CC0;http://creativecommons.org/publicdomain/zero/1.0/deed.en;1
images/real/real_c9474d3b2e.jpg;Moscow_car_show_2026-08-01_Subaru_kei_van_04_769055a3.jpg;File:Moscow car show 2026-08-01 Subaru kei van 04.jpg;https://commons.wikimedia.org/wiki/File%3AMoscow_car_show_2026-08-01_Subaru_kei_van_04.jpg;Retired electrician;CC0;http://creativecommons.org/publicdomain/zero/1.0/deed.en;1
images/real/real_262f40846c.jpg;Moscow_car_show_2026-08-01_Subaru_kei_van_05_577596a8.jpg;File:Moscow car show 2026-08-01 Subaru kei van 05.jpg;https://commons.wikimedia.org/wiki/File%3AMoscow_car_show_2026-08-01_Subaru_kei_van_05.jpg;Retired electrician;CC0;http://creativecommons.org/publicdomain/zero/1.0/deed.en;3
images/real/real_5f7b1b229a.jpg;Moscow_classic_Cadillac_June_2025_01_2a58d7d1.jpg;File:Moscow, classic Cadillac, June 2025 01.jpg;https://commons.wikimedia.org/wiki/File%3AMoscow%2C_classic_Cadillac%2C_June_2025_01.jpg;Retired electrician;CC0;http://creativecommons.org/publicdomain/zero/1.0/deed.en;2
images/real/real_6572782122.jpg;Moscow_little_blue_car_with_big_wheel_camber_June_2025_03_e5b05c4f.jpg;File:Moscow, little blue car with big wheel camber, June 2025 03.jpg;https://commons.wikimedia.org/wiki/File%3AMoscow%2C_little_blue_car_with_big_wheel_camber%2C_June_2025_03.jpg;Retired electrician;CC0;http://creativecommons.org/publicdomain/zero/1.0/deed.en;0
images/real/real_5f47541c46.jpg;Moscow_yellow_Corvette_C6_on_a_tow_truck_Mar_2026_01_824c62f8.jpg;File:Moscow, yellow Corvette C6 on a tow truck, Mar 2026 01.jpg;https://commons.wikimedia.org/wiki/File%3AMoscow%2C_yellow_Corvette_C6_on_a_tow_truck%2C_Mar_2026_01.jpg;Retired electrician;CC0;http://creativecommons.org/publicdomain/zero/1.0/deed.en;0
images/real/real_740e4e3b28.jpg;NN_01-09-2021_03_c478691d.jpg;File:NN 01-09-2021 03.jpg;https://commons.wikimedia.org/wiki/File%3ANN_01-09-2021_03.jpg;Алексей Трефилов;CC BY-SA 4.0;https://creativecommons.org/licenses/by-sa/4.0;0
images/real/real_44a1f4e539.jpg;NN_28-08-2021_01_925d3107.jpg;File:NN 28-08-2021 01.jpg;https://commons.wikimedia.org/wiki/File%3ANN_28-08-2021_01.jpg;Алексей Трефилов;CC BY-SA 4.0;https://creativecommons.org/licenses/by-sa/4.0;1
images/real/real_97b176aadc.jpg;Nissan_Qashqai_01__7f219f75.jpg;File:Nissan Qashqai каршеринга Ситидрайв в Москве (01).jpg;https://commons.wikimedia.org/wiki/File%3ANissan_Qashqai_%D0%BA%D0%B0%D1%80%D1%88%D0%B5%D1%80%D0%B8%D0%BD%D0%B3%D0%B0_%D0%A1%D0%B8%D1%82%D0%B8%D0%B4%D1%80%D0%B0%D0%B9%D0%B2_%D0%B2_%D0%9C%D0%BE%D1%81%D0%BA%D0%B2%D0%B5_%2801%29.jpg;Александр Мотин;CC BY-SA 4.0;https://creativecommons.org/licenses/by-sa/4.0;0
images/real/real_ad2634ca0f.jpg;Rechnikov_Street_-_Moscow2_85c2c312.jpg;File:Rechnikov Street - Moscow2.jpg;https://commons.wikimedia.org/wiki/File%3ARechnikov_Street_-_Moscow2.jpg;Юрий Д.К.;CC BY 4.0;https://creativecommons.org/licenses/by/4.0;0
images/real/real_d0c615586c.jpg;Ru_a_a_to_en_Tjumeno_88cf5236.jpg;File:Ruĝa aŭto en Tjumeno.jpg;https://commons.wikimedia.org/wiki/File%3ARu%C4%9Da_a%C5%ADto_en_Tjumeno.jpg;RG72;CC BY-SA 4.0;https://creativecommons.org/licenses/by-sa/4.0;0
images/real/real_9390879981.jpg;Square_near_Makhachkala_railway_terminal_-_2024-04-28_230466b8.jpg;File:Square near Makhachkala railway terminal - 2024-04-28.jpg;https://commons.wikimedia.org/wiki/File%3ASquare_near_Makhachkala_railway_terminal_-_2024-04-28.jpg;Dinamik;CC BY-SA 4.0;https://creativecommons.org/licenses/by-sa/4.0;1
images/real/real_0f3a39421d.jpg;Suzuki_Ignis_in_Murom_c816aad7.jpg;File:Suzuki Ignis in Murom.jpg;https://commons.wikimedia.org/wiki/File%3ASuzuki_Ignis_in_Murom.jpg;kishjar?;CC BY 4.0;https://creativecommons.org/licenses/by/4.0;0
images/real/real_5f44f36cb4.jpg;Tesla_Model_Y_2022__d3d44529.jpg;File:Tesla Model Y каршеринга Ситидрайв в Котельниках (2022).jpg;https://commons.wikimedia.org/wiki/File%3ATesla_Model_Y_%D0%BA%D0%B0%D1%80%D1%88%D0%B5%D1%80%D0%B8%D0%BD%D0%B3%D0%B0_%D0%A1%D0%B8%D1%82%D0%B8%D0%B4%D1%80%D0%B0%D0%B9%D0%B2_%D0%B2_%D0%9A%D0%BE%D1%82%D0%B5%D0%BB%D1%8C%D0%BD%D0%B8%D0%BA%D0%B0%D1%85_%282022%29.jpg;Александр Мотин;CC BY-SA 4.0;https://creativecommons.org/licenses/by-sa/4.0;0
images/real/real_ee37eb8a41.jpg;Toyota_Cressida_Murmansk_2022-05_2_b39a5c2a.jpg;File:Toyota Cressida Murmansk 2022-05 2.jpg;https://commons.wikimedia.org/wiki/File%3AToyota_Cressida_Murmansk_2022-05_2.jpg;Svetlov Artem;CC0;http://creativecommons.org/publicdomain/zero/1.0/deed.en;0
images/real/real_111b679f46.jpg;Toyota_Cresta_X90_en_Tjumeno_9bbd92f9.jpg;File:Toyota Cresta (X90) en Tjumeno.jpg;https://commons.wikimedia.org/wiki/File%3AToyota_Cresta_%28X90%29_en_Tjumeno.jpg;RG72;CC BY-SA 4.0;https://creativecommons.org/licenses/by-sa/4.0;0
images/real/real_5006014fd9.jpg;Toyota_Cresta_X90_kun_japana_flago_sur_numerplato_01_ca918532.jpg;File:Toyota Cresta (X90) kun japana flago sur numerplato 01.jpg;https://commons.wikimedia.org/wiki/File%3AToyota_Cresta_%28X90%29_kun_japana_flago_sur_numerplato_01.jpg;RG72;CC BY-SA 4.0;https://creativecommons.org/licenses/by-sa/4.0;0
images/real/real_ee977a4be3.jpg;Toyota_Cresta_X90_kun_japana_flago_sur_numerplato_02_841a0455.jpg;File:Toyota Cresta (X90) kun japana flago sur numerplato 02.jpg;https://commons.wikimedia.org/wiki/File%3AToyota_Cresta_%28X90%29_kun_japana_flago_sur_numerplato_02.jpg;RG72;CC BY-SA 4.0;https://creativecommons.org/licenses/by-sa/4.0;0
images/real/real_cca18b2f69.jpg;Toyota_Prius_e_elektro_ar_ejo_Tjumeno_01_f5dd74c7.jpg;File:Toyota Prius ĉe elektroŝarĝejo (Tjumeno) 01.jpg;https://commons.wikimedia.org/wiki/File%3AToyota_Prius_%C4%89e_elektro%C5%9Dar%C4%9Dejo_%28Tjumeno%29_01.jpg;RG72;CC BY-SA 4.0;https://creativecommons.org/licenses/by-sa/4.0;0
images/real/real_fcc63ee457.jpg;Vila_o_Dubrovnoje_Tjumena_provinco_19_7fa5bd9b.jpg;File:Vilaĝo Dubrovnoje (Tjumena provinco) 19.jpg;https://commons.wikimedia.org/wiki/File%3AVila%C4%9Do_Dubrovnoje_%28Tjumena_provinco%29_19.jpg;RG72;CC BY 4.0;https://creativecommons.org/licenses/by/4.0;0
images/real/real_56f67c3263.jpg;Voja_antino_e_benzinstacio_Kondor_Tjumena_distrikto__75bf2ab7.jpg;File:Vojaĝantino ĉe benzinstacio Kondor (Tjumena distrikto).jpg;https://commons.wikimedia.org/wiki/File%3AVoja%C4%9Dantino_%C4%89e_benzinstacio_Kondor_%28Tjumena_distrikto%29.jpg;RG72;CC BY-SA 4.0;https://creativecommons.org/licenses/by-sa/4.0;1
images/real/real_af004d31c5.jpg;_-_MCHS_Moscow_13_49180402.jpg;File:МЧС, Москва - MCHS, Moscow 13.jpg;https://commons.wikimedia.org/wiki/File%3A%D0%9C%D0%A7%D0%A1%2C_%D0%9C%D0%BE%D1%81%D0%BA%D0%B2%D0%B0_-_MCHS%2C_Moscow_13.jpg;Pulux11;CC BY-SA 4.0;https://creativecommons.org/licenses/by-sa/4.0;0
images/real/real_0823b47afa.jpg;_-__0f85ecdf.jpg;File:Санкт-Петербург, Тесла на Малой Посадской.jpg;https://commons.wikimedia.org/wiki/File%3A%D0%A1%D0%B0%D0%BD%D0%BA%D1%82-%D0%9F%D0%B5%D1%82%D0%B5%D1%80%D0%B1%D1%83%D1%80%D0%B3%2C_%D0%A2%D0%B5%D1%81%D0%BB%D0%B0_%D0%BD%D0%B0_%D0%9C%D0%B0%D0%BB%D0%BE%D0%B9_%D0%9F%D0%BE%D1%81%D0%B0%D0%B4%D1%81%D0%BA%D0%BE%D0%B9.jpg;Nikolai Bulykin;CC BY-SA 4.0;https://creativecommons.org/licenses/by-sa/4.0;0
images/real/real_5a9454d059.jpg;_-__2b787457.jpg;File:Ретро-тачки.jpg;https://commons.wikimedia.org/wiki/File%3A%D0%A0%D0%B5%D1%82%D1%80%D0%BE-%D1%82%D0%B0%D1%87%D0%BA%D0%B8.jpg;Sammmsammm212;CC BY-SA 4.0;https://creativecommons.org/licenses/by-sa/4.0;0
images/real/real_dade50e9a9.jpg;_3_2023-03-17_487b80ec.jpg;File:Улица Студенческая, 3 в Озёрске 2023-03-17.jpg;https://commons.wikimedia.org/wiki/File%3A%D0%A3%D0%BB%D0%B8%D1%86%D0%B0_%D0%A1%D1%82%D1%83%D0%B4%D0%B5%D0%BD%D1%87%D0%B5%D1%81%D0%BA%D0%B0%D1%8F%2C_3_%D0%B2_%D0%9E%D0%B7%D1%91%D1%80%D1%81%D0%BA%D0%B5_2023-03-17.jpg;Artyom Vasilyev;CC BY-SA 2.0;https://creativecommons.org/licenses/by-sa/2.0;0
images/real/real_8cd9b413a5.jpg;__49db03a9.jpg;File:Косинское шоссе.jpg;https://commons.wikimedia.org/wiki/File%3A%D0%9A%D0%BE%D1%81%D0%B8%D0%BD%D1%81%D0%BA%D0%BE%D0%B5_%D1%88%D0%BE%D1%81%D1%81%D0%B5.jpg;Владислав Мартыненко;CC BY-SA 4.0;https://creativecommons.org/licenses/by-sa/4.0;0
images/real/real_17f4b6acb6.jpg;Auto_BMW_5_Series_E28_Moscow_Marshala_Zhukova_Prospekt_203_50_2026-09_1788629022_e8303559.jpg;File:Auto BMW 5 Series (E28) Moscow Marshala Zhukova Prospekt Т203РС50 2026-09 1788629022.jpg;https://commons.wikimedia.org/wiki/File%3AAuto_BMW_5_Series_%28E28%29_Moscow_Marshala_Zhukova_Prospekt_%D0%A2203%D0%A0%D0%A150_2026-09_1788629022.jpg;Artyom Svetlov;CC BY 4.0;https://creativecommons.org/licenses/by/4.0;0
images/real/real_947aab359b.jpg;Auto_GAZ-24-10_Moscow_Bibip-Bibop_2026_2026-07_031_3d4d61f8.jpg;File:Auto GAZ-24-10 Moscow Bibip-Bibop 2026 2026-07 031.JPG;https://commons.wikimedia.org/wiki/File%3AAuto_GAZ-24-10_Moscow_Bibip-Bibop_2026_2026-07_031.JPG;Artyom Svetlov;CC BY 4.0;https://creativecommons.org/licenses/by/4.0;4
images/real/real_a6136f9627.jpg;Auto_GAZ-24_Moscow_Bibip-Bibop_2026_2026-07_032_cebbcd92.jpg;File:Auto GAZ-24 Moscow Bibip-Bibop 2026 2026-07 032.JPG;https://commons.wikimedia.org/wiki/File%3AAuto_GAZ-24_Moscow_Bibip-Bibop_2026_2026-07_032.JPG;Artyom Svetlov;CC BY 4.0;https://creativecommons.org/licenses/by/4.0;10
images/real/real_2c72e50454.jpg;Auto_GAZ_Sobol_Moscow_Bolotnikovskaya_Street_452_797_2025-02_854_7612f730.jpg;File:Auto GAZ Sobol Moscow Bolotnikovskaya Street К452ТН797 2025-02 854.JPG;https://commons.wikimedia.org/wiki/File%3AAuto_GAZ_Sobol_Moscow_Bolotnikovskaya_Street_%D0%9A452%D0%A2%D0%9D797_2025-02_854.JPG;Artyom Svetlov;CC BY 4.0;https://creativecommons.org/licenses/by/4.0;2
images/real/real_ebdc6a4901.jpg;Auto_Mercedes-Benz_W123_Moscow_Medikov_Street_2025-03_1740831996_2ac4481a.jpg;File:Auto Mercedes-Benz W123 Moscow Medikov Street 2025-03 1740831996.JPG;https://commons.wikimedia.org/wiki/File%3AAuto_Mercedes-Benz_W123_Moscow_Medikov_Street_2025-03_1740831996.JPG;Artyom Svetlov;CC BY 4.0;https://creativecommons.org/licenses/by/4.0;0
images/real/real_ecaacbb2db.jpg;Auto_Mercedes-Benz_W201_Moscow_Bibip-Bibop_2026_190_199_2026-07_035_ee2700fa.jpg;File:Auto Mercedes-Benz W201 Moscow Bibip-Bibop 2026 Е190НК199 2026-07 035.JPG;https://commons.wikimedia.org/wiki/File%3AAuto_Mercedes-Benz_W201_Moscow_Bibip-Bibop_2026_%D0%95190%D0%9D%D0%9A199_2026-07_035.JPG;Artyom Svetlov;CC BY 4.0;https://creativecommons.org/licenses/by/4.0;0
images/real/real_607a3cfb37.jpg;Auto_UAZ-469_Moscow_Kaspiyskaya_street_N_094_97_2025-03_175_e0c262a2.jpg;File:Auto UAZ-469 Moscow Kaspiyskaya street NТ094НТ97 2025-03 175.JPG;https://commons.wikimedia.org/wiki/File%3AAuto_UAZ-469_Moscow_Kaspiyskaya_street_N%D0%A2094%D0%9D%D0%A297_2025-03_175.JPG;Artyom Svetlov;CC BY 4.0;https://creativecommons.org/licenses/by/4.0;1
images/real/real_6479cee342.jpg;Auto_koda_Felicia_Moscow_Kaspiyskaya_street_470_750_2025-03_251_dd3bf4a8.jpg;File:Auto Škoda Felicia Moscow Kaspiyskaya street Т470ВС750 2025-03 251.JPG;https://commons.wikimedia.org/wiki/File%3AAuto_%C5%A0koda_Felicia_Moscow_Kaspiyskaya_street_%D0%A2470%D0%92%D0%A1750_2025-03_251.JPG;Artyom Svetlov;CC BY 4.0;https://creativecommons.org/licenses/by/4.0;0
images/real/real_7df1c2e533.jpg;Moscow_-_2026_-_Geely_Cityray_da12d13a.jpg;File:Moscow - 2026 - Geely Cityray.jpg;https://commons.wikimedia.org/wiki/File%3AMoscow_-_2026_-_Geely_Cityray.jpg;Юрий Д.К.;CC BY 4.0;https://creativecommons.org/licenses/by/4.0;1
images/real/real_af8285ac24.jpg;Moscow_-_2026_-_Mercedes-AMG_G_63_66746237.jpg;File:Moscow - 2026 - Mercedes-AMG G 63.jpg;https://commons.wikimedia.org/wiki/File%3AMoscow_-_2026_-_Mercedes-AMG_G_63.jpg;Юрий Д.К.;CC BY 4.0;https://creativecommons.org/licenses/by/4.0;0
images/real/real_6adb57e964.jpg;Moscow_-_2026_-_White_Kia_Sportage_crossover_9fc38b48.jpg;File:Moscow - 2026 - White Kia Sportage crossover.jpg;https://commons.wikimedia.org/wiki/File%3AMoscow_-_2026_-_White_Kia_Sportage_crossover.jpg;Юрий Д.К.;CC BY 4.0;https://creativecommons.org/licenses/by/4.0;0
images/real/real_353eca9e3e.jpg;Moscow_-_July_2026_-_Hyundai_Elantra_near_the_Rosa_Einema_Museum_87bd5379.jpg;File:Moscow - July 2026 - Hyundai Elantra near the Rosa Einema Museum.jpg;https://commons.wikimedia.org/wiki/File%3AMoscow_-_July_2026_-_Hyundai_Elantra_near_the_Rosa_Einema_Museum.jpg;Юрий Д.К.;CC BY 4.0;https://creativecommons.org/licenses/by/4.0;2
images/real/real_ec973f0153.jpg;Moscow_-_Lada_1500_9256a5a6.jpg;File:Moscow - Lada 1500.jpg;https://commons.wikimedia.org/wiki/File%3AMoscow_-_Lada_1500.jpg;Юрий Д.К.;CC BY 4.0;https://creativecommons.org/licenses/by/4.0;0
images/real/real_ab3ab2552f.jpg;Moscow_5th_Monetchikovsky_Lane_7_-_Camo_UAZ_May_2022_01_47d7ed93.jpg;File:Moscow, 5th Monetchikovsky Lane 7 - Camo UAZ, May 2022 01.jpg;https://commons.wikimedia.org/wiki/File%3AMoscow%2C_5th_Monetchikovsky_Lane_7_-_Camo_UAZ%2C_May_2022_01.jpg;Retired electrician;CC0;http://creativecommons.org/publicdomain/zero/1.0/deed.en;2
images/real/real_41578f480c.jpg;Moscow_Arbatskaya_Square_Case_SV250_on_a_Mercedes_truck_2021-05-15_01_4b59577c.jpg;File:Moscow, Arbatskaya Square, Case SV250 on a Mercedes truck 2021-05-15 01.jpg;https://commons.wikimedia.org/wiki/File%3AMoscow%2C_Arbatskaya_Square%2C_Case_SV250_on_a_Mercedes_truck_2021-05-15_01.jpg;Retired electrician;CC0;http://creativecommons.org/publicdomain/zero/1.0/deed.en;0
images/real/real_83580530a3.jpg;Moscow_BMW_F16_X6_white_Sept_2025_01_d6e95f7a.jpg;File:Moscow, BMW F16 (X6) white Sept 2025 01.jpg;https://commons.wikimedia.org/wiki/File%3AMoscow%2C_BMW_F16_%28X6%29_white_Sept_2025_01.jpg;Retired electrician;CC0;http://creativecommons.org/publicdomain/zero/1.0/deed.en;0
images/real/real_53c615546c.jpg;Moscow_BMW_I01_black_and_dirty_Mar_2026_01_3bddfc2e.jpg;File:Moscow, BMW I01 black and dirty, Mar 2026 01.jpg;https://commons.wikimedia.org/wiki/File%3AMoscow%2C_BMW_I01_black_and_dirty%2C_Mar_2026_01.jpg;Retired electrician;CC0;http://creativecommons.org/publicdomain/zero/1.0/deed.en;1
images/real/real_dbc2063cfa.jpg;Moscow_BMW_X5_M_June_2026_01_5bdd14b3.jpg;File:Moscow, BMW X5 M, June 2026 01.jpg;https://commons.wikimedia.org/wiki/File%3AMoscow%2C_BMW_X5_M%2C_June_2026_01.jpg;Retired electrician;CC0;http://creativecommons.org/publicdomain/zero/1.0/deed.en;1
images/real/real_94b6ebad66.jpg;Moscow_BMW_X7_Kukla_Tanya_Aug_2025_07_a974fcbd.jpg;File:Moscow, BMW X7 Kukla Tanya, Aug 2025 07.jpg;https://commons.wikimedia.org/wiki/File%3AMoscow%2C_BMW_X7_Kukla_Tanya%2C_Aug_2025_07.jpg;Retired electrician;CC0;http://creativecommons.org/publicdomain/zero/1.0/deed.en;0
images/real/real_fc481186e1.jpg;Moscow_Belgee_X70_Geely_Atlas_Pro_taxi_Mar_2026_01_d23c3d80.jpg;File:Moscow, Belgee X70 (Geely Atlas Pro) taxi Mar 2026 01.jpg;https://commons.wikimedia.org/wiki/File%3AMoscow%2C_Belgee_X70_%28Geely_Atlas_Pro%29_taxi_Mar_2026_01.jpg;Retired electrician;CC0;http://creativecommons.org/publicdomain/zero/1.0/deed.en;2
images/real/real_edb625ad08.jpg;Moscow_Bolshaya_Ordynka_black_Hyundai_Mega_cherry_picker_02_903300ee.jpg;File:Moscow, Bolshaya Ordynka, black Hyundai Mega cherry picker 02.jpg;https://commons.wikimedia.org/wiki/File%3AMoscow%2C_Bolshaya_Ordynka%2C_black_Hyundai_Mega_cherry_picker_02.jpg;Retired electrician;CC0;http://creativecommons.org/publicdomain/zero/1.0/deed.en;0
images/real/real_ddd6937014.jpg;Moscow_Chery_Tiggo7_2nd_gen_Setp_2025_01_fbd17027.jpg;File:Moscow, Chery Tiggo7 (2nd gen) Setp 2025 01.jpg;https://commons.wikimedia.org/wiki/File%3AMoscow%2C_Chery_Tiggo7_%282nd_gen%29_Setp_2025_01.jpg;Retired electrician;CC0;http://creativecommons.org/publicdomain/zero/1.0/deed.en;1
images/real/real_3433954686.jpg;Moscow_Chery_Tiggo_4_April_2025_01_2e0b9690.jpg;File:Moscow, Chery Tiggo 4, April 2025 01.jpg;https://commons.wikimedia.org/wiki/File%3AMoscow%2C_Chery_Tiggo_4%2C_April_2025_01.jpg;Retired electrician;CC0;http://creativecommons.org/publicdomain/zero/1.0/deed.en;0
images/real/real_951b23f0de.jpg;Moscow_Chery_Tiggo_7_promax_June_2025_01_a5e569ec.jpg;File:Moscow, Chery Tiggo 7 promax, June 2025 01.jpg;https://commons.wikimedia.org/wiki/File%3AMoscow%2C_Chery_Tiggo_7_promax%2C_June_2025_01.jpg;Retired electrician;CC0;http://creativecommons.org/publicdomain/zero/1.0/deed.en;1
images/real/real_f1311037ed.jpg;Moscow_Chery_Tiggo_7_promax_June_2025_05_aa6bcdbe.jpg;File:Moscow, Chery Tiggo 7 promax, June 2025 05.jpg;https://commons.wikimedia.org/wiki/File%3AMoscow%2C_Chery_Tiggo_7_promax%2C_June_2025_05.jpg;Retired electrician;CC0;http://creativecommons.org/publicdomain/zero/1.0/deed.en;1
images/real/real_b67e3fc5d7.jpg;Moscow_Citydrive_Chery_Tiggo_7_July_2025_02_1b15e101.jpg;File:Moscow, Citydrive Chery Tiggo 7, July 2025 02.jpg;https://commons.wikimedia.org/wiki/File%3AMoscow%2C_Citydrive_Chery_Tiggo_7%2C_July_2025_02.jpg;Retired electrician;CC0;http://creativecommons.org/publicdomain/zero/1.0/deed.en;0
images/real/real_68b73d5537.jpg;Moscow_Geely_Atlas_June_2025_02_fedef1d9.jpg;File:Moscow, Geely Atlas June 2025 02.jpg;https://commons.wikimedia.org/wiki/File%3AMoscow%2C_Geely_Atlas_June_2025_02.jpg;Retired electrician;CC0;http://creativecommons.org/publicdomain/zero/1.0/deed.en;1
images/real/real_4f1068825a.jpg;Moscow_Geely_Atlas_Pro_Citydrive_May_2026_01_9fd543e8.jpg;File:Moscow, Geely Atlas Pro Citydrive, May 2026 01.jpg;https://commons.wikimedia.org/wiki/File%3AMoscow%2C_Geely_Atlas_Pro_Citydrive%2C_May_2026_01.jpg;Retired electrician;CC0;http://creativecommons.org/publicdomain/zero/1.0/deed.en;1
images/real/real_84dc202fca.jpg;Moscow_Geely_Atlas_Pro_Citydrive_Sept_2026_05_cd3af70f.jpg;File:Moscow, Geely Atlas Pro Citydrive, Sept 2026 05.jpg;https://commons.wikimedia.org/wiki/File%3AMoscow%2C_Geely_Atlas_Pro_Citydrive%2C_Sept_2026_05.jpg;Retired electrician;CC0;http://creativecommons.org/publicdomain/zero/1.0/deed.en;0
images/real/real_258f3728d1.jpg;Moscow_Geely_Atlas_Pro_Citydrive_Sept_2026_07_5775102a.jpg;File:Moscow, Geely Atlas Pro Citydrive, Sept 2026 07.jpg;https://commons.wikimedia.org/wiki/File%3AMoscow%2C_Geely_Atlas_Pro_Citydrive%2C_Sept_2026_07.jpg;Retired electrician;CC0;http://creativecommons.org/publicdomain/zero/1.0/deed.en;0
images/real/real_bb05ba89fe.jpg;Moscow_Geely_Coolray_April_2025_15_e26b097d.jpg;File:Moscow, Geely Coolray, April 2025 15.jpg;https://commons.wikimedia.org/wiki/File%3AMoscow%2C_Geely_Coolray%2C_April_2025_15.jpg;Retired electrician;CC0;http://creativecommons.org/publicdomain/zero/1.0/deed.en;0
images/real/real_e2393e783c.jpg;Moscow_Geely_Coolray_Belkacar_Sept_2025_02_7a439833.jpg;File:Moscow, Geely Coolray Belkacar, Sept 2025 02.jpg;https://commons.wikimedia.org/wiki/File%3AMoscow%2C_Geely_Coolray_Belkacar%2C_Sept_2025_02.jpg;Retired electrician;CC0;http://creativecommons.org/publicdomain/zero/1.0/deed.en;0
images/real/real_8f90db0c99.jpg;Moscow_Geely_Emgrand_Infinity_QX70S_Apr_2026_01_029159fa.jpg;File:Moscow, Geely Emgrand, Infinity QX70S, Apr 2026 01.jpg;https://commons.wikimedia.org/wiki/File%3AMoscow%2C_Geely_Emgrand%2C_Infinity_QX70S%2C_Apr_2026_01.jpg;Retired electrician;CC0;http://creativecommons.org/publicdomain/zero/1.0/deed.en;1
images/real/real_569956bbd4.jpg;Moscow_Geely_Monjaro_June_2025_01_225cd32f.jpg;File:Moscow, Geely Monjaro, June 2025 01.jpg;https://commons.wikimedia.org/wiki/File%3AMoscow%2C_Geely_Monjaro%2C_June_2025_01.jpg;Retired electrician;CC0;http://creativecommons.org/publicdomain/zero/1.0/deed.en;0
images/real/real_1232355075.jpg;Moscow_Geely_Monjaro_June_2025_10_65257fbd.jpg;File:Moscow, Geely Monjaro, June 2025 10.jpg;https://commons.wikimedia.org/wiki/File%3AMoscow%2C_Geely_Monjaro%2C_June_2025_10.jpg;Retired electrician;CC0;http://creativecommons.org/publicdomain/zero/1.0/deed.en;1
images/real/real_6e550cc039.jpg;Moscow_Geely_Tugella_June_2025_01_2edfe638.jpg;File:Moscow, Geely Tugella June 2025 01.jpg;https://commons.wikimedia.org/wiki/File%3AMoscow%2C_Geely_Tugella_June_2025_01.jpg;Retired electrician;CC0;http://creativecommons.org/publicdomain/zero/1.0/deed.en;0
images/real/real_13bd2e1a3f.jpg;Moscow_Gormost_GAZ_trucks_Aug_2025_01_45c9ce3a.jpg;File:Moscow, Gormost GAZ trucks, Aug 2025 01.jpg;https://commons.wikimedia.org/wiki/File%3AMoscow%2C_Gormost_GAZ_trucks%2C_Aug_2025_01.jpg;Retired electrician;CC0;http://creativecommons.org/publicdomain/zero/1.0/deed.en;0
images/real/real_83d4f5e0cd.jpg;Moscow_Gormost_GAZ_trucks_Aug_2025_03_a5a4b83a.jpg;File:Moscow, Gormost GAZ trucks, Aug 2025 03.jpg;https://commons.wikimedia.org/wiki/File%3AMoscow%2C_Gormost_GAZ_trucks%2C_Aug_2025_03.jpg;Retired electrician;CC0;http://creativecommons.org/publicdomain/zero/1.0/deed.en;0
images/real/real_084dd0d027.jpg;Moscow_Haval_Dargo_Belkacar_Nov_2025_03_d1663eef.jpg;File:Moscow, Haval Dargo Belkacar, Nov 2025 03.jpg;https://commons.wikimedia.org/wiki/File%3AMoscow%2C_Haval_Dargo_Belkacar%2C_Nov_2025_03.jpg;Retired electrician;CC0;http://creativecommons.org/publicdomain/zero/1.0/deed.en;1
images/real/real_0119167f4b.jpg;Moscow_Haval_Dargo_Belkacar_Nov_2025_04_4cd8c22b.jpg;File:Moscow, Haval Dargo Belkacar, Nov 2025 04.jpg;https://commons.wikimedia.org/wiki/File%3AMoscow%2C_Haval_Dargo_Belkacar%2C_Nov_2025_04.jpg;Retired electrician;CC0;http://creativecommons.org/publicdomain/zero/1.0/deed.en;1
images/real/real_8a490e7e32.jpg;Moscow_Haval_F7_police_Sept_2025_01_a93f3a58.jpg;File:Moscow, Haval F7 police, Sept 2025 01.jpg;https://commons.wikimedia.org/wiki/File%3AMoscow%2C_Haval_F7_police%2C_Sept_2025_01.jpg;Retired electrician;CC0;http://creativecommons.org/publicdomain/zero/1.0/deed.en;1
images/real/real_92c75c095b.jpg;Moscow_Haval_F7_taxi_in_Yandex.Market_livery_Aug_2025_01_e16f7d85.jpg;File:Moscow, Haval F7 taxi in Yandex.Market livery Aug 2025 01.jpg;https://commons.wikimedia.org/wiki/File%3AMoscow%2C_Haval_F7_taxi_in_Yandex.Market_livery_Aug_2025_01.jpg;Retired electrician;CC0;http://creativecommons.org/publicdomain/zero/1.0/deed.en;1
images/real/real_21f8a0b6ca.jpg;Moscow_Haval_F7x_Aug_2025_05_2e54cc9b.jpg;File:Moscow, Haval F7x, Aug 2025 05.jpg;https://commons.wikimedia.org/wiki/File%3AMoscow%2C_Haval_F7x%2C_Aug_2025_05.jpg;Retired electrician;CC0;http://creativecommons.org/publicdomain/zero/1.0/deed.en;1
images/real/real_40443eb38a.jpg;Moscow_Haval_H3_Aug_2025_01_474c7028.jpg;File:Moscow, Haval H3, Aug 2025 01.jpg;https://commons.wikimedia.org/wiki/File%3AMoscow%2C_Haval_H3%2C_Aug_2025_01.jpg;Retired electrician;CC0;http://creativecommons.org/publicdomain/zero/1.0/deed.en;2
images/real/real_c1f8b84a63.jpg;Moscow_Haval_H3_Aug_2025_02_9deda920.jpg;File:Moscow, Haval H3, Aug 2025 02.jpg;https://commons.wikimedia.org/wiki/File%3AMoscow%2C_Haval_H3%2C_Aug_2025_02.jpg;Retired electrician;CC0;http://creativecommons.org/publicdomain/zero/1.0/deed.en;2
images/real/real_dfe3e6837b.jpg;Moscow_Haval_H3_June_2025_03_bac21e93.jpg;File:Moscow, Haval H3, June 2025 03.jpg;https://commons.wikimedia.org/wiki/File%3AMoscow%2C_Haval_H3%2C_June_2025_03.jpg;Retired electrician;CC0;http://creativecommons.org/publicdomain/zero/1.0/deed.en;1
images/real/real_8aa9c50967.jpg;Moscow_Haval_Jolion_April_2025_18_c78908f1.jpg;File:Moscow, Haval Jolion, April 2025 18.jpg;https://commons.wikimedia.org/wiki/File%3AMoscow%2C_Haval_Jolion%2C_April_2025_18.jpg;Retired electrician;CC0;http://creativecommons.org/publicdomain/zero/1.0/deed.en;0
images/real/real_47d3a97747.jpg;Moscow_Haval_Jolion_red_May_2026_0_7fddac2a.jpg;File:Moscow, Haval Jolion red, May 2026 0.jpg;https://commons.wikimedia.org/wiki/File%3AMoscow%2C_Haval_Jolion_red%2C_May_2026_0.jpg;Retired electrician;CC0;http://creativecommons.org/publicdomain/zero/1.0/deed.en;0
images/real/real_61adc34c52.jpg;Moscow_Hyundai_Creta_I_-_Yandex_streetview_cameramobile_Oct_2025_05_fce18e88.jpg;File:Moscow, Hyundai Creta I - Yandex streetview cameramobile Oct 2025 05.jpg;https://commons.wikimedia.org/wiki/File%3AMoscow%2C_Hyundai_Creta_I_-_Yandex_streetview_cameramobile_Oct_2025_05.jpg;Retired electrician;CC0;http://creativecommons.org/publicdomain/zero/1.0/deed.en;0
images/real/real_2642c25a8c.jpg;Moscow_Hyundai_Creta_I_-_Yandex_streetview_cameramobile_Oct_2025_06_48306842.jpg;File:Moscow, Hyundai Creta I - Yandex streetview cameramobile Oct 2025 06.jpg;https://commons.wikimedia.org/wiki/File%3AMoscow%2C_Hyundai_Creta_I_-_Yandex_streetview_cameramobile_Oct_2025_06.jpg;Retired electrician;CC0;http://creativecommons.org/publicdomain/zero/1.0/deed.en;0
images/real/real_6ce99c71c3.jpg;Moscow_Hyundai_PorterII_July_2025_01_df83aea7.jpg;File:Moscow, Hyundai PorterII, July 2025 01.jpg;https://commons.wikimedia.org/wiki/File%3AMoscow%2C_Hyundai_PorterII%2C_July_2025_01.jpg;Retired electrician;CC0;http://creativecommons.org/publicdomain/zero/1.0/deed.en;0
images/real/real_0d62c28f4e.jpg;Moscow_Hyundai_Porter_II_with_KG_plates_Sept_2025_01_47e433f3.jpg;File:Moscow, Hyundai Porter II with KG plates, Sept 2025 01.jpg;https://commons.wikimedia.org/wiki/File%3AMoscow%2C_Hyundai_Porter_II_with_KG_plates%2C_Sept_2025_01.jpg;Retired electrician;CC0;http://creativecommons.org/publicdomain/zero/1.0/deed.en;0
images/real/real_ab5ee4e02a.jpg;Moscow_Hyundai_Porter_May_2026_01_a7e98df7.jpg;File:Moscow, Hyundai Porter, May 2026 01.jpg;https://commons.wikimedia.org/wiki/File%3AMoscow%2C_Hyundai_Porter%2C_May_2026_01.jpg;Retired electrician;CC0;http://creativecommons.org/publicdomain/zero/1.0/deed.en;0
images/real/real_6d8893f203.jpg;Moscow_Hyundai_Porter_Yandex.Delivery_Apr_2026_01_a8699271.jpg;File:Moscow, Hyundai Porter Yandex.Delivery, Apr 2026 01.jpg;https://commons.wikimedia.org/wiki/File%3AMoscow%2C_Hyundai_Porter_Yandex.Delivery%2C_Apr_2026_01.jpg;Retired electrician;CC0;http://creativecommons.org/publicdomain/zero/1.0/deed.en;1
images/real/real_16eaba4307.jpg;Moscow_Hyundai_Porter_in_Yandex.Delivery_livery_Aug_2025_01_f9256b85.jpg;File:Moscow, Hyundai Porter in Yandex.Delivery livery, Aug 2025 01.jpg;https://commons.wikimedia.org/wiki/File%3AMoscow%2C_Hyundai_Porter_in_Yandex.Delivery_livery%2C_Aug_2025_01.jpg;Retired electrician;CC0;http://creativecommons.org/publicdomain/zero/1.0/deed.en;3
images/real/real_85e561b70f.jpg;Moscow_Hyundai_Porter_in_Yandex.Go_livery_Sept_2025_01_63cf9d06.jpg;File:Moscow, Hyundai Porter in Yandex.Go livery, Sept 2025 01.jpg;https://commons.wikimedia.org/wiki/File%3AMoscow%2C_Hyundai_Porter_in_Yandex.Go_livery%2C_Sept_2025_01.jpg;Retired electrician;CC0;http://creativecommons.org/publicdomain/zero/1.0/deed.en;3
images/real/real_fb6f62e3d9.jpg;Moscow_Hyundai_Solaris_HCR_with_mock_missile_and_banners_Mar_2026_01_f0a7a15c.jpg;File:Moscow, Hyundai Solaris HCR with mock missile and banners, Mar 2026 01.jpg;https://commons.wikimedia.org/wiki/File%3AMoscow%2C_Hyundai_Solaris_HCR_with_mock_missile_and_banners%2C_Mar_2026_01.jpg;Retired electrician;CC0;http://creativecommons.org/publicdomain/zero/1.0/deed.en;3
images/real/real_4eb3972302.jpg;Moscow_Hyundai_crew_truck_in_Rosetti_livery_September_2025_01_53dabda1.jpg;File:Moscow, Hyundai crew truck in Rosetti livery, September 2025 01.jpg;https://commons.wikimedia.org/wiki/File%3AMoscow%2C_Hyundai_crew_truck_in_Rosetti_livery%2C_September_2025_01.jpg;Retired electrician;CC0;http://creativecommons.org/publicdomain/zero/1.0/deed.en;0
images/real/real_0ce9b7f9ec.jpg;Moscow_Hyundai_i20_PB_white_Sept_2025_01_1c803abf.jpg;File:Moscow, Hyundai i20 (PB) white, Sept 2025 01.jpg;https://commons.wikimedia.org/wiki/File%3AMoscow%2C_Hyundai_i20_%28PB%29_white%2C_Sept_2025_01.jpg;Retired electrician;CC0;http://creativecommons.org/publicdomain/zero/1.0/deed.en;1
images/real/real_2987775c92.jpg;Moscow_Kia_Bongo_III_May_2026_01_e356b848.jpg;File:Moscow, Kia Bongo III У Палыча, May 2026 01.jpg;https://commons.wikimedia.org/wiki/File%3AMoscow%2C_Kia_Bongo_III_%D0%A3_%D0%9F%D0%B0%D0%BB%D1%8B%D1%87%D0%B0%2C_May_2026_01.jpg;Retired electrician;CC0;http://creativecommons.org/publicdomain/zero/1.0/deed.en;1
images/real/real_cd53e77901.jpg;Moscow_Kia_Carnival_on_a_tow_truck_Aug_2025_02_b2449741.jpg;File:Moscow, Kia Carnival on a tow truck, Aug 2025 02.jpg;https://commons.wikimedia.org/wiki/File%3AMoscow%2C_Kia_Carnival_on_a_tow_truck%2C_Aug_2025_02.jpg;Retired electrician;CC0;http://creativecommons.org/publicdomain/zero/1.0/deed.en;0
images/real/real_e9b2ff1712.jpg;Moscow_Kia_K5_GTline_ex_New_Jersey_Sept_2025_01_e0ec236a.jpg;File:Moscow, Kia K5 GTline (ex New Jersey), Sept 2025 01.jpg;https://commons.wikimedia.org/wiki/File%3AMoscow%2C_Kia_K5_GTline_%28ex_New_Jersey%29%2C_Sept_2025_01.jpg;Retired electrician;CC0;http://creativecommons.org/publicdomain/zero/1.0/deed.en;0
images/real/real_26f711c6d6.jpg;Moscow_Kia_Picanto_in_Chaihona-1_livery_Apr_2026_01-1_db9ad970.jpg;File:Moscow, Kia Picanto in Chaihona-1 livery, Apr 2026 01-1.jpg;https://commons.wikimedia.org/wiki/File%3AMoscow%2C_Kia_Picanto_in_Chaihona-1_livery%2C_Apr_2026_01-1.jpg;Retired electrician;CC0;http://creativecommons.org/publicdomain/zero/1.0/deed.en;1
images/real/real_0285c66b6e.jpg;Moscow_Kia_Picanto_in_Chaihona-1_livery_Apr_2026_01_9a75f679.jpg;File:Moscow, Kia Picanto in Chaihona-1 livery, Apr 2026 01.jpg;https://commons.wikimedia.org/wiki/File%3AMoscow%2C_Kia_Picanto_in_Chaihona-1_livery%2C_Apr_2026_01.jpg;Retired electrician;CC0;http://creativecommons.org/publicdomain/zero/1.0/deed.en;1
images/real/real_b61592e921.jpg;Moscow_Kia_Sportage_NQ5_Aug_2025_01_64531795.jpg;File:Moscow, Kia Sportage (NQ5) Aug 2025 01.jpg;https://commons.wikimedia.org/wiki/File%3AMoscow%2C_Kia_Sportage_%28NQ5%29_Aug_2025_01.jpg;Retired electrician;CC0;http://creativecommons.org/publicdomain/zero/1.0/deed.en;1
images/real/real_24943d1586.jpg;Moscow_Lada-VIS-2349_chilled_food_truck_Aug_2025_01_3c1ef0dc.jpg;File:Moscow, Lada-VIS-2349 chilled food truck, Aug 2025 01.jpg;https://commons.wikimedia.org/wiki/File%3AMoscow%2C_Lada-VIS-2349_chilled_food_truck%2C_Aug_2025_01.jpg;Retired electrician;CC0;http://creativecommons.org/publicdomain/zero/1.0/deed.en;0
images/real/real_5a0bb219b0.jpg;Moscow_Lada_Largus_Ladder_Edition_June_2026_01_a099746f.jpg;File:Moscow, Lada Largus Ladder Edition, June 2026 01.jpg;https://commons.wikimedia.org/wiki/File%3AMoscow%2C_Lada_Largus_Ladder_Edition%2C_June_2026_01.jpg;Retired electrician;CC0;http://creativecommons.org/publicdomain/zero/1.0/deed.en;1
images/real/real_452464e55f.jpg;Moscow_Lada_Largus_in_Gruzovichkoff_livery_Sept_2025_01_ac5179da.jpg;File:Moscow, Lada Largus in Gruzovichkoff livery, Sept 2025 01.jpg;https://commons.wikimedia.org/wiki/File%3AMoscow%2C_Lada_Largus_in_Gruzovichkoff_livery%2C_Sept_2025_01.jpg;Retired electrician;CC0;http://creativecommons.org/publicdomain/zero/1.0/deed.en;2
images/real/real_8901cf031c.jpg;Moscow_Lada_Vesta_Lamoda_livery_Aug_2025_01_bf97423c.jpg;File:Moscow, Lada Vesta, Lamoda livery Aug 2025 01.jpg;https://commons.wikimedia.org/wiki/File%3AMoscow%2C_Lada_Vesta%2C_Lamoda_livery_Aug_2025_01.jpg;Retired electrician;CC0;http://creativecommons.org/publicdomain/zero/1.0/deed.en;0
images/real/real_868c6a248f.jpg;Moscow_Lada_Vesta_SW_2022-06-17_5738bd45.jpg;File:Moscow, Lada Vesta SW, 2022-06-17.jpg;https://commons.wikimedia.org/wiki/File%3AMoscow%2C_Lada_Vesta_SW%2C_2022-06-17.jpg;Retired electrician;CC0;http://creativecommons.org/publicdomain/zero/1.0/deed.en;0
images/real/real_5cec390529.jpg;Moscow_Lyusinovskaya_35_Renault_dump_truck_Sept_2026_01_fb0a0bfc.jpg;File:Moscow, Lyusinovskaya 35, Renault dump truck, Sept 2026 01.jpg;https://commons.wikimedia.org/wiki/File%3AMoscow%2C_Lyusinovskaya_35%2C_Renault_dump_truck%2C_Sept_2026_01.jpg;Retired electrician;CC0;http://creativecommons.org/publicdomain/zero/1.0/deed.en;0
images/real/real_6adaeb483b.jpg;Moscow_Lyusinovskaya_35_Renault_dump_truck_Sept_2026_02_403f59d5.jpg;File:Moscow, Lyusinovskaya 35, Renault dump truck, Sept 2026 02.jpg;https://commons.wikimedia.org/wiki/File%3AMoscow%2C_Lyusinovskaya_35%2C_Renault_dump_truck%2C_Sept_2026_02.jpg;Retired electrician;CC0;http://creativecommons.org/publicdomain/zero/1.0/deed.en;0
images/real/real_7932448afe.jpg;Moscow_Mercedes-Benz_CLS350d_white_May_2026_01_43d016a0.jpg;File:Moscow, Mercedes-Benz CLS350d white, May 2026 01.jpg;https://commons.wikimedia.org/wiki/File%3AMoscow%2C_Mercedes-Benz_CLS350d_white%2C_May_2026_01.jpg;Retired electrician;CC0;http://creativecommons.org/publicdomain/zero/1.0/deed.en;0
images/real/real_b16e54971e.jpg;Moscow_Mercedes-Benz_Conecto_on_route_May_2026_01_c73d0308.jpg;File:Moscow, Mercedes-Benz Conecto on route Б, May 2026 01.jpg;https://commons.wikimedia.org/wiki/File%3AMoscow%2C_Mercedes-Benz_Conecto_on_route_%D0%91%2C_May_2026_01.jpg;Retired electrician;CC0;http://creativecommons.org/publicdomain/zero/1.0/deed.en;0
images/real/real_fc56dc7f0a.jpg;Moscow_Mercedes-Benz_E200_ambassador_of_Mauritius_Sept_2025_57ec510f.jpg;File:Moscow, Mercedes-Benz E200, ambassador of Mauritius, Sept 2025.jpg;https://commons.wikimedia.org/wiki/File%3AMoscow%2C_Mercedes-Benz_E200%2C_ambassador_of_Mauritius%2C_Sept_2025.jpg;Retired electrician;CC0;http://creativecommons.org/publicdomain/zero/1.0/deed.en;0
images/real/real_f7b3c98b0c.jpg;Moscow_Mercedes-Benz_SUV_Apr_2026_04_0942bcad.jpg;File:Moscow, Mercedes-Benz SUV, Apr 2026 04.jpg;https://commons.wikimedia.org/wiki/File%3AMoscow%2C_Mercedes-Benz_SUV%2C_Apr_2026_04.jpg;Retired electrician;CC0;http://creativecommons.org/publicdomain/zero/1.0/deed.en;0
images/real/real_4b28fc301d.jpg;Moscow_Mercedes-Benz_Sprinter_ambulance_May_2026_02_ccc2e227.jpg;File:Moscow, Mercedes-Benz Sprinter ambulance, May 2026 02.jpg;https://commons.wikimedia.org/wiki/File%3AMoscow%2C_Mercedes-Benz_Sprinter_ambulance%2C_May_2026_02.jpg;Retired electrician;CC0;http://creativecommons.org/publicdomain/zero/1.0/deed.en;2
images/real/real_678759d4dd.jpg;Moscow_Mercedes-Benz_Sprinter_ambulance_May_2026_04_4359f9c9.jpg;File:Moscow, Mercedes-Benz Sprinter ambulance, May 2026 04.jpg;https://commons.wikimedia.org/wiki/File%3AMoscow%2C_Mercedes-Benz_Sprinter_ambulance%2C_May_2026_04.jpg;Retired electrician;CC0;http://creativecommons.org/publicdomain/zero/1.0/deed.en;2
images/real/real_87f201d630.jpg;Moscow_Mercedes-Benz_van_July_2026_01_570f2276.jpg;File:Moscow, Mercedes-Benz van, July 2026 01.jpg;https://commons.wikimedia.org/wiki/File%3AMoscow%2C_Mercedes-Benz_van%2C_July_2026_01.jpg;Retired electrician;CC0;http://creativecommons.org/publicdomain/zero/1.0/deed.en;0
images/real/real_fb54cec624.jpg;Moscow_Mercedes_Sprinter_ambulance_Aug_2025_01_f3c4f16e.jpg;File:Moscow, Mercedes Sprinter ambulance, Aug 2025 01.jpg;https://commons.wikimedia.org/wiki/File%3AMoscow%2C_Mercedes_Sprinter_ambulance%2C_Aug_2025_01.jpg;Retired electrician;CC0;http://creativecommons.org/publicdomain/zero/1.0/deed.en;0
images/real/real_38fd64d1da.jpg;Moscow_Mosgorsvet_GAZ-Sobol_emergency_crew_truck_Sept_2025_01_45ad38da.jpg;File:Moscow, Mosgorsvet GAZ-Sobol emergency crew truck, Sept 2025 01.jpg;https://commons.wikimedia.org/wiki/File%3AMoscow%2C_Mosgorsvet_GAZ-Sobol_emergency_crew_truck%2C_Sept_2025_01.jpg;Retired electrician;CC0;http://creativecommons.org/publicdomain/zero/1.0/deed.en;6
images/real/real_69e29faef3.jpg;Moscow_Mosgorsvet_GAZ-Sobol_emergency_crew_truck_Sept_2025_04_825a9a2a.jpg;File:Moscow, Mosgorsvet GAZ-Sobol emergency crew truck, Sept 2025 04.jpg;https://commons.wikimedia.org/wiki/File%3AMoscow%2C_Mosgorsvet_GAZ-Sobol_emergency_crew_truck%2C_Sept_2025_04.jpg;Retired electrician;CC0;http://creativecommons.org/publicdomain/zero/1.0/deed.en;1
images/real/real_47e7a519e4.jpg;Moscow_Mosgorsvet_GAZ-Sobol_emergency_crew_truck_Sept_2025_05_43f43f95.jpg;File:Moscow, Mosgorsvet GAZ-Sobol emergency crew truck, Sept 2025 05.jpg;https://commons.wikimedia.org/wiki/File%3AMoscow%2C_Mosgorsvet_GAZ-Sobol_emergency_crew_truck%2C_Sept_2025_05.jpg;Retired electrician;CC0;http://creativecommons.org/publicdomain/zero/1.0/deed.en;1
images/real/real_ecc769f61b.jpg;Moscow_Mosvdokanal_Hyundai_Mighty_2nd_gen_truck_Sept_2025_02_f7e23f94.jpg;File:Moscow, Mosvdokanal Hyundai Mighty (2nd gen) truck, Sept 2025 02.jpg;https://commons.wikimedia.org/wiki/File%3AMoscow%2C_Mosvdokanal_Hyundai_Mighty_%282nd_gen%29_truck%2C_Sept_2025_02.jpg;Retired electrician;CC0;http://creativecommons.org/publicdomain/zero/1.0/deed.en;2
images/real/real_a9989150d3.jpg;Moscow_Nakhimovsky_Prospect_Volkswagen_Crafter_private_school_bus_Apr_2026_01_bfac1f62.jpg;File:Moscow, Nakhimovsky Prospect, Volkswagen Crafter private school bus, Apr 2026 01.jpg;https://commons.wikimedia.org/wiki/File%3AMoscow%2C_Nakhimovsky_Prospect%2C_Volkswagen_Crafter_private_school_bus%2C_Apr_2026_01.jpg;Retired electrician;CC0;http://creativecommons.org/publicdomain/zero/1.0/deed.en;1
images/real/real_77b4a6bfd8.jpg;Moscow_Nakhimovsky_Prospect_Volkswagen_Crafter_private_school_bus_Apr_2026_02_7285a04c.jpg;File:Moscow, Nakhimovsky Prospect, Volkswagen Crafter private school bus, Apr 2026 02.jpg;https://commons.wikimedia.org/wiki/File%3AMoscow%2C_Nakhimovsky_Prospect%2C_Volkswagen_Crafter_private_school_bus%2C_Apr_2026_02.jpg;Retired electrician;CC0;http://creativecommons.org/publicdomain/zero/1.0/deed.en;0
images/real/real_71fe40c6d7.jpg;Moscow_Paveletskaya_Square_MTCC_Hyundai_Mighty_cherrypicker_Apr_2026_02_64f7184a.jpg;File:Moscow, Paveletskaya Square, MTCC Hyundai Mighty cherrypicker, Apr 2026 02.jpg;https://commons.wikimedia.org/wiki/File%3AMoscow%2C_Paveletskaya_Square%2C_MTCC_Hyundai_Mighty_cherrypicker%2C_Apr_2026_02.jpg;Retired electrician;CC0;http://creativecommons.org/publicdomain/zero/1.0/deed.en;0
images/real/real_4605b176fb.jpg;Moscow_Paveletskaya_Square_MTCC_Hyundai_Mighty_cherrypicker_Apr_2026_08_f98657b8.jpg;File:Moscow, Paveletskaya Square, MTCC Hyundai Mighty cherrypicker, Apr 2026 08.jpg;https://commons.wikimedia.org/wiki/File%3AMoscow%2C_Paveletskaya_Square%2C_MTCC_Hyundai_Mighty_cherrypicker%2C_Apr_2026_08.jpg;Retired electrician;CC0;http://creativecommons.org/publicdomain/zero/1.0/deed.en;1
images/real/real_fa0a023fdf.jpg;Moscow_Paveletskaya_Square_MTCC_Hyundai_Mighty_cherrypicker_Apr_2026_09_63c50e3c.jpg;File:Moscow, Paveletskaya Square, MTCC Hyundai Mighty cherrypicker, Apr 2026 09.jpg;https://commons.wikimedia.org/wiki/File%3AMoscow%2C_Paveletskaya_Square%2C_MTCC_Hyundai_Mighty_cherrypicker%2C_Apr_2026_09.jpg;Retired electrician;CC0;http://creativecommons.org/publicdomain/zero/1.0/deed.en;0
images/real/real_5c0ee4fa77.jpg;Moscow_Renault_Logan_II_Stepway_silver_Oct_2025_02_cc8b2673.jpg;File:Moscow, Renault Logan II Stepway silver, Oct 2025 02.jpg;https://commons.wikimedia.org/wiki/File%3AMoscow%2C_Renault_Logan_II_Stepway_silver%2C_Oct_2025_02.jpg;Retired electrician;CC0;http://creativecommons.org/publicdomain/zero/1.0/deed.en;0
images/real/real_4667fbe88f.jpg;Moscow_Renault_Master_III_2019_yellow_Sept_2025_01_1699d55b.jpg;File:Moscow, Renault Master III (2019) yellow, Sept 2025 01.jpg;https://commons.wikimedia.org/wiki/File%3AMoscow%2C_Renault_Master_III_%282019%29_yellow%2C_Sept_2025_01.jpg;Retired electrician;CC0;http://creativecommons.org/publicdomain/zero/1.0/deed.en;1
images/real/real_c63b2027dc.jpg;Moscow_Sadovnichesky_lane_blue_Chery_Tiggo4_May_2025_01_5294f091.jpg;File:Moscow, Sadovnichesky lane, blue Chery Tiggo4, May 2025 01.jpg;https://commons.wikimedia.org/wiki/File%3AMoscow%2C_Sadovnichesky_lane%2C_blue_Chery_Tiggo4%2C_May_2025_01.jpg;Retired electrician;CC0;http://creativecommons.org/publicdomain/zero/1.0/deed.en;0
images/real/real_e1dfebd96c.jpg;Moscow_Sevastopolsky_Prospect_rental_Skoda_Rapid_May_2025_03_b880a5cc.jpg;File:Moscow, Sevastopolsky Prospect, rental Skoda Rapid, May 2025 03.jpg;https://commons.wikimedia.org/wiki/File%3AMoscow%2C_Sevastopolsky_Prospect%2C_rental_Skoda_Rapid%2C_May_2025_03.jpg;Retired electrician;CC0;http://creativecommons.org/publicdomain/zero/1.0/deed.en;0
images/real/real_5dbec22eac.jpg;Moscow_Shchipok_Street_Geely_Tugella_May_2025_02_5d044a7f.jpg;File:Moscow, Shchipok Street, Geely Tugella May 2025 02.jpg;https://commons.wikimedia.org/wiki/File%3AMoscow%2C_Shchipok_Street%2C_Geely_Tugella_May_2025_02.jpg;Retired electrician;CC0;http://creativecommons.org/publicdomain/zero/1.0/deed.en;1
images/real/real_ca70dfb47b.jpg;Moscow_Shchipok_Street_rental_Chery_Tiggo4_May_2025_03_8b2a63dc.jpg;File:Moscow, Shchipok Street, rental Chery Tiggo4 May 2025 03.jpg;https://commons.wikimedia.org/wiki/File%3AMoscow%2C_Shchipok_Street%2C_rental_Chery_Tiggo4_May_2025_03.jpg;Retired electrician;CC0;http://creativecommons.org/publicdomain/zero/1.0/deed.en;0
images/real/real_68dfde73a6.jpg;Moscow_Skoda_Kodiaq_I_Citydrive_Sept_2025_01_1f6b0782.jpg;File:Moscow, Skoda Kodiaq I Citydrive, Sept 2025 01.jpg;https://commons.wikimedia.org/wiki/File%3AMoscow%2C_Skoda_Kodiaq_I_Citydrive%2C_Sept_2025_01.jpg;Retired electrician;CC0;http://creativecommons.org/publicdomain/zero/1.0/deed.en;0
images/real/real_5a7b94cc51.jpg;Moscow_Skoda_Kodiaq_black_Sept_2025_01_5453e403.jpg;File:Moscow, Skoda Kodiaq black, Sept 2025 01.jpg;https://commons.wikimedia.org/wiki/File%3AMoscow%2C_Skoda_Kodiaq_black%2C_Sept_2025_01.jpg;Retired electrician;CC0;http://creativecommons.org/publicdomain/zero/1.0/deed.en;2
images/real/real_9af7fbd661.jpg;Moscow_Skoda_Rapid_Delimobil_Sept_2025_01_a100c63a.jpg;File:Moscow, Skoda Rapid Delimobil, Sept 2025 01.jpg;https://commons.wikimedia.org/wiki/File%3AMoscow%2C_Skoda_Rapid_Delimobil%2C_Sept_2025_01.jpg;Retired electrician;CC0;http://creativecommons.org/publicdomain/zero/1.0/deed.en;1
images/real/real_36f0d09f64.jpg;Moscow_Skoda_Rapid_taxi_July_2025_01_89e3abc7.jpg;File:Moscow, Skoda Rapid taxi, July 2025 01.jpg;https://commons.wikimedia.org/wiki/File%3AMoscow%2C_Skoda_Rapid_taxi%2C_July_2025_01.jpg;Retired electrician;CC0;http://creativecommons.org/publicdomain/zero/1.0/deed.en;2
images/real/real_95c64268c3.jpg;Moscow_Solaris_HC_Hyundai_Creta_Belkacar_May_2026_02_931b00e8.jpg;File:Moscow, Solaris HC (Hyundai Creta) Belkacar, May 2026 02.jpg;https://commons.wikimedia.org/wiki/File%3AMoscow%2C_Solaris_HC_%28Hyundai_Creta%29_Belkacar%2C_May_2026_02.jpg;Retired electrician;CC0;http://creativecommons.org/publicdomain/zero/1.0/deed.en;2
images/real/real_7876d2b940.jpg;Moscow_Solaris_HC_Hyundai_Creta_June_2025_01_39a38433.jpg;File:Moscow, Solaris HC (Hyundai Creta), June 2025 01.jpg;https://commons.wikimedia.org/wiki/File%3AMoscow%2C_Solaris_HC_%28Hyundai_Creta%29%2C_June_2025_01.jpg;Retired electrician;CC0;http://creativecommons.org/publicdomain/zero/1.0/deed.en;0
images/real/real_33cc50136d.jpg;Moscow_Solaris_HC_Hyundai_Creta_June_2025_02_bd8fa420.jpg;File:Moscow, Solaris HC (Hyundai Creta), June 2025 02.jpg;https://commons.wikimedia.org/wiki/File%3AMoscow%2C_Solaris_HC_%28Hyundai_Creta%29%2C_June_2025_02.jpg;Retired electrician;CC0;http://creativecommons.org/publicdomain/zero/1.0/deed.en;4
images/real/real_5b5015b919.jpg;Moscow_Solaris_HC_Hyundai_Creta_June_2025_03_19f8e589.jpg;File:Moscow, Solaris HC (Hyundai Creta), June 2025 03.jpg;https://commons.wikimedia.org/wiki/File%3AMoscow%2C_Solaris_HC_%28Hyundai_Creta%29%2C_June_2025_03.jpg;Retired electrician;CC0;http://creativecommons.org/publicdomain/zero/1.0/deed.en;1
images/real/real_bdbe00f255.jpg;Moscow_Solaris_HC_Hyundai_Creta_June_2025_04_5675df56.jpg;File:Moscow, Solaris HC (Hyundai Creta), June 2025 04.jpg;https://commons.wikimedia.org/wiki/File%3AMoscow%2C_Solaris_HC_%28Hyundai_Creta%29%2C_June_2025_04.jpg;Retired electrician;CC0;http://creativecommons.org/publicdomain/zero/1.0/deed.en;0
images/real/real_0620592545.jpg;Moscow_Tagaz_Vortex_Estina_Chery_A5_decrepit_Sept_2026_05_7d1f009f.jpg;File:Moscow, Tagaz Vortex Estina (Chery A5) decrepit Sept 2026 05.jpg;https://commons.wikimedia.org/wiki/File%3AMoscow%2C_Tagaz_Vortex_Estina_%28Chery_A5%29_decrepit_Sept_2026_05.jpg;Retired electrician;CC0;http://creativecommons.org/publicdomain/zero/1.0/deed.en;1
images/real/real_3ecaa12065.jpg;Moscow_Tagaz_Vortex_Estina_Chery_A5_decrepit_Sept_2026_07_b7b66f75.jpg;File:Moscow, Tagaz Vortex Estina (Chery A5) decrepit Sept 2026 07.jpg;https://commons.wikimedia.org/wiki/File%3AMoscow%2C_Tagaz_Vortex_Estina_%28Chery_A5%29_decrepit_Sept_2026_07.jpg;Retired electrician;CC0;http://creativecommons.org/publicdomain/zero/1.0/deed.en;1
images/real/real_a2b65394e7.jpg;Moscow_UAZ-452_rusty_Apr_2026_02_1143b8ea.jpg;File:Moscow, UAZ-452 rusty, Apr 2026 02.jpg;https://commons.wikimedia.org/wiki/File%3AMoscow%2C_UAZ-452_rusty%2C_Apr_2026_02.jpg;Retired electrician;CC0;http://creativecommons.org/publicdomain/zero/1.0/deed.en;1
images/real/real_7fb160ead3.jpg;Moscow_UAZ_Patriot_meets_Li_Mega_Aug_2025_01_c1ec9f1b.jpg;File:Moscow, UAZ Patriot meets Li Mega, Aug 2025 01.jpg;https://commons.wikimedia.org/wiki/File%3AMoscow%2C_UAZ_Patriot_meets_Li_Mega%2C_Aug_2025_01.jpg;Retired electrician;CC0;http://creativecommons.org/publicdomain/zero/1.0/deed.en;3
images/real/real_6c1b5639fc.jpg;Moscow_Vishnyakovsky_Lane_Geely_Atlas_May_2025_03_06bf4f1b.jpg;File:Moscow, Vishnyakovsky Lane, Geely Atlas May 2025 03.jpg;https://commons.wikimedia.org/wiki/File%3AMoscow%2C_Vishnyakovsky_Lane%2C_Geely_Atlas_May_2025_03.jpg;Retired electrician;CC0;http://creativecommons.org/publicdomain/zero/1.0/deed.en;0
images/real/real_deb023c6a0.jpg;Moscow_Volkswagen_Crafter_Mosgaz_livery_Mar_2026_02_0c7ffb25.jpg;File:Moscow, Volkswagen Crafter, Mosgaz livery, Mar 2026 02.jpg;https://commons.wikimedia.org/wiki/File%3AMoscow%2C_Volkswagen_Crafter%2C_Mosgaz_livery%2C_Mar_2026_02.jpg;Retired electrician;CC0;http://creativecommons.org/publicdomain/zero/1.0/deed.en;0
images/real/real_c34fd25dab.jpg;Moscow_Volkswagen_Crafter_UEC_livery_Oct_2025_01_d20b77a2.jpg;File:Moscow, Volkswagen Crafter, UEC livery Oct 2025 01.jpg;https://commons.wikimedia.org/wiki/File%3AMoscow%2C_Volkswagen_Crafter%2C_UEC_livery_Oct_2025_01.jpg;Retired electrician;CC0;http://creativecommons.org/publicdomain/zero/1.0/deed.en;1
images/real/real_11239a3395.jpg;Moscow_Volkswagen_Crafter_in_United_Energy_Company_livery_May_2026_02_0e77efcc.jpg;File:Moscow, Volkswagen Crafter in United Energy Company livery, May 2026 02.jpg;https://commons.wikimedia.org/wiki/File%3AMoscow%2C_Volkswagen_Crafter_in_United_Energy_Company_livery%2C_May_2026_02.jpg;Retired electrician;CC0;http://creativecommons.org/publicdomain/zero/1.0/deed.en;1
images/real/real_23e1dc4101.jpg;Moscow_Volkswagen_Crafter_truck_beige_May_2026_01_ab1c43ad.jpg;File:Moscow, Volkswagen Crafter truck beige, May 2026 01.jpg;https://commons.wikimedia.org/wiki/File%3AMoscow%2C_Volkswagen_Crafter_truck_beige%2C_May_2026_01.jpg;Retired electrician;CC0;http://creativecommons.org/publicdomain/zero/1.0/deed.en;0
images/real/real_ea57bfac4f.jpg;Moscow_Volkswagen_ID.3_Aug_2025_01_96816f4b.jpg;File:Moscow, Volkswagen ID.3, Aug 2025 01.jpg;https://commons.wikimedia.org/wiki/File%3AMoscow%2C_Volkswagen_ID.3%2C_Aug_2025_01.jpg;Retired electrician;CC0;http://creativecommons.org/publicdomain/zero/1.0/deed.en;2
images/real/real_d341d30e95.jpg;Moscow_Volkswagen_T6_crew_truck_in_MOEK_livery_Sept_2025_01_fb2dd5ef.jpg;File:Moscow, Volkswagen T6 crew truck in MOEK livery, Sept 2025 01.jpg;https://commons.wikimedia.org/wiki/File%3AMoscow%2C_Volkswagen_T6_crew_truck_in_MOEK_livery%2C_Sept_2025_01.jpg;Retired electrician;CC0;http://creativecommons.org/publicdomain/zero/1.0/deed.en;0
images/real/real_ccac81f5c2.jpg;Moscow_Volkswagen_Tiguan_white_Aug_2025_01_12963114.jpg;File:Moscow, Volkswagen Tiguan white, Aug 2025 01.jpg;https://commons.wikimedia.org/wiki/File%3AMoscow%2C_Volkswagen_Tiguan_white%2C_Aug_2025_01.jpg;Retired electrician;CC0;http://creativecommons.org/publicdomain/zero/1.0/deed.en;0
images/real/real_a731466ab0.jpg;Moscow_Yandex.Drive_Geely_Atlas_Pro_Aug_2025_01_9a5f895d.jpg;File:Moscow, Yandex.Drive Geely Atlas Pro, Aug 2025 01.jpg;https://commons.wikimedia.org/wiki/File%3AMoscow%2C_Yandex.Drive_Geely_Atlas_Pro%2C_Aug_2025_01.jpg;Retired electrician;CC0;http://creativecommons.org/publicdomain/zero/1.0/deed.en;1
images/real/real_5c37eda56c.jpg;Moscow_Zatsepsky_Val_Hyundai_HD78_cherrypicker_Feb_2026_04_67ecdfaa.jpg;File:Moscow, Zatsepsky Val, Hyundai HD78 cherrypicker, Feb 2026 04.jpg;https://commons.wikimedia.org/wiki/File%3AMoscow%2C_Zatsepsky_Val%2C_Hyundai_HD78_cherrypicker%2C_Feb_2026_04.jpg;Retired electrician;CC0;http://creativecommons.org/publicdomain/zero/1.0/deed.en;3
images/real/real_608a48e9f3.jpg;Moscow_black_UAZ_Patriot_April_2025_02_457f7103.jpg;File:Moscow, black UAZ Patriot, April 2025 02.jpg;https://commons.wikimedia.org/wiki/File%3AMoscow%2C_black_UAZ_Patriot%2C_April_2025_02.jpg;Retired electrician;CC0;http://creativecommons.org/publicdomain/zero/1.0/deed.en;1
images/real/real_60ab20a52c.jpg;Moscow_car_meet_2025-07-12_Mercedes_row_01_53c826bd.jpg;File:Moscow car meet 2025-07-12 Mercedes row 01.jpg;https://commons.wikimedia.org/wiki/File%3AMoscow_car_meet_2025-07-12_Mercedes_row_01.jpg;Retired electrician;CC0;http://creativecommons.org/publicdomain/zero/1.0/deed.en;7
images/real/real_809d1d38d7.jpg;Moscow_car_meet_2025-07-12_Mercedes_row_03_bd44cd01.jpg;File:Moscow car meet 2025-07-12 Mercedes row 03.jpg;https://commons.wikimedia.org/wiki/File%3AMoscow_car_meet_2025-07-12_Mercedes_row_03.jpg;Retired electrician;CC0;http://creativecommons.org/publicdomain/zero/1.0/deed.en;1
images/real/real_b28f18e523.jpg;Moscow_car_meet_2025-07-12_Mercedes_row_10_70df3b9c.jpg;File:Moscow car meet 2025-07-12 Mercedes row 10.jpg;https://commons.wikimedia.org/wiki/File%3AMoscow_car_meet_2025-07-12_Mercedes_row_10.jpg;Retired electrician;CC0;http://creativecommons.org/publicdomain/zero/1.0/deed.en;11
images/real/real_fd8ed18c93.jpg;Moscow_car_show_2025-08-03_BMW_street_tour_01_b080f2fa.jpg;File:Moscow car show 2025-08-03 BMW street tour 01.jpg;https://commons.wikimedia.org/wiki/File%3AMoscow_car_show_2025-08-03_BMW_street_tour_01.jpg;Retired electrician;CC0;http://creativecommons.org/publicdomain/zero/1.0/deed.en;1
images/real/real_88e79360b8.jpg;Moscow_car_show_2025-08-03_GAZ-13-Chayka_1959_02_dbd9d282.jpg;File:Moscow car show 2025-08-03 GAZ-13-Chayka 1959 02.jpg;https://commons.wikimedia.org/wiki/File%3AMoscow_car_show_2025-08-03_GAZ-13-Chayka_1959_02.jpg;Retired electrician;CC0;http://creativecommons.org/publicdomain/zero/1.0/deed.en;2
images/real/real_dd91aee6de.jpg;Moscow_car_show_2025-08-03_GAZ-13-Chayka_1959_08_b2d2d690.jpg;File:Moscow car show 2025-08-03 GAZ-13-Chayka 1959 08.jpg;https://commons.wikimedia.org/wiki/File%3AMoscow_car_show_2025-08-03_GAZ-13-Chayka_1959_08.jpg;Retired electrician;CC0;http://creativecommons.org/publicdomain/zero/1.0/deed.en;2
images/real/real_0a21315656.jpg;Moscow_car_show_2025-08-03_GAZ-21_black_04_861d82ef.jpg;File:Moscow car show 2025-08-03 GAZ-21 black 04.jpg;https://commons.wikimedia.org/wiki/File%3AMoscow_car_show_2025-08-03_GAZ-21_black_04.jpg;Retired electrician;CC0;http://creativecommons.org/publicdomain/zero/1.0/deed.en;6
images/real/real_e63512939f.jpg;Moscow_car_show_2025-08-03_GAZ-21_black_05_90271b5a.jpg;File:Moscow car show 2025-08-03 GAZ-21 black 05.jpg;https://commons.wikimedia.org/wiki/File%3AMoscow_car_show_2025-08-03_GAZ-21_black_05.jpg;Retired electrician;CC0;http://creativecommons.org/publicdomain/zero/1.0/deed.en;3
images/real/real_bfd7881714.jpg;Moscow_car_show_2025-08-03_GAZ-21_row_01_a2ace5ec.jpg;File:Moscow car show 2025-08-03 GAZ-21 row 01.jpg;https://commons.wikimedia.org/wiki/File%3AMoscow_car_show_2025-08-03_GAZ-21_row_01.jpg;Retired electrician;CC0;http://creativecommons.org/publicdomain/zero/1.0/deed.en;0
images/real/real_9492ca934a.jpg;Moscow_car_show_2025-08-03_GAZ-21_row_02_7c8dfb51.jpg;File:Moscow car show 2025-08-03 GAZ-21 row 02.jpg;https://commons.wikimedia.org/wiki/File%3AMoscow_car_show_2025-08-03_GAZ-21_row_02.jpg;Retired electrician;CC0;http://creativecommons.org/publicdomain/zero/1.0/deed.en;13
images/real/real_9683b68c9a.jpg;Moscow_car_show_2025-08-03_GAZ-21_row_04_ec4b3da7.jpg;File:Moscow car show 2025-08-03 GAZ-21 row 04.jpg;https://commons.wikimedia.org/wiki/File%3AMoscow_car_show_2025-08-03_GAZ-21_row_04.jpg;Retired electrician;CC0;http://creativecommons.org/publicdomain/zero/1.0/deed.en;0
images/real/real_45893263b7.jpg;Moscow_car_show_2025-08-03_GAZ-24-police_01_2eb7d7c8.jpg;File:Moscow car show 2025-08-03 GAZ-24-police 01.jpg;https://commons.wikimedia.org/wiki/File%3AMoscow_car_show_2025-08-03_GAZ-24-police_01.jpg;Retired electrician;CC0;http://creativecommons.org/publicdomain/zero/1.0/deed.en;1
images/real/real_b3fb959168.jpg;Moscow_car_show_2025-08-03_GAZ-3111_1998_01_cb1e92f4.jpg;File:Moscow car show 2025-08-03 GAZ-3111 1998 01.jpg;https://commons.wikimedia.org/wiki/File%3AMoscow_car_show_2025-08-03_GAZ-3111_1998_01.jpg;Retired electrician;CC0;http://creativecommons.org/publicdomain/zero/1.0/deed.en;3
images/real/real_9caccd29fe.jpg;Moscow_car_show_2025-08-03_Lada-2112-Coupe_2008_01_24ba1eca.jpg;File:Moscow car show 2025-08-03 Lada-2112-Coupe 2008 01.jpg;https://commons.wikimedia.org/wiki/File%3AMoscow_car_show_2025-08-03_Lada-2112-Coupe_2008_01.jpg;Retired electrician;CC0;http://creativecommons.org/publicdomain/zero/1.0/deed.en;2
images/real/real_da13281d23.jpg;Moscow_car_show_2025-08-03_Lada-Niva-T3_1993_02_2ee32deb.jpg;File:Moscow car show 2025-08-03 Lada-Niva-T3 1993 02.jpg;https://commons.wikimedia.org/wiki/File%3AMoscow_car_show_2025-08-03_Lada-Niva-T3_1993_02.jpg;Retired electrician;CC0;http://creativecommons.org/publicdomain/zero/1.0/deed.en;9
images/real/real_8abf972a5b.jpg;Moscow_car_show_2025-08-03_Lada-Tarzan_01_05b2d2f0.jpg;File:Moscow car show 2025-08-03 Lada-Tarzan 01.jpg;https://commons.wikimedia.org/wiki/File%3AMoscow_car_show_2025-08-03_Lada-Tarzan_01.jpg;Retired electrician;CC0;http://creativecommons.org/publicdomain/zero/1.0/deed.en;1
images/real/real_1c463cac53.jpg;Moscow_car_show_2025-08-03_ZIM_GAZ-12_01_8a42a30e.jpg;File:Moscow car show 2025-08-03 ZIM (GAZ-12) 01.jpg;https://commons.wikimedia.org/wiki/File%3AMoscow_car_show_2025-08-03_ZIM_%28GAZ-12%29_01.jpg;Retired electrician;CC0;http://creativecommons.org/publicdomain/zero/1.0/deed.en;4
images/real/real_9d2bf55273.jpg;Moscow_car_show_2026-07-31_BMW_Gonka_Shop_customs_04_f72aecda.jpg;File:Moscow car show 2026-07-31 BMW Gonka Shop customs 04.jpg;https://commons.wikimedia.org/wiki/File%3AMoscow_car_show_2026-07-31_BMW_Gonka_Shop_customs_04.jpg;Retired electrician;CC0;http://creativecommons.org/publicdomain/zero/1.0/deed.en;19
images/real/real_ee49dcaaf9.jpg;Moscow_car_show_2026-07-31_Navio_Kia_Ceed_SW_02_9479aff1.jpg;File:Moscow car show 2026-07-31 Navio Kia Ceed SW 02.jpg;https://commons.wikimedia.org/wiki/File%3AMoscow_car_show_2026-07-31_Navio_Kia_Ceed_SW_02.jpg;Retired electrician;CC0;http://creativecommons.org/publicdomain/zero/1.0/deed.en;12
images/real/real_9260c55e17.jpg;Moscow_car_show_2026-07-31_Navio_Kia_Ceed_SW_03_6b9d317e.jpg;File:Moscow car show 2026-07-31 Navio Kia Ceed SW 03.jpg;https://commons.wikimedia.org/wiki/File%3AMoscow_car_show_2026-07-31_Navio_Kia_Ceed_SW_03.jpg;Retired electrician;CC0;http://creativecommons.org/publicdomain/zero/1.0/deed.en;16
images/real/real_7148082000.jpg;Moscow_car_show_2026-08-01_2016_Volkswagen_Jetta_II_brightgreen_06_8d21760f.jpg;File:Moscow car show 2026-08-01 2016 Volkswagen Jetta II brightgreen 06.jpg;https://commons.wikimedia.org/wiki/File%3AMoscow_car_show_2026-08-01_2016_Volkswagen_Jetta_II_brightgreen_06.jpg;Retired electrician;CC0;http://creativecommons.org/publicdomain/zero/1.0/deed.en;5
images/real/real_0127e7b958.jpg;Moscow_car_show_2026-08-01_GAZ_lowriders_black_01_3da21f75.jpg;File:Moscow car show 2026-08-01 GAZ lowriders, black 01.jpg;https://commons.wikimedia.org/wiki/File%3AMoscow_car_show_2026-08-01_GAZ_lowriders%2C_black_01.jpg;Retired electrician;CC0;http://creativecommons.org/publicdomain/zero/1.0/deed.en;7
images/real/real_de6b78ff5e.jpg;Moscow_car_show_2026-08-01_GAZ_lowriders_blue_09_0692eca1.jpg;File:Moscow car show 2026-08-01 GAZ lowriders, blue 09.jpg;https://commons.wikimedia.org/wiki/File%3AMoscow_car_show_2026-08-01_GAZ_lowriders%2C_blue_09.jpg;Retired electrician;CC0;http://creativecommons.org/publicdomain/zero/1.0/deed.en;4
images/real/real_e1d3aa208e.jpg;Moscow_car_show_2026-08-01_GAZ_lowriders_blue_10_8897ea8c.jpg;File:Moscow car show 2026-08-01 GAZ lowriders, blue 10.jpg;https://commons.wikimedia.org/wiki/File%3AMoscow_car_show_2026-08-01_GAZ_lowriders%2C_blue_10.jpg;Retired electrician;CC0;http://creativecommons.org/publicdomain/zero/1.0/deed.en;4
images/real/real_573e935ba4.jpg;Moscow_car_show_2026-08-01_GAZ_lowriders_grey_02_58e0081a.jpg;File:Moscow car show 2026-08-01 GAZ lowriders, grey 02.jpg;https://commons.wikimedia.org/wiki/File%3AMoscow_car_show_2026-08-01_GAZ_lowriders%2C_grey_02.jpg;Retired electrician;CC0;http://creativecommons.org/publicdomain/zero/1.0/deed.en;1
images/real/real_39aec907e9.jpg;Moscow_car_show_2026-08-01_GAZ_lowriders_grey_04_c5a872d5.jpg;File:Moscow car show 2026-08-01 GAZ lowriders, grey 04.jpg;https://commons.wikimedia.org/wiki/File%3AMoscow_car_show_2026-08-01_GAZ_lowriders%2C_grey_04.jpg;Retired electrician;CC0;http://creativecommons.org/publicdomain/zero/1.0/deed.en;5
images/real/real_85cf3a1246.jpg;Moscow_car_show_2026-08-01_GAZ_lowriders_red_08_52cb0413.jpg;File:Moscow car show 2026-08-01 GAZ lowriders, red 08.jpg;https://commons.wikimedia.org/wiki/File%3AMoscow_car_show_2026-08-01_GAZ_lowriders%2C_red_08.jpg;Retired electrician;CC0;http://creativecommons.org/publicdomain/zero/1.0/deed.en;8
images/real/real_17f8cf223b.jpg;Moscow_car_show_2026-08-01_Hyundai_Santa_Fe_white_01_41f65280.jpg;File:Moscow car show 2026-08-01 Hyundai Santa Fe white 01.jpg;https://commons.wikimedia.org/wiki/File%3AMoscow_car_show_2026-08-01_Hyundai_Santa_Fe_white_01.jpg;Retired electrician;CC0;http://creativecommons.org/publicdomain/zero/1.0/deed.en;4
images/real/real_802d1eb118.jpg;Moscow_film_crew_in_Kadashi_-_yellow_Mercedes-Benz_T1_Aug_2025_02_8bdc8b3f.jpg;File:Moscow, film crew in Kadashi - yellow Mercedes-Benz T1, Aug 2025 02.jpg;https://commons.wikimedia.org/wiki/File%3AMoscow%2C_film_crew_in_Kadashi_-_yellow_Mercedes-Benz_T1%2C_Aug_2025_02.jpg;Retired electrician;CC0;http://creativecommons.org/publicdomain/zero/1.0/deed.en;2
images/real/real_d3e60c78c9.jpg;Moscow_koda_Kodiaq_1st_gen_Aug_2025_04_3b5794bf.jpg;File:Moscow, Škoda Kodiaq (1st gen) Aug 2025 04.jpg;https://commons.wikimedia.org/wiki/File%3AMoscow%2C_%C5%A0koda_Kodiaq_%281st_gen%29_Aug_2025_04.jpg;Retired electrician;CC0;http://creativecommons.org/publicdomain/zero/1.0/deed.en;0
images/real/real_241f96bb05.jpg;Moscow_koda_Octavia_III_Facelift_police_Aug_2025_03_ce0c0267.jpg;File:Moscow, Škoda Octavia III Facelift police, Aug 2025 03.jpg;https://commons.wikimedia.org/wiki/File%3AMoscow%2C_%C5%A0koda_Octavia_III_Facelift_police%2C_Aug_2025_03.jpg;Retired electrician;CC0;http://creativecommons.org/publicdomain/zero/1.0/deed.en;2
images/real/real_2386fcb71f.jpg;Moscow_koda_Octavia_III_Facelift_police_Aug_2025_04_21169d31.jpg;File:Moscow, Škoda Octavia III Facelift police, Aug 2025 04.jpg;https://commons.wikimedia.org/wiki/File%3AMoscow%2C_%C5%A0koda_Octavia_III_Facelift_police%2C_Aug_2025_04.jpg;Retired electrician;CC0;http://creativecommons.org/publicdomain/zero/1.0/deed.en;1
images/real/real_0ab8ed563d.jpg;Moscow_red_rental_Geely_Coolray_April_2025_01_acff568e.jpg;File:Moscow, red rental Geely Coolray April 2025 01.jpg;https://commons.wikimedia.org/wiki/File%3AMoscow%2C_red_rental_Geely_Coolray_April_2025_01.jpg;Retired electrician;CC0;http://creativecommons.org/publicdomain/zero/1.0/deed.en;0
images/real/real_a8728d4b96.jpg;Moscow_red_rental_Geely_Coolray_April_2025_03_25b55fb1.jpg;File:Moscow, red rental Geely Coolray April 2025 03.jpg;https://commons.wikimedia.org/wiki/File%3AMoscow%2C_red_rental_Geely_Coolray_April_2025_03.jpg;Retired electrician;CC0;http://creativecommons.org/publicdomain/zero/1.0/deed.en;0
images/real/real_de3a1b1c9d.jpg;Moscow_rental_Belkacar_Haval_Jolion_June_2025_03_cf7b2114.jpg;File:Moscow, rental Belkacar Haval Jolion, June 2025 03.jpg;https://commons.wikimedia.org/wiki/File%3AMoscow%2C_rental_Belkacar_Haval_Jolion%2C_June_2025_03.jpg;Retired electrician;CC0;http://creativecommons.org/publicdomain/zero/1.0/deed.en;2
images/real/real_6ffa97dd08.jpg;Moscow_rental_Chery_Tiggo_7pro_July_2025_02_9b8fd3a5.jpg;File:Moscow, rental Chery Tiggo 7pro, July 2025 02.jpg;https://commons.wikimedia.org/wiki/File%3AMoscow%2C_rental_Chery_Tiggo_7pro%2C_July_2025_02.jpg;Retired electrician;CC0;http://creativecommons.org/publicdomain/zero/1.0/deed.en;1
images/real/real_b67ddb5116.jpg;Moscow_rental_Citydrive_Chery_Arrizo_8_July_2025_03_1b5de6bd.jpg;File:Moscow, rental Citydrive Chery Arrizo 8, July 2025 03.jpg;https://commons.wikimedia.org/wiki/File%3AMoscow%2C_rental_Citydrive_Chery_Arrizo_8%2C_July_2025_03.jpg;Retired electrician;CC0;http://creativecommons.org/publicdomain/zero/1.0/deed.en;1
images/real/real_b04dc16259.jpg;Moscow_rusty_Mercedes_Sprinter_ambulance_July_2025_03_2e116775.jpg;File:Moscow, rusty Mercedes Sprinter ambulance, July 2025 03.jpg;https://commons.wikimedia.org/wiki/File%3AMoscow%2C_rusty_Mercedes_Sprinter_ambulance%2C_July_2025_03.jpg;Retired electrician;CC0;http://creativecommons.org/publicdomain/zero/1.0/deed.en;2
images/real/real_52076bf122.jpg;Moscow_rusty_dusty_GAZ-24_with_Pikachu_Mar_2026_02_83b8e953.jpg;File:Moscow, rusty dusty GAZ-24 with Pikachu, Mar 2026 02.jpg;https://commons.wikimedia.org/wiki/File%3AMoscow%2C_rusty_dusty_GAZ-24_with_Pikachu%2C_Mar_2026_02.jpg;Retired electrician;CC0;http://creativecommons.org/publicdomain/zero/1.0/deed.en;0
images/real/real_1e4728e6fe.jpg;Volkswagen_Derby_Moscow_2022_2_e2e3f479.jpg;File:Volkswagen Derby Moscow 2022 2.jpg;https://commons.wikimedia.org/wiki/File%3AVolkswagen_Derby_Moscow_2022_2.jpg;Svetlov Artem;CC BY-SA 4.0;https://creativecommons.org/licenses/by-sa/4.0;0
images/real/real_b3f4e02de7.jpg;Volkswagen_Derby_Moscow_2022_3_356ac7d8.jpg;File:Volkswagen Derby Moscow 2022 3.jpg;https://commons.wikimedia.org/wiki/File%3AVolkswagen_Derby_Moscow_2022_3.jpg;Svetlov Artem;CC BY-SA 4.0;https://creativecommons.org/licenses/by-sa/4.0;1
images/real/real_bff703f1f6.jpg;Volkswagen_T6_in_police_service_in_Moscow_7f26a08c.jpg;File:Volkswagen T6 in police service in Moscow.jpg;https://commons.wikimedia.org/wiki/File%3AVolkswagen_T6_in_police_service_in_Moscow.jpg;Stolbovsky;CC BY-SA 3.0;https://creativecommons.org/licenses/by-sa/3.0;0
images/real/real_96f0cf4ae2.jpg;2026-05-16_Moscow_motorcycle_parade_arrival_04_83707e12.jpg;File:2026-05-16 Moscow motorcycle parade, arrival 04.jpg;https://commons.wikimedia.org/wiki/File%3A2026-05-16_Moscow_motorcycle_parade%2C_arrival_04.jpg;Retired electrician;CC0;http://creativecommons.org/publicdomain/zero/1.0/deed.en;3
images/real/real_29ac01ac12.jpg;2026-05-16_Moscow_motorcycle_parade_arrival_08_b3fce4c1.jpg;File:2026-05-16 Moscow motorcycle parade, arrival 08.jpg;https://commons.wikimedia.org/wiki/File%3A2026-05-16_Moscow_motorcycle_parade%2C_arrival_08.jpg;Retired electrician;CC0;http://creativecommons.org/publicdomain/zero/1.0/deed.en;4
images/real/real_346b240447.jpg;2026-05-16_Moscow_motorcycle_parade_arrival_09_88cdbc76.jpg;File:2026-05-16 Moscow motorcycle parade, arrival 09.jpg;https://commons.wikimedia.org/wiki/File%3A2026-05-16_Moscow_motorcycle_parade%2C_arrival_09.jpg;Retired electrician;CC0;http://creativecommons.org/publicdomain/zero/1.0/deed.en;4
images/real/real_2ddf71e152.jpg;2026-05-16_Moscow_motorcycle_parade_escort_08_2a086ba0.jpg;File:2026-05-16 Moscow motorcycle parade, escort 08.jpg;https://commons.wikimedia.org/wiki/File%3A2026-05-16_Moscow_motorcycle_parade%2C_escort_08.jpg;Retired electrician;CC0;http://creativecommons.org/publicdomain/zero/1.0/deed.en;0
images/real/real_b3250ff79b.jpg;2026-05-16_Moscow_motorcycle_parade_group_26_674b7a69.jpg;File:2026-05-16 Moscow motorcycle parade, group 26.jpg;https://commons.wikimedia.org/wiki/File%3A2026-05-16_Moscow_motorcycle_parade%2C_group_26.jpg;Retired electrician;CC0;http://creativecommons.org/publicdomain/zero/1.0/deed.en;14
images/real/real_030a0a6d52.jpg;2026-05-16_Moscow_motorcycle_parade_group_45_5e8f4810.jpg;File:2026-05-16 Moscow motorcycle parade, group 45.jpg;https://commons.wikimedia.org/wiki/File%3A2026-05-16_Moscow_motorcycle_parade%2C_group_45.jpg;Retired electrician;CC0;http://creativecommons.org/publicdomain/zero/1.0/deed.en;5
images/real/real_72827e96ab.jpg;2026-05-16_Moscow_motorcycle_parade_group_46_5dd083d9.jpg;File:2026-05-16 Moscow motorcycle parade, group 46.jpg;https://commons.wikimedia.org/wiki/File%3A2026-05-16_Moscow_motorcycle_parade%2C_group_46.jpg;Retired electrician;CC0;http://creativecommons.org/publicdomain/zero/1.0/deed.en;5
images/real/real_4692417095.jpg;2026-05-16_Moscow_motorcycle_parade_group_48_3f194197.jpg;File:2026-05-16 Moscow motorcycle parade, group 48.jpg;https://commons.wikimedia.org/wiki/File%3A2026-05-16_Moscow_motorcycle_parade%2C_group_48.jpg;Retired electrician;CC0;http://creativecommons.org/publicdomain/zero/1.0/deed.en;4
images/real/real_0752974fa8.jpg;2026-05-16_Moscow_motorcycle_parade_roadblocks_Ford_01_72595af9.jpg;File:2026-05-16 Moscow motorcycle parade, roadblocks Ford 01.jpg;https://commons.wikimedia.org/wiki/File%3A2026-05-16_Moscow_motorcycle_parade%2C_roadblocks_Ford_01.jpg;Retired electrician;CC0;http://creativecommons.org/publicdomain/zero/1.0/deed.en;0
images/real/real_b2d531a3c8.jpg;Auto_Mazda_MX-5_ND_Moscow_Nizhny_Susalny_Lane_222_199_2026-07_217_d01ed12f.jpg;File:Auto Mazda MX-5 (ND) Moscow Nizhny Susalny Lane О222ХТ199 2026-07 217.JPG;https://commons.wikimedia.org/wiki/File%3AAuto_Mazda_MX-5_%28ND%29_Moscow_Nizhny_Susalny_Lane_%D0%9E222%D0%A5%D0%A2199_2026-07_217.JPG;Artyom Svetlov;CC BY 4.0;https://creativecommons.org/licenses/by/4.0;0
images/real/real_73ef67242b.jpg;Auto_Nissan_Caravan_Lyublino_District_Kubanskaya_Street_Moscow_387_77_2024-11_17_bd2cd230.jpg;File:Auto Nissan Caravan Lyublino District Kubanskaya Street, Moscow О387ОР77 2024-11 1730730664.jpg;https://commons.wikimedia.org/wiki/File%3AAuto_Nissan_Caravan_Lyublino_District_Kubanskaya_Street%2C_Moscow_%D0%9E387%D0%9E%D0%A077_2024-11_1730730664.jpg;Artyom Svetlov;CC BY 4.0;https://creativecommons.org/licenses/by/4.0;0
images/real/real_a00e24b364.jpg;Auto_Nissan_Silvia_Moscow_Chechulina_street_266_177_2025-09_163_23e67c0d.jpg;File:Auto Nissan Silvia Moscow Chechulina street Х266МН177 2025-09 163.jpg;https://commons.wikimedia.org/wiki/File%3AAuto_Nissan_Silvia_Moscow_Chechulina_street_%D0%A5266%D0%9C%D0%9D177_2025-09_163.jpg;Artyom Svetlov;CC BY 4.0;https://creativecommons.org/licenses/by/4.0;0
images/real/real_99b89b2678.jpg;Chevrolet_SSR_in_Moscow_2_deafba1e.jpg;File:Chevrolet SSR in Moscow 2.jpg;https://commons.wikimedia.org/wiki/File%3AChevrolet_SSR_in_Moscow_2.jpg;Valera N. Trubin;CC BY 4.0;https://creativecommons.org/licenses/by/4.0;0
images/real/real_ade83af5b5.jpg;Ford_Fiesta_Mk_1_Moscow_2022_2_5998f6c4.jpg;File:Ford Fiesta Mk 1 Moscow 2022 2.jpg;https://commons.wikimedia.org/wiki/File%3AFord_Fiesta_Mk_1_Moscow_2022_2.jpg;Svetlov Artem;CC BY-SA 4.0;https://creativecommons.org/licenses/by-sa/4.0;0
images/real/real_32ab4016f8.jpg;Ford_Fiesta_Mk_1_Moscow_2022_3_a53f2dfe.jpg;File:Ford Fiesta Mk 1 Moscow 2022 3.jpg;https://commons.wikimedia.org/wiki/File%3AFord_Fiesta_Mk_1_Moscow_2022_3.jpg;Svetlov Artem;CC BY-SA 4.0;https://creativecommons.org/licenses/by-sa/4.0;0
images/real/real_669d641f1e.jpg;Ford_Fiesta_Mk_1_Moscow_2022_5afea836.jpg;File:Ford Fiesta Mk 1 Moscow 2022.jpg;https://commons.wikimedia.org/wiki/File%3AFord_Fiesta_Mk_1_Moscow_2022.jpg;Svetlov Artem;CC BY-SA 4.0;https://creativecommons.org/licenses/by-sa/4.0;0
images/real/real_b0316b8be4.jpg;Honda_e_on_Moscow_city_streets_98517f5f.jpg;File:Honda e on Moscow city streets.jpg;https://commons.wikimedia.org/wiki/File%3AHonda_e_on_Moscow_city_streets.jpg;PryzmDotPhoto;CC BY-SA 4.0;https://creativecommons.org/licenses/by-sa/4.0;1
images/real/real_ac0ea2d19d.jpg;Khlobystova_Street_8_k2_Moscow_bus_652_77_2025-03_1742669928_Khlobystova_Street__ac1abda5.jpg;File:Khlobystova Street 8 k2, Moscow bus С652НЕ77 2025-03 1742669928 Khlobystova Street 8 k2, Moscow Nissan Homy.jpg;https://commons.wikimedia.org/wiki/File%3AKhlobystova_Street_8_k2%2C_Moscow_bus_%D0%A1652%D0%9D%D0%9577_2025-03_1742669928_Khlobystova_Street_8_k2%2C_Moscow_Nissan_Homy.jpg;Artyom Svetlov;CC BY 4.0;https://creativecommons.org/licenses/by/4.0;0
images/real/real_f87e7b1488.jpg;Moscow_-_2026_-_GAC_jeep_Altufyevskoye_Highway_dccb6054.jpg;File:Moscow - 2026 - GAC jeep, Altufyevskoye Highway.jpg;https://commons.wikimedia.org/wiki/File%3AMoscow_-_2026_-_GAC_jeep%2C_Altufyevskoye_Highway.jpg;Юрий Д.К.;CC BY 4.0;https://creativecommons.org/licenses/by/4.0;1
images/real/real_a1931e2263.jpg;Moscow_-_2026_-_Taxi_at_Bolshaya_Lubyanka_Street_29bb02af.jpg;File:Moscow - 2026 - Taxi at Bolshaya Lubyanka Street.jpg;https://commons.wikimedia.org/wiki/File%3AMoscow_-_2026_-_Taxi_at_Bolshaya_Lubyanka_Street.jpg;Юрий Д.К.;CC BY 4.0;https://creativecommons.org/licenses/by/4.0;19
images/real/real_f981098907.jpg;Moscow_-_March_2026_-_Yellow_taxi_near_FSB_building_ee2c1be4.jpg;File:Moscow - March 2026 - Yellow taxi near FSB building.jpg;https://commons.wikimedia.org/wiki/File%3AMoscow_-_March_2026_-_Yellow_taxi_near_FSB_building.jpg;Юрий Д.К.;CC BY 4.0;https://creativecommons.org/licenses/by/4.0;19
images/real/real_d8a3b02ac2.jpg;Moscow_2025-08-10_bicycle_race_riders-trailers_04_fb58a943.jpg;File:Moscow 2025-08-10 bicycle race, riders-trailers 04.jpg;https://commons.wikimedia.org/wiki/File%3AMoscow_2025-08-10_bicycle_race%2C_riders-trailers_04.jpg;Retired electrician;CC0;http://creativecommons.org/publicdomain/zero/1.0/deed.en;5
images/real/real_2e8698c927.jpg;Moscow_3rd_Pavlovsky_Lane_Lexus_RX_2024-06-15_493be806.jpg;File:Moscow, 3rd Pavlovsky Lane, Lexus RX, 2024-06-15.jpg;https://commons.wikimedia.org/wiki/File%3AMoscow%2C_3rd_Pavlovsky_Lane%2C_Lexus_RX%2C_2024-06-15.jpg;Retired electrician;CC0;http://creativecommons.org/publicdomain/zero/1.0/deed.en;0
images/real/real_23f2e31f80.jpg;Moscow_Arbat_Street_Ford_Transit_van_June_2026_02_29b3d76a.jpg;File:Moscow, Arbat Street, Ford Transit van, June 2026 02.jpg;https://commons.wikimedia.org/wiki/File%3AMoscow%2C_Arbat_Street%2C_Ford_Transit_van%2C_June_2026_02.jpg;Retired electrician;CC0;http://creativecommons.org/publicdomain/zero/1.0/deed.en;2
images/real/real_b44b29270f.jpg;Moscow_Arbat_Street_Ford_Transit_van_June_2026_04_1a751e15.jpg;File:Moscow, Arbat Street, Ford Transit van, June 2026 04.jpg;https://commons.wikimedia.org/wiki/File%3AMoscow%2C_Arbat_Street%2C_Ford_Transit_van%2C_June_2026_04.jpg;Retired electrician;CC0;http://creativecommons.org/publicdomain/zero/1.0/deed.en;0
images/real/real_2531c60976.jpg;Moscow_Bakhrushina_23_unknown_van_Lexus_RX_2023-06-17_2756d470.jpg;File:Moscow, Bakhrushina 23, unknown van, Lexus RX, 2023-06-17.jpg;https://commons.wikimedia.org/wiki/File%3AMoscow%2C_Bakhrushina_23%2C_unknown_van%2C_Lexus_RX%2C_2023-06-17.jpg;Retired electrician;CC0;http://creativecommons.org/publicdomain/zero/1.0/deed.en;1
images/real/real_a60344be74.jpg;Moscow_Beijing_X7_taxi_Aug_2026_01_6ca70ef7.jpg;File:Moscow, Beijing X7 taxi, Aug 2026 01.jpg;https://commons.wikimedia.org/wiki/File%3AMoscow%2C_Beijing_X7_taxi%2C_Aug_2026_01.jpg;Retired electrician;CC0;http://creativecommons.org/publicdomain/zero/1.0/deed.en;2
images/real/real_76b2779d5e.jpg;Moscow_Beijing_X7_taxi_Mar_2026_10_3b42b16b.jpg;File:Moscow, Beijing X7 taxi, Mar 2026 10.jpg;https://commons.wikimedia.org/wiki/File%3AMoscow%2C_Beijing_X7_taxi%2C_Mar_2026_10.jpg;Retired electrician;CC0;http://creativecommons.org/publicdomain/zero/1.0/deed.en;1
images/real/real_a2546ac89c.jpg;Moscow_Can-Am_Maverick_XRS_ATV_on_trailer_May_2026_01_33138826.jpg;File:Moscow, Can-Am Maverick XRS ATV on trailer, May 2026 01.jpg;https://commons.wikimedia.org/wiki/File%3AMoscow%2C_Can-Am_Maverick_XRS_ATV_on_trailer%2C_May_2026_01.jpg;Retired electrician;CC0;http://creativecommons.org/publicdomain/zero/1.0/deed.en;0
images/real/real_6c6f79a3e4.jpg;Moscow_Chevrolet_van_black_June_2026_01_cb08ef0e.jpg;File:Moscow, Chevrolet van black, June 2026 01.jpg;https://commons.wikimedia.org/wiki/File%3AMoscow%2C_Chevrolet_van_black%2C_June_2026_01.jpg;Retired electrician;CC0;http://creativecommons.org/publicdomain/zero/1.0/deed.en;2
images/real/real_25b69a28c5.jpg;Moscow_Daihatsu_Taft_LA900_July_2025_01_575959b5.jpg;File:Moscow, Daihatsu Taft (LA900) July 2025 01.jpg;https://commons.wikimedia.org/wiki/File%3AMoscow%2C_Daihatsu_Taft_%28LA900%29_July_2025_01.jpg;Retired electrician;CC0;http://creativecommons.org/publicdomain/zero/1.0/deed.en;0
images/real/real_3b11fb0949.jpg;Moscow_Exeed_VX_taxi_June_2026_02_d417b1bc.jpg;File:Moscow, Exeed VX taxi, June 2026 02.jpg;https://commons.wikimedia.org/wiki/File%3AMoscow%2C_Exeed_VX_taxi%2C_June_2026_02.jpg;Retired electrician;CC0;http://creativecommons.org/publicdomain/zero/1.0/deed.en;5
images/real/real_1f8e6853e8.jpg;Moscow_Ford_Citroen_VW_vans_May_2026_03_5e996abb.jpg;File:Moscow, Ford, Citroen, VW vans, May 2026 03.jpg;https://commons.wikimedia.org/wiki/File%3AMoscow%2C_Ford%2C_Citroen%2C_VW_vans%2C_May_2026_03.jpg;Retired electrician;CC0;http://creativecommons.org/publicdomain/zero/1.0/deed.en;1
images/real/real_d3ab98c38e.jpg;Moscow_Ford_Citroen_vans_May_2026_01_1f2c8d7d.jpg;File:Moscow, Ford, Citroen vans, May 2026 01.jpg;https://commons.wikimedia.org/wiki/File%3AMoscow%2C_Ford%2C_Citroen_vans%2C_May_2026_01.jpg;Retired electrician;CC0;http://creativecommons.org/publicdomain/zero/1.0/deed.en;0
images/real/real_aa2cf5ef9f.jpg;Moscow_Ford_Citroen_vans_May_2026_02_8e1006e3.jpg;File:Moscow, Ford, Citroen vans, May 2026 02.jpg;https://commons.wikimedia.org/wiki/File%3AMoscow%2C_Ford%2C_Citroen_vans%2C_May_2026_02.jpg;Retired electrician;CC0;http://creativecommons.org/publicdomain/zero/1.0/deed.en;2
images/real/real_e2166cedf3.jpg;Moscow_Ford_Sollers_Transit_chilled_food_truck_in_X5_livery_Aug_2025_01_585dbf7c.jpg;File:Moscow, Ford (Sollers) Transit chilled food truck in X5 livery, Aug 2025 01.jpg;https://commons.wikimedia.org/wiki/File%3AMoscow%2C_Ford_%28Sollers%29_Transit_chilled_food_truck_in_X5_livery%2C_Aug_2025_01.jpg;Retired electrician;CC0;http://creativecommons.org/publicdomain/zero/1.0/deed.en;0
images/real/real_3a3c1db744.jpg;Moscow_Ford_Sollers_Transit_chilled_food_truck_in_X5_livery_Aug_2025_02_e859bb76.jpg;File:Moscow, Ford (Sollers) Transit chilled food truck in X5 livery, Aug 2025 02.jpg;https://commons.wikimedia.org/wiki/File%3AMoscow%2C_Ford_%28Sollers%29_Transit_chilled_food_truck_in_X5_livery%2C_Aug_2025_02.jpg;Retired electrician;CC0;http://creativecommons.org/publicdomain/zero/1.0/deed.en;1
images/real/real_d9bed73767.jpg;Moscow_Ford_Sollers_Transit_chilled_food_truck_in_X5_livery_Aug_2025_03_fcfc8941.jpg;File:Moscow, Ford (Sollers) Transit chilled food truck in X5 livery, Aug 2025 03.jpg;https://commons.wikimedia.org/wiki/File%3AMoscow%2C_Ford_%28Sollers%29_Transit_chilled_food_truck_in_X5_livery%2C_Aug_2025_03.jpg;Retired electrician;CC0;http://creativecommons.org/publicdomain/zero/1.0/deed.en;1
images/real/real_89eac47dc1.jpg;Moscow_Ford_Transit_China_Stredny_Ovchinnikovsky_Lane_May_2026_01_025162c9.jpg;File:Moscow, Ford Transit China, Stredny Ovchinnikovsky Lane, May 2026 01.jpg;https://commons.wikimedia.org/wiki/File%3AMoscow%2C_Ford_Transit_China%2C_Stredny_Ovchinnikovsky_Lane%2C_May_2026_01.jpg;Retired electrician;CC0;http://creativecommons.org/publicdomain/zero/1.0/deed.en;0
images/real/real_38b46fec0e.jpg;Moscow_Ford_Transit_China_Stredny_Ovchinnikovsky_Lane_May_2026_02_6835e2fe.jpg;File:Moscow, Ford Transit China, Stredny Ovchinnikovsky Lane, May 2026 02.jpg;https://commons.wikimedia.org/wiki/File%3AMoscow%2C_Ford_Transit_China%2C_Stredny_Ovchinnikovsky_Lane%2C_May_2026_02.jpg;Retired electrician;CC0;http://creativecommons.org/publicdomain/zero/1.0/deed.en;1
images/real/real_c0e52e81f8.jpg;Moscow_Ford_Transit_OATI_service_van_Sept_2025_01_0e2a8ddc.jpg;File:Moscow, Ford Transit, OATI service van, Sept 2025 01.jpg;https://commons.wikimedia.org/wiki/File%3AMoscow%2C_Ford_Transit%2C_OATI_service_van%2C_Sept_2025_01.jpg;Retired electrician;CC0;http://creativecommons.org/publicdomain/zero/1.0/deed.en;3
images/real/real_e0a72d3aa6.jpg;Moscow_Ford_Transit_ambulance_Aug_2025_01_928abec8.jpg;File:Moscow, Ford Transit ambulance, Aug 2025 01.jpg;https://commons.wikimedia.org/wiki/File%3AMoscow%2C_Ford_Transit_ambulance%2C_Aug_2025_01.jpg;Retired electrician;CC0;http://creativecommons.org/publicdomain/zero/1.0/deed.en;2
images/real/real_c5b8de88cb.jpg;Moscow_Ford_Transit_ambulance_Sept_2025_01_50ba6be2.jpg;File:Moscow, Ford Transit ambulance, Sept 2025 01.jpg;https://commons.wikimedia.org/wiki/File%3AMoscow%2C_Ford_Transit_ambulance%2C_Sept_2025_01.jpg;Retired electrician;CC0;http://creativecommons.org/publicdomain/zero/1.0/deed.en;0
images/real/real_4871b9ac55.jpg;Moscow_Ford_Transit_ambulances_Aug_2025_01_35676a5e.jpg;File:Moscow, Ford Transit ambulances, Aug 2025 01.jpg;https://commons.wikimedia.org/wiki/File%3AMoscow%2C_Ford_Transit_ambulances%2C_Aug_2025_01.jpg;Retired electrician;CC0;http://creativecommons.org/publicdomain/zero/1.0/deed.en;0
images/real/real_c3067efe7e.jpg;Moscow_Ford_Transit_ambulances_Aug_2025_02_a215e562.jpg;File:Moscow, Ford Transit ambulances, Aug 2025 02.jpg;https://commons.wikimedia.org/wiki/File%3AMoscow%2C_Ford_Transit_ambulances%2C_Aug_2025_02.jpg;Retired electrician;CC0;http://creativecommons.org/publicdomain/zero/1.0/deed.en;4
images/real/real_23b6bd2728.jpg;Moscow_Ford_Transit_box_truck_Sept_2025_02_145fe4ec.jpg;File:Moscow, Ford Transit box truck, Sept 2025 02.jpg;https://commons.wikimedia.org/wiki/File%3AMoscow%2C_Ford_Transit_box_truck%2C_Sept_2025_02.jpg;Retired electrician;CC0;http://creativecommons.org/publicdomain/zero/1.0/deed.en;1
images/real/real_d7c649353f.jpg;Moscow_Ford_Transit_bus_old_May_2026_01_8264e276.jpg;File:Moscow, Ford Transit bus old, May 2026 01.jpg;https://commons.wikimedia.org/wiki/File%3AMoscow%2C_Ford_Transit_bus_old%2C_May_2026_01.jpg;Retired electrician;CC0;http://creativecommons.org/publicdomain/zero/1.0/deed.en;1
images/real/real_1ca7b2f63c.jpg;Moscow_Ford_Transit_bus_silver_May_2026_01_a076eebc.jpg;File:Moscow, Ford Transit bus silver, May 2026 01.jpg;https://commons.wikimedia.org/wiki/File%3AMoscow%2C_Ford_Transit_bus_silver%2C_May_2026_01.jpg;Retired electrician;CC0;http://creativecommons.org/publicdomain/zero/1.0/deed.en;0
images/real/real_033892738c.jpg;Moscow_Ford_Transit_emercom_Sept_2025_01_d771aead.jpg;File:Moscow, Ford Transit emercom, Sept 2025 01.jpg;https://commons.wikimedia.org/wiki/File%3AMoscow%2C_Ford_Transit_emercom%2C_Sept_2025_01.jpg;Retired electrician;CC0;http://creativecommons.org/publicdomain/zero/1.0/deed.en;2
images/real/real_0a61540da9.jpg;Moscow_Ford_Transit_for_disabled_June_2026_01_87bc5c34.jpg;File:Moscow, Ford Transit for disabled, June 2026 01.jpg;https://commons.wikimedia.org/wiki/File%3AMoscow%2C_Ford_Transit_for_disabled%2C_June_2026_01.jpg;Retired electrician;CC0;http://creativecommons.org/publicdomain/zero/1.0/deed.en;2
images/real/real_12a34ef542.jpg;Moscow_Ford_Transit_in_Ozon_livery_Sept_2025_01_db04bb95.jpg;File:Moscow, Ford Transit in Ozon livery, Sept 2025 01.jpg;https://commons.wikimedia.org/wiki/File%3AMoscow%2C_Ford_Transit_in_Ozon_livery%2C_Sept_2025_01.jpg;Retired electrician;CC0;http://creativecommons.org/publicdomain/zero/1.0/deed.en;1
images/real/real_60053b4702.jpg;Moscow_Ford_Transit_in_Ozon_livery_Sept_2025_03_cba7b931.jpg;File:Moscow, Ford Transit in Ozon livery, Sept 2025 03.jpg;https://commons.wikimedia.org/wiki/File%3AMoscow%2C_Ford_Transit_in_Ozon_livery%2C_Sept_2025_03.jpg;Retired electrician;CC0;http://creativecommons.org/publicdomain/zero/1.0/deed.en;1
images/real/real_e7873009e5.jpg;Moscow_Ford_Transit_in_Vseinstrumenti_livery_Mar_2026_01_a8b42291.jpg;File:Moscow, Ford Transit in Vseinstrumenti livery, Mar 2026 01.jpg;https://commons.wikimedia.org/wiki/File%3AMoscow%2C_Ford_Transit_in_Vseinstrumenti_livery%2C_Mar_2026_01.jpg;Retired electrician;CC0;http://creativecommons.org/publicdomain/zero/1.0/deed.en;3
images/real/real_f9180819f3.jpg;Moscow_Ford_Transit_in_Yandex_Market_livery_July_2025_02_b8e6a849.jpg;File:Moscow, Ford Transit in Yandex Market livery, July 2025 02.jpg;https://commons.wikimedia.org/wiki/File%3AMoscow%2C_Ford_Transit_in_Yandex_Market_livery%2C_July_2025_02.jpg;Retired electrician;CC0;http://creativecommons.org/publicdomain/zero/1.0/deed.en;1
images/real/real_9dd7b6018e.jpg;Moscow_Ford_Transit_panel_van_Mar_2026_01_def2b9e8.jpg;File:Moscow, Ford Transit panel van, Mar 2026 01.jpg;https://commons.wikimedia.org/wiki/File%3AMoscow%2C_Ford_Transit_panel_van%2C_Mar_2026_01.jpg;Retired electrician;CC0;http://creativecommons.org/publicdomain/zero/1.0/deed.en;0
images/real/real_f18a955469.jpg;Moscow_Ford_Transit_police_Sept_2025_01_b715cc1f.jpg;File:Moscow, Ford Transit police, Sept 2025 01.jpg;https://commons.wikimedia.org/wiki/File%3AMoscow%2C_Ford_Transit_police%2C_Sept_2025_01.jpg;Retired electrician;CC0;http://creativecommons.org/publicdomain/zero/1.0/deed.en;1
images/real/real_e759578728.jpg;Moscow_Ford_Transit_refrigerator_van_Mar_2026_01_972f5627.jpg;File:Moscow, Ford Transit refrigerator van, Mar 2026 01.jpg;https://commons.wikimedia.org/wiki/File%3AMoscow%2C_Ford_Transit_refrigerator_van%2C_Mar_2026_01.jpg;Retired electrician;CC0;http://creativecommons.org/publicdomain/zero/1.0/deed.en;2
images/real/real_540f1d43f6.jpg;Moscow_Ford_Transit_van_Oct_2025_02_a7fe3c53.jpg;File:Moscow, Ford Transit van, Oct 2025 02.jpg;https://commons.wikimedia.org/wiki/File%3AMoscow%2C_Ford_Transit_van%2C_Oct_2025_02.jpg;Retired electrician;CC0;http://creativecommons.org/publicdomain/zero/1.0/deed.en;0
images/real/real_40ba3f5dda.jpg;Moscow_Ford_Transit_van_short_Sept_2025_01_765aea26.jpg;File:Moscow, Ford Transit van short, Sept 2025 01.jpg;https://commons.wikimedia.org/wiki/File%3AMoscow%2C_Ford_Transit_van_short%2C_Sept_2025_01.jpg;Retired electrician;CC0;http://creativecommons.org/publicdomain/zero/1.0/deed.en;0
images/real/real_ffeb710e28.jpg;Moscow_Ford_Transit_van_white_July_2026_01_2627edea.jpg;File:Moscow, Ford Transit van white, July 2026 01.jpg;https://commons.wikimedia.org/wiki/File%3AMoscow%2C_Ford_Transit_van_white%2C_July_2026_01.jpg;Retired electrician;CC0;http://creativecommons.org/publicdomain/zero/1.0/deed.en;0
images/real/real_06c8ac4346.jpg;Moscow_Ford_Transit_van_yellow_Sept_2025_01_c0ff9be6.jpg;File:Moscow, Ford Transit van yellow, Sept 2025 01.jpg;https://commons.wikimedia.org/wiki/File%3AMoscow%2C_Ford_Transit_van_yellow%2C_Sept_2025_01.jpg;Retired electrician;CC0;http://creativecommons.org/publicdomain/zero/1.0/deed.en;1
images/real/real_fc05f0b328.jpg;Moscow_GAC_GS8_white_motorcycle_Sept_2025_01_1bfa2657.jpg;File:Moscow, GAC GS8 white, motorcycle, Sept 2025 01.jpg;https://commons.wikimedia.org/wiki/File%3AMoscow%2C_GAC_GS8_white%2C_motorcycle%2C_Sept_2025_01.jpg;Retired electrician;CC0;http://creativecommons.org/publicdomain/zero/1.0/deed.en;1
images/real/real_3de9286334.jpg;Moscow_GW_Poer_in_MTCC_green_with_information_screen_trailer_May_2026_02_cc70e289.jpg;File:Moscow, GW Poer in MTCC green with information screen trailer, May 2026 02.jpg;https://commons.wikimedia.org/wiki/File%3AMoscow%2C_GW_Poer_in_MTCC_green_with_information_screen_trailer%2C_May_2026_02.jpg;Retired electrician;CC0;http://creativecommons.org/publicdomain/zero/1.0/deed.en;0
images/real/real_548acdd807.jpg;Moscow_Honda_Freed_2nd_generation_pale-blue_Sept_2025_01_d3e2326d.jpg;File:Moscow, Honda Freed (2nd generation) pale-blue, Sept 2025 01.jpg;https://commons.wikimedia.org/wiki/File%3AMoscow%2C_Honda_Freed_%282nd_generation%29_pale-blue%2C_Sept_2025_01.jpg;Retired electrician;CC0;http://creativecommons.org/publicdomain/zero/1.0/deed.en;2
images/real/real_f9eead946c.jpg;Moscow_Honda_VFR1200F_Sept_2025_03_8d6c4baf.jpg;File:Moscow, Honda VFR1200F Sept 2025 03.jpg;https://commons.wikimedia.org/wiki/File%3AMoscow%2C_Honda_VFR1200F_Sept_2025_03.jpg;Retired electrician;CC0;http://creativecommons.org/publicdomain/zero/1.0/deed.en;2
images/real/real_06137d7c51.jpg;Moscow_Hongqi_H5_taxi_white_Mar_2026_01_69f778a8.jpg;File:Moscow, Hongqi H5 taxi white, Mar 2026 01.jpg;https://commons.wikimedia.org/wiki/File%3AMoscow%2C_Hongqi_H5_taxi_white%2C_Mar_2026_01.jpg;Retired electrician;CC0;http://creativecommons.org/publicdomain/zero/1.0/deed.en;0
images/real/real_5acf6d621f.jpg;Moscow_JAC_K7_tractor-trailer_May_2026_01_29874bae.jpg;File:Moscow, JAC K7 tractor-trailer, May 2026 01.jpg;https://commons.wikimedia.org/wiki/File%3AMoscow%2C_JAC_K7_tractor-trailer%2C_May_2026_01.jpg;Retired electrician;CC0;http://creativecommons.org/publicdomain/zero/1.0/deed.en;0
images/real/real_fb18f13496.jpg;Moscow_JAC_K7_tractor-trailer_May_2026_02_2262346b.jpg;File:Moscow, JAC K7 tractor-trailer, May 2026 02.jpg;https://commons.wikimedia.org/wiki/File%3AMoscow%2C_JAC_K7_tractor-trailer%2C_May_2026_02.jpg;Retired electrician;CC0;http://creativecommons.org/publicdomain/zero/1.0/deed.en;0
images/real/real_1076c23a23.jpg;Moscow_Jaecoo_J7_taxi_Aug_2025_01_bc88c669.jpg;File:Moscow, Jaecoo J7 taxi, Aug 2025 01.jpg;https://commons.wikimedia.org/wiki/File%3AMoscow%2C_Jaecoo_J7_taxi%2C_Aug_2025_01.jpg;Retired electrician;CC0;http://creativecommons.org/publicdomain/zero/1.0/deed.en;1
images/real/real_3076c7159a.jpg;Moscow_Kia_K5_taxi_Apr_2026_01_17951a16.jpg;File:Moscow, Kia K5 taxi, Apr 2026 01.jpg;https://commons.wikimedia.org/wiki/File%3AMoscow%2C_Kia_K5_taxi%2C_Apr_2026_01.jpg;Retired electrician;CC0;http://creativecommons.org/publicdomain/zero/1.0/deed.en;0
images/real/real_30a66fdd0d.jpg;Moscow_Kia_Rio_taxi_white_Feb_2026_01_8e100428.jpg;File:Moscow, Kia Rio taxi white, Feb 2026 01.jpg;https://commons.wikimedia.org/wiki/File%3AMoscow%2C_Kia_Rio_taxi_white%2C_Feb_2026_01.jpg;Retired electrician;CC0;http://creativecommons.org/publicdomain/zero/1.0/deed.en;13
images/real/real_bf42840a6c.jpg;Moscow_Kosmodamianskaya_Embankment_Great_Wall_orange_Jan_2026_01_a8c67119.jpg;File:Moscow, Kosmodamianskaya Embankment, Great Wall orange, Jan 2026 01.jpg;https://commons.wikimedia.org/wiki/File%3AMoscow%2C_Kosmodamianskaya_Embankment%2C_Great_Wall_orange%2C_Jan_2026_01.jpg;Retired electrician;CC0;http://creativecommons.org/publicdomain/zero/1.0/deed.en;0
images/real/real_ce2397fb33.jpg;Moscow_Krestyanskaya_Square_Sany_and_Shacman_trucks_with_Specpricep_trailers_Jun_53737a00.jpg;File:Moscow, Krestyanskaya Square, Sany and Shacman trucks with Specpricep trailers, June 2026 12.jpg;https://commons.wikimedia.org/wiki/File%3AMoscow%2C_Krestyanskaya_Square%2C_Sany_and_Shacman_trucks_with_Specpricep_trailers%2C_June_2026_12.jpg;Retired electrician;CC0;http://creativecommons.org/publicdomain/zero/1.0/deed.en;0
images/real/real_66417c85c3.jpg;Moscow_Krestyanskaya_Square_Sany_and_Shacman_trucks_with_Specpricep_trailers_Jun_5c8df6c9.jpg;File:Moscow, Krestyanskaya Square, Sany and Shacman trucks with Specpricep trailers, June 2026 11.jpg;https://commons.wikimedia.org/wiki/File%3AMoscow%2C_Krestyanskaya_Square%2C_Sany_and_Shacman_trucks_with_Specpricep_trailers%2C_June_2026_11.jpg;Retired electrician;CC0;http://creativecommons.org/publicdomain/zero/1.0/deed.en;1
images/real/real_c7356b3cbd.jpg;Moscow_Krestyanskaya_Square_Sany_and_Shacman_trucks_with_Specpricep_trailers_Jun_f34810cb.jpg;File:Moscow, Krestyanskaya Square, Sany and Shacman trucks with Specpricep trailers, June 2026 03.jpg;https://commons.wikimedia.org/wiki/File%3AMoscow%2C_Krestyanskaya_Square%2C_Sany_and_Shacman_trucks_with_Specpricep_trailers%2C_June_2026_03.jpg;Retired electrician;CC0;http://creativecommons.org/publicdomain/zero/1.0/deed.en;0
images/real/real_590fc180fa.jpg;Moscow_Krestyanskaya_Square_Sany_truck_with_Specpricep_trailer_June_2026_01_e32dccd6.jpg;File:Moscow, Krestyanskaya Square, Sany truck with Specpricep trailer, June 2026 01.jpg;https://commons.wikimedia.org/wiki/File%3AMoscow%2C_Krestyanskaya_Square%2C_Sany_truck_with_Specpricep_trailer%2C_June_2026_01.jpg;Retired electrician;CC0;http://creativecommons.org/publicdomain/zero/1.0/deed.en;0
images/real/real_6959da7291.jpg;Moscow_Krestyanskaya_Square_Sany_truck_with_Specpricep_trailer_June_2026_03_c5029b55.jpg;File:Moscow, Krestyanskaya Square, Sany truck with Specpricep trailer, June 2026 03.jpg;https://commons.wikimedia.org/wiki/File%3AMoscow%2C_Krestyanskaya_Square%2C_Sany_truck_with_Specpricep_trailer%2C_June_2026_03.jpg;Retired electrician;CC0;http://creativecommons.org/publicdomain/zero/1.0/deed.en;0
images/real/real_0060de4f79.jpg;Moscow_Krzhizhanovskogo_23_MAZ-Prostor_with_Specpricep_9942L4_trailer_Apr_2026_0_3d111803.jpg;File:Moscow, Krzhizhanovskogo 23, MAZ-Prostor with Specpricep 9942L4 trailer, Apr 2026 01.jpg;https://commons.wikimedia.org/wiki/File%3AMoscow%2C_Krzhizhanovskogo_23%2C_MAZ-Prostor_with_Specpricep_9942L4_trailer%2C_Apr_2026_01.jpg;Retired electrician;CC0;http://creativecommons.org/publicdomain/zero/1.0/deed.en;0
images/real/real_dc290e4929.jpg;Moscow_Krzhizhanovskogo_23_MAZ-Prostor_with_Specpricep_9942L4_trailer_Apr_2026_1_a5a624d7.jpg;File:Moscow, Krzhizhanovskogo 23, MAZ-Prostor with Specpricep 9942L4 trailer, Apr 2026 15.jpg;https://commons.wikimedia.org/wiki/File%3AMoscow%2C_Krzhizhanovskogo_23%2C_MAZ-Prostor_with_Specpricep_9942L4_trailer%2C_Apr_2026_15.jpg;Retired electrician;CC0;http://creativecommons.org/publicdomain/zero/1.0/deed.en;2
images/real/real_a4541980a4.jpg;Moscow_Leninsky_Prospect_34-1_red_trailer_June_2025_01_d4262ddb.jpg;File:Moscow, Leninsky Prospect 34-1, red trailer, June 2025 01.jpg;https://commons.wikimedia.org/wiki/File%3AMoscow%2C_Leninsky_Prospect_34-1%2C_red_trailer%2C_June_2025_01.jpg;Retired electrician;CC0;http://creativecommons.org/publicdomain/zero/1.0/deed.en;0
images/real/real_850754343f.jpg;Moscow_Lexus_RX_black_May_2026_01_0f6a7e43.jpg;File:Moscow, Lexus RX black, May 2026 01.jpg;https://commons.wikimedia.org/wiki/File%3AMoscow%2C_Lexus_RX_black%2C_May_2026_01.jpg;Retired electrician;CC0;http://creativecommons.org/publicdomain/zero/1.0/deed.en;3
images/real/real_b06cc0e11d.jpg;Moscow_Nissan_NV200_Vanette_in_Yandex.Delivery_livery_Aug_2025_01_05fea2a5.jpg;File:Moscow, Nissan NV200 Vanette in Yandex.Delivery livery, Aug 2025 01.jpg;https://commons.wikimedia.org/wiki/File%3AMoscow%2C_Nissan_NV200_Vanette_in_Yandex.Delivery_livery%2C_Aug_2025_01.jpg;Retired electrician;CC0;http://creativecommons.org/publicdomain/zero/1.0/deed.en;2
images/real/real_32be638715.jpg;Moscow_Paveletskaya_Square_Ford_Transit_ambulance_Mar_2025_01_014178ec.jpg;File:Moscow, Paveletskaya Square, Ford Transit ambulance, Mar 2025 01.jpg;https://commons.wikimedia.org/wiki/File%3AMoscow%2C_Paveletskaya_Square%2C_Ford_Transit_ambulance%2C_Mar_2025_01.jpg;Retired electrician;CC0;http://creativecommons.org/publicdomain/zero/1.0/deed.en;6
images/real/real_63446b1bdf.jpg;Moscow_Renault_truck_with_trailer_Apr_2026_01_2a9ac5c2.jpg;File:Moscow, Renault truck with trailer, Apr 2026 01.jpg;https://commons.wikimedia.org/wiki/File%3AMoscow%2C_Renault_truck_with_trailer%2C_Apr_2026_01.jpg;Retired electrician;CC0;http://creativecommons.org/publicdomain/zero/1.0/deed.en;0
images/real/real_1ca2e8521e.jpg;Moscow_Rogozhsky_Val_9-2_traffic_info_screen_on_trailer_Apr_2026_05_fb53fa76.jpg;File:Moscow, Rogozhsky Val 9-2, traffic info screen on trailer, Apr 2026 05.jpg;https://commons.wikimedia.org/wiki/File%3AMoscow%2C_Rogozhsky_Val_9-2%2C_traffic_info_screen_on_trailer%2C_Apr_2026_05.jpg;Retired electrician;CC0;http://creativecommons.org/publicdomain/zero/1.0/deed.en;0
images/real/real_b86e32ad3b.jpg;Moscow_Rogozsky_Val_Street_Nizhegorodetz-222708_Ford_Transit_FBD_Sept_2025_01_51977f07.jpg;File:Moscow, Rogozsky Val Street, Nizhegorodetz-222708 (Ford Transit FBD), Sept 2025 01.jpg;https://commons.wikimedia.org/wiki/File%3AMoscow%2C_Rogozsky_Val_Street%2C_Nizhegorodetz-222708_%28Ford_Transit_FBD%29%2C_Sept_2025_01.jpg;Retired electrician;CC0;http://creativecommons.org/publicdomain/zero/1.0/deed.en;2
images/real/real_321020c79d.jpg;Moscow_Russian_Post_Ford_Transit_July_2025_01_c682de16.jpg;File:Moscow, Russian Post Ford Transit, July 2025 01.jpg;https://commons.wikimedia.org/wiki/File%3AMoscow%2C_Russian_Post_Ford_Transit%2C_July_2025_01.jpg;Retired electrician;CC0;http://creativecommons.org/publicdomain/zero/1.0/deed.en;0
images/real/real_ea022b5258.jpg;Moscow_Sadovnicheskaya_Street_Ford_Transit_wine_truck_2022-05-03_733d23ad.jpg;File:Moscow, Sadovnicheskaya Street, Ford Transit wine truck 2022-05-03.jpg;https://commons.wikimedia.org/wiki/File%3AMoscow%2C_Sadovnicheskaya_Street%2C_Ford_Transit_wine_truck_2022-05-03.jpg;Retired electrician;CC0;http://creativecommons.org/publicdomain/zero/1.0/deed.en;2
images/real/real_65837ecbab.jpg;Moscow_Subaru_Forester_silver_June_2026_01_8d83eeff.jpg;File:Moscow, Subaru Forester silver, June 2026 01.jpg;https://commons.wikimedia.org/wiki/File%3AMoscow%2C_Subaru_Forester_silver%2C_June_2026_01.jpg;Retired electrician;CC0;http://creativecommons.org/publicdomain/zero/1.0/deed.en;1
images/real/real_1a4aaeedf4.jpg;Moscow_Taganka_Ford_Transit_ambulance_FMBA_yellow_Sept_2025_01_39d96e07.jpg;File:Moscow, Taganka, Ford Transit ambulance, FMBA yellow, Sept 2025 01.jpg;https://commons.wikimedia.org/wiki/File%3AMoscow%2C_Taganka%2C_Ford_Transit_ambulance%2C_FMBA_yellow%2C_Sept_2025_01.jpg;Retired electrician;CC0;http://creativecommons.org/publicdomain/zero/1.0/deed.en;2
images/real/real_49b78d03b2.jpg;Moscow_Taganka_Nizhegorodetz-222708_Ford_Transit_FBD_Sept_2025_01_b7461cdb.jpg;File:Moscow, Taganka, Nizhegorodetz-222708 (Ford Transit FBD), Sept 2025 01.jpg;https://commons.wikimedia.org/wiki/File%3AMoscow%2C_Taganka%2C_Nizhegorodetz-222708_%28Ford_Transit_FBD%29%2C_Sept_2025_01.jpg;Retired electrician;CC0;http://creativecommons.org/publicdomain/zero/1.0/deed.en;7
images/real/real_d8c7a10fd7.jpg;Moscow_Taganskaya_Square_Ford_Transit_ambulance_Apr_2026_01_a6ac98c7.jpg;File:Moscow, Taganskaya Square, Ford Transit ambulance, Apr 2026 01.jpg;https://commons.wikimedia.org/wiki/File%3AMoscow%2C_Taganskaya_Square%2C_Ford_Transit_ambulance%2C_Apr_2026_01.jpg;Retired electrician;CC0;http://creativecommons.org/publicdomain/zero/1.0/deed.en;0
images/real/real_7f55662d46.jpg;Moscow_Voge_300RR_motorcycle_Sept_2025_02_cbe0b885.jpg;File:Moscow, Voge 300RR motorcycle, Sept 2025 02.jpg;https://commons.wikimedia.org/wiki/File%3AMoscow%2C_Voge_300RR_motorcycle%2C_Sept_2025_02.jpg;Retired electrician;CC0;http://creativecommons.org/publicdomain/zero/1.0/deed.en;0
images/real/real_ed20fe0309.jpg;Moscow_Zongshen_Cyclone_motorcycle_May_2026_02_fd83245d.jpg;File:Moscow, Zongshen Cyclone motorcycle, May 2026 02.jpg;https://commons.wikimedia.org/wiki/File%3AMoscow%2C_Zongshen_Cyclone_motorcycle%2C_May_2026_02.jpg;Retired electrician;CC0;http://creativecommons.org/publicdomain/zero/1.0/deed.en;0
images/real/real_2c71222d64.jpg;Moscow_bus_1774004_2024-09_1727174080_Sergiya_Radonezhskogo_Street_Nizhegorodets_6ad8ca2c.jpg;File:Moscow bus 1774004 2024-09 1727174080 Sergiya Radonezhskogo Street Nizhegorodets-222708 Ford Transit FBD.jpg;https://commons.wikimedia.org/wiki/File%3AMoscow_bus_1774004_2024-09_1727174080_Sergiya_Radonezhskogo_Street_Nizhegorodets-222708_Ford_Transit_FBD.jpg;Artyom Svetlov;CC BY 4.0;https://creativecommons.org/licenses/by/4.0;1
images/real/real_59442afd34.jpg;Moscow_bus_1774004_2024-09_1727174097_Sergiya_Radonezhskogo_Street_Nizhegorodets_c627e1b6.jpg;File:Moscow bus 1774004 2024-09 1727174097 Sergiya Radonezhskogo Street Nizhegorodets-222708 Ford Transit FBD.jpg;https://commons.wikimedia.org/wiki/File%3AMoscow_bus_1774004_2024-09_1727174097_Sergiya_Radonezhskogo_Street_Nizhegorodets-222708_Ford_Transit_FBD.jpg;Artyom Svetlov;CC BY 4.0;https://creativecommons.org/licenses/by/4.0;1
images/real/real_d7b3927381.jpg;Moscow_bus_1787225_2025-03_1741530333_Yunykh_Lenintsev_street_Ford_Transit_2013__104453df.jpg;File:Moscow bus 1787225 2025-03 1741530333 Yunykh Lenintsev street Ford Transit (2013) buses.jpg;https://commons.wikimedia.org/wiki/File%3AMoscow_bus_1787225_2025-03_1741530333_Yunykh_Lenintsev_street_Ford_Transit_%282013%29_buses.jpg;Artyom Svetlov;CC BY 4.0;https://creativecommons.org/licenses/by/4.0;1
images/real/real_092c0d0164.jpg;Moscow_car_meet_2025-07-12_Cadillac_Eldorado_05_dcd8877e.jpg;File:Moscow car meet 2025-07-12 Cadillac Eldorado 05.jpg;https://commons.wikimedia.org/wiki/File%3AMoscow_car_meet_2025-07-12_Cadillac_Eldorado_05.jpg;Retired electrician;CC0;http://creativecommons.org/publicdomain/zero/1.0/deed.en;8
images/real/real_4369a03c85.jpg;Moscow_car_meet_2025-07-12_Cadillac_Eldorado_06_196d2369.jpg;File:Moscow car meet 2025-07-12 Cadillac Eldorado 06.jpg;https://commons.wikimedia.org/wiki/File%3AMoscow_car_meet_2025-07-12_Cadillac_Eldorado_06.jpg;Retired electrician;CC0;http://creativecommons.org/publicdomain/zero/1.0/deed.en;12
images/real/real_9bf4699549.jpg;Moscow_car_show_2026-07-31_1962_Ford_Anglia_Harry_Potty_02_60b45cb4.jpg;File:Moscow car show 2026-07-31 1962 Ford Anglia Harry Potty 02.jpg;https://commons.wikimedia.org/wiki/File%3AMoscow_car_show_2026-07-31_1962_Ford_Anglia_Harry_Potty_02.jpg;Retired electrician;CC0;http://creativecommons.org/publicdomain/zero/1.0/deed.en;5
images/real/real_954b77bcbb.jpg;Moscow_car_show_2026-07-31_2006_Chevrolet_SSR_02_b49994c6.jpg;File:Moscow car show 2026-07-31 2006 Chevrolet SSR 02.jpg;https://commons.wikimedia.org/wiki/File%3AMoscow_car_show_2026-07-31_2006_Chevrolet_SSR_02.jpg;Retired electrician;CC0;http://creativecommons.org/publicdomain/zero/1.0/deed.en;1
images/real/real_47525b83c5.jpg;Moscow_car_show_2026-08-01_Chevrolet_Caprice_Classic_02_b1dffd8e.jpg;File:Moscow car show 2026-08-01 Chevrolet Caprice Classic 02.jpg;https://commons.wikimedia.org/wiki/File%3AMoscow_car_show_2026-08-01_Chevrolet_Caprice_Classic_02.jpg;Retired electrician;CC0;http://creativecommons.org/publicdomain/zero/1.0/deed.en;3
images/real/real_ff9c414f29.jpg;Moscow_car_show_2026-08-01_Honda_CB400_SS_01_198332d7.jpg;File:Moscow car show 2026-08-01 Honda CB400 SS 01.jpg;https://commons.wikimedia.org/wiki/File%3AMoscow_car_show_2026-08-01_Honda_CB400_SS_01.jpg;Retired electrician;CC0;http://creativecommons.org/publicdomain/zero/1.0/deed.en;0
images/real/real_ba89c9f371.jpg;Moscow_car_show_2026-08-01_Honda_CB400_SS_05_51607e37.jpg;File:Moscow car show 2026-08-01 Honda CB400 SS 05.jpg;https://commons.wikimedia.org/wiki/File%3AMoscow_car_show_2026-08-01_Honda_CB400_SS_05.jpg;Retired electrician;CC0;http://creativecommons.org/publicdomain/zero/1.0/deed.en;1
images/real/real_3e30c94023.jpg;Moscow_car_show_2026-08-01_Honda_Goldwing_white_06_b7b1e5b7.jpg;File:Moscow car show 2026-08-01 Honda Goldwing white 06.jpg;https://commons.wikimedia.org/wiki/File%3AMoscow_car_show_2026-08-01_Honda_Goldwing_white_06.jpg;Retired electrician;CC0;http://creativecommons.org/publicdomain/zero/1.0/deed.en;0
images/real/real_95dcb11365.jpg;Nissan_Vanette_Moscow_158_197_2021-10_0672ce1d.jpg;File:Nissan Vanette Moscow У158ВА197 2021-10.jpg;https://commons.wikimedia.org/wiki/File%3ANissan_Vanette_Moscow_%D0%A3158%D0%92%D0%90197_2021-10.jpg;Svetlov Artem;CC0;http://creativecommons.org/publicdomain/zero/1.0/deed.en;0
images/real/real_0b70e9a8dc.jpg;2025-09-21_Moscow_marathon_police_and_safety_02_e65b2ca2.jpg;File:2025-09-21 Moscow marathon, police and safety 02.jpg;https://commons.wikimedia.org/wiki/File%3A2025-09-21_Moscow_marathon%2C_police_and_safety_02.jpg;Retired electrician;CC0;http://creativecommons.org/publicdomain/zero/1.0/deed.en;0
images/real/real_87ad35b1df.jpg;2025-09-21_Moscow_marathon_police_and_safety_12_2a5a83ba.jpg;File:2025-09-21 Moscow marathon, police and safety 12.jpg;https://commons.wikimedia.org/wiki/File%3A2025-09-21_Moscow_marathon%2C_police_and_safety_12.jpg;Retired electrician;CC0;http://creativecommons.org/publicdomain/zero/1.0/deed.en;7
images/real/real_1c58b21d91.jpg;2025-09-21_Moscow_marathon_police_and_safety_14_59e262c9.jpg;File:2025-09-21 Moscow marathon, police and safety 14.jpg;https://commons.wikimedia.org/wiki/File%3A2025-09-21_Moscow_marathon%2C_police_and_safety_14.jpg;Retired electrician;CC0;http://creativecommons.org/publicdomain/zero/1.0/deed.en;1
images/real/real_17b46b93cf.jpg;20250318_Museum_of_Special_Purpose_Garage_09_db329ed3.jpg;File:20250318 Museum of Special Purpose Garage 09.jpg;https://commons.wikimedia.org/wiki/File%3A20250318_Museum_of_Special_Purpose_Garage_09.jpg;Sergey A. Demidov;CC BY 4.0;https://creativecommons.org/licenses/by/4.0;1
images/real/real_100da57206.jpg;20250318_Museum_of_Special_Purpose_Garage_12_e0307a43.jpg;File:20250318 Museum of Special Purpose Garage 12.jpg;https://commons.wikimedia.org/wiki/File%3A20250318_Museum_of_Special_Purpose_Garage_12.jpg;Sergey A. Demidov;CC BY 4.0;https://creativecommons.org/licenses/by/4.0;0
images/real/real_9afde86bfb.jpg;20250318_Museum_of_Special_Purpose_Garage_29_4eed0d02.jpg;File:20250318 Museum of Special Purpose Garage 29.jpg;https://commons.wikimedia.org/wiki/File%3A20250318_Museum_of_Special_Purpose_Garage_29.jpg;Sergey A. Demidov;CC BY 4.0;https://creativecommons.org/licenses/by/4.0;0
images/real/real_7cda589c1d.jpg;20250318_Museum_of_Special_Purpose_Garage_31_1e46b435.jpg;File:20250318 Museum of Special Purpose Garage 31.jpg;https://commons.wikimedia.org/wiki/File%3A20250318_Museum_of_Special_Purpose_Garage_31.jpg;Sergey A. Demidov;CC BY 4.0;https://creativecommons.org/licenses/by/4.0;0
images/real/real_8fd6b33056.jpg;20250318_Museum_of_Special_Purpose_Garage_32_304796a7.jpg;File:20250318 Museum of Special Purpose Garage 32.jpg;https://commons.wikimedia.org/wiki/File%3A20250318_Museum_of_Special_Purpose_Garage_32.jpg;Sergey A. Demidov;CC BY 4.0;https://creativecommons.org/licenses/by/4.0;0
images/real/real_7e4ffc4b1f.jpg;20250318_Museum_of_Special_Purpose_Garage_34_59687b53.jpg;File:20250318 Museum of Special Purpose Garage 34.jpg;https://commons.wikimedia.org/wiki/File%3A20250318_Museum_of_Special_Purpose_Garage_34.jpg;Sergey A. Demidov;CC BY 4.0;https://creativecommons.org/licenses/by/4.0;1
images/real/real_35b78bf569.jpg;20250318_Museum_of_Special_Purpose_Garage_35_942b135a.jpg;File:20250318 Museum of Special Purpose Garage 35.jpg;https://commons.wikimedia.org/wiki/File%3A20250318_Museum_of_Special_Purpose_Garage_35.jpg;Sergey A. Demidov;CC BY 4.0;https://creativecommons.org/licenses/by/4.0;1
images/real/real_7b0e0957f6.jpg;20250318_Museum_of_Special_Purpose_Garage_36_65861f4e.jpg;File:20250318 Museum of Special Purpose Garage 36.jpg;https://commons.wikimedia.org/wiki/File%3A20250318_Museum_of_Special_Purpose_Garage_36.jpg;Sergey A. Demidov;CC BY 4.0;https://creativecommons.org/licenses/by/4.0;0
images/real/real_8afee68323.jpg;20250318_Museum_of_Special_Purpose_Garage_40_3e35125e.jpg;File:20250318 Museum of Special Purpose Garage 40.jpg;https://commons.wikimedia.org/wiki/File%3A20250318_Museum_of_Special_Purpose_Garage_40.jpg;Sergey A. Demidov;CC BY 4.0;https://creativecommons.org/licenses/by/4.0;0
images/real/real_20c12f41f9.jpg;20250318_Museum_of_Special_Purpose_Garage_44_de834649.jpg;File:20250318 Museum of Special Purpose Garage 44.jpg;https://commons.wikimedia.org/wiki/File%3A20250318_Museum_of_Special_Purpose_Garage_44.jpg;Sergey A. Demidov;CC BY 4.0;https://creativecommons.org/licenses/by/4.0;0
images/real/real_14d8e8a4c0.jpg;20250621_VDNKh_Transport_Pavilion_No_26_transport_exhibition_19_fd335da6.jpg;File:20250621 VDNKh Transport Pavilion (No 26) transport exhibition 19.jpg;https://commons.wikimedia.org/wiki/File%3A20250621_VDNKh_Transport_Pavilion_%28No_26%29_transport_exhibition_19.jpg;Sergey A. Demidov;CC BY 4.0;https://creativecommons.org/licenses/by/4.0;0
images/real/real_749cb07b8d.jpg;20250621_VDNKh_Transport_Pavilion_No_26_transport_exhibition_20_0418cd88.jpg;File:20250621 VDNKh Transport Pavilion (No 26) transport exhibition 20.jpg;https://commons.wikimedia.org/wiki/File%3A20250621_VDNKh_Transport_Pavilion_%28No_26%29_transport_exhibition_20.jpg;Sergey A. Demidov;CC BY 4.0;https://creativecommons.org/licenses/by/4.0;0
images/real/real_2a7471dfe5.jpg;20250731_Youth_residential_complex_in_Zelenograd_territory_10_23198__17365060.jpg;File:20250731 Youth residential complex in Zelenograd territory 10 (23198).jpg;https://commons.wikimedia.org/wiki/File%3A20250731_Youth_residential_complex_in_Zelenograd_territory_10_%2823198%29.jpg;Sergey A. Demidov;CC BY 4.0;https://creativecommons.org/licenses/by/4.0;0
images/real/real_dad4d039cd.jpg;20250819_Youth_residential_complex_in_Zelenograd_04_55282__9deab705.jpg;File:20250819 Youth residential complex in Zelenograd 04 (55282).jpg;https://commons.wikimedia.org/wiki/File%3A20250819_Youth_residential_complex_in_Zelenograd_04_%2855282%29.jpg;Sergey A. Demidov;CC BY 4.0;https://creativecommons.org/licenses/by/4.0;0
images/real/real_d6fe3a17ac.jpg;20250819_Youth_residential_complex_in_Zelenograd_04_69190__396af897.jpg;File:20250819 Youth residential complex in Zelenograd 04 (69190).jpg;https://commons.wikimedia.org/wiki/File%3A20250819_Youth_residential_complex_in_Zelenograd_04_%2869190%29.jpg;Sergey A. Demidov;CC BY 4.0;https://creativecommons.org/licenses/by/4.0;1
images/real/real_9ea4e07368.jpg;20250819_Youth_residential_complex_in_Zelenograd_04_92526__f835a1b2.jpg;File:20250819 Youth residential complex in Zelenograd 04 (92526).jpg;https://commons.wikimedia.org/wiki/File%3A20250819_Youth_residential_complex_in_Zelenograd_04_%2892526%29.jpg;Sergey A. Demidov;CC BY 4.0;https://creativecommons.org/licenses/by/4.0;1
images/real/real_af67f63646.jpg;20250819_Youth_residential_complex_in_Zelenograd_06_26190__5812bb4e.jpg;File:20250819 Youth residential complex in Zelenograd 06 (26190).jpg;https://commons.wikimedia.org/wiki/File%3A20250819_Youth_residential_complex_in_Zelenograd_06_%2826190%29.jpg;Sergey A. Demidov;CC BY 4.0;https://creativecommons.org/licenses/by/4.0;0
images/real/real_07ceb5db80.jpg;20250819_Youth_residential_complex_in_Zelenograd_06_72687__d5ed1332.jpg;File:20250819 Youth residential complex in Zelenograd 06 (72687).jpg;https://commons.wikimedia.org/wiki/File%3A20250819_Youth_residential_complex_in_Zelenograd_06_%2872687%29.jpg;Sergey A. Demidov;CC BY 4.0;https://creativecommons.org/licenses/by/4.0;0
images/real/real_f01e55d4e7.jpg;20251213_Museum_Automobiles_of_the_World_00_69490__606756f9.jpg;"File:20251213 Museum ""Automobiles of the World"" 00 (69490).jpg";https://commons.wikimedia.org/wiki/File%3A20251213_Museum_%22Automobiles_of_the_World%22_00_%2869490%29.jpg;Sergey A. Demidov;CC BY 4.0;https://creativecommons.org/licenses/by/4.0;0
images/real/real_4ada706fea.jpg;20251213_Museum_Automobiles_of_the_World_06_93358__86d7ce73.jpg;"File:20251213 Museum ""Automobiles of the World"" 06 (93358).jpg";https://commons.wikimedia.org/wiki/File%3A20251213_Museum_%22Automobiles_of_the_World%22_06_%2893358%29.jpg;Sergey A. Demidov;CC BY 4.0;https://creativecommons.org/licenses/by/4.0;0
images/real/real_1201be83c6.jpg;20251213_Museum_Automobiles_of_the_World_09_28432__ba95c407.jpg;"File:20251213 Museum ""Automobiles of the World"" 09 (28432).jpg";https://commons.wikimedia.org/wiki/File%3A20251213_Museum_%22Automobiles_of_the_World%22_09_%2828432%29.jpg;Sergey A. Demidov;CC BY 4.0;https://creativecommons.org/licenses/by/4.0;0
images/real/real_c88d585817.jpg;20251224_Volga_automobile_5d666752.jpg;File:20251224 Volga automobile.jpg;https://commons.wikimedia.org/wiki/File%3A20251224_Volga_automobile.jpg;Sergey A. Demidov / Sergey A. Demidov;CC BY 4.0;https://creativecommons.org/licenses/by/4.0;0
images/real/real_cf4a2026ca.jpg;2026-02-19_04_671c89f9.jpg;File:2026-02-19 Открытие здание полиции Лосиноостровского района 04.jpg;https://commons.wikimedia.org/wiki/File%3A2026-02-19_%D0%9E%D1%82%D0%BA%D1%80%D1%8B%D1%82%D0%B8%D0%B5_%D0%B7%D0%B4%D0%B0%D0%BD%D0%B8%D0%B5_%D0%BF%D0%BE%D0%BB%D0%B8%D1%86%D0%B8%D0%B8_%D0%9B%D0%BE%D1%81%D0%B8%D0%BD%D0%BE%D0%BE%D1%81%D1%82%D1%80%D0%BE%D0%B2%D1%81%D0%BA%D0%BE%D0%B3%D0%BE_%D1%80%D0%B0%D0%B9%D0%BE%D0%BD%D0%B0_04.jpg;Максим Мишин / пресс-служба мэра и правительства Москвы;CC BY 4.0;https://creativecommons.org/licenses/by/4.0;2
images/real/real_5b63a842cd.jpg;20260515_Nik_Panuli_automobile_museum_019_b34f57fc.jpg;File:20260515 Nik Panuli automobile museum 019.jpg;https://commons.wikimedia.org/wiki/File%3A20260515_Nik_Panuli_automobile_museum_019.jpg;Sergey A. Demidov;CC BY 4.0;https://creativecommons.org/licenses/by/4.0;2
images/real/real_3bc907c6c1.jpg;20260515_Nik_Panuli_automobile_museum_027_a91d323f.jpg;File:20260515 Nik Panuli automobile museum 027.jpg;https://commons.wikimedia.org/wiki/File%3A20260515_Nik_Panuli_automobile_museum_027.jpg;Sergey A. Demidov;CC BY 4.0;https://creativecommons.org/licenses/by/4.0;0
images/real/real_1d3fa9bd5c.jpg;20260515_Nik_Panuli_automobile_museum_057_53984f51.jpg;File:20260515 Nik Panuli automobile museum 057.jpg;https://commons.wikimedia.org/wiki/File%3A20260515_Nik_Panuli_automobile_museum_057.jpg;Sergey A. Demidov;CC BY 4.0;https://creativecommons.org/licenses/by/4.0;0
images/real/real_a83bdd0cfc.jpg;20260515_Nik_Panuli_automobile_museum_099_fd961d39.jpg;File:20260515 Nik Panuli automobile museum 099.jpg;https://commons.wikimedia.org/wiki/File%3A20260515_Nik_Panuli_automobile_museum_099.jpg;Sergey A. Demidov;CC BY 4.0;https://creativecommons.org/licenses/by/4.0;1
images/real/real_6c6ea3d2c7.jpg;A_to_GAZ-69_en_Tjumeno_199d744f.jpg;File:Aŭto GAZ-69 en Tjumeno.jpg;https://commons.wikimedia.org/wiki/File%3AA%C5%ADto_GAZ-69_en_Tjumeno.jpg;RG72;CC BY 4.0;https://creativecommons.org/licenses/by/4.0;0
images/real/real_64c1bcabef.jpg;A_to_ZAZ968M_en_Tjumeno_01_17ee784e.jpg;File:Aŭto ZAZ968M en Tjumeno 01.jpg;https://commons.wikimedia.org/wiki/File%3AA%C5%ADto_ZAZ968M_en_Tjumeno_01.jpg;RG72;CC BY 4.0;https://creativecommons.org/licenses/by/4.0;0
images/real/real_99850f6b19.jpg;A_toj_de_Yandex_Drive_en_Tjumeno_01_752b91ea.jpg;File:Aŭtoj de Yandex Drive en Tjumeno 01.jpg;https://commons.wikimedia.org/wiki/File%3AA%C5%ADtoj_de_Yandex_Drive_en_Tjumeno_01.jpg;RG72;CC BY 4.0;https://creativecommons.org/licenses/by/4.0;0
images/real/real_9933fadca3.jpg;A_toj_de_Yandex_Drive_en_Tjumeno_03_54f91723.jpg;File:Aŭtoj de Yandex Drive en Tjumeno 03.jpg;https://commons.wikimedia.org/wiki/File%3AA%C5%ADtoj_de_Yandex_Drive_en_Tjumeno_03.jpg;RG72;CC BY 4.0;https://creativecommons.org/licenses/by/4.0;0
images/real/real_79c59b7eae.jpg;Auto_Audi_100_C2_Moscow_Bibip-Bibop_2026_372_797_2026-07_207_5c1e45b7.jpg;File:Auto Audi 100 C2 Moscow Bibip-Bibop 2026 Р372СУ797 2026-07 207.JPG;https://commons.wikimedia.org/wiki/File%3AAuto_Audi_100_C2_Moscow_Bibip-Bibop_2026_%D0%A0372%D0%A1%D0%A3797_2026-07_207.JPG;Artyom Svetlov;CC BY 4.0;https://creativecommons.org/licenses/by/4.0;1
images/real/real_8e5e8b8870.jpg;Auto_Audi_100_C2_Moscow_Bibip-Bibop_2026_372_797_2026-07_208_3c3548f0.jpg;File:Auto Audi 100 C2 Moscow Bibip-Bibop 2026 Р372СУ797 2026-07 208.JPG;https://commons.wikimedia.org/wiki/File%3AAuto_Audi_100_C2_Moscow_Bibip-Bibop_2026_%D0%A0372%D0%A1%D0%A3797_2026-07_208.JPG;Artyom Svetlov;CC BY 4.0;https://creativecommons.org/licenses/by/4.0;1
images/real/real_d6fbc6a046.jpg;Auto_Chery_Tiggo_7_Moscow_Bolotnikovskaya_Street_2025-02_1137_297978da.jpg;File:Auto Chery Tiggo 7 Moscow Bolotnikovskaya Street 2025-02 1137.JPG;https://commons.wikimedia.org/wiki/File%3AAuto_Chery_Tiggo_7_Moscow_Bolotnikovskaya_Street_2025-02_1137.JPG;Artyom Svetlov;CC BY 4.0;https://creativecommons.org/licenses/by/4.0;0
images/real/real_2d468c042e.jpg;Auto_ErAZ-762_Istra_Lenin_street_227_790_2024-06_1718555419_1494b009.jpg;File:Auto ErAZ-762 Istra Lenin street О227НУ790 2024-06 1718555419.JPG;https://commons.wikimedia.org/wiki/File%3AAuto_ErAZ-762_Istra_Lenin_street_%D0%9E227%D0%9D%D0%A3790_2024-06_1718555419.JPG;Artyom Svetlov;CC BY 4.0;https://creativecommons.org/licenses/by/4.0;0
images/real/real_7c0e08ba6e.jpg;Auto_Fiat_500_Moscow_Krasnobogatyrskaya_Street_551_777_2025-03_1742743705_0956a372.jpg;File:Auto Fiat 500 Moscow Krasnobogatyrskaya Street Е551АК777 2025-03 1742743705.JPG;https://commons.wikimedia.org/wiki/File%3AAuto_Fiat_500_Moscow_Krasnobogatyrskaya_Street_%D0%95551%D0%90%D0%9A777_2025-03_1742743705.JPG;Artyom Svetlov;CC BY 4.0;https://creativecommons.org/licenses/by/4.0;2
images/real/real_31110f7874.jpg;Auto_Ford_Bronco_Altufyevsky_District_Standartnaya_Street_947_77_2025-01_1737304_0447c6d5.jpg;File:Auto Ford Bronco Altufyevsky District Standartnaya Street Х947АС77 2025-01 1737304891.tif;https://commons.wikimedia.org/wiki/File%3AAuto_Ford_Bronco_Altufyevsky_District_Standartnaya_Street_%D0%A5947%D0%90%D0%A177_2025-01_1737304891.tif;Artyom Svetlov;CC BY 4.0;https://creativecommons.org/licenses/by/4.0;0
images/real/real_b6bf2cc853.jpg;Auto_Ford_Bronco_Altufyevsky_District_Standartnaya_Street_947_77_2025-01_1737304_5f66977c.jpg;File:Auto Ford Bronco Altufyevsky District Standartnaya Street Х947АС77 2025-01 1737304846.tif;https://commons.wikimedia.org/wiki/File%3AAuto_Ford_Bronco_Altufyevsky_District_Standartnaya_Street_%D0%A5947%D0%90%D0%A177_2025-01_1737304846.tif;Artyom Svetlov;CC BY 4.0;https://creativecommons.org/licenses/by/4.0;0
images/real/real_c6a8206988.jpg;Auto_Ford_Transit_2019_Basmanny_District_Novobasmanny_overpass_037_799_2024-04_1_b8f580dd.jpg;File:Auto Ford Transit (2019) Basmanny District Novobasmanny overpass Х037ХН799 2024-04 1713870291.jpg;https://commons.wikimedia.org/wiki/File%3AAuto_Ford_Transit_%282019%29_Basmanny_District_Novobasmanny_overpass_%D0%A5037%D0%A5%D0%9D799_2024-04_1713870291.jpg;Artyom Svetlov;CC BY 4.0;https://creativecommons.org/licenses/by/4.0;0
images/real/real_70cea293aa.jpg;Auto_GAZ-24-02_Volga_Elektrostal_Proezd_Chernyshevskogo_304_790_2024-10_17288259_1495531d.jpg;File:Auto GAZ-24-02 Volga Elektrostal Proezd Chernyshevskogo С304ТУ790 2024-10 1728825908.jpg;https://commons.wikimedia.org/wiki/File%3AAuto_GAZ-24-02_Volga_Elektrostal_Proezd_Chernyshevskogo_%D0%A1304%D0%A2%D0%A3790_2024-10_1728825908.jpg;Artyom Svetlov;CC BY 4.0;https://creativecommons.org/licenses/by/4.0;0
images/real/real_2ad494a96c.jpg;Auto_GAZ-24_Moscow_Bolshaya_Ostroumovskaya_street_508_97_2025-02_142_25c56be6.jpg;File:Auto GAZ-24 Moscow Bolshaya Ostroumovskaya street В508НВ97 2025-02 142.jpg;https://commons.wikimedia.org/wiki/File%3AAuto_GAZ-24_Moscow_Bolshaya_Ostroumovskaya_street_%D0%92508%D0%9D%D0%9297_2025-02_142.jpg;Artyom Svetlov;CC BY 4.0;https://creativecommons.org/licenses/by/4.0;0
images/real/real_efb2f696a6.jpg;Auto_GAZ-24_Moscow_Bolshaya_Ostroumovskaya_street_508_97_2025-02_146_2e14923d.jpg;File:Auto GAZ-24 Moscow Bolshaya Ostroumovskaya street В508НВ97 2025-02 146.jpg;https://commons.wikimedia.org/wiki/File%3AAuto_GAZ-24_Moscow_Bolshaya_Ostroumovskaya_street_%D0%92508%D0%9D%D0%9297_2025-02_146.jpg;Artyom Svetlov;CC BY 4.0;https://creativecommons.org/licenses/by/4.0;0
images/real/real_2fff6197ce.jpg;Auto_GAZ-24_Moscow_Stromynka_Street_227_977_2026-08_1786893273_ed1ce0fe.jpg;File:Auto GAZ-24 Moscow Stromynka Street А227КЕ977 2026-08 1786893273.JPG;https://commons.wikimedia.org/wiki/File%3AAuto_GAZ-24_Moscow_Stromynka_Street_%D0%90227%D0%9A%D0%95977_2026-08_1786893273.JPG;Artyom Svetlov;CC BY 4.0;https://creativecommons.org/licenses/by/4.0;0
images/real/real_1beb790fa4.jpg;Auto_GAZ-2705_Ramenskoye_settlement_Ramenskoye_716_50_2024-04_1714412057_84f310bf.jpg;File:Auto GAZ-2705 Ramenskoye settlement Ramenskoye Н716ХК50 2024-04 1714412057.jpg;https://commons.wikimedia.org/wiki/File%3AAuto_GAZ-2705_Ramenskoye_settlement_Ramenskoye_%D0%9D716%D0%A5%D0%9A50_2024-04_1714412057.jpg;Artyom Svetlov;CC BY 4.0;https://creativecommons.org/licenses/by/4.0;0
images/real/real_1ebe469897.jpg;Auto_GAZ-2705_Ramenskoye_settlement_Ramenskoye_716_50_2024-04_1714412093_62256b8a.jpg;File:Auto GAZ-2705 Ramenskoye settlement Ramenskoye Н716ХК50 2024-04 1714412093.jpg;https://commons.wikimedia.org/wiki/File%3AAuto_GAZ-2705_Ramenskoye_settlement_Ramenskoye_%D0%9D716%D0%A5%D0%9A50_2024-04_1714412093.jpg;Artyom Svetlov;CC BY 4.0;https://creativecommons.org/licenses/by/4.0;0
images/real/real_1affa5a749.jpg;Auto_GAZ-31029_Vidnoye_Leninsky_Komsomol_avenue_203_50_2024-11_1732359518_c2a755e4.jpg;File:Auto GAZ-31029 Vidnoye Leninsky Komsomol avenue В203КА50 2024-11 1732359518.jpg;https://commons.wikimedia.org/wiki/File%3AAuto_GAZ-31029_Vidnoye_Leninsky_Komsomol_avenue_%D0%92203%D0%9A%D0%9050_2024-11_1732359518.jpg;Artyom Svetlov;CC BY 4.0;https://creativecommons.org/licenses/by/4.0;0
images/real/real_095b8fec65.jpg;Auto_GAZ-3110_Vidnoye_Sovetskaya_street_433_790_2024-11_1732367875_7ad79bc8.jpg;File:Auto GAZ-3110 Vidnoye Sovetskaya street Х433РА790 2024-11 1732367875.jpg;https://commons.wikimedia.org/wiki/File%3AAuto_GAZ-3110_Vidnoye_Sovetskaya_street_%D0%A5433%D0%A0%D0%90790_2024-11_1732367875.jpg;Artyom Svetlov;CC BY 4.0;https://creativecommons.org/licenses/by/4.0;0
images/real/real_a56dd3050c.jpg;Auto_GAZ-53_Saint_Petersburg_Obvodny_Canal_Embankment_084_198_2025-03_665_2535073c.jpg;File:Auto GAZ-53 Saint Petersburg Obvodny Canal Embankment Х084АЕ198 2025-03 665.JPG;https://commons.wikimedia.org/wiki/File%3AAuto_GAZ-53_Saint_Petersburg_Obvodny_Canal_Embankment_%D0%A5084%D0%90%D0%95198_2025-03_665.JPG;Artyom Svetlov;CC BY 4.0;https://creativecommons.org/licenses/by/4.0;0
images/real/real_45985685db.jpg;Auto_GAZ-53_Saint_Petersburg_Obvodny_Canal_Embankment_084_198_2025-03_667_d82ea112.jpg;File:Auto GAZ-53 Saint Petersburg Obvodny Canal Embankment Х084АЕ198 2025-03 667.JPG;https://commons.wikimedia.org/wiki/File%3AAuto_GAZ-53_Saint_Petersburg_Obvodny_Canal_Embankment_%D0%A5084%D0%90%D0%95198_2025-03_667.JPG;Artyom Svetlov;CC BY 4.0;https://creativecommons.org/licenses/by/4.0;0
images/real/real_11de2bef79.jpg;Auto_GAZ-66_Silino_District_Mosgortrans_Alabushevo_vehicle_collection_583_99_202_77476754.jpg;File:Auto GAZ-66 Silino District Mosgortrans Alabushevo vehicle collection В583ЕР99 2024-10 1728740286.jpg;https://commons.wikimedia.org/wiki/File%3AAuto_GAZ-66_Silino_District_Mosgortrans_Alabushevo_vehicle_collection_%D0%92583%D0%95%D0%A099_2024-10_1728740286.jpg;Artyom Svetlov;CC BY 4.0;https://creativecommons.org/licenses/by/4.0;0
images/real/real_7ab2b19e0f.jpg;Auto_GAZ-66_Silino_District_Mosgortrans_Alabushevo_vehicle_collection_583_99_202_d7146188.jpg;File:Auto GAZ-66 Silino District Mosgortrans Alabushevo vehicle collection В583ЕР99 2024-10 1728740307.jpg;https://commons.wikimedia.org/wiki/File%3AAuto_GAZ-66_Silino_District_Mosgortrans_Alabushevo_vehicle_collection_%D0%92583%D0%95%D0%A099_2024-10_1728740307.jpg;Artyom Svetlov;CC BY 4.0;https://creativecommons.org/licenses/by/4.0;0
images/real/real_ab861d0447.jpg;Auto_GAZ_3307_Silino_District_Mosgortrans_Alabushevo_vehicle_collection_794_77_2_aab5f671.jpg;File:Auto GAZ 3307 Silino District Mosgortrans Alabushevo vehicle collection Т794РХ77 2024-10 1728739861.jpg;https://commons.wikimedia.org/wiki/File%3AAuto_GAZ_3307_Silino_District_Mosgortrans_Alabushevo_vehicle_collection_%D0%A2794%D0%A0%D0%A577_2024-10_1728739861.jpg;Artyom Svetlov;CC BY 4.0;https://creativecommons.org/licenses/by/4.0;0
images/real/real_41b5173967.jpg;Auto_GAZ_3307_Silino_District_Mosgortrans_Alabushevo_vehicle_collection_794_77_2_b3cb42c8.jpg;File:Auto GAZ 3307 Silino District Mosgortrans Alabushevo vehicle collection Т794РХ77 2024-10 1728739862.jpg;https://commons.wikimedia.org/wiki/File%3AAuto_GAZ_3307_Silino_District_Mosgortrans_Alabushevo_vehicle_collection_%D0%A2794%D0%A0%D0%A577_2024-10_1728739862.jpg;Artyom Svetlov;CC BY 4.0;https://creativecommons.org/licenses/by/4.0;0
images/real/real_de597fef64.jpg;Auto_GAZ_3307_Silino_District_Mosgortrans_Alabushevo_vehicle_collection_795_77_2_b6a280d8.jpg;File:Auto GAZ 3307 Silino District Mosgortrans Alabushevo vehicle collection Т795РХ77 2024-10 1728739903.jpg;https://commons.wikimedia.org/wiki/File%3AAuto_GAZ_3307_Silino_District_Mosgortrans_Alabushevo_vehicle_collection_%D0%A2795%D0%A0%D0%A577_2024-10_1728739903.jpg;Artyom Svetlov;CC BY 4.0;https://creativecommons.org/licenses/by/4.0;0
images/real/real_1b14604432.jpg;Auto_GAZelle_Moscow_Varshavskoye_Highway_554_73_2025-04_026_be55085e.jpg;File:Auto GAZelle Moscow Varshavskoye Highway Р554ВВ73 2025-04 026.JPG;https://commons.wikimedia.org/wiki/File%3AAuto_GAZelle_Moscow_Varshavskoye_Highway_%D0%A0554%D0%92%D0%9273_2025-04_026.JPG;Artyom Svetlov;CC BY 4.0;https://creativecommons.org/licenses/by/4.0;0
images/real/real_d7fb69cae4.jpg;Auto_GAZelle_NEXT_Moscow_Letchika_Babushkina_Street_946_161_2024-10_141_8d493141.jpg;File:Auto GAZelle NEXT Moscow Letchika Babushkina Street М946ТЕ161 2024-10 141.JPG;https://commons.wikimedia.org/wiki/File%3AAuto_GAZelle_NEXT_Moscow_Letchika_Babushkina_Street_%D0%9C946%D0%A2%D0%95161_2024-10_141.JPG;Artyom Svetlov;CC BY 4.0;https://creativecommons.org/licenses/by/4.0;1
images/real/real_4caf76d814.jpg;Auto_GAZon_NEXT_Maryino_District_Myachkovsky_boulevard_449_799_2024-11_173073588_be5ff4ba.jpg;File:Auto GAZon NEXT Maryino District Myachkovsky boulevard А449ОЕ799 2024-11 1730735889.JPG;https://commons.wikimedia.org/wiki/File%3AAuto_GAZon_NEXT_Maryino_District_Myachkovsky_boulevard_%D0%90449%D0%9E%D0%95799_2024-11_1730735889.JPG;Artyom Svetlov;CC BY 4.0;https://creativecommons.org/licenses/by/4.0;0
images/real/real_901cf670c1.jpg;Auto_GAZon_NEXT_Maryino_District_Myachkovsky_boulevard_449_799_2024-11_173073589_9350b535.jpg;File:Auto GAZon NEXT Maryino District Myachkovsky boulevard А449ОЕ799 2024-11 1730735897.JPG;https://commons.wikimedia.org/wiki/File%3AAuto_GAZon_NEXT_Maryino_District_Myachkovsky_boulevard_%D0%90449%D0%9E%D0%95799_2024-11_1730735897.JPG;Artyom Svetlov;CC BY 4.0;https://creativecommons.org/licenses/by/4.0;0
images/real/real_5249c7364d.jpg;Auto_Great_Wall_Safe_Moscow_Chelyabinskaya_Street_2025-09_171_cf80c072.jpg;File:Auto Great Wall Safe Moscow Chelyabinskaya Street 2025-09 171.jpg;https://commons.wikimedia.org/wiki/File%3AAuto_Great_Wall_Safe_Moscow_Chelyabinskaya_Street_2025-09_171.jpg;Artyom Svetlov;CC BY 4.0;https://creativecommons.org/licenses/by/4.0;0
images/real/real_31b1b03319.jpg;Auto_Izh_2126_Moscow_Kavkazsky_Boulevard_022_97_2025-03_08049_04a33b9d.jpg;File:Auto Izh 2126 Moscow Kavkazsky Boulevard М022ЕО97 2025-03 08049.jpg;https://commons.wikimedia.org/wiki/File%3AAuto_Izh_2126_Moscow_Kavkazsky_Boulevard_%D0%9C022%D0%95%D0%9E97_2025-03_08049.jpg;Artyom Svetlov;CC BY 4.0;https://creativecommons.org/licenses/by/4.0;0
images/real/real_6ed075a9ce.jpg;Auto_Izh_2715_Moscow_Bibip-Bibop_2026_259_790_2026-07_198_b9dab09e.jpg;File:Auto Izh 2715 Moscow Bibip-Bibop 2026 В259КЕ790 2026-07 198.JPG;https://commons.wikimedia.org/wiki/File%3AAuto_Izh_2715_Moscow_Bibip-Bibop_2026_%D0%92259%D0%9A%D0%95790_2026-07_198.JPG;Artyom Svetlov;CC BY 4.0;https://creativecommons.org/licenses/by/4.0;2
images/real/real_d0efceaa42.jpg;Auto_Izh_Comby_Moscow_Bolotnikovskaya_Street_913_977_2025-02_1092_4aa73f89.jpg;File:Auto Izh Comby Moscow Bolotnikovskaya Street Е913ВМ977 2025-02 1092.JPG;https://commons.wikimedia.org/wiki/File%3AAuto_Izh_Comby_Moscow_Bolotnikovskaya_Street_%D0%95913%D0%92%D0%9C977_2025-02_1092.JPG;Artyom Svetlov;CC BY 4.0;https://creativecommons.org/licenses/by/4.0;0
images/real/real_539237f778.jpg;Auto_Izh_Comby_Moscow_Bolotnikovskaya_Street_913_977_2025-02_1095_d589fa50.jpg;File:Auto Izh Comby Moscow Bolotnikovskaya Street Е913ВМ977 2025-02 1095.JPG;https://commons.wikimedia.org/wiki/File%3AAuto_Izh_Comby_Moscow_Bolotnikovskaya_Street_%D0%95913%D0%92%D0%9C977_2025-02_1095.JPG;Artyom Svetlov;CC BY 4.0;https://creativecommons.org/licenses/by/4.0;0
images/real/real_921de38929.jpg;Auto_Izh_Comby_Moscow_Bolotnikovskaya_Street_913_977_2025-02_811_dffa3ea7.jpg;File:Auto Izh Comby Moscow Bolotnikovskaya Street Е913ВМ977 2025-02 811.JPG;https://commons.wikimedia.org/wiki/File%3AAuto_Izh_Comby_Moscow_Bolotnikovskaya_Street_%D0%95913%D0%92%D0%9C977_2025-02_811.JPG;Artyom Svetlov;CC BY 4.0;https://creativecommons.org/licenses/by/4.0;0
images/real/real_024dda3562.jpg;Auto_Jeep_Grand_Cherokee_Elektrostal_Karla_Marksa_Street_30A_Elektrostal_476_197_687bf6fb.jpg;File:Auto Jeep Grand Cherokee Elektrostal Karla Marksa Street 30A, Elektrostal Н476УС197 2024-10 1728831464.jpg;https://commons.wikimedia.org/wiki/File%3AAuto_Jeep_Grand_Cherokee_Elektrostal_Karla_Marksa_Street_30A%2C_Elektrostal_%D0%9D476%D0%A3%D0%A1197_2024-10_1728831464.jpg;Artyom Svetlov;CC BY 4.0;https://creativecommons.org/licenses/by/4.0;0
images/real/real_fcc99d7c3e.jpg;Auto_KamAZ-43253_Moscow_Przhevalskogo_street_2024-12_009_7ac213f6.tif;File:Auto KamAZ-43253 Moscow Przhevalskogo street 2024-12 009.tif;https://commons.wikimedia.org/wiki/File%3AAuto_KamAZ-43253_Moscow_Przhevalskogo_street_2024-12_009.tif;Artyom Svetlov;CC BY 4.0;https://creativecommons.org/licenses/by/4.0;1
images/real/real_ecddcbab13.jpg;Auto_KamAZ-65115_Vidnoye_Sovetskaya_street_745_790_2024-11_1732364548_c00e8b61.jpg;File:Auto KamAZ-65115 Vidnoye Sovetskaya street Н745МУ790 2024-11 1732364548.jpg;https://commons.wikimedia.org/wiki/File%3AAuto_KamAZ-65115_Vidnoye_Sovetskaya_street_%D0%9D745%D0%9C%D0%A3790_2024-11_1732364548.jpg;Artyom Svetlov;CC BY 4.0;https://creativecommons.org/licenses/by/4.0;1
images/real/real_7ace2a4403.jpg;Auto_KrAZ-6444_Silino_District_Mosgortrans_Alabushevo_vehicle_collection_538_977_104bcbfc.jpg;File:Auto KrAZ-6444 Silino District Mosgortrans Alabushevo vehicle collection В538АТ977 2024-10 1728739988.jpg;https://commons.wikimedia.org/wiki/File%3AAuto_KrAZ-6444_Silino_District_Mosgortrans_Alabushevo_vehicle_collection_%D0%92538%D0%90%D0%A2977_2024-10_1728739988.jpg;Artyom Svetlov;CC BY 4.0;https://creativecommons.org/licenses/by/4.0;0
images/real/real_f953806ce2.jpg;Auto_KrAZ-6444_Silino_District_Mosgortrans_Alabushevo_vehicle_collection_538_977_a3115310.jpg;File:Auto KrAZ-6444 Silino District Mosgortrans Alabushevo vehicle collection В538АТ977 2024-10 1728740017.jpg;https://commons.wikimedia.org/wiki/File%3AAuto_KrAZ-6444_Silino_District_Mosgortrans_Alabushevo_vehicle_collection_%D0%92538%D0%90%D0%A2977_2024-10_1728740017.jpg;Artyom Svetlov;CC BY 4.0;https://creativecommons.org/licenses/by/4.0;0
images/real/real_64a9d17717.jpg;Auto_KrAZ-6444_Silino_District_Mosgortrans_Alabushevo_vehicle_collection_538_977_ebbb658c.jpg;File:Auto KrAZ-6444 Silino District Mosgortrans Alabushevo vehicle collection В538АТ977 2024-10 1728739962.jpg;https://commons.wikimedia.org/wiki/File%3AAuto_KrAZ-6444_Silino_District_Mosgortrans_Alabushevo_vehicle_collection_%D0%92538%D0%90%D0%A2977_2024-10_1728739962.jpg;Artyom Svetlov;CC BY 4.0;https://creativecommons.org/licenses/by/4.0;0
images/real/real_65819113c5.jpg;Auto_Lada_Samara_Moscow_Volgogradsky_Prospekt_095_799_2025-03_1742667612_06979c64.jpg;File:Auto Lada Samara Moscow Volgogradsky Prospekt Р095РС799 2025-03 1742667612.JPG;https://commons.wikimedia.org/wiki/File%3AAuto_Lada_Samara_Moscow_Volgogradsky_Prospekt_%D0%A0095%D0%A0%D0%A1799_2025-03_1742667612.JPG;Artyom Svetlov;CC BY 4.0;https://creativecommons.org/licenses/by/4.0;0
images/real/real_ea85eff90f.jpg;Auto_MAZ-5337_Moscow_Danilovskaya_Manufaktura_tram_loop_115_977_2025-04_029_a7e97f75.jpg;File:Auto MAZ-5337 Moscow Danilovskaya Manufaktura tram loop Н115ЕР977 2025-04 029.JPG;https://commons.wikimedia.org/wiki/File%3AAuto_MAZ-5337_Moscow_Danilovskaya_Manufaktura_tram_loop_%D0%9D115%D0%95%D0%A0977_2025-04_029.JPG;Artyom Svetlov;CC BY 4.0;https://creativecommons.org/licenses/by/4.0;9
images/real/real_360f73ec7d.jpg;Auto_MAZ-5337_Silino_District_Mosgortrans_Alabushevo_vehicle_collection_297_177__9dd84cd3.jpg;File:Auto MAZ-5337 Silino District Mosgortrans Alabushevo vehicle collection Е297МА177 2024-10 1728739909.jpg;https://commons.wikimedia.org/wiki/File%3AAuto_MAZ-5337_Silino_District_Mosgortrans_Alabushevo_vehicle_collection_%D0%95297%D0%9C%D0%90177_2024-10_1728739909.jpg;Artyom Svetlov;CC BY 4.0;https://creativecommons.org/licenses/by/4.0;0
images/real/real_4d105d4572.jpg;Auto_Mercedes-Benz_TN_Moscow_Kominterna_Street_022_178_2024-10_042_08bd3bdc.jpg;File:Auto Mercedes-Benz TN Moscow Kominterna Street Р022ТМ178 2024-10 042.JPG;https://commons.wikimedia.org/wiki/File%3AAuto_Mercedes-Benz_TN_Moscow_Kominterna_Street_%D0%A0022%D0%A2%D0%9C178_2024-10_042.JPG;Artyom Svetlov;CC BY 4.0;https://creativecommons.org/licenses/by/4.0;0
images/real/real_93bae27121.jpg;Auto_Mercedes-Benz_TN_Moscow_Kominterna_Street_022_178_2024-10_062_6f296231.jpg;File:Auto Mercedes-Benz TN Moscow Kominterna Street Р022ТМ178 2024-10 062.JPG;https://commons.wikimedia.org/wiki/File%3AAuto_Mercedes-Benz_TN_Moscow_Kominterna_Street_%D0%A0022%D0%A2%D0%9C178_2024-10_062.JPG;Artyom Svetlov;CC BY 4.0;https://creativecommons.org/licenses/by/4.0;0
images/real/real_7e9a93a5e1.jpg;Auto_Mercedes-Benz_TN_Moscow_Kominterna_Street_022_178_2024-10_090_235bbb3d.jpg;File:Auto Mercedes-Benz TN Moscow Kominterna Street Р022ТМ178 2024-10 090.JPG;https://commons.wikimedia.org/wiki/File%3AAuto_Mercedes-Benz_TN_Moscow_Kominterna_Street_%D0%A0022%D0%A2%D0%9C178_2024-10_090.JPG;Artyom Svetlov;CC BY 4.0;https://creativecommons.org/licenses/by/4.0;0
images/real/real_6805722b55.jpg;Auto_Mercedes-Benz_TN_Moscow_Kominterna_Street_022_178_2024-10_099_975ef901.jpg;File:Auto Mercedes-Benz TN Moscow Kominterna Street Р022ТМ178 2024-10 099.JPG;https://commons.wikimedia.org/wiki/File%3AAuto_Mercedes-Benz_TN_Moscow_Kominterna_Street_%D0%A0022%D0%A2%D0%9C178_2024-10_099.JPG;Artyom Svetlov;CC BY 4.0;https://creativecommons.org/licenses/by/4.0;0
images/real/real_a4f85d2e4f.jpg;Auto_Mercedes-Benz_TN_Moscow_Kominterna_Street_022_178_2024-10_103_e9f376fd.jpg;File:Auto Mercedes-Benz TN Moscow Kominterna Street Р022ТМ178 2024-10 103.JPG;https://commons.wikimedia.org/wiki/File%3AAuto_Mercedes-Benz_TN_Moscow_Kominterna_Street_%D0%A0022%D0%A2%D0%9C178_2024-10_103.JPG;Artyom Svetlov;CC BY 4.0;https://creativecommons.org/licenses/by/4.0;0
images/real/real_87dd4937bc.jpg;Auto_Mercedes-Benz_W123_Moscow_Medikov_Street_22_k3_Moscow_690_777_2025-03_048_5702c19b.jpg;File:Auto Mercedes-Benz W123 Moscow Medikov Street 22 k3, Moscow В690ТЕ777 2025-03 048.jpg;https://commons.wikimedia.org/wiki/File%3AAuto_Mercedes-Benz_W123_Moscow_Medikov_Street_22_k3%2C_Moscow_%D0%92690%D0%A2%D0%95777_2025-03_048.jpg;Artyom Svetlov;CC BY 4.0;https://creativecommons.org/licenses/by/4.0;0
images/real/real_5f4eeb39f0.jpg;Auto_Mercedes-Benz_W123_Moscow_Medikov_Street_690_777_2025-03_055_361d49f2.jpg;File:Auto Mercedes-Benz W123 Moscow Medikov Street В690ТЕ777 2025-03 055.JPG;https://commons.wikimedia.org/wiki/File%3AAuto_Mercedes-Benz_W123_Moscow_Medikov_Street_%D0%92690%D0%A2%D0%95777_2025-03_055.JPG;Artyom Svetlov;CC BY 4.0;https://creativecommons.org/licenses/by/4.0;0
images/real/real_2fd0f67f15.jpg;Auto_Merkur_Scorpio_Perovo_District_Zelyony_Prospekt_141_797_2025-02_1738418919__9f2b5c2a.jpg;File:Auto Merkur Scorpio Perovo District Zelyony Prospekt А141ТХ797 2025-02 1738418919 022.tif;https://commons.wikimedia.org/wiki/File%3AAuto_Merkur_Scorpio_Perovo_District_Zelyony_Prospekt_%D0%90141%D0%A2%D0%A5797_2025-02_1738418919_022.tif;Artyom Svetlov;CC BY 4.0;https://creativecommons.org/licenses/by/4.0;0
images/real/real_7aab3765c9.jpg;Auto_Moskvich-412-028_Izh_Bolotnikovskaya_Street_53_Moscow_Bolotnikovskaya_Stree_2079a63c.jpg;File:Auto Moskvich-412-028 (Izh) Bolotnikovskaya Street 53, Moscow Bolotnikovskaya Street 53, Moscow Р193СС177 2025-02 944.JPG;https://commons.wikimedia.org/wiki/File%3AAuto_Moskvich-412-028_%28Izh%29_Bolotnikovskaya_Street_53%2C_Moscow_Bolotnikovskaya_Street_53%2C_Moscow_%D0%A0193%D0%A1%D0%A1177_2025-02_944.JPG;Artyom Svetlov;CC BY 4.0;https://creativecommons.org/licenses/by/4.0;0
images/real/real_fa7daecc46.jpg;Auto_Moskvich-412-028_Izh_Bolotnikovskaya_Street_53_Moscow_Bolotnikovskaya_Stree_c86e3402.jpg;File:Auto Moskvich-412-028 (Izh) Bolotnikovskaya Street 53, Moscow Bolotnikovskaya Street 53, Moscow Р193СС177 2025-02 943.JPG;https://commons.wikimedia.org/wiki/File%3AAuto_Moskvich-412-028_%28Izh%29_Bolotnikovskaya_Street_53%2C_Moscow_Bolotnikovskaya_Street_53%2C_Moscow_%D0%A0193%D0%A1%D0%A1177_2025-02_943.JPG;Artyom Svetlov;CC BY 4.0;https://creativecommons.org/licenses/by/4.0;0
images/real/real_99eeb8a360.jpg;Auto_Moskvich-412-028_Izh_Bolotnikovskaya_Street_53_Moscow_Bolotnikovskaya_Stree_e079b90f.jpg;File:Auto Moskvich-412-028 (Izh) Bolotnikovskaya Street 53, Moscow Bolotnikovskaya Street 53, Moscow Р193СС177 2025-02 1141.JPG;https://commons.wikimedia.org/wiki/File%3AAuto_Moskvich-412-028_%28Izh%29_Bolotnikovskaya_Street_53%2C_Moscow_Bolotnikovskaya_Street_53%2C_Moscow_%D0%A0193%D0%A1%D0%A1177_2025-02_1141.JPG;Artyom Svetlov;CC BY 4.0;https://creativecommons.org/licenses/by/4.0;0
images/real/real_b7165fb0ae.jpg;Auto_Moskvich-412-028_Izh_Silino_District_Prospekt_Generala_Alekseeva_579_197_20_f8d7732e.jpg;File:Auto Moskvich-412-028 (Izh) Silino District Prospekt Generala Alekseeva К579НН197 2024-10 1728748125.jpg;https://commons.wikimedia.org/wiki/File%3AAuto_Moskvich-412-028_%28Izh%29_Silino_District_Prospekt_Generala_Alekseeva_%D0%9A579%D0%9D%D0%9D197_2024-10_1728748125.jpg;Artyom Svetlov;CC BY 4.0;https://creativecommons.org/licenses/by/4.0;0
images/real/real_c1a0944e5a.jpg;Auto_Moskvich_2141_Moscow_Perekopskaya_Street_072_77_2025-03_08316_c09a2ff6.jpg;File:Auto Moskvich 2141 Moscow Perekopskaya Street Х072ХН77 2025-03 08316.JPG;https://commons.wikimedia.org/wiki/File%3AAuto_Moskvich_2141_Moscow_Perekopskaya_Street_%D0%A5072%D0%A5%D0%9D77_2025-03_08316.JPG;Artyom Svetlov;CC BY 4.0;https://creativecommons.org/licenses/by/4.0;0
images/real/real_445b5a7abe.jpg;Auto_Moskvich_2141_Moscow_Perekopskaya_Street_072_77_2025-03_08318_d0dcc96a.jpg;File:Auto Moskvich 2141 Moscow Perekopskaya Street Х072ХН77 2025-03 08318.JPG;https://commons.wikimedia.org/wiki/File%3AAuto_Moskvich_2141_Moscow_Perekopskaya_Street_%D0%A5072%D0%A5%D0%9D77_2025-03_08318.JPG;Artyom Svetlov;CC BY 4.0;https://creativecommons.org/licenses/by/4.0;0
images/real/real_cb761019a8.jpg;Auto_Moskvich_403_Moscow_Novaya_Basmannaya_Street_403_977_2026-05_1779392760_76dd9325.jpg;File:Auto Moskvich 403 Moscow Novaya Basmannaya Street С403ОО977 2026-05 1779392760.JPG;https://commons.wikimedia.org/wiki/File%3AAuto_Moskvich_403_Moscow_Novaya_Basmannaya_Street_%D0%A1403%D0%9E%D0%9E977_2026-05_1779392760.JPG;Artyom Svetlov;CC BY 4.0;https://creativecommons.org/licenses/by/4.0;2
images/real/real_3596273110.jpg;Auto_Moskvich_403_Moscow_Novaya_Basmannaya_Street_403_977_2026-05_1779392763_e93f8be7.jpg;File:Auto Moskvich 403 Moscow Novaya Basmannaya Street С403ОО977 2026-05 1779392763.JPG;https://commons.wikimedia.org/wiki/File%3AAuto_Moskvich_403_Moscow_Novaya_Basmannaya_Street_%D0%A1403%D0%9E%D0%9E977_2026-05_1779392763.JPG;Artyom Svetlov;CC BY 4.0;https://creativecommons.org/licenses/by/4.0;5
images/real/real_f087d1f173.jpg;Auto_Moskvich_403_Moscow_Novaya_Basmannaya_Street_403_977_2026-05_1779392772_dc4f4d8c.jpg;File:Auto Moskvich 403 Moscow Novaya Basmannaya Street С403ОО977 2026-05 1779392772.JPG;https://commons.wikimedia.org/wiki/File%3AAuto_Moskvich_403_Moscow_Novaya_Basmannaya_Street_%D0%A1403%D0%9E%D0%9E977_2026-05_1779392772.JPG;Artyom Svetlov;CC BY 4.0;https://creativecommons.org/licenses/by/4.0;2
images/real/real_a6e61224c8.jpg;Auto_Moskvitch_2140_Silino_District_Prospekt_Generala_Alekseeva_4691_2024-10_172_1d6af49b.jpg;File:Auto Moskvitch 2140 Silino District Prospekt Generala Alekseeva В4691КС 2024-10 1728749750.jpg;https://commons.wikimedia.org/wiki/File%3AAuto_Moskvitch_2140_Silino_District_Prospekt_Generala_Alekseeva_%D0%924691%D0%9A%D0%A1_2024-10_1728749750.jpg;Artyom Svetlov;CC BY 4.0;https://creativecommons.org/licenses/by/4.0;0
images/real/real_ad42285285.jpg;Auto_Moskvitch_2140_Silino_District_Prospekt_Generala_Alekseeva_4691_2024-10_172_771a92b0.jpg;File:Auto Moskvitch 2140 Silino District Prospekt Generala Alekseeva В4691КС 2024-10 1728749714.jpg;https://commons.wikimedia.org/wiki/File%3AAuto_Moskvitch_2140_Silino_District_Prospekt_Generala_Alekseeva_%D0%924691%D0%9A%D0%A1_2024-10_1728749714.jpg;Artyom Svetlov;CC BY 4.0;https://creativecommons.org/licenses/by/4.0;0
images/real/real_f39fb5a282.jpg;Auto_Moskvitch_3_Moscow_Erevanskaya_street_2025-03_135_fdced52c.jpg;File:Auto Moskvitch 3 Moscow Erevanskaya street 2025-03 135.jpg;https://commons.wikimedia.org/wiki/File%3AAuto_Moskvitch_3_Moscow_Erevanskaya_street_2025-03_135.jpg;Artyom Svetlov;CC BY 4.0;https://creativecommons.org/licenses/by/4.0;1
images/real/real_2a9df18ad5.jpg;Auto_Moskvitch_408_Moscow_Malygina_Street_130_99_2024-10_248_3b8bbe6c.jpg;File:Auto Moskvitch 408 Moscow Malygina Street К130НО99 2024-10 248.JPG;https://commons.wikimedia.org/wiki/File%3AAuto_Moskvitch_408_Moscow_Malygina_Street_%D0%9A130%D0%9D%D0%9E99_2024-10_248.JPG;Artyom Svetlov;CC BY 4.0;https://creativecommons.org/licenses/by/4.0;1
images/real/real_fcd8865f41.jpg;Auto_Moskvitch_408_Moscow_Malygina_Street_130_99_2024-10_270_167744f8.jpg;File:Auto Moskvitch 408 Moscow Malygina Street К130НО99 2024-10 270.JPG;https://commons.wikimedia.org/wiki/File%3AAuto_Moskvitch_408_Moscow_Malygina_Street_%D0%9A130%D0%9D%D0%9E99_2024-10_270.JPG;Artyom Svetlov;CC BY 4.0;https://creativecommons.org/licenses/by/4.0;0
images/real/real_4cdc0f2522.jpg;Auto_Nissan_Leopard_Elektrostal_Alley_on_Lenin_Avenue_474_190_2024-10_1728826212_5f3ee3e6.jpg;File:Auto Nissan Leopard Elektrostal Alley on Lenin Avenue Е474УР190 2024-10 1728826212.jpg;https://commons.wikimedia.org/wiki/File%3AAuto_Nissan_Leopard_Elektrostal_Alley_on_Lenin_Avenue_%D0%95474%D0%A3%D0%A0190_2024-10_1728826212.jpg;Artyom Svetlov;CC BY 4.0;https://creativecommons.org/licenses/by/4.0;2
images/real/real_dde2a2e8d7.jpg;Auto_Nissan_Leopard_Elektrostal_Alley_on_Lenin_Avenue_474_190_2024-10_1728826227_c1ad21f8.jpg;File:Auto Nissan Leopard Elektrostal Alley on Lenin Avenue Е474УР190 2024-10 1728826227.jpg;https://commons.wikimedia.org/wiki/File%3AAuto_Nissan_Leopard_Elektrostal_Alley_on_Lenin_Avenue_%D0%95474%D0%A3%D0%A0190_2024-10_1728826227.jpg;Artyom Svetlov;CC BY 4.0;https://creativecommons.org/licenses/by/4.0;0
images/real/real_58ca67c4d7.jpg;Auto_Nissan_Skyline_Elektrostal_Alley_on_Lenin_Avenue_464_150_2024-10_1728826213_6eae861c.jpg;File:Auto Nissan Skyline Elektrostal Alley on Lenin Avenue Т464ТЕ150 2024-10 1728826213.jpg;https://commons.wikimedia.org/wiki/File%3AAuto_Nissan_Skyline_Elektrostal_Alley_on_Lenin_Avenue_%D0%A2464%D0%A2%D0%95150_2024-10_1728826213.jpg;Artyom Svetlov;CC BY 4.0;https://creativecommons.org/licenses/by/4.0;0
images/real/real_83fb628d98.jpg;Auto_Nissan_Skyline_Elektrostal_Alley_on_Lenin_Avenue_464_150_2024-10_1728826234_b0ef6f3a.jpg;File:Auto Nissan Skyline Elektrostal Alley on Lenin Avenue Т464ТЕ150 2024-10 1728826234.jpg;https://commons.wikimedia.org/wiki/File%3AAuto_Nissan_Skyline_Elektrostal_Alley_on_Lenin_Avenue_%D0%A2464%D0%A2%D0%95150_2024-10_1728826234.jpg;Artyom Svetlov;CC BY 4.0;https://creativecommons.org/licenses/by/4.0;0
images/real/real_1b40fd004d.jpg;Auto_RAF-977_Moscow_Kholzunova_Lane_2025-02_013_a30873fe.jpg;File:Auto RAF-977 Moscow Kholzunova Lane 2025-02 013.jpg;https://commons.wikimedia.org/wiki/File%3AAuto_RAF-977_Moscow_Kholzunova_Lane_2025-02_013.jpg;Artyom Svetlov;CC BY 4.0;https://creativecommons.org/licenses/by/4.0;0
images/real/real_955c0f7b76.jpg;Auto_RAF-977_Moscow_Kholzunova_Lane_2025-02_014_49d45566.jpg;File:Auto RAF-977 Moscow Kholzunova Lane 2025-02 014.jpg;https://commons.wikimedia.org/wiki/File%3AAuto_RAF-977_Moscow_Kholzunova_Lane_2025-02_014.jpg;Artyom Svetlov;CC BY 4.0;https://creativecommons.org/licenses/by/4.0;0
images/real/real_8194b0d55c.jpg;Auto_Suzuki_Alto_Ramenskoye_Krasnoarmeiskaya_street_561_790_2024-12_1735650547_4278751e.jpg;File:Auto Suzuki Alto Ramenskoye Krasnoarmeiskaya street С561АУ790 2024-12 1735650547.JPG;https://commons.wikimedia.org/wiki/File%3AAuto_Suzuki_Alto_Ramenskoye_Krasnoarmeiskaya_street_%D0%A1561%D0%90%D0%A3790_2024-12_1735650547.JPG;Artyom Svetlov;CC BY 4.0;https://creativecommons.org/licenses/by/4.0;2
images/real/real_9e0b9a043f.jpg;Auto_Toyota_Cresta_X100_Ramenskoye_settlement_Ramenskoye_648_750_2024-04_1714412_a0f3973b.jpg;File:Auto Toyota Cresta (X100) Ramenskoye settlement Ramenskoye У648ХР750 2024-04 1714412474.jpg;https://commons.wikimedia.org/wiki/File%3AAuto_Toyota_Cresta_%28X100%29_Ramenskoye_settlement_Ramenskoye_%D0%A3648%D0%A5%D0%A0750_2024-04_1714412474.jpg;Artyom Svetlov;CC BY 4.0;https://creativecommons.org/licenses/by/4.0;0
images/real/real_257ef67ddf.jpg;Auto_UAZ-452_Moscow_Proletarsky_Prospect_18_k3_Moscow_317_977_2025-03_407_b6c06d81.jpg;File:Auto UAZ-452 Moscow Proletarsky Prospect 18 k3, Moscow С317КЕ977 2025-03 407.JPG;https://commons.wikimedia.org/wiki/File%3AAuto_UAZ-452_Moscow_Proletarsky_Prospect_18_k3%2C_Moscow_%D0%A1317%D0%9A%D0%95977_2025-03_407.JPG;Artyom Svetlov;CC BY 4.0;https://creativecommons.org/licenses/by/4.0;0
images/real/real_4ead90c34a.jpg;Auto_UAZ-452_Moscow_Proletarsky_Prospect_18_k3_Moscow_317_977_2025-03_411_4455a4fa.jpg;File:Auto UAZ-452 Moscow Proletarsky Prospect 18 k3, Moscow С317КЕ977 2025-03 411.JPG;https://commons.wikimedia.org/wiki/File%3AAuto_UAZ-452_Moscow_Proletarsky_Prospect_18_k3%2C_Moscow_%D0%A1317%D0%9A%D0%95977_2025-03_411.JPG;Artyom Svetlov;CC BY 4.0;https://creativecommons.org/licenses/by/4.0;0
images/real/real_0ccf6be7e1.jpg;Auto_UAZ_Patriot_Basmanny_District_Novaya_Basmannaya_Street_232_977_2024-04_1713_5012219d.jpg;File:Auto UAZ Patriot Basmanny District Novaya Basmannaya Street Т232ВР977 2024-04 1713870930.jpg;https://commons.wikimedia.org/wiki/File%3AAuto_UAZ_Patriot_Basmanny_District_Novaya_Basmannaya_Street_%D0%A2232%D0%92%D0%A0977_2024-04_1713870930.jpg;Artyom Svetlov;CC BY 4.0;https://creativecommons.org/licenses/by/4.0;0
images/real/real_c115a6df1d.jpg;Auto_VAZ-2102_Moscow_Proletarsky_Prospect_586_197_2025-03_08015_f74107a0.jpg;File:Auto VAZ-2102 Moscow Proletarsky Prospect К586ОН197 2025-03 08015.jpg;https://commons.wikimedia.org/wiki/File%3AAuto_VAZ-2102_Moscow_Proletarsky_Prospect_%D0%9A586%D0%9E%D0%9D197_2025-03_08015.jpg;Artyom Svetlov;CC BY 4.0;https://creativecommons.org/licenses/by/4.0;0
images/real/real_de9c7e67d6.jpg;Auto_VAZ-2102_Moscow_Proletarsky_Prospect_586_197_2025-03_08016_d80cf73c.jpg;File:Auto VAZ-2102 Moscow Proletarsky Prospect К586ОН197 2025-03 08016.jpg;https://commons.wikimedia.org/wiki/File%3AAuto_VAZ-2102_Moscow_Proletarsky_Prospect_%D0%9A586%D0%9E%D0%9D197_2025-03_08016.jpg;Artyom Svetlov;CC BY 4.0;https://creativecommons.org/licenses/by/4.0;0
images/real/real_4850ab4618.jpg;Auto_VAZ-2103_Gravitatsiya_shopping_centre_Gravitatsiya_shopping_centre_2025-01__69227925.jpg;File:Auto VAZ-2103 Gravitatsiya shopping centre Gravitatsiya shopping centre 2025-01 054.JPG;https://commons.wikimedia.org/wiki/File%3AAuto_VAZ-2103_Gravitatsiya_shopping_centre_Gravitatsiya_shopping_centre_2025-01_054.JPG;Artyom Svetlov;CC BY 4.0;https://creativecommons.org/licenses/by/4.0;0
images/real/real_5d9f422ddc.jpg;Auto_VAZ-2103_Moscow_Bibip-Bibop_2026_4208_2026-07_188_6a3cc02d.jpg;File:Auto VAZ-2103 Moscow Bibip-Bibop 2026 4208МСГ 2026-07 188.JPG;https://commons.wikimedia.org/wiki/File%3AAuto_VAZ-2103_Moscow_Bibip-Bibop_2026_4208%D0%9C%D0%A1%D0%93_2026-07_188.JPG;Artyom Svetlov;CC BY 4.0;https://creativecommons.org/licenses/by/4.0;0
images/real/real_c316e51c8c.jpg;Auto_VAZ-2104_Moscow_Rudnevoy_Street_054_77_2024-10_115_fd6163e8.jpg;File:Auto VAZ-2104 Moscow Rudnevoy Street ЕЕ054ВН77 2024-10 115.JPG;https://commons.wikimedia.org/wiki/File%3AAuto_VAZ-2104_Moscow_Rudnevoy_Street_%D0%95%D0%95054%D0%92%D0%9D77_2024-10_115.JPG;Artyom Svetlov;CC BY 4.0;https://creativecommons.org/licenses/by/4.0;0
images/real/real_9072a11ec3.jpg;Auto_VAZ-2104_Moscow_Rudnevoy_Street_054_77_2024-10_116_7609ef84.jpg;File:Auto VAZ-2104 Moscow Rudnevoy Street ЕЕ054ВН77 2024-10 116.JPG;https://commons.wikimedia.org/wiki/File%3AAuto_VAZ-2104_Moscow_Rudnevoy_Street_%D0%95%D0%95054%D0%92%D0%9D77_2024-10_116.JPG;Artyom Svetlov;CC BY 4.0;https://creativecommons.org/licenses/by/4.0;0
images/real/real_e8709129f9.jpg;Auto_VAZ-2104_Moskvorechye-Saburovo_District_Kantemirovskaya_Street_2025-02_1738_7609a13e.jpg;File:Auto VAZ-2104 Moskvorechye-Saburovo District Kantemirovskaya Street 2025-02 1738497025 259.tif;https://commons.wikimedia.org/wiki/File%3AAuto_VAZ-2104_Moskvorechye-Saburovo_District_Kantemirovskaya_Street_2025-02_1738497025_259.tif;Artyom Svetlov;CC BY 4.0;https://creativecommons.org/licenses/by/4.0;2
images/real/real_01c1e0cd19.jpg;Auto_VAZ-2106_Moscow_Marshala_Rokossovskogo_Boulevard_959_799_2025-03_1742740969_3a2fefeb.jpg;File:Auto VAZ-2106 Moscow Marshala Rokossovskogo Boulevard С959УТ799 2025-03 1742740969.JPG;https://commons.wikimedia.org/wiki/File%3AAuto_VAZ-2106_Moscow_Marshala_Rokossovskogo_Boulevard_%D0%A1959%D0%A3%D0%A2799_2025-03_1742740969.JPG;Artyom Svetlov;CC BY 4.0;https://creativecommons.org/licenses/by/4.0;0
images/real/real_c015c3c5ab.jpg;Auto_VAZ-2106_Ramenskoye_Mikhalevich_street_322_33_2024-12_1735656907_d6ad6aef.jpg;File:Auto VAZ-2106 Ramenskoye Mikhalevich street Х322РУ33 2024-12 1735656907.JPG;https://commons.wikimedia.org/wiki/File%3AAuto_VAZ-2106_Ramenskoye_Mikhalevich_street_%D0%A5322%D0%A0%D0%A333_2024-12_1735656907.JPG;Artyom Svetlov;CC BY 4.0;https://creativecommons.org/licenses/by/4.0;0
images/real/real_ab6c25f2d0.jpg;Auto_Volkswagen_Beetle_Basmanny_District_Novaya_Basmannaya_Street_814_97_2025-02_08db3bd3.jpg;File:Auto Volkswagen Beetle Basmanny District Novaya Basmannaya Street М814АТ97 2025-02 1739372468.JPG;https://commons.wikimedia.org/wiki/File%3AAuto_Volkswagen_Beetle_Basmanny_District_Novaya_Basmannaya_Street_%D0%9C814%D0%90%D0%A297_2025-02_1739372468.JPG;Artyom Svetlov;CC BY 4.0;https://creativecommons.org/licenses/by/4.0;0
images/real/real_1d26fe2acb.jpg;Auto_Volvo_200_Series_Moscow_Kavkazsky_Boulevard_676_97_2025-03_08097_5f1efb32.jpg;File:Auto Volvo 200 Series Moscow Kavkazsky Boulevard Н676НК97 2025-03 08097.JPG;https://commons.wikimedia.org/wiki/File%3AAuto_Volvo_200_Series_Moscow_Kavkazsky_Boulevard_%D0%9D676%D0%9D%D0%9A97_2025-03_08097.JPG;Artyom Svetlov;CC BY 4.0;https://creativecommons.org/licenses/by/4.0;0
images/real/real_37a5cf0405.jpg;Auto_ZAZ-968M_Moscow_Sevastopolsky_prospekt_535_77_2025-03_08302_09428093.jpg;File:Auto ZAZ-968M Moscow Sevastopolsky prospekt Е535ХЕ77 2025-03 08302.JPG;https://commons.wikimedia.org/wiki/File%3AAuto_ZAZ-968M_Moscow_Sevastopolsky_prospekt_%D0%95535%D0%A5%D0%9577_2025-03_08302.JPG;Artyom Svetlov;CC BY 4.0;https://creativecommons.org/licenses/by/4.0;0
images/real/real_440e6605dd.jpg;Auto_ZAZ-968_Moscow_Selskokhozyaistvennaya_street_132_62_2024-09_055_a0479296.jpg;File:Auto ZAZ-968 Moscow Selskokhozyaistvennaya street А132ОН62 2024-09 055.jpg;https://commons.wikimedia.org/wiki/File%3AAuto_ZAZ-968_Moscow_Selskokhozyaistvennaya_street_%D0%90132%D0%9E%D0%9D62_2024-09_055.jpg;Artyom Svetlov;CC BY 4.0;https://creativecommons.org/licenses/by/4.0;1
images/real/real_d9fb719896.jpg;Auto_ZIL-4333_Silino_District_Mosgortrans_Alabushevo_vehicle_collection_552_97_2_551b6aa8.jpg;File:Auto ZIL-4333 Silino District Mosgortrans Alabushevo vehicle collection М552ТА97 2024-10 1728739931.jpg;https://commons.wikimedia.org/wiki/File%3AAuto_ZIL-4333_Silino_District_Mosgortrans_Alabushevo_vehicle_collection_%D0%9C552%D0%A2%D0%9097_2024-10_1728739931.jpg;Artyom Svetlov;CC BY 4.0;https://creativecommons.org/licenses/by/4.0;0
images/real/real_22ca52a0cb.jpg;Auto_koda_Felicia_Moscow_Kaspiyskaya_street_470_750_2025-03_246_cd17efbd.jpg;File:Auto Škoda Felicia Moscow Kaspiyskaya street Т470ВС750 2025-03 246.JPG;https://commons.wikimedia.org/wiki/File%3AAuto_%C5%A0koda_Felicia_Moscow_Kaspiyskaya_street_%D0%A2470%D0%92%D0%A1750_2025-03_246.JPG;Artyom Svetlov;CC BY 4.0;https://creativecommons.org/licenses/by/4.0;0
images/real/real_423a09b72b.jpg;Auto_koda_Felicia_Vidnoye_Sovetskaya_street_965_50_2024-11_1732367569_540312ed.jpg;File:Auto Škoda Felicia Vidnoye Sovetskaya street 965КХ50 2024-11 1732367569.jpg;https://commons.wikimedia.org/wiki/File%3AAuto_%C5%A0koda_Felicia_Vidnoye_Sovetskaya_street_965%D0%9A%D0%A550_2024-11_1732367569.jpg;Artyom Svetlov;CC BY 4.0;https://creativecommons.org/licenses/by/4.0;0
images/real/real_62efc31f52.jpg;BAIC_Beijing_X55_in_Moscow_July_2025_01_ca139c6e.jpg;File:BAIC Beijing X55 in Moscow, July 2025 01.jpg;https://commons.wikimedia.org/wiki/File%3ABAIC_Beijing_X55_in_Moscow%2C_July_2025_01.jpg;Retired electrician;CC0;http://creativecommons.org/publicdomain/zero/1.0/deed.en;1
images/real/real_b10559ac71.jpg;BAIC_Beijing_X55_in_Moscow_July_2025_03_6e5a5928.jpg;File:BAIC Beijing X55 in Moscow, July 2025 03.jpg;https://commons.wikimedia.org/wiki/File%3ABAIC_Beijing_X55_in_Moscow%2C_July_2025_03.jpg;Retired electrician;CC0;http://creativecommons.org/publicdomain/zero/1.0/deed.en;0
images/real/real_a10c564686.jpg;BAIC_Beijing_X55_in_Moscow_March_2025_01_2e0c7a2b.jpg;File:BAIC Beijing X55 in Moscow, March 2025 01.jpg;https://commons.wikimedia.org/wiki/File%3ABAIC_Beijing_X55_in_Moscow%2C_March_2025_01.jpg;Retired electrician;CC0;http://creativecommons.org/publicdomain/zero/1.0/deed.en;0
images/real/real_9e74fb0eec.jpg;BAIC_Beijing_X55_in_Moscow_March_2025_02_1a3ffedc.jpg;File:BAIC Beijing X55 in Moscow, March 2025 02.jpg;https://commons.wikimedia.org/wiki/File%3ABAIC_Beijing_X55_in_Moscow%2C_March_2025_02.jpg;Retired electrician;CC0;http://creativecommons.org/publicdomain/zero/1.0/deed.en;0
images/real/real_b3300a1c77.jpg;BAIC_Beijing_X55_in_Moscow_March_2025_03_6e7a1738.jpg;File:BAIC Beijing X55 in Moscow, March 2025 03.jpg;https://commons.wikimedia.org/wiki/File%3ABAIC_Beijing_X55_in_Moscow%2C_March_2025_03.jpg;Retired electrician;CC0;http://creativecommons.org/publicdomain/zero/1.0/deed.en;0
images/real/real_5c02892654.jpg;BAIC_Beijing_X55_in_Moscow_March_2025_04_5447ef02.jpg;File:BAIC Beijing X55 in Moscow, March 2025 04.jpg;https://commons.wikimedia.org/wiki/File%3ABAIC_Beijing_X55_in_Moscow%2C_March_2025_04.jpg;Retired electrician;CC0;http://creativecommons.org/publicdomain/zero/1.0/deed.en;0
images/real/real_dd38d9bced.jpg;BAIC_Beijing_X55_in_Moscow_March_2025_05_84b16e5b.jpg;File:BAIC Beijing X55 in Moscow, March 2025 05.jpg;https://commons.wikimedia.org/wiki/File%3ABAIC_Beijing_X55_in_Moscow%2C_March_2025_05.jpg;Retired electrician;CC0;http://creativecommons.org/publicdomain/zero/1.0/deed.en;0
images/real/real_093124c9a0.jpg;Barnaul_trolleybus_4020_2024-05_1717158152_October_square_ZiU-9_fc56c8e5.tif;File:Barnaul trolleybus 4020 2024-05 1717158152 October square ZiU-9.tif;https://commons.wikimedia.org/wiki/File%3ABarnaul_trolleybus_4020_2024-05_1717158152_October_square_ZiU-9.tif;Artyom Svetlov;CC BY 4.0;https://creativecommons.org/licenses/by/4.0;2
images/real/real_e7d1cf04ae.jpg;Barnaul_trolleybus_4129_2024-06_1717249015_Lenina_Avenue_AKSM-201_16bc3943.tif;File:Barnaul trolleybus 4129 2024-06 1717249015 Lenina Avenue AKSM-201.tif;https://commons.wikimedia.org/wiki/File%3ABarnaul_trolleybus_4129_2024-06_1717249015_Lenina_Avenue_AKSM-201.tif;Artyom Svetlov;CC BY 4.0;https://creativecommons.org/licenses/by/4.0;2
images/real/real_94528b4764.jpg;Blagoveshchensk_bus_726_28_2024-08_1724432400_Lenina_Street_Zhongtong_LCK6105HG__fbde37e4.jpg;File:Blagoveshchensk bus М726ЕК28 2024-08 1724432400 Lenina Street Zhongtong LCK6105HG 68.jpg;https://commons.wikimedia.org/wiki/File%3ABlagoveshchensk_bus_%D0%9C726%D0%95%D0%9A28_2024-08_1724432400_Lenina_Street_Zhongtong_LCK6105HG_68.jpg;Artyom Svetlov;CC BY 4.0;https://creativecommons.org/licenses/by/4.0;0
images/real/real_ba00d00700.jpg;Blagoveshchensk_bus_95_2024-08_1724443074_50_let_Oktyabrya_street_LiAZ-5292_67e6375a.tif;File:Blagoveshchensk bus 95 2024-08 1724443074 50 let Oktyabrya street LiAZ-5292.tif;https://commons.wikimedia.org/wiki/File%3ABlagoveshchensk_bus_95_2024-08_1724443074_50_let_Oktyabrya_street_LiAZ-5292.tif;Artyom Svetlov;CC BY 4.0;https://creativecommons.org/licenses/by/4.0;2
images/real/real_1b85b9fb1e.jpg;Bronnitsy_bus_212_790_2024-11_1731160780_Bronnitsy_bus_station_NefAZ-5299-40_9668dfcd.jpg;File:Bronnitsy bus С212ОС790 2024-11 1731160780 Bronnitsy bus station NefAZ-5299-40.jpg;https://commons.wikimedia.org/wiki/File%3ABronnitsy_bus_%D0%A1212%D0%9E%D0%A1790_2024-11_1731160780_Bronnitsy_bus_station_NefAZ-5299-40.jpg;Artyom Svetlov;CC BY 4.0;https://creativecommons.org/licenses/by/4.0;0
images/real/real_39adfab75d.jpg;Bronnitsy_bus_537_790_2024-11_1731160774_Bronnitsy_bus_station_LiAZ-4292_860fffbd.jpg;File:Bronnitsy bus М537ОВ790 2024-11 1731160774 Bronnitsy bus station LiAZ-4292.jpg;https://commons.wikimedia.org/wiki/File%3ABronnitsy_bus_%D0%9C537%D0%9E%D0%92790_2024-11_1731160774_Bronnitsy_bus_station_LiAZ-4292.jpg;Artyom Svetlov;CC BY 4.0;https://creativecommons.org/licenses/by/4.0;0
images/real/real_a5af8765f3.jpg;Bronnitsy_bus_829_790_2024-11_1731162315_Sovetskaya_Street_LiAZ-5292_6907f8d6.jpg;File:Bronnitsy bus Н829АН790 2024-11 1731162315 Sovetskaya Street LiAZ-5292.jpg;https://commons.wikimedia.org/wiki/File%3ABronnitsy_bus_%D0%9D829%D0%90%D0%9D790_2024-11_1731162315_Sovetskaya_Street_LiAZ-5292.jpg;Artyom Svetlov;CC BY 4.0;https://creativecommons.org/licenses/by/4.0;0
images/real/real_055e25cfca.jpg;Bus_1319069_on_route_894_near_Belgrad_29.09.2024__78a162bf.jpg;"File:Bus 1319069 on route с894 near ""Belgrad"" (29.09.2024).jpg";https://commons.wikimedia.org/wiki/File%3ABus_1319069_on_route_%D1%81894_near_%22Belgrad%22_%2829.09.2024%29.jpg;Brateevsky;CC BY-SA 4.0;https://creativecommons.org/licenses/by-sa/4.0;2
images/real/real_d21744ce71.jpg;Bus_160239_on_route_838_in_Brateyevo_Moscow_09.11.2024__8a050797.jpg;File:Bus 160239 on route 838 in Brateyevo, Moscow (09.11.2024).jpg;https://commons.wikimedia.org/wiki/File%3ABus_160239_on_route_838_in_Brateyevo%2C_Moscow_%2809.11.2024%29.jpg;Brateevsky;CC BY-SA 4.0;https://creativecommons.org/licenses/by-sa/4.0;2
images/real/real_8fbd4908e6.jpg;Bus_160443_on_route_78_near_Krasnogvardeyskaya_05.10.2024__ae9c8b6f.jpg;File:Bus 160443 on route м78 near Krasnogvardeyskaya (05.10.2024).jpg;https://commons.wikimedia.org/wiki/File%3ABus_160443_on_route_%D0%BC78_near_Krasnogvardeyskaya_%2805.10.2024%29.jpg;Brateevsky;CC BY-SA 4.0;https://creativecommons.org/licenses/by-sa/4.0;6
images/real/real_2ae4a45aff.jpg;Bus_160469_on_route_710_near_BUM_in_Moscow_15.09.2024__2981c22d.jpg;File:Bus 160469 on route с710 near BUM in Moscow (15.09.2024).jpg;https://commons.wikimedia.org/wiki/File%3ABus_160469_on_route_%D1%81710_near_BUM_in_Moscow_%2815.09.2024%29.jpg;Brateevsky;CC BY-SA 4.0;https://creativecommons.org/licenses/by-sa/4.0;1
images/real/real_f29d3b3944.jpg;Bus_160487_on_Moscow_route_864_near_Borisovo_metro_station_10.02.2024__44f8e4d5.jpg;File:Bus 160487 on Moscow route 864 near Borisovo metro station (10.02.2024).jpg;https://commons.wikimedia.org/wiki/File%3ABus_160487_on_Moscow_route_864_near_Borisovo_metro_station_%2810.02.2024%29.jpg;Brateevsky;CC BY-SA 4.0;https://creativecommons.org/licenses/by-sa/4.0;0
images/real/real_65b10741c7.jpg;Bus_160541_on_Moscow_route_838_near_MIFI_stop_09.03.2024__2ad53b1b.jpg;File:Bus 160541 on Moscow route 838 near MIFI stop (09.03.2024).jpg;https://commons.wikimedia.org/wiki/File%3ABus_160541_on_Moscow_route_838_near_MIFI_stop_%2809.03.2024%29.jpg;Brateevsky;CC BY-SA 4.0;https://creativecommons.org/licenses/by-sa/4.0;2
images/real/real_8e45aa051f.jpg;Bus_163073_on_route_708_on_Brateyevskaya_Street_in_Moscow_05.10.2024__6224ff6a.jpg;File:Bus 163073 on route 708 on Brateyevskaya Street in Moscow (05.10.2024).jpg;https://commons.wikimedia.org/wiki/File%3ABus_163073_on_route_708_on_Brateyevskaya_Street_in_Moscow_%2805.10.2024%29.jpg;Brateevsky;CC BY-SA 4.0;https://creativecommons.org/licenses/by-sa/4.0;1
images/real/real_7e136f8f11.jpg;Bus_5040375_on_route_797_on_Alma-Atinskaya_street_in_Moscow_09.07.2024__20b80953.jpg;File:Bus 5040375 on route с797 on Alma-Atinskaya street in Moscow (09.07.2024).jpg;https://commons.wikimedia.org/wiki/File%3ABus_5040375_on_route_%D1%81797_on_Alma-Atinskaya_street_in_Moscow_%2809.07.2024%29.jpg;Brateevsky;CC BY-SA 4.0;https://creativecommons.org/licenses/by-sa/4.0;2
images/real/real_9d5b89c4b6.jpg;Buseto_RAF_220301_en_Tjumeno_01_ced29c87.jpg;File:Buseto RAF 220301 en Tjumeno 01.jpg;https://commons.wikimedia.org/wiki/File%3ABuseto_RAF_220301_en_Tjumeno_01.jpg;RG72;CC BY 4.0;https://creativecommons.org/licenses/by/4.0;0
images/real/real_86906ad3de.jpg;Buseto_RAF_220301_en_Tjumeno_02_33f2de7d.jpg;File:Buseto RAF 220301 en Tjumeno 02.jpg;https://commons.wikimedia.org/wiki/File%3ABuseto_RAF_220301_en_Tjumeno_02.jpg;RG72;CC BY 4.0;https://creativecommons.org/licenses/by/4.0;0
images/real/real_c8f6c4dc96.jpg;Buso_kaj_fajrobrigada_kamiono_e_bushaltejo_en_strato_Respubliko_Tjumeno__a2874ae5.jpg;File:Buso kaj fajrobrigada kamiono ĉe bushaltejo en strato Respubliko (Tjumeno).jpg;https://commons.wikimedia.org/wiki/File%3ABuso_kaj_fajrobrigada_kamiono_%C4%89e_bushaltejo_en_strato_Respubliko_%28Tjumeno%29.jpg;RG72;CC BY 4.0;https://creativecommons.org/licenses/by/4.0;0
images/real/real_83152800e3.jpg;Cherusti_settlement_bus_24450_2024-10_1729348432_Cherusti_LiAZ-5292_27d64b99.tif;File:Cherusti settlement bus КА24450 2024-10 1729348432 Cherusti LiAZ-5292.tif;https://commons.wikimedia.org/wiki/File%3ACherusti_settlement_bus_%D0%9A%D0%9024450_2024-10_1729348432_Cherusti_LiAZ-5292.tif;Artyom Svetlov;CC BY 4.0;https://creativecommons.org/licenses/by/4.0;0
images/real/real_55011b1d5c.jpg;Dzerzhinsky_bus_267_790_2024-11_1731252340_Ugreshskaya_Street_LiAZ-5250_c999a82f.tif;File:Dzerzhinsky bus Х267ОМ790 2024-11 1731252340 Ugreshskaya Street LiAZ-5250.tif;https://commons.wikimedia.org/wiki/File%3ADzerzhinsky_bus_%D0%A5267%D0%9E%D0%9C790_2024-11_1731252340_Ugreshskaya_Street_LiAZ-5250.tif;Artyom Svetlov;CC BY 4.0;https://creativecommons.org/licenses/by/4.0;1
images/real/real_37d3edcef3.jpg;Efremov_-_2026_-_Blue_Haval_-_Sverdlov_Gogol_Street1_7bec490f.jpg;File:Efremov - 2026 - Blue Haval - Sverdlov, Gogol Street1.jpg;https://commons.wikimedia.org/wiki/File%3AEfremov_-_2026_-_Blue_Haval_-_Sverdlov%2C_Gogol_Street1.jpg;Юрий Д.К.;CC BY 4.0;https://creativecommons.org/licenses/by/4.0;0
images/real/real_31a739e91e.jpg;Elektrostal_bus_379_790_2024-09_1727620442_Tevosyana_Street_NefAZ-5299-40_2f73c4cf.tif;File:Elektrostal bus Х379ОС790 2024-09 1727620442 Tevosyana Street NefAZ-5299-40.tif;https://commons.wikimedia.org/wiki/File%3AElektrostal_bus_%D0%A5379%D0%9E%D0%A1790_2024-09_1727620442_Tevosyana_Street_NefAZ-5299-40.tif;Artyom Svetlov;CC BY 4.0;https://creativecommons.org/licenses/by/4.0;1
images/real/real_1032ff9a06.jpg;Elektrostal_bus_470_790_2024-09_1727611889_Sovetskaya_Street_NefAZ-5299-40_6676d287.tif;File:Elektrostal bus Х470ОС790 2024-09 1727611889 Sovetskaya Street NefAZ-5299-40.tif;https://commons.wikimedia.org/wiki/File%3AElektrostal_bus_%D0%A5470%D0%9E%D0%A1790_2024-09_1727611889_Sovetskaya_Street_NefAZ-5299-40.tif;Artyom Svetlov;CC BY 4.0;https://creativecommons.org/licenses/by/4.0;3
images/real/real_fe0f00e3fb.jpg;GAZ-67_IMG_150016_f2298972.jpg;File:GAZ-67 IMG 150016.jpg;https://commons.wikimedia.org/wiki/File%3AGAZ-67_IMG_150016.jpg;Figure19;CC0;http://creativecommons.org/publicdomain/zero/1.0/deed.en;0
images/real/real_408183ffb2.jpg;Gatchina-20240312_PAZ-320302-08_9274_and_9252_Route-535_b55f4e31.jpg;File:Gatchina-20240312 PAZ-320302-08 9274 and 9252 Route-535.jpg;https://commons.wikimedia.org/wiki/File%3AGatchina-20240312_PAZ-320302-08_9274_and_9252_Route-535.jpg;RussianCreativeNeptune;CC0;http://creativecommons.org/publicdomain/zero/1.0/deed.en;0
images/real/real_45ae987da4.jpg;Gatchina-20240604_Volgabus-4298.G4_11459_Route-107_efb11b19.jpg;File:Gatchina-20240604 Volgabus-4298.G4 11459 Route-107.jpg;https://commons.wikimedia.org/wiki/File%3AGatchina-20240604_Volgabus-4298.G4_11459_Route-107.jpg;RussianCreativeNeptune;CC0;http://creativecommons.org/publicdomain/zero/1.0/deed.en;0
images/real/real_6c1f4b70fe.jpg;Golden_Dragon_XML6127CN__215f0969.jpg;File:Golden Dragon XML6127CN КПГ МТА у метро Домодедовская.jpg;https://commons.wikimedia.org/wiki/File%3AGolden_Dragon_XML6127CN_%D0%9A%D0%9F%D0%93_%D0%9C%D0%A2%D0%90_%D1%83_%D0%BC%D0%B5%D1%82%D1%80%D0%BE_%D0%94%D0%BE%D0%BC%D0%BE%D0%B4%D0%B5%D0%B4%D0%BE%D0%B2%D1%81%D0%BA%D0%B0%D1%8F.jpg;ATI1999;CC BY-SA 4.0;https://creativecommons.org/licenses/by-sa/4.0;1
images/real/real_040053bc7c.jpg;Istra_bus_719_2024-06_1718555608_Lenin_street_LiAZ-5292_76899ffe.jpg;File:Istra bus 719 2024-06 1718555608 Lenin street LiAZ-5292.JPG;https://commons.wikimedia.org/wiki/File%3AIstra_bus_719_2024-06_1718555608_Lenin_street_LiAZ-5292.JPG;Artyom Svetlov;CC BY 4.0;https://creativecommons.org/licenses/by/4.0;1
images/real/real_2de7f997bb.jpg;Khabarovsk_trolleybus_278_2024-08_1724691600_Amursky_boulevard_MAZ-203T70_87_d8213409.jpg;File:Khabarovsk trolleybus 278 2024-08 1724691600 Amursky boulevard MAZ-203T70 87.jpg;https://commons.wikimedia.org/wiki/File%3AKhabarovsk_trolleybus_278_2024-08_1724691600_Amursky_boulevard_MAZ-203T70_87.jpg;Artyom Svetlov;CC BY 4.0;https://creativecommons.org/licenses/by/4.0;1
images/real/real_83079fc363.jpg;Kratovo_settlement_bus_623_2024-05_1714570418_Igumnovo_LiAZ-5292_0a64adba.jpg;File:Kratovo settlement bus ка623 2024-05 1714570418 Igumnovo LiAZ-5292.jpg;https://commons.wikimedia.org/wiki/File%3AKratovo_settlement_bus_%D0%BA%D0%B0623_2024-05_1714570418_Igumnovo_LiAZ-5292.jpg;Artyom Svetlov;CC BY 4.0;https://creativecommons.org/licenses/by/4.0;0
images/real/real_65ade0884c.jpg;Kratovo_settlement_bus_623_2024-05_1714570425_Igumnovo_LiAZ-5292_68154545.jpg;File:Kratovo settlement bus ка623 2024-05 1714570425 Igumnovo LiAZ-5292.jpg;https://commons.wikimedia.org/wiki/File%3AKratovo_settlement_bus_%D0%BA%D0%B0623_2024-05_1714570425_Igumnovo_LiAZ-5292.jpg;Artyom Svetlov;CC BY 4.0;https://creativecommons.org/licenses/by/4.0;0
images/real/real_c8d1b28927.jpg;Kratovo_settlement_bus_835_790_2024-05_1714568594_Igumnovo_NEFAZ-5299_c6e28463.jpg;File:Kratovo settlement bus м835рк790 2024-05 1714568594 Igumnovo NEFAZ-5299.jpg;https://commons.wikimedia.org/wiki/File%3AKratovo_settlement_bus_%D0%BC835%D1%80%D0%BA790_2024-05_1714568594_Igumnovo_NEFAZ-5299.jpg;Artyom Svetlov;CC BY 4.0;https://creativecommons.org/licenses/by/4.0;1
images/real/real_b70a2a9a7d.jpg;Kratovo_settlement_bus_835_790_2024-05_1714568597_Igumnovo_NEFAZ-5299_66fbcdde.jpg;File:Kratovo settlement bus м835рк790 2024-05 1714568597 Igumnovo NEFAZ-5299.jpg;https://commons.wikimedia.org/wiki/File%3AKratovo_settlement_bus_%D0%BC835%D1%80%D0%BA790_2024-05_1714568597_Igumnovo_NEFAZ-5299.jpg;Artyom Svetlov;CC BY 4.0;https://creativecommons.org/licenses/by/4.0;0
images/real/real_0bf75d4eb9.jpg;Kratovo_settlement_bus_835_790_2024-05_1714568603_Igumnovo_NEFAZ-5299_8bb518b6.jpg;File:Kratovo settlement bus м835рк790 2024-05 1714568603 Igumnovo NEFAZ-5299.jpg;https://commons.wikimedia.org/wiki/File%3AKratovo_settlement_bus_%D0%BC835%D1%80%D0%BA790_2024-05_1714568603_Igumnovo_NEFAZ-5299.jpg;Artyom Svetlov;CC BY 4.0;https://creativecommons.org/licenses/by/4.0;0
images/real/real_c86c9406dc.jpg;Lada_Niva_2121_in_Efremov_Russia1_b5e0ed3a.jpg;File:Lada Niva 2121 in Efremov, Russia1.jpg;https://commons.wikimedia.org/wiki/File%3ALada_Niva_2121_in_Efremov%2C_Russia1.jpg;Юрий Д.К.;CC BY 4.0;https://creativecommons.org/licenses/by/4.0;0
images/real/real_aea71c17cd.jpg;Lada_Niva_2121_in_Efremov_Russia_5750ee0e.jpg;File:Lada Niva 2121 in Efremov, Russia.jpg;https://commons.wikimedia.org/wiki/File%3ALada_Niva_2121_in_Efremov%2C_Russia.jpg;Юрий Д.К.;CC BY 4.0;https://creativecommons.org/licenses/by/4.0;0
images/real/real_aa0395154e.jpg;LiAZ_5292.65-7146_SPB_49e28815.jpg;File:LiAZ 5292.65-7146 SPB.jpg;https://commons.wikimedia.org/wiki/File%3ALiAZ_5292.65-7146_SPB.jpg;Florstein (Telegram:WikiPhoto.Space);CC BY-SA 4.0;https://creativecommons.org/licenses/by-sa/4.0;1
images/real/real_dee88e23d7.jpg;Lotus_Eletre_in_Moscow_2025_c08e94fb.jpg;File:Lotus Eletre in Moscow 2025.jpg;https://commons.wikimedia.org/wiki/File%3ALotus_Eletre_in_Moscow_2025.jpg;Sergey A. Demidov;CC BY 4.0;https://creativecommons.org/licenses/by/4.0;0
images/real/real_a61d921ab4.jpg;Maryino_District_bus_397_790_2024-11_1731232546_Pererva_Street_GAZ_Gazelle_NEXT_4ff48ceb.jpg;File:Maryino District bus У397ОУ790 2024-11 1731232546 Pererva Street GAZ Gazelle NEXT.tif;https://commons.wikimedia.org/wiki/File%3AMaryino_District_bus_%D0%A3397%D0%9E%D0%A3790_2024-11_1731232546_Pererva_Street_GAZ_Gazelle_NEXT.tif;Artyom Svetlov;CC BY 4.0;https://creativecommons.org/licenses/by/4.0;0
images/real/real_8ecad50a60.jpg;Moscow_-_2025_-_Building_of_the_Council_of_Labor_and_Defense1_1113b667.jpg;File:Moscow - 2025 - Building of the Council of Labor and Defense1.jpg;https://commons.wikimedia.org/wiki/File%3AMoscow_-_2025_-_Building_of_the_Council_of_Labor_and_Defense1.jpg;Юрий Д.К.;CC BY 4.0;https://creativecommons.org/licenses/by/4.0;0
images/real/real_1c9cf6326b.jpg;Moscow_-_2025_-_Building_of_the_Council_of_Labor_and_Defense_33037a0e.jpg;File:Moscow - 2025 - Building of the Council of Labor and Defense.jpg;https://commons.wikimedia.org/wiki/File%3AMoscow_-_2025_-_Building_of_the_Council_of_Labor_and_Defense.jpg;Юрий Д.К.;CC BY 4.0;https://creativecommons.org/licenses/by/4.0;0
images/real/real_deedb6d18a.jpg;Moscow_-_2025_-_Lenin_Library1_2c03a256.jpg;File:Moscow - 2025 - Lenin Library1.jpg;https://commons.wikimedia.org/wiki/File%3AMoscow_-_2025_-_Lenin_Library1.jpg;Юрий Д.К.;CC BY 4.0;https://creativecommons.org/licenses/by/4.0;0
images/real/real_51d0c9eb37.jpg;Moscow_-_2025_-_Porsche_911_-_Mokhovaya_Street_db47cd3c.jpg;File:Moscow - 2025 - Porsche 911 - Mokhovaya Street.jpg;https://commons.wikimedia.org/wiki/File%3AMoscow_-_2025_-_Porsche_911_-_Mokhovaya_Street.jpg;Юрий Д.К.;CC BY 4.0;https://creativecommons.org/licenses/by/4.0;5
images/real/real_80f9ad2c80.jpg;Moscow_-_2025_-_Residential_complex_Eco_Bunino_92bf40a5.jpg;File:Moscow - 2025 - Residential complex Eco Bunino.jpg;https://commons.wikimedia.org/wiki/File%3AMoscow_-_2025_-_Residential_complex_Eco_Bunino.jpg;Юрий Д.К.;CC BY 4.0;https://creativecommons.org/licenses/by/4.0;0
images/real/real_fade36f2ed.jpg;Moscow_-_2025_-_State_Art_Gallery_of_Alexander_Shilov_facade__7f6dce5b.jpg;File:Moscow - 2025 - State Art Gallery of Alexander Shilov (facade).jpg;https://commons.wikimedia.org/wiki/File%3AMoscow_-_2025_-_State_Art_Gallery_of_Alexander_Shilov_%28facade%29.jpg;Юрий Д.К.;CC BY 4.0;https://creativecommons.org/licenses/by/4.0;0
images/real/real_b7f8c63b13.jpg;Moscow_-_2026-6_-_Mercedes-AMG_G_63_8db2bd34.jpg;File:Moscow - 2026-6 - Mercedes-AMG G 63.jpg;https://commons.wikimedia.org/wiki/File%3AMoscow_-_2026-6_-_Mercedes-AMG_G_63.jpg;Юрий Д.К.;CC BY 4.0;https://creativecommons.org/licenses/by/4.0;0
images/real/real_fd40da7306.jpg;Moscow_-_2026_-_Audi_A3_on_Zatonnaya_street_6f703974.jpg;File:Moscow - 2026 - Audi A3 on Zatonnaya street.jpg;https://commons.wikimedia.org/wiki/File%3AMoscow_-_2026_-_Audi_A3_on_Zatonnaya_street.jpg;Юрий Д.К.;CC BY 4.0;https://creativecommons.org/licenses/by/4.0;0
images/real/real_c0625339fa.jpg;Moscow_-_2026_-_Avatr_12_ce8f48ad.jpg;File:Moscow - 2026 - Avatr 12.jpg;https://commons.wikimedia.org/wiki/File%3AMoscow_-_2026_-_Avatr_12.jpg;Юрий Д.К.;CC BY 4.0;https://creativecommons.org/licenses/by/4.0;0
images/real/real_3aecf3acb3.jpg;Moscow_-_2026_-_Blue_EXEED_e62df808.jpg;File:Moscow - 2026 - Blue EXEED.jpg;https://commons.wikimedia.org/wiki/File%3AMoscow_-_2026_-_Blue_EXEED.jpg;Юрий Д.К.;CC BY 4.0;https://creativecommons.org/licenses/by/4.0;1
images/real/real_825cc8c8ce.jpg;Moscow_-_2026_-_Bobcat_S530_Loader_d6dcabb8.jpg;File:Moscow - 2026 - Bobcat S530 Loader.jpg;https://commons.wikimedia.org/wiki/File%3AMoscow_-_2026_-_Bobcat_S530_Loader.jpg;Юрий Д.К.;CC BY 4.0;https://creativecommons.org/licenses/by/4.0;0
images/real/real_4f5d54b1af.jpg;Moscow_-_2026_-_Busy_street_scene_at_Blagoveshchensky_Lane_1081e596.jpg;File:Moscow - 2026 - Busy street scene at Blagoveshchensky Lane.jpg;https://commons.wikimedia.org/wiki/File%3AMoscow_-_2026_-_Busy_street_scene_at_Blagoveshchensky_Lane.jpg;Юрий Д.К.;CC BY 4.0;https://creativecommons.org/licenses/by/4.0;2
images/real/real_d8715b8000.jpg;Moscow_-_2026_-_Geely_Coolray_compact_crossover_648a3ed4.jpg;File:Moscow - 2026 - Geely Coolray compact crossover.jpg;https://commons.wikimedia.org/wiki/File%3AMoscow_-_2026_-_Geely_Coolray_compact_crossover.jpg;Юрий Д.К.;CC BY 4.0;https://creativecommons.org/licenses/by/4.0;1
images/real/real_da63ea1322.jpg;Moscow_-_2026_-_Hongqi_HS5_on_Bolotnaya_Embankment1_2743a7eb.jpg;File:Moscow - 2026 - Hongqi HS5 on Bolotnaya Embankment1.jpg;https://commons.wikimedia.org/wiki/File%3AMoscow_-_2026_-_Hongqi_HS5_on_Bolotnaya_Embankment1.jpg;Юрий Д.К.;CC BY 4.0;https://creativecommons.org/licenses/by/4.0;0
images/real/real_02aa926660.jpg;Moscow_-_2026_-_Hongqi_HS5_on_Bolotnaya_Embankment_d7b34b0c.jpg;File:Moscow - 2026 - Hongqi HS5 on Bolotnaya Embankment.jpg;https://commons.wikimedia.org/wiki/File%3AMoscow_-_2026_-_Hongqi_HS5_on_Bolotnaya_Embankment.jpg;Юрий Д.К.;CC BY 4.0;https://creativecommons.org/licenses/by/4.0;0
images/real/real_feadfa5057.jpg;Moscow_-_2026_-_MINI_Cooper_S_E_1f5dd397.jpg;File:Moscow - 2026 - MINI Cooper S E.jpg;https://commons.wikimedia.org/wiki/File%3AMoscow_-_2026_-_MINI_Cooper_S_E.jpg;Юрий Д.К.;CC BY 4.0;https://creativecommons.org/licenses/by/4.0;0
images/real/real_9ec48b67ee.jpg;Moscow_-_2026_-_Porsche_at_Serafimovich_street_82346869.jpg;File:Moscow - 2026 - Porsche at Serafimovich street.jpg;https://commons.wikimedia.org/wiki/File%3AMoscow_-_2026_-_Porsche_at_Serafimovich_street.jpg;Юрий Д.К.;CC BY 4.0;https://creativecommons.org/licenses/by/4.0;1
images/real/real_1e87308853.jpg;Moscow_-_2026_-_Sofiyskaya_Embankment_from_the_Bolshoy_Kamenny_Bridge1_a810e64c.jpg;File:Moscow - 2026 - Sofiyskaya Embankment from the Bolshoy Kamenny Bridge1.jpg;https://commons.wikimedia.org/wiki/File%3AMoscow_-_2026_-_Sofiyskaya_Embankment_from_the_Bolshoy_Kamenny_Bridge1.jpg;Юрий Д.К.;CC BY 4.0;https://creativecommons.org/licenses/by/4.0;0
images/real/real_f13a0bc8fc.jpg;Moscow_-_2026_-_Taxi_at_Rechnikov_Street_3490a78a.jpg;File:Moscow - 2026 - Taxi at Rechnikov Street.jpg;https://commons.wikimedia.org/wiki/File%3AMoscow_-_2026_-_Taxi_at_Rechnikov_Street.jpg;Юрий Д.К.;CC BY 4.0;https://creativecommons.org/licenses/by/4.0;0
images/real/real_301f1cc340.jpg;Moscow_-_2026_-_Truck_carrying_bricks_near_the_House_on_Embankment_43f743b3.jpg;File:Moscow - 2026 - Truck carrying bricks near the House on Embankment.jpg;https://commons.wikimedia.org/wiki/File%3AMoscow_-_2026_-_Truck_carrying_bricks_near_the_House_on_Embankment.jpg;Юрий Д.К.;CC BY 4.0;https://creativecommons.org/licenses/by/4.0;0
images/real/real_b14f8c9a92.jpg;Moscow_-_2026_-_Volga_car_at_Rechnikov_Street1_7bae2151.jpg;File:Moscow - 2026 - Volga car at Rechnikov Street1.jpg;https://commons.wikimedia.org/wiki/File%3AMoscow_-_2026_-_Volga_car_at_Rechnikov_Street1.jpg;Юрий Д.К.;CC BY 4.0;https://creativecommons.org/licenses/by/4.0;0
images/real/real_806fbda4ef.jpg;Moscow_-_2026_-_Volga_car_at_Rechnikov_Street_228f1417.jpg;File:Moscow - 2026 - Volga car at Rechnikov Street.jpg;https://commons.wikimedia.org/wiki/File%3AMoscow_-_2026_-_Volga_car_at_Rechnikov_Street.jpg;Юрий Д.К.;CC BY 4.0;https://creativecommons.org/licenses/by/4.0;0
images/real/real_6a49085226.jpg;Moscow_-_Bolotnaya_Embankment_8-2024_7691a05d.jpg;File:Moscow - Bolotnaya Embankment 8-2024.jpg;https://commons.wikimedia.org/wiki/File%3AMoscow_-_Bolotnaya_Embankment_8-2024.jpg;Юрий Д.К.;CC BY 4.0;https://creativecommons.org/licenses/by/4.0;0
images/real/real_000f2b084a.jpg;Moscow_-_July_2026_-_Hyundai_Elantra_near_the_Rosa_Eynema_Museum1_4062ea6d.jpg;File:Moscow - July 2026 - Hyundai Elantra near the Rosa Eynema Museum1.jpg;https://commons.wikimedia.org/wiki/File%3AMoscow_-_July_2026_-_Hyundai_Elantra_near_the_Rosa_Eynema_Museum1.jpg;Юрий Д.К.;CC BY 4.0;https://creativecommons.org/licenses/by/4.0;0
images/real/real_6f3a672910.jpg;Moscow_-_June_2026_-_Belgee_X50_1_aae3c735.jpg;File:Moscow - June 2026 - Belgee X50 1.jpg;https://commons.wikimedia.org/wiki/File%3AMoscow_-_June_2026_-_Belgee_X50_1.jpg;Юрий Д.К.;CC BY 4.0;https://creativecommons.org/licenses/by/4.0;0
images/real/real_7685c5c88f.jpg;Moscow_-_June_2026_-_Belgee_X50_2_bc3878e6.jpg;File:Moscow - June 2026 - Belgee X50 2.jpg;https://commons.wikimedia.org/wiki/File%3AMoscow_-_June_2026_-_Belgee_X50_2.jpg;Юрий Д.К.;CC BY 4.0;https://creativecommons.org/licenses/by/4.0;0
images/real/real_baf526a37b.jpg;Moscow_-_June_2026_-_White_Moskvich_3_crossover_in_bright_sunlight1_59f92d61.jpg;File:Moscow - June 2026 - White Moskvich 3 crossover in bright sunlight1.jpg;https://commons.wikimedia.org/wiki/File%3AMoscow_-_June_2026_-_White_Moskvich_3_crossover_in_bright_sunlight1.jpg;Юрий Д.К.;CC BY 4.0;https://creativecommons.org/licenses/by/4.0;0
images/real/real_82009c31f7.jpg;Moscow_-_June_2026_-_White_Moskvich_3_crossover_in_bright_sunlight_47443f59.jpg;File:Moscow - June 2026 - White Moskvich 3 crossover in bright sunlight.jpg;https://commons.wikimedia.org/wiki/File%3AMoscow_-_June_2026_-_White_Moskvich_3_crossover_in_bright_sunlight.jpg;Юрий Д.К.;CC BY 4.0;https://creativecommons.org/licenses/by/4.0;1
images/real/real_17e01077a4.jpg;Moscow_-_June_2026_-_White_Tenet_T4_in_bright_sunlight2_8da05861.jpg;File:Moscow - June 2026 - White Tenet T4 in bright sunlight2.jpg;https://commons.wikimedia.org/wiki/File%3AMoscow_-_June_2026_-_White_Tenet_T4_in_bright_sunlight2.jpg;Юрий Д.К.;CC BY 4.0;https://creativecommons.org/licenses/by/4.0;2
images/real/real_7fe92e6154.jpg;Moscow_-_June_2026_-_White_Tenet_T4_in_bright_sunlight_36bab053.jpg;File:Moscow - June 2026 - White Tenet T4 in bright sunlight.jpg;https://commons.wikimedia.org/wiki/File%3AMoscow_-_June_2026_-_White_Tenet_T4_in_bright_sunlight.jpg;Юрий Д.К.;CC BY 4.0;https://creativecommons.org/licenses/by/4.0;5
images/real/real_f5f80f200c.jpg;Moscow_-_June_2026_-_Yellow_KIA_Taxi1_495318ed.jpg;File:Moscow - June 2026 - Yellow KIA Taxi1.jpg;https://commons.wikimedia.org/wiki/File%3AMoscow_-_June_2026_-_Yellow_KIA_Taxi1.jpg;Юрий Д.К.;CC BY 4.0;https://creativecommons.org/licenses/by/4.0;0
images/real/real_9348f332f3.jpg;Moscow_-_Lada_1500_2024-8_93ff8319.jpg;File:Moscow - Lada 1500 2024-8.jpg;https://commons.wikimedia.org/wiki/File%3AMoscow_-_Lada_1500_2024-8.jpg;Юрий Д.К.;CC BY 4.0;https://creativecommons.org/licenses/by/4.0;0
images/real/real_ae43adf118.jpg;Moscow_-_Red_Audi_on_Rechnikov_Street_42f33966.jpg;File:Moscow - Red Audi on Rechnikov Street.jpg;https://commons.wikimedia.org/wiki/File%3AMoscow_-_Red_Audi_on_Rechnikov_Street.jpg;Юрий Д.К.;CC BY 4.0;https://creativecommons.org/licenses/by/4.0;0
images/real/real_98f5424669.jpg;Moscow_-_Zeekr_001_-_2025-9_1_e0fe95c2.jpg;File:Moscow - Zeekr 001 - 2025-9 1.jpg;https://commons.wikimedia.org/wiki/File%3AMoscow_-_Zeekr_001_-_2025-9_1.jpg;Юрий Д.К.;CC BY 4.0;https://creativecommons.org/licenses/by/4.0;0
images/real/real_9c8ef02ee4.jpg;Moscow_-_Zeekr_001_-_2025-9_954f57e4.jpg;File:Moscow - Zeekr 001 - 2025-9.jpg;https://commons.wikimedia.org/wiki/File%3AMoscow_-_Zeekr_001_-_2025-9.jpg;Юрий Д.К.;CC BY 4.0;https://creativecommons.org/licenses/by/4.0;0
images/real/real_9f83f32580.jpg;Moscow_1st-gen_Opel_Grandland_April_2025_01_1999713a.jpg;File:Moscow, 1st-gen Opel Grandland, April 2025 01.jpg;https://commons.wikimedia.org/wiki/File%3AMoscow%2C_1st-gen_Opel_Grandland%2C_April_2025_01.jpg;Retired electrician;CC0;http://creativecommons.org/publicdomain/zero/1.0/deed.en;0
images/real/real_66fb0e9ce5.jpg;Moscow_1st_Derbenyovsky_Lane_Opus_building_construction_July_2025_02_f6bfb6e1.jpg;File:Moscow, 1st Derbenyovsky Lane, Opus building construction, July 2025 02.jpg;https://commons.wikimedia.org/wiki/File%3AMoscow%2C_1st_Derbenyovsky_Lane%2C_Opus_building_construction%2C_July_2025_02.jpg;Retired electrician;CC0;http://creativecommons.org/publicdomain/zero/1.0/deed.en;0
images/real/real_571f49aec4.jpg;Moscow_1st_Nagatinsky_10_Newton_Plaza_buildings_June_2025_02_05e4daf0.jpg;File:Moscow, 1st Nagatinsky 10, Newton Plaza buildings, June 2025 02.jpg;https://commons.wikimedia.org/wiki/File%3AMoscow%2C_1st_Nagatinsky_10%2C_Newton_Plaza_buildings%2C_June_2025_02.jpg;Retired electrician;CC0;http://creativecommons.org/publicdomain/zero/1.0/deed.en;0
images/real/real_f3e58422c5.jpg;Moscow_1st_Nagatinsky_10_Newton_Plaza_buildings_June_2025_13_80d60b40.jpg;File:Moscow, 1st Nagatinsky 10, Newton Plaza buildings, June 2025 13.jpg;https://commons.wikimedia.org/wiki/File%3AMoscow%2C_1st_Nagatinsky_10%2C_Newton_Plaza_buildings%2C_June_2025_13.jpg;Retired electrician;CC0;http://creativecommons.org/publicdomain/zero/1.0/deed.en;0
images/real/real_e999140774.jpg;Moscow_1st_Nagatinsky_10_Newton_Plaza_buildings_June_2025_15_329546e3.jpg;File:Moscow, 1st Nagatinsky 10, Newton Plaza buildings, June 2025 15.jpg;https://commons.wikimedia.org/wiki/File%3AMoscow%2C_1st_Nagatinsky_10%2C_Newton_Plaza_buildings%2C_June_2025_15.jpg;Retired electrician;CC0;http://creativecommons.org/publicdomain/zero/1.0/deed.en;1
images/real/real_01b70700c8.jpg;Moscow_1st_Nagatinsky_14_June_2025_08_70370891.jpg;File:Moscow, 1st Nagatinsky 14 June 2025 08.jpg;https://commons.wikimedia.org/wiki/File%3AMoscow%2C_1st_Nagatinsky_14_June_2025_08.jpg;Retired electrician;CC0;http://creativecommons.org/publicdomain/zero/1.0/deed.en;0
images/real/real_3763567e4c.jpg;Moscow_1st_Nagatinsky_14_June_2025_16_9a9145fe.jpg;File:Moscow, 1st Nagatinsky 14 June 2025 16.jpg;https://commons.wikimedia.org/wiki/File%3AMoscow%2C_1st_Nagatinsky_14_June_2025_16.jpg;Retired electrician;CC0;http://creativecommons.org/publicdomain/zero/1.0/deed.en;1
images/real/real_1f99deee04.jpg;Moscow_1st_Nagatinsky_15_SkyFort_buildings_June_2025_07_43b9a29a.jpg;File:Moscow, 1st Nagatinsky 15, SkyFort buildings, June 2025 07.jpg;https://commons.wikimedia.org/wiki/File%3AMoscow%2C_1st_Nagatinsky_15%2C_SkyFort_buildings%2C_June_2025_07.jpg;Retired electrician;CC0;http://creativecommons.org/publicdomain/zero/1.0/deed.en;0
images/real/real_cdf9e70de4.jpg;Moscow_1st_Nagatinsky_15_SkyFort_buildings_June_2025_08_f6918331.jpg;File:Moscow, 1st Nagatinsky 15, SkyFort buildings, June 2025 08.jpg;https://commons.wikimedia.org/wiki/File%3AMoscow%2C_1st_Nagatinsky_15%2C_SkyFort_buildings%2C_June_2025_08.jpg;Retired electrician;CC0;http://creativecommons.org/publicdomain/zero/1.0/deed.en;0
images/real/real_14ff9ca317.jpg;Moscow_1st_Nagatinsky_15_SkyFort_buildings_June_2025_12_3ce34f11.jpg;File:Moscow, 1st Nagatinsky 15, SkyFort buildings, June 2025 12.jpg;https://commons.wikimedia.org/wiki/File%3AMoscow%2C_1st_Nagatinsky_15%2C_SkyFort_buildings%2C_June_2025_12.jpg;Retired electrician;CC0;http://creativecommons.org/publicdomain/zero/1.0/deed.en;0
images/real/real_370cffc2d4.jpg;Moscow_1st_Nagatinsky_15_SkyFort_buildings_June_2025_12_cropped_Avatr_11__073566ee.jpg;File:Moscow, 1st Nagatinsky 15, SkyFort buildings, June 2025 12 (cropped Avatr 11).jpg;https://commons.wikimedia.org/wiki/File%3AMoscow%2C_1st_Nagatinsky_15%2C_SkyFort_buildings%2C_June_2025_12_%28cropped_Avatr_11%29.jpg;Retired electrician;CC0;http://creativecommons.org/publicdomain/zero/1.0/deed.en;0
images/real/real_e5036e4427.jpg;Moscow_1st_Neopalimovsky_Lane_16-13_June_2025_01_c8f2d1ce.jpg;File:Moscow, 1st Neopalimovsky Lane 16-13 June 2025 01.jpg;https://commons.wikimedia.org/wiki/File%3AMoscow%2C_1st_Neopalimovsky_Lane_16-13_June_2025_01.jpg;Retired electrician;CC0;http://creativecommons.org/publicdomain/zero/1.0/deed.en;0
images/real/real_dd87c909f6.jpg;Moscow_1st_Neopalimovsky_Lane_Dongfeng_Fengon_ix7_SUV_June_2025_01_71116c36.jpg;File:Moscow, 1st Neopalimovsky Lane, Dongfeng Fengon ix7 SUV, June 2025 01.jpg;https://commons.wikimedia.org/wiki/File%3AMoscow%2C_1st_Neopalimovsky_Lane%2C_Dongfeng_Fengon_ix7_SUV%2C_June_2025_01.jpg;Retired electrician;CC0;http://creativecommons.org/publicdomain/zero/1.0/deed.en;0
images/real/real_4e608f702a.jpg;Moscow_1st_Neopalimovsky_Lane_Dongfeng_Fengon_ix7_SUV_June_2025_02_3cacb524.jpg;File:Moscow, 1st Neopalimovsky Lane, Dongfeng Fengon ix7 SUV, June 2025 02.jpg;https://commons.wikimedia.org/wiki/File%3AMoscow%2C_1st_Neopalimovsky_Lane%2C_Dongfeng_Fengon_ix7_SUV%2C_June_2025_02.jpg;Retired electrician;CC0;http://creativecommons.org/publicdomain/zero/1.0/deed.en;0
images/real/real_d5fc84979a.jpg;Moscow_2025-08-10_bicycle_race_police_and_ambulances_01_4f23394e.jpg;File:Moscow 2025-08-10 bicycle race, police and ambulances 01.jpg;https://commons.wikimedia.org/wiki/File%3AMoscow_2025-08-10_bicycle_race%2C_police_and_ambulances_01.jpg;Retired electrician;CC0;http://creativecommons.org/publicdomain/zero/1.0/deed.en;0
images/real/real_d7e2c42e52.jpg;Moscow_2025-08-10_bicycle_race_police_and_ambulances_03_45c10721.jpg;File:Moscow 2025-08-10 bicycle race, police and ambulances 03.jpg;https://commons.wikimedia.org/wiki/File%3AMoscow_2025-08-10_bicycle_race%2C_police_and_ambulances_03.jpg;Retired electrician;CC0;http://creativecommons.org/publicdomain/zero/1.0/deed.en;1
images/real/real_80621d1c5a.jpg;Moscow_2025-08-10_bicycle_race_police_and_ambulances_04_f66f3aac.jpg;File:Moscow 2025-08-10 bicycle race, police and ambulances 04.jpg;https://commons.wikimedia.org/wiki/File%3AMoscow_2025-08-10_bicycle_race%2C_police_and_ambulances_04.jpg;Retired electrician;CC0;http://creativecommons.org/publicdomain/zero/1.0/deed.en;1
images/real/real_ca5edc26dc.jpg;Moscow_2025-08-10_bicycle_race_police_and_ambulances_08_1c0ff6bd.jpg;File:Moscow 2025-08-10 bicycle race, police and ambulances 08.jpg;https://commons.wikimedia.org/wiki/File%3AMoscow_2025-08-10_bicycle_race%2C_police_and_ambulances_08.jpg;Retired electrician;CC0;http://creativecommons.org/publicdomain/zero/1.0/deed.en;0
images/real/real_40cc3ee81b.jpg;Moscow_2025-08-10_bicycle_race_roadblocks_04_78422c70.jpg;File:Moscow 2025-08-10 bicycle race, roadblocks 04.jpg;https://commons.wikimedia.org/wiki/File%3AMoscow_2025-08-10_bicycle_race%2C_roadblocks_04.jpg;Retired electrician;CC0;http://creativecommons.org/publicdomain/zero/1.0/deed.en;3
images/real/real_6d72f3dcc6.jpg;Moscow_2025-08-10_bicycle_race_roadblocks_05_143b9a43.jpg;File:Moscow 2025-08-10 bicycle race, roadblocks 05.jpg;https://commons.wikimedia.org/wiki/File%3AMoscow_2025-08-10_bicycle_race%2C_roadblocks_05.jpg;Retired electrician;CC0;http://creativecommons.org/publicdomain/zero/1.0/deed.en;2
images/real/real_787156c9a5.jpg;Moscow_2nd_Avtozavodsky_Proezd_Belgee_X70_June_2025_01_9ba458cf.jpg;File:Moscow, 2nd Avtozavodsky Proezd, Belgee X70, June 2025 01.jpg;https://commons.wikimedia.org/wiki/File%3AMoscow%2C_2nd_Avtozavodsky_Proezd%2C_Belgee_X70%2C_June_2025_01.jpg;Retired electrician;CC0;http://creativecommons.org/publicdomain/zero/1.0/deed.en;0
images/real/real_6fe8115ef9.jpg;Moscow_2nd_Nagatinsky_Proezd_garage_workshops_June_2025_01_60533027.jpg;File:Moscow, 2nd Nagatinsky Proezd, garage workshops, June 2025 01.jpg;https://commons.wikimedia.org/wiki/File%3AMoscow%2C_2nd_Nagatinsky_Proezd%2C_garage_workshops%2C_June_2025_01.jpg;Retired electrician;CC0;http://creativecommons.org/publicdomain/zero/1.0/deed.en;0
images/real/real_124c7db2eb.jpg;Moscow_2nd_Nagatinsky_Proezd_garage_workshops_June_2025_02_e3a898a1.jpg;File:Moscow, 2nd Nagatinsky Proezd, garage workshops, June 2025 02.jpg;https://commons.wikimedia.org/wiki/File%3AMoscow%2C_2nd_Nagatinsky_Proezd%2C_garage_workshops%2C_June_2025_02.jpg;Retired electrician;CC0;http://creativecommons.org/publicdomain/zero/1.0/deed.en;0
images/real/real_27b9aaccf5.jpg;Moscow_2nd_Nagatinsky_Proezd_garage_workshops_June_2025_045_e99e95e8.jpg;File:Moscow, 2nd Nagatinsky Proezd, garage workshops, June 2025 045.jpg;https://commons.wikimedia.org/wiki/File%3AMoscow%2C_2nd_Nagatinsky_Proezd%2C_garage_workshops%2C_June_2025_045.jpg;Retired electrician;CC0;http://creativecommons.org/publicdomain/zero/1.0/deed.en;0
images/real/real_d5db604de2.jpg;Moscow_2nd_Pavlovsky_Lane_Pony_Express_van_May_2025_01_41910c97.jpg;File:Moscow, 2nd Pavlovsky Lane, Pony Express van May 2025 01.jpg;https://commons.wikimedia.org/wiki/File%3AMoscow%2C_2nd_Pavlovsky_Lane%2C_Pony_Express_van_May_2025_01.jpg;Retired electrician;CC0;http://creativecommons.org/publicdomain/zero/1.0/deed.en;1
images/real/real_49c2a4f13c.jpg;Moscow_2nd_Pavlovsky_Lane_Yandex_Market_van_May_2025_02_6313bc30.jpg;File:Moscow, 2nd Pavlovsky Lane, Yandex Market van May 2025 02.jpg;https://commons.wikimedia.org/wiki/File%3AMoscow%2C_2nd_Pavlovsky_Lane%2C_Yandex_Market_van_May_2025_02.jpg;Retired electrician;CC0;http://creativecommons.org/publicdomain/zero/1.0/deed.en;0
images/real/real_3146fbaab9.jpg;Moscow_2nd_Pavlovsky_Lane_rental_BAIC_Beijing_U5_May_2025_01_d30d5695.jpg;File:Moscow, 2nd Pavlovsky Lane, rental BAIC Beijing U5, May 2025 01.jpg;https://commons.wikimedia.org/wiki/File%3AMoscow%2C_2nd_Pavlovsky_Lane%2C_rental_BAIC_Beijing_U5%2C_May_2025_01.jpg;Retired electrician;CC0;http://creativecommons.org/publicdomain/zero/1.0/deed.en;0
images/real/real_06e259ae5d.jpg;Moscow_2nd_Pavlovsky_Lane_rental_BelkaCar_Moskvich_3_May_2025_01_87789714.jpg;File:Moscow, 2nd Pavlovsky Lane, rental BelkaCar Moskvich 3, May 2025 01.jpg;https://commons.wikimedia.org/wiki/File%3AMoscow%2C_2nd_Pavlovsky_Lane%2C_rental_BelkaCar_Moskvich_3%2C_May_2025_01.jpg;Retired electrician;CC0;http://creativecommons.org/publicdomain/zero/1.0/deed.en;0
images/real/real_ee70829543.jpg;Moscow_2nd_Pavlovsky_Lane_rental_BelkaCar_Moskvich_3_May_2025_02_f57db46d.jpg;File:Moscow, 2nd Pavlovsky Lane, rental BelkaCar Moskvich 3, May 2025 02.jpg;https://commons.wikimedia.org/wiki/File%3AMoscow%2C_2nd_Pavlovsky_Lane%2C_rental_BelkaCar_Moskvich_3%2C_May_2025_02.jpg;Retired electrician;CC0;http://creativecommons.org/publicdomain/zero/1.0/deed.en;0
images/real/real_d3226dc589.jpg;Moscow_2nd_Pavlovsky_Lane_rental_Delimobil_Jetta_VS5_2025_01_f2a208c1.jpg;File:Moscow, 2nd Pavlovsky Lane, rental Delimobil Jetta VS5 2025 01.jpg;https://commons.wikimedia.org/wiki/File%3AMoscow%2C_2nd_Pavlovsky_Lane%2C_rental_Delimobil_Jetta_VS5_2025_01.jpg;Retired electrician;CC0;http://creativecommons.org/publicdomain/zero/1.0/deed.en;0
images/real/real_e2865a3019.jpg;Moscow_2nd_Syromyatnichesky_Lane_rental_GAC_GS3_May_2025_01_49d3d822.jpg;File:Moscow, 2nd Syromyatnichesky Lane, rental GAC GS3 May 2025 01.jpg;https://commons.wikimedia.org/wiki/File%3AMoscow%2C_2nd_Syromyatnichesky_Lane%2C_rental_GAC_GS3_May_2025_01.jpg;Retired electrician;CC0;http://creativecommons.org/publicdomain/zero/1.0/deed.en;0
images/real/real_26e9b1f7eb.jpg;Moscow_2nd_Syromyatnichesky_Lane_rental_GAC_GS3_May_2025_02_aca1199e.jpg;File:Moscow, 2nd Syromyatnichesky Lane, rental GAC GS3 May 2025 02.jpg;https://commons.wikimedia.org/wiki/File%3AMoscow%2C_2nd_Syromyatnichesky_Lane%2C_rental_GAC_GS3_May_2025_02.jpg;Retired electrician;CC0;http://creativecommons.org/publicdomain/zero/1.0/deed.en;0
images/real/real_daf0de0618.jpg;Moscow_2nd_Syromyatnichesky_Lane_rental_GAC_GS3_May_2025_03_101a4769.jpg;File:Moscow, 2nd Syromyatnichesky Lane, rental GAC GS3 May 2025 03.jpg;https://commons.wikimedia.org/wiki/File%3AMoscow%2C_2nd_Syromyatnichesky_Lane%2C_rental_GAC_GS3_May_2025_03.jpg;Retired electrician;CC0;http://creativecommons.org/publicdomain/zero/1.0/deed.en;0
images/real/real_dc165ffa73.jpg;Moscow_2nd_Yuzhnoportovy_Proezd_19k1_May_2025_02_40ad7a07.jpg;File:Moscow, 2nd Yuzhnoportovy Proezd 19k1, May 2025 02.jpg;https://commons.wikimedia.org/wiki/File%3AMoscow%2C_2nd_Yuzhnoportovy_Proezd_19k1%2C_May_2025_02.jpg;Retired electrician;CC0;http://creativecommons.org/publicdomain/zero/1.0/deed.en;0
images/real/real_8a2406fb00.jpg;Moscow_2nd_Yuzhnoportovy_Proezd_19k1_May_2025_03_a954919e.jpg;File:Moscow, 2nd Yuzhnoportovy Proezd 19k1, May 2025 03.jpg;https://commons.wikimedia.org/wiki/File%3AMoscow%2C_2nd_Yuzhnoportovy_Proezd_19k1%2C_May_2025_03.jpg;Retired electrician;CC0;http://creativecommons.org/publicdomain/zero/1.0/deed.en;0
images/real/real_716ad5193f.jpg;Moscow_3rd_Derbenyovsky_Lane_Opus_building_construction_July_2025_02_18599f91.jpg;File:Moscow, 3rd Derbenyovsky Lane, Opus building construction, July 2025 02.jpg;https://commons.wikimedia.org/wiki/File%3AMoscow%2C_3rd_Derbenyovsky_Lane%2C_Opus_building_construction%2C_July_2025_02.jpg;Retired electrician;CC0;http://creativecommons.org/publicdomain/zero/1.0/deed.en;1
images/real/real_25a6fb82bc.jpg;Moscow_4th_Krutitsky_Lane_July_2025_01_758e1674.jpg;File:Moscow, 4th Krutitsky Lane, July 2025 01.jpg;https://commons.wikimedia.org/wiki/File%3AMoscow%2C_4th_Krutitsky_Lane%2C_July_2025_01.jpg;Retired electrician;CC0;http://creativecommons.org/publicdomain/zero/1.0/deed.en;0
images/real/real_40f2b81432.jpg;Moscow_6th_Monetchikovsky_Lixiang_Li7_May_2025_01_-_cropped_3fb3b379.jpg;File:Moscow, 6th Monetchikovsky, Lixiang Li7 May 2025 01 - cropped.jpg;https://commons.wikimedia.org/wiki/File%3AMoscow%2C_6th_Monetchikovsky%2C_Lixiang_Li7_May_2025_01_-_cropped.jpg;Retired electrician;CC0;http://creativecommons.org/publicdomain/zero/1.0/deed.en;0
images/real/real_8bc20d0b6b.jpg;Moscow_6th_Monetchikovsky_Lixiang_Li7_May_2025_01_9915e20e.jpg;File:Moscow, 6th Monetchikovsky, Lixiang Li7 May 2025 01.jpg;https://commons.wikimedia.org/wiki/File%3AMoscow%2C_6th_Monetchikovsky%2C_Lixiang_Li7_May_2025_01.jpg;Retired electrician;CC0;http://creativecommons.org/publicdomain/zero/1.0/deed.en;0
images/real/real_205e74bb99.jpg;Moscow_AITO_M5_Aug_2025_01_97d5866d.jpg;File:Moscow, AITO M5, Aug 2025 01.jpg;https://commons.wikimedia.org/wiki/File%3AMoscow%2C_AITO_M5%2C_Aug_2025_01.jpg;Retired electrician;CC0;http://creativecommons.org/publicdomain/zero/1.0/deed.en;1
images/real/real_1ab96512c2.jpg;Moscow_Abelmanovskaya_Street_roadworks_Sept_2025_06_cantilever_truck_9a8418df.jpg;File:Moscow, Abelmanovskaya Street roadworks, Sept 2025 06 cantilever truck.jpg;https://commons.wikimedia.org/wiki/File%3AMoscow%2C_Abelmanovskaya_Street_roadworks%2C_Sept_2025_06_cantilever_truck.jpg;Retired electrician;CC0;http://creativecommons.org/publicdomain/zero/1.0/deed.en;1
images/real/real_4e78349659.jpg;Moscow_Akademika_Petrovskogo_Street_HSE_buildings_May_2025_02_6e52dc56.jpg;File:Moscow, Akademika Petrovskogo Street, HSE buildings May 2025 02.jpg;https://commons.wikimedia.org/wiki/File%3AMoscow%2C_Akademika_Petrovskogo_Street%2C_HSE_buildings_May_2025_02.jpg;Retired electrician;CC0;http://creativecommons.org/publicdomain/zero/1.0/deed.en;0
images/real/real_b02a7f6c5e.jpg;Moscow_Alfa_Rome_Giulia_June_2025_01_325dae34.jpg;File:Moscow, Alfa Rome Giulia, June 2025 01.jpg;https://commons.wikimedia.org/wiki/File%3AMoscow%2C_Alfa_Rome_Giulia%2C_June_2025_01.jpg;Retired electrician;CC0;http://creativecommons.org/publicdomain/zero/1.0/deed.en;0
images/real/real_8062cb65b1.jpg;Moscow_Alfa_Rome_Giulia_June_2025_02_e8b48652.jpg;File:Moscow, Alfa Rome Giulia, June 2025 02.jpg;https://commons.wikimedia.org/wiki/File%3AMoscow%2C_Alfa_Rome_Giulia%2C_June_2025_02.jpg;Retired electrician;CC0;http://creativecommons.org/publicdomain/zero/1.0/deed.en;0
images/real/real_829b056607.jpg;Moscow_Alfa_Romeo_147_flat_tire_Aug_2025_01_be11189e.jpg;File:Moscow, Alfa Romeo 147, flat tire, Aug 2025 01.jpg;https://commons.wikimedia.org/wiki/File%3AMoscow%2C_Alfa_Romeo_147%2C_flat_tire%2C_Aug_2025_01.jpg;Retired electrician;CC0;http://creativecommons.org/publicdomain/zero/1.0/deed.en;0
images/real/real_4481d9c19c.jpg;Moscow_Alfa_Romeo_4C_Coup_Aug_2025_05_2926c436.jpg;File:Moscow, Alfa Romeo 4C Coupé, Aug 2025 05.jpg;https://commons.wikimedia.org/wiki/File%3AMoscow%2C_Alfa_Romeo_4C_Coup%C3%A9%2C_Aug_2025_05.jpg;Retired electrician;CC0;http://creativecommons.org/publicdomain/zero/1.0/deed.en;2
images/real/real_f69b63780b.jpg;Moscow_Atom_cars_at_Atom_engineering_center_Apr_2026_02_308aad28.jpg;File:Moscow, Atom cars at Atom engineering center, Apr 2026 02.jpg;https://commons.wikimedia.org/wiki/File%3AMoscow%2C_Atom_cars_at_Atom_engineering_center%2C_Apr_2026_02.jpg;Retired electrician;CC0;http://creativecommons.org/publicdomain/zero/1.0/deed.en;0
images/real/real_1d42178a3a.jpg;Moscow_Audi_A4_red_Aug_2025_01_8ec6dfa4.jpg;File:Moscow, Audi A4 red, Aug 2025 01.jpg;https://commons.wikimedia.org/wiki/File%3AMoscow%2C_Audi_A4_red%2C_Aug_2025_01.jpg;Retired electrician;CC0;http://creativecommons.org/publicdomain/zero/1.0/deed.en;1
images/real/real_e549dc2ad6.jpg;Moscow_Audi_A5_red_Sept_2025_02_097486d6.jpg;File:Moscow, Audi A5 red, Sept 2025 02.jpg;https://commons.wikimedia.org/wiki/File%3AMoscow%2C_Audi_A5_red%2C_Sept_2025_02.jpg;Retired electrician;CC0;http://creativecommons.org/publicdomain/zero/1.0/deed.en;0
images/real/real_e488f58f29.jpg;Moscow_Audi_Q5_blue_Mar_2026_01_879a139e.jpg;File:Moscow, Audi Q5 blue, Mar 2026 01.jpg;https://commons.wikimedia.org/wiki/File%3AMoscow%2C_Audi_Q5_blue%2C_Mar_2026_01.jpg;Retired electrician;CC0;http://creativecommons.org/publicdomain/zero/1.0/deed.en;3
images/real/real_fc2cfc049c.jpg;Moscow_Audi_Q7_blue_Sept_2025_01_d30af21c.jpg;File:Moscow, Audi Q7 blue, Sept 2025 01.jpg;https://commons.wikimedia.org/wiki/File%3AMoscow%2C_Audi_Q7_blue%2C_Sept_2025_01.jpg;Retired electrician;CC0;http://creativecommons.org/publicdomain/zero/1.0/deed.en;0
images/real/real_7ecaa35fb0.jpg;Moscow_Audi_SUV_bright-green_May_2026_01_4f54d535.jpg;File:Moscow, Audi SUV bright-green, May 2026 01.jpg;https://commons.wikimedia.org/wiki/File%3AMoscow%2C_Audi_SUV_bright-green%2C_May_2026_01.jpg;Retired electrician;CC0;http://creativecommons.org/publicdomain/zero/1.0/deed.en;0
images/real/real_dc383038f3.jpg;Moscow_Audi_TT_orange_dump_truck_Aug_2026_02_eb5eed11.jpg;File:Moscow, Audi TT orange, dump truck Aug 2026 02.jpg;https://commons.wikimedia.org/wiki/File%3AMoscow%2C_Audi_TT_orange%2C_dump_truck_Aug_2026_02.jpg;Retired electrician;CC0;http://creativecommons.org/publicdomain/zero/1.0/deed.en;0
images/real/real_89df4d5b20.jpg;Moscow_Audi_TT_purple_May_2026_01_f1f73fe4.jpg;File:Moscow, Audi TT purple, May 2026 01.jpg;https://commons.wikimedia.org/wiki/File%3AMoscow%2C_Audi_TT_purple%2C_May_2026_01.jpg;Retired electrician;CC0;http://creativecommons.org/publicdomain/zero/1.0/deed.en;0
images/real/real_76c75cd2f9.jpg;Moscow_Avatr_11_June_2025_02_4ae7cf8b.jpg;File:Moscow, Avatr 11, June 2025 02.jpg;https://commons.wikimedia.org/wiki/File%3AMoscow%2C_Avatr_11%2C_June_2025_02.jpg;Retired electrician;CC0;http://creativecommons.org/publicdomain/zero/1.0/deed.en;1
images/real/real_eaf48cb0ae.jpg;Moscow_Aviakonstruktora_Mikoyana_Street_CSKA-Football_hall_April_2025_13_71688743.jpg;File:Moscow, Aviakonstruktora Mikoyana Street, CSKA-Football hall April 2025 13.jpg;https://commons.wikimedia.org/wiki/File%3AMoscow%2C_Aviakonstruktora_Mikoyana_Street%2C_CSKA-Football_hall_April_2025_13.jpg;Retired electrician;CC0;http://creativecommons.org/publicdomain/zero/1.0/deed.en;0
images/real/real_5ceeffdfa2.jpg;Moscow_Avtozavodskaya_16c3_April_2025_01_027d52ee.jpg;File:Moscow, Avtozavodskaya 16c3, April 2025 01.jpg;https://commons.wikimedia.org/wiki/File%3AMoscow%2C_Avtozavodskaya_16c3%2C_April_2025_01.jpg;Retired electrician;CC0;http://creativecommons.org/publicdomain/zero/1.0/deed.en;0
images/real/real_e305f313ae.jpg;Moscow_Avtozavodskaya_23c753_April_2025_10_46736547.jpg;File:Moscow, Avtozavodskaya 23c753 April 2025 10.jpg;https://commons.wikimedia.org/wiki/File%3AMoscow%2C_Avtozavodskaya_23c753_April_2025_10.jpg;Retired electrician;CC0;http://creativecommons.org/publicdomain/zero/1.0/deed.en;3
images/real/real_6f79a0017a.jpg;Moscow_Avtozavodskaya_23c753_April_2025_11_3331fcc0.jpg;File:Moscow, Avtozavodskaya 23c753 April 2025 11.jpg;https://commons.wikimedia.org/wiki/File%3AMoscow%2C_Avtozavodskaya_23c753_April_2025_11.jpg;Retired electrician;CC0;http://creativecommons.org/publicdomain/zero/1.0/deed.en;2
images/real/real_655b856a7a.jpg;Moscow_B.Nikitskaya_10..8_corner_Aug_2024_17_af05f014.jpg;File:Moscow, B.Nikitskaya 10..8 corner Aug 2024 17.jpg;https://commons.wikimedia.org/wiki/File%3AMoscow%2C_B.Nikitskaya_10..8_corner_Aug_2024_17.jpg;Retired electrician;CC0;http://creativecommons.org/publicdomain/zero/1.0/deed.en;2
images/real/real_78ed091d93.jpg;Moscow_B.Nikitskaya_10_Aug_2024_13_51eb62d5.jpg;File:Moscow, B.Nikitskaya 10 Aug 2024 13.jpg;https://commons.wikimedia.org/wiki/File%3AMoscow%2C_B.Nikitskaya_10_Aug_2024_13.jpg;Retired electrician;CC0;http://creativecommons.org/publicdomain/zero/1.0/deed.en;4
images/real/real_c24eef37f7.jpg;Moscow_B.Nikitskaya_24_Aug_2024_02_40e5cb47.jpg;File:Moscow, B.Nikitskaya 24 Aug 2024 02.jpg;https://commons.wikimedia.org/wiki/File%3AMoscow%2C_B.Nikitskaya_24_Aug_2024_02.jpg;Retired electrician;CC0;http://creativecommons.org/publicdomain/zero/1.0/deed.en;4
images/real/real_d751a86827.jpg;Moscow_BMW_120_convertible_white_May_2026_01_a499e6d0.jpg;File:Moscow, BMW 120 convertible white, May 2026 01.jpg;https://commons.wikimedia.org/wiki/File%3AMoscow%2C_BMW_120_convertible_white%2C_May_2026_01.jpg;Retired electrician;CC0;http://creativecommons.org/publicdomain/zero/1.0/deed.en;0
images/real/real_5c1477397a.jpg;Moscow_BMW_528i_E28_grey_Sept_2025_05_1f50afa8.jpg;File:Moscow, BMW 528i (E28) grey, Sept 2025 05.jpg;https://commons.wikimedia.org/wiki/File%3AMoscow%2C_BMW_528i_%28E28%29_grey%2C_Sept_2025_05.jpg;Retired electrician;CC0;http://creativecommons.org/publicdomain/zero/1.0/deed.en;0
images/real/real_47c4a60566.jpg;Moscow_BMW_I12_Aug_2025_02_f5717568.jpg;File:Moscow, BMW I12, Aug 2025 02.jpg;https://commons.wikimedia.org/wiki/File%3AMoscow%2C_BMW_I12%2C_Aug_2025_02.jpg;Retired electrician;CC0;http://creativecommons.org/publicdomain/zero/1.0/deed.en;0
images/real/real_a581b7a74c.jpg;Moscow_BMW_X5_blue_Apr_2026_01_d94dbf2f.jpg;File:Moscow, BMW X5 blue, Apr 2026 01.jpg;https://commons.wikimedia.org/wiki/File%3AMoscow%2C_BMW_X5_blue%2C_Apr_2026_01.jpg;Retired electrician;CC0;http://creativecommons.org/publicdomain/zero/1.0/deed.en;1
images/real/real_2393b35093.jpg;Moscow_BMW_X5_green_Sept_2025_01_3692931d.jpg;File:Moscow, BMW X5 green, Sept 2025 01.jpg;https://commons.wikimedia.org/wiki/File%3AMoscow%2C_BMW_X5_green%2C_Sept_2025_01.jpg;Retired electrician;CC0;http://creativecommons.org/publicdomain/zero/1.0/deed.en;2
images/real/real_46629a2e82.jpg;Moscow_BMW_X7_Kukla_Tanya_Aug_2025_02_2cba5f48.jpg;File:Moscow, BMW X7 Kukla Tanya, Aug 2025 02.jpg;https://commons.wikimedia.org/wiki/File%3AMoscow%2C_BMW_X7_Kukla_Tanya%2C_Aug_2025_02.jpg;Retired electrician;CC0;http://creativecommons.org/publicdomain/zero/1.0/deed.en;0
images/real/real_83c8b5807a.jpg;Moscow_BMW_X7_Kukla_Tanya_Aug_2025_04_3d030127.jpg;File:Moscow, BMW X7 Kukla Tanya, Aug 2025 04.jpg;https://commons.wikimedia.org/wiki/File%3AMoscow%2C_BMW_X7_Kukla_Tanya%2C_Aug_2025_04.jpg;Retired electrician;CC0;http://creativecommons.org/publicdomain/zero/1.0/deed.en;0
images/real/real_f876db8871.jpg;Moscow_BMW_X7_on_Gazelle_Next_tow_truck_May_2026_01_45029844.jpg;File:Moscow, BMW X7 on Gazelle Next tow truck, May 2026 01.jpg;https://commons.wikimedia.org/wiki/File%3AMoscow%2C_BMW_X7_on_Gazelle_Next_tow_truck%2C_May_2026_01.jpg;Retired electrician;CC0;http://creativecommons.org/publicdomain/zero/1.0/deed.en;1
images/real/real_65c893a22a.jpg;Moscow_BMW_Z_convertible_May_2026_01_6a5bba50.jpg;File:Moscow, BMW Z convertible, May 2026 01.jpg;https://commons.wikimedia.org/wiki/File%3AMoscow%2C_BMW_Z_convertible%2C_May_2026_01.jpg;Retired electrician;CC0;http://creativecommons.org/publicdomain/zero/1.0/deed.en;0
images/real/real_68e0f7b4eb.jpg;Moscow_BYD_DM-1_June_2025_01_c701a609.jpg;File:Moscow, BYD DM-1, June 2025 01.jpg;https://commons.wikimedia.org/wiki/File%3AMoscow%2C_BYD_DM-1%2C_June_2025_01.jpg;Retired electrician;CC0;http://creativecommons.org/publicdomain/zero/1.0/deed.en;0
images/real/real_845ff625e4.jpg;Moscow_BYD_Leopard_5_April_2025_01_7eca89b2.jpg;File:Moscow, BYD Leopard 5, April 2025 01.jpg;https://commons.wikimedia.org/wiki/File%3AMoscow%2C_BYD_Leopard_5%2C_April_2025_01.jpg;Retired electrician;CC0;http://creativecommons.org/publicdomain/zero/1.0/deed.en;0
images/real/real_ec1eb33ff5.jpg;Moscow_BYD_Leopard_5_April_2025_02_ec824dbf.jpg;File:Moscow, BYD Leopard 5, April 2025 02.jpg;https://commons.wikimedia.org/wiki/File%3AMoscow%2C_BYD_Leopard_5%2C_April_2025_02.jpg;Retired electrician;CC0;http://creativecommons.org/publicdomain/zero/1.0/deed.en;1
images/real/real_df7743c48a.jpg;Moscow_BYD_Leopard_5_April_2025_04_97b9c08e.jpg;File:Moscow, BYD Leopard 5, April 2025 04.jpg;https://commons.wikimedia.org/wiki/File%3AMoscow%2C_BYD_Leopard_5%2C_April_2025_04.jpg;Retired electrician;CC0;http://creativecommons.org/publicdomain/zero/1.0/deed.en;0
images/real/real_bc5208b36e.jpg;Moscow_BYD_Leopard_5_April_2025_05_a0174ecb.jpg;File:Moscow, BYD Leopard 5, April 2025 05.jpg;https://commons.wikimedia.org/wiki/File%3AMoscow%2C_BYD_Leopard_5%2C_April_2025_05.jpg;Retired electrician;CC0;http://creativecommons.org/publicdomain/zero/1.0/deed.en;0
images/real/real_c5e9027b91.jpg;Moscow_BYD_Leopard_5_April_2025_06_9cb56385.jpg;File:Moscow, BYD Leopard 5, April 2025 06.jpg;https://commons.wikimedia.org/wiki/File%3AMoscow%2C_BYD_Leopard_5%2C_April_2025_06.jpg;Retired electrician;CC0;http://creativecommons.org/publicdomain/zero/1.0/deed.en;0
images/real/real_7bd2910bfc.jpg;Moscow_Balchug-Kempinski_Gazon_Next_in_Avtodor_livery_Sept_2025_01_1f5b7579.jpg;File:Moscow, Balchug-Kempinski, Gazon Next in Avtodor livery, Sept 2025 01.jpg;https://commons.wikimedia.org/wiki/File%3AMoscow%2C_Balchug-Kempinski%2C_Gazon_Next_in_Avtodor_livery%2C_Sept_2025_01.jpg;Retired electrician;CC0;http://creativecommons.org/publicdomain/zero/1.0/deed.en;2
images/real/real_48b043b806.jpg;Moscow_Balchug-Kempinski_Gazon_Next_in_Avtodor_livery_Sept_2025_02_421e8968.jpg;File:Moscow, Balchug-Kempinski, Gazon Next in Avtodor livery, Sept 2025 02.jpg;https://commons.wikimedia.org/wiki/File%3AMoscow%2C_Balchug-Kempinski%2C_Gazon_Next_in_Avtodor_livery%2C_Sept_2025_02.jpg;Retired electrician;CC0;http://creativecommons.org/publicdomain/zero/1.0/deed.en;0
images/real/real_91d812dd61.jpg;Moscow_Balchug_RAM1500_in_crypto_ads_Sept_2025_02_8d5b9e46.jpg;File:Moscow, Balchug, RAM1500 in crypto ads, Sept 2025 02.jpg;https://commons.wikimedia.org/wiki/File%3AMoscow%2C_Balchug%2C_RAM1500_in_crypto_ads%2C_Sept_2025_02.jpg;Retired electrician;CC0;http://creativecommons.org/publicdomain/zero/1.0/deed.en;0
images/real/real_d4c3130639.jpg;Moscow_Balchug_pink_Rolls-Royce_Sept_2025_02_30e2bc78.jpg;File:Moscow, Balchug, pink Rolls-Royce, Sept 2025 02.jpg;https://commons.wikimedia.org/wiki/File%3AMoscow%2C_Balchug%2C_pink_Rolls-Royce%2C_Sept_2025_02.jpg;Retired electrician;CC0;http://creativecommons.org/publicdomain/zero/1.0/deed.en;5
images/real/real_3b2fd8eda7.jpg;Moscow_Balchug_pink_Rolls-Royce_Sept_2025_03_c7fa6071.jpg;File:Moscow, Balchug, pink Rolls-Royce, Sept 2025 03.jpg;https://commons.wikimedia.org/wiki/File%3AMoscow%2C_Balchug%2C_pink_Rolls-Royce%2C_Sept_2025_03.jpg;Retired electrician;CC0;http://creativecommons.org/publicdomain/zero/1.0/deed.en;0
images/real/real_ffbf3062e3.jpg;Moscow_Belgee_Coolray_Citydrive_white_Apr_2026_02_701f1cb2.jpg;File:Moscow, Belgee Coolray Citydrive white, Apr 2026 02.jpg;https://commons.wikimedia.org/wiki/File%3AMoscow%2C_Belgee_Coolray_Citydrive_white%2C_Apr_2026_02.jpg;Retired electrician;CC0;http://creativecommons.org/publicdomain/zero/1.0/deed.en;0
images/real/real_458a72004e.jpg;Moscow_Belgee_Coolray_in_rental_livery_July_2025_02_df003088.jpg;File:Moscow, Belgee Coolray in rental livery July 2025 02.jpg;https://commons.wikimedia.org/wiki/File%3AMoscow%2C_Belgee_Coolray_in_rental_livery_July_2025_02.jpg;Retired electrician;CC0;http://creativecommons.org/publicdomain/zero/1.0/deed.en;0
images/real/real_3610bc5bb6.jpg;Moscow_Belgeee_Coolray_Citydrive_on_a_municipal_tow_truck_Sept_2025_01_59193148.jpg;File:Moscow, Belgeee Coolray Citydrive on a municipal tow truck, Sept 2025 01.jpg;https://commons.wikimedia.org/wiki/File%3AMoscow%2C_Belgeee_Coolray_Citydrive_on_a_municipal_tow_truck%2C_Sept_2025_01.jpg;Retired electrician;CC0;http://creativecommons.org/publicdomain/zero/1.0/deed.en;1
images/real/real_7b5569dff9.jpg;Moscow_Belkacar_BAIC_Beijing_X55_Aug_2025_02_0d817014.jpg;File:Moscow, Belkacar BAIC Beijing X55, Aug 2025 02.jpg;https://commons.wikimedia.org/wiki/File%3AMoscow%2C_Belkacar_BAIC_Beijing_X55%2C_Aug_2025_02.jpg;Retired electrician;CC0;http://creativecommons.org/publicdomain/zero/1.0/deed.en;0
images/real/real_6c67c194b5.jpg;Moscow_Belkacar_Haval_Dargo_May_2025_01_654e8e27.jpg;File:Moscow, Belkacar Haval Dargo, May 2025 01.jpg;https://commons.wikimedia.org/wiki/File%3AMoscow%2C_Belkacar_Haval_Dargo%2C_May_2025_01.jpg;Retired electrician;CC0;http://creativecommons.org/publicdomain/zero/1.0/deed.en;0
images/real/real_b788d1a886.jpg;Moscow_Belkacar_Haval_Dargo_May_2025_02_4b4f3beb.jpg;File:Moscow, Belkacar Haval Dargo, May 2025 02.jpg;https://commons.wikimedia.org/wiki/File%3AMoscow%2C_Belkacar_Haval_Dargo%2C_May_2025_02.jpg;Retired electrician;CC0;http://creativecommons.org/publicdomain/zero/1.0/deed.en;0
images/real/real_00bd1e0f47.jpg;Moscow_Belkacar_carsharing_graveyard_Apr_2026_01_f33794ce.jpg;File:Moscow, Belkacar carsharing graveyard, Apr 2026 01.jpg;https://commons.wikimedia.org/wiki/File%3AMoscow%2C_Belkacar_carsharing_graveyard%2C_Apr_2026_01.jpg;Retired electrician;CC0;http://creativecommons.org/publicdomain/zero/1.0/deed.en;0
images/real/real_e863397b19.jpg;Moscow_Belkacar_carsharing_graveyard_Apr_2026_02_add43599.jpg;File:Moscow, Belkacar carsharing graveyard, Apr 2026 02.jpg;https://commons.wikimedia.org/wiki/File%3AMoscow%2C_Belkacar_carsharing_graveyard%2C_Apr_2026_02.jpg;Retired electrician;CC0;http://creativecommons.org/publicdomain/zero/1.0/deed.en;0
images/real/real_a5a5a04aef.jpg;Moscow_Belkacar_carsharing_graveyard_Apr_2026_04_7ad9ae22.jpg;File:Moscow, Belkacar carsharing graveyard, Apr 2026 04.jpg;https://commons.wikimedia.org/wiki/File%3AMoscow%2C_Belkacar_carsharing_graveyard%2C_Apr_2026_04.jpg;Retired electrician;CC0;http://creativecommons.org/publicdomain/zero/1.0/deed.en;0
images/real/real_99bb20a53b.jpg;Moscow_Bentley_Bentayga_May_2026_01_ce7d0a7f.jpg;File:Moscow, Bentley Bentayga, May 2026 01.jpg;https://commons.wikimedia.org/wiki/File%3AMoscow%2C_Bentley_Bentayga%2C_May_2026_01.jpg;Retired electrician;CC0;http://creativecommons.org/publicdomain/zero/1.0/deed.en;0
images/real/real_71817e712b.jpg;Moscow_Bestune_EO5_May_2025_01_8fb1c731.jpg;File:Moscow, Bestune EO5, May 2025 01.jpg;https://commons.wikimedia.org/wiki/File%3AMoscow%2C_Bestune_EO5%2C_May_2025_01.jpg;Retired electrician;CC0;http://creativecommons.org/publicdomain/zero/1.0/deed.en;0
images/real/real_3352b03e7b.jpg;Moscow_Bestune_EO5_May_2025_02_5d7d8d7d.jpg;File:Moscow, Bestune EO5, May 2025 02.jpg;https://commons.wikimedia.org/wiki/File%3AMoscow%2C_Bestune_EO5%2C_May_2025_02.jpg;Retired electrician;CC0;http://creativecommons.org/publicdomain/zero/1.0/deed.en;1
images/real/real_c4612b7d33.jpg;Moscow_Bestune_T77_Yandex.Drive_black_Sept_2025_01_cebd6a30.jpg;File:Moscow, Bestune T77 Yandex.Drive black, Sept 2025 01.jpg;https://commons.wikimedia.org/wiki/File%3AMoscow%2C_Bestune_T77_Yandex.Drive_black%2C_Sept_2025_01.jpg;Retired electrician;CC0;http://creativecommons.org/publicdomain/zero/1.0/deed.en;1
images/real/real_ca650ee698.jpg;Moscow_Bolotnaya_Embankment_turn_July_2025_01_4b2f18f7.jpg;File:Moscow, Bolotnaya Embankment turn, July 2025 01.jpg;https://commons.wikimedia.org/wiki/File%3AMoscow%2C_Bolotnaya_Embankment_turn%2C_July_2025_01.jpg;Retired electrician;CC0;http://creativecommons.org/publicdomain/zero/1.0/deed.en;1
images/real/real_0e1b29e5ad.jpg;Moscow_Bolshaya_Dorogomilovskaya_Street_-_City_June_2025_03_16ad7040.jpg;File:Moscow, Bolshaya Dorogomilovskaya Street - City, June 2025 03.jpg;https://commons.wikimedia.org/wiki/File%3AMoscow%2C_Bolshaya_Dorogomilovskaya_Street_-_City%2C_June_2025_03.jpg;Retired electrician;CC0;http://creativecommons.org/publicdomain/zero/1.0/deed.en;0
images/real/real_bef1c8c80d.jpg;Moscow_Bolshaya_Ordynka_19c9_redevelopment_July_2025_03_crop_car__cb9756e3.jpg;File:Moscow, Bolshaya Ordynka 19c9 redevelopment, July 2025 03 (crop car).jpg;https://commons.wikimedia.org/wiki/File%3AMoscow%2C_Bolshaya_Ordynka_19c9_redevelopment%2C_July_2025_03_%28crop_car%29.jpg;Retired electrician;CC0;http://creativecommons.org/publicdomain/zero/1.0/deed.en;1
images/real/real_c7ede3cb1f.jpg;Moscow_Bolshaya_Ordynka_19c9_redevelopment_July_2025_05_crop_car__a7b8354a.jpg;File:Moscow, Bolshaya Ordynka 19c9 redevelopment, July 2025 05 (crop car).jpg;https://commons.wikimedia.org/wiki/File%3AMoscow%2C_Bolshaya_Ordynka_19c9_redevelopment%2C_July_2025_05_%28crop_car%29.jpg;Retired electrician;CC0;http://creativecommons.org/publicdomain/zero/1.0/deed.en;2
images/real/real_182c1483d3.jpg;Moscow_Bolshaya_Ordynka_19c9_redevelopment_Oct_2025_01_3de520d6.jpg;File:Moscow, Bolshaya Ordynka 19c9 redevelopment, Oct 2025 01.jpg;https://commons.wikimedia.org/wiki/File%3AMoscow%2C_Bolshaya_Ordynka_19c9_redevelopment%2C_Oct_2025_01.jpg;Retired electrician;CC0;http://creativecommons.org/publicdomain/zero/1.0/deed.en;1
images/real/real_8930eeed20.jpg;Moscow_Bolshoy_Ustinsky_Bridge_autonomous_tram_on_route_90_Sept_2025_22_bd2b8146.jpg;File:Moscow, Bolshoy Ustinsky Bridge, autonomous tram on route 90, Sept 2025 22.jpg;https://commons.wikimedia.org/wiki/File%3AMoscow%2C_Bolshoy_Ustinsky_Bridge%2C_autonomous_tram_on_route_90%2C_Sept_2025_22.jpg;Retired electrician;CC0;http://creativecommons.org/publicdomain/zero/1.0/deed.en;1
images/real/real_119c4206e0.jpg;Moscow_Borisa_Petrovskogo_Street_Changan_UNI-K_AWD_April_2025_02_6dc85b3b.jpg;File:Moscow, Borisa Petrovskogo Street, Changan UNI-K AWD, April 2025 02.jpg;https://commons.wikimedia.org/wiki/File%3AMoscow%2C_Borisa_Petrovskogo_Street%2C_Changan_UNI-K_AWD%2C_April_2025_02.jpg;Retired electrician;CC0;http://creativecommons.org/publicdomain/zero/1.0/deed.en;0
images/real/real_378ca16f74.jpg;Moscow_Borisa_Petrovskogo_Street_Changan_UNI-K_AWD_April_2025_03_4aa93431.jpg;File:Moscow, Borisa Petrovskogo Street, Changan UNI-K AWD, April 2025 03.jpg;https://commons.wikimedia.org/wiki/File%3AMoscow%2C_Borisa_Petrovskogo_Street%2C_Changan_UNI-K_AWD%2C_April_2025_03.jpg;Retired electrician;CC0;http://creativecommons.org/publicdomain/zero/1.0/deed.en;0
images/real/real_b9b7cd7380.jpg;Moscow_Borisa_Petrovskogo_Street_Changan_UNI-K_AWD_April_2025_04_6fb6b277.jpg;File:Moscow, Borisa Petrovskogo Street, Changan UNI-K AWD, April 2025 04.jpg;https://commons.wikimedia.org/wiki/File%3AMoscow%2C_Borisa_Petrovskogo_Street%2C_Changan_UNI-K_AWD%2C_April_2025_04.jpg;Retired electrician;CC0;http://creativecommons.org/publicdomain/zero/1.0/deed.en;0
images/real/real_c2c7f921be.jpg;Moscow_Borisa_Petrovskogo_Street_Changan_UNI-K_AWD_April_2025_06_ded311f3.jpg;File:Moscow, Borisa Petrovskogo Street, Changan UNI-K AWD, April 2025 06.jpg;https://commons.wikimedia.org/wiki/File%3AMoscow%2C_Borisa_Petrovskogo_Street%2C_Changan_UNI-K_AWD%2C_April_2025_06.jpg;Retired electrician;CC0;http://creativecommons.org/publicdomain/zero/1.0/deed.en;0
images/real/real_aee647901e.jpg;Moscow_Borisa_Petrovskogo_Street_MIG_plant_site_April_2025_04_9cb0bc23.jpg;File:Moscow, Borisa Petrovskogo Street, MIG plant site, April 2025 04.jpg;https://commons.wikimedia.org/wiki/File%3AMoscow%2C_Borisa_Petrovskogo_Street%2C_MIG_plant_site%2C_April_2025_04.jpg;Retired electrician;CC0;http://creativecommons.org/publicdomain/zero/1.0/deed.en;0
images/real/real_b434aa0ab2.jpg;Moscow_Borisa_Petrovskogo_Street_MIG_plant_site_April_2025_05_0b7f5309.jpg;File:Moscow, Borisa Petrovskogo Street, MIG plant site, April 2025 05.jpg;https://commons.wikimedia.org/wiki/File%3AMoscow%2C_Borisa_Petrovskogo_Street%2C_MIG_plant_site%2C_April_2025_05.jpg;Retired electrician;CC0;http://creativecommons.org/publicdomain/zero/1.0/deed.en;0
images/real/real_6ba2951211.jpg;Moscow_Changah_HunterPlus_April_2025_03_fd18e9cb.jpg;File:Moscow, Changah HunterPlus, April 2025 03.jpg;https://commons.wikimedia.org/wiki/File%3AMoscow%2C_Changah_HunterPlus%2C_April_2025_03.jpg;Retired electrician;CC0;http://creativecommons.org/publicdomain/zero/1.0/deed.en;3
images/real/real_b91325daac.jpg;Moscow_Changan_Alswin_2nd_gen_Citydrive_Aug_2025_01_0d055196.jpg;File:Moscow, Changan Alswin (2nd gen) Citydrive, Aug 2025 01.jpg;https://commons.wikimedia.org/wiki/File%3AMoscow%2C_Changan_Alswin_%282nd_gen%29_Citydrive%2C_Aug_2025_01.jpg;Retired electrician;CC0;http://creativecommons.org/publicdomain/zero/1.0/deed.en;0
images/real/real_4b85a23da7.jpg;Moscow_Changan_Alswin_2nd_gen_Citydrive_Aug_2025_05_ece371f8.jpg;File:Moscow, Changan Alswin (2nd gen) Citydrive, Aug 2025 05.jpg;https://commons.wikimedia.org/wiki/File%3AMoscow%2C_Changan_Alswin_%282nd_gen%29_Citydrive%2C_Aug_2025_05.jpg;Retired electrician;CC0;http://creativecommons.org/publicdomain/zero/1.0/deed.en;0
images/real/real_218b9dcd92.jpg;Moscow_Changan_CS35_plus_Delimobil_Aug_2025_01_9990d281.jpg;File:Moscow, Changan CS35 plus Delimobil, Aug 2025 01.jpg;https://commons.wikimedia.org/wiki/File%3AMoscow%2C_Changan_CS35_plus_Delimobil%2C_Aug_2025_01.jpg;Retired electrician;CC0;http://creativecommons.org/publicdomain/zero/1.0/deed.en;1
images/real/real_8838dc2541.jpg;Moscow_Changan_CS35_plus_June_2025_02_a620c15f.jpg;File:Moscow, Changan CS35 plus, June 2025 02.jpg;https://commons.wikimedia.org/wiki/File%3AMoscow%2C_Changan_CS35_plus%2C_June_2025_02.jpg;Retired electrician;CC0;http://creativecommons.org/publicdomain/zero/1.0/deed.en;4
images/real/real_0fda05629d.jpg;Moscow_Changan_CS35plus_Aug_2025_03_899c213d.jpg;File:Moscow, Changan CS35plus, Aug 2025 03.jpg;https://commons.wikimedia.org/wiki/File%3AMoscow%2C_Changan_CS35plus%2C_Aug_2025_03.jpg;Retired electrician;CC0;http://creativecommons.org/publicdomain/zero/1.0/deed.en;0
images/real/real_df585e2231.jpg;Moscow_Changan_CS55_Plus_II_July_2025_02_4882a2f2.jpg;File:Moscow, Changan CS55 Plus II, July 2025 02.jpg;https://commons.wikimedia.org/wiki/File%3AMoscow%2C_Changan_CS55_Plus_II%2C_July_2025_02.jpg;Retired electrician;CC0;http://creativecommons.org/publicdomain/zero/1.0/deed.en;0
images/real/real_ca9ab8ea7e.jpg;Moscow_Changan_Uni-K_July_2025_01_65b68110.jpg;File:Moscow, Changan Uni-K July 2025 01.jpg;https://commons.wikimedia.org/wiki/File%3AMoscow%2C_Changan_Uni-K_July_2025_01.jpg;Retired electrician;CC0;http://creativecommons.org/publicdomain/zero/1.0/deed.en;0
images/real/real_d493cf24f0.jpg;Moscow_Changan_Uni-K_July_2025_03_0d4542a2.jpg;File:Moscow, Changan Uni-K July 2025 03.jpg;https://commons.wikimedia.org/wiki/File%3AMoscow%2C_Changan_Uni-K_July_2025_03.jpg;Retired electrician;CC0;http://creativecommons.org/publicdomain/zero/1.0/deed.en;0
images/real/real_b48f158ef5.jpg;Moscow_Changan_Uni-T_July_2025_10_a005517d.jpg;File:Moscow, Changan Uni-T, July 2025 10.jpg;https://commons.wikimedia.org/wiki/File%3AMoscow%2C_Changan_Uni-T%2C_July_2025_10.jpg;Retired electrician;CC0;http://creativecommons.org/publicdomain/zero/1.0/deed.en;0
images/real/real_beab277a67.jpg;Moscow_Changan_Uni-V_Citydrive_Aug_2025_01_5eda33df.jpg;File:Moscow, Changan Uni-V Citydrive, Aug 2025 01.jpg;https://commons.wikimedia.org/wiki/File%3AMoscow%2C_Changan_Uni-V_Citydrive%2C_Aug_2025_01.jpg;Retired electrician;CC0;http://creativecommons.org/publicdomain/zero/1.0/deed.en;1
images/real/real_fd1000f56d.jpg;Moscow_Changan_sedan_April_2025_6b23bbee.jpg;File:Moscow, Changan sedan, April 2025.jpg;https://commons.wikimedia.org/wiki/File%3AMoscow%2C_Changan_sedan%2C_April_2025.jpg;Retired electrician;CC0;http://creativecommons.org/publicdomain/zero/1.0/deed.en;0
images/real/real_bdec3402bb.jpg;Moscow_Cherry_Tiggo_4X_Yandex.drive_Mar_2026_01_b159bcb6.jpg;File:Moscow, Cherry Tiggo 4X Yandex.drive, Mar 2026 01.jpg;https://commons.wikimedia.org/wiki/File%3AMoscow%2C_Cherry_Tiggo_4X_Yandex.drive%2C_Mar_2026_01.jpg;Retired electrician;CC0;http://creativecommons.org/publicdomain/zero/1.0/deed.en;2
images/real/real_3d55a954f6.jpg;Moscow_Chery_A5_ready_to_fall_apart_Sept_2025_01_cf217a7b.jpg;File:Moscow, Chery A5 ready to fall apart, Sept 2025 01.jpg;https://commons.wikimedia.org/wiki/File%3AMoscow%2C_Chery_A5_ready_to_fall_apart%2C_Sept_2025_01.jpg;Retired electrician;CC0;http://creativecommons.org/publicdomain/zero/1.0/deed.en;3
images/real/real_597ce23b0c.jpg;Moscow_Chery_Tiggo_4_Yandex.Drive_Oct_2025_03_9c917fa0.jpg;File:Moscow, Chery Tiggo 4 Yandex.Drive, Oct 2025 03.jpg;https://commons.wikimedia.org/wiki/File%3AMoscow%2C_Chery_Tiggo_4_Yandex.Drive%2C_Oct_2025_03.jpg;Retired electrician;CC0;http://creativecommons.org/publicdomain/zero/1.0/deed.en;0
images/real/real_dc02791145.jpg;Moscow_Chery_Tiggo_4_on_a_tow_truck_Aug_2025_01_72c48955.jpg;File:Moscow, Chery Tiggo 4 on a tow truck, Aug 2025 01.jpg;https://commons.wikimedia.org/wiki/File%3AMoscow%2C_Chery_Tiggo_4_on_a_tow_truck%2C_Aug_2025_01.jpg;Retired electrician;CC0;http://creativecommons.org/publicdomain/zero/1.0/deed.en;0
images/real/real_b6b52c23e1.jpg;Moscow_Chery_Tiggo_7_April_2025_11_93ce2600.jpg;File:Moscow, Chery Tiggo 7, April 2025 11.jpg;https://commons.wikimedia.org/wiki/File%3AMoscow%2C_Chery_Tiggo_7%2C_April_2025_11.jpg;Retired electrician;CC0;http://creativecommons.org/publicdomain/zero/1.0/deed.en;1
images/real/real_bcc342d0ad.jpg;Moscow_Chery_Tiggo_7_Citydrive_Sept_2025_01_5ad34842.jpg;File:Moscow, Chery Tiggo 7 Citydrive, Sept 2025 01.jpg;https://commons.wikimedia.org/wiki/File%3AMoscow%2C_Chery_Tiggo_7_Citydrive%2C_Sept_2025_01.jpg;Retired electrician;CC0;http://creativecommons.org/publicdomain/zero/1.0/deed.en;0
images/real/real_fef11b9575.jpg;Moscow_Citro_n_Berlingo_II_Sept_2025_01_b67a5325.jpg;File:Moscow, Citroën Berlingo II, Sept 2025 01.jpg;https://commons.wikimedia.org/wiki/File%3AMoscow%2C_Citro%C3%ABn_Berlingo_II%2C_Sept_2025_01.jpg;Retired electrician;CC0;http://creativecommons.org/publicdomain/zero/1.0/deed.en;1
images/real/real_6f69896564.jpg;Moscow_Citro_n_DS3_Sept_2025_01_7167976e.jpg;File:Moscow, Citroën DS3, Sept 2025 01.jpg;https://commons.wikimedia.org/wiki/File%3AMoscow%2C_Citro%C3%ABn_DS3%2C_Sept_2025_01.jpg;Retired electrician;CC0;http://creativecommons.org/publicdomain/zero/1.0/deed.en;0
images/real/real_074554c56e.jpg;Moscow_Citroen_C1_on_tow_truck_Sept_2025_01_66f6d21e.jpg;File:Moscow, Citroen C1 on tow truck, Sept 2025 01.jpg;https://commons.wikimedia.org/wiki/File%3AMoscow%2C_Citroen_C1_on_tow_truck%2C_Sept_2025_01.jpg;Retired electrician;CC0;http://creativecommons.org/publicdomain/zero/1.0/deed.en;1
images/real/real_998c248d49.jpg;Moscow_Citroen_C4_Picasso_May_2026_01_a1673512.jpg;File:Moscow, Citroen C4 Picasso, May 2026 01.jpg;https://commons.wikimedia.org/wiki/File%3AMoscow%2C_Citroen_C4_Picasso%2C_May_2026_01.jpg;Retired electrician;CC0;http://creativecommons.org/publicdomain/zero/1.0/deed.en;0
images/real/real_f02b0ceb68.jpg;Moscow_Citydrive_Chery_Arrizo_8_Aug_2025_01_5534384c.jpg;File:Moscow, Citydrive Chery Arrizo 8, Aug 2025 01.jpg;https://commons.wikimedia.org/wiki/File%3AMoscow%2C_Citydrive_Chery_Arrizo_8%2C_Aug_2025_01.jpg;Retired electrician;CC0;http://creativecommons.org/publicdomain/zero/1.0/deed.en;0
images/real/real_559f6d3c2b.jpg;Moscow_Citydrive_Chery_Arrizo_8_Aug_2025_03_36d161fe.jpg;File:Moscow, Citydrive Chery Arrizo 8, Aug 2025 03.jpg;https://commons.wikimedia.org/wiki/File%3AMoscow%2C_Citydrive_Chery_Arrizo_8%2C_Aug_2025_03.jpg;Retired electrician;CC0;http://creativecommons.org/publicdomain/zero/1.0/deed.en;0
images/real/real_774dcdf7b0.jpg;Moscow_Citydrive_Exeed_LX_Aug_2025_01_25809ec9.jpg;File:Moscow, Citydrive Exeed LX, Aug 2025 01.jpg;https://commons.wikimedia.org/wiki/File%3AMoscow%2C_Citydrive_Exeed_LX%2C_Aug_2025_01.jpg;Retired electrician;CC0;http://creativecommons.org/publicdomain/zero/1.0/deed.en;0
images/real/real_74c884e04f.jpg;Moscow_Citydrive_GAC_GS3_Aug_2025_02_761724e2.jpg;File:Moscow, Citydrive GAC GS3, Aug 2025 02.jpg;https://commons.wikimedia.org/wiki/File%3AMoscow%2C_Citydrive_GAC_GS3%2C_Aug_2025_02.jpg;Retired electrician;CC0;http://creativecommons.org/publicdomain/zero/1.0/deed.en;1
images/real/real_82ff553178.jpg;Moscow_Coachmen_RV_Apr_2026_01_48b98bdd.jpg;File:Moscow, Coachmen RV, Apr 2026 01.jpg;https://commons.wikimedia.org/wiki/File%3AMoscow%2C_Coachmen_RV%2C_Apr_2026_01.jpg;Retired electrician;CC0;http://creativecommons.org/publicdomain/zero/1.0/deed.en;0
images/real/real_114e134128.jpg;Moscow_Daewoo_Matiz_Aug_2025_01_4bcbdcc5.jpg;File:Moscow, Daewoo Matiz, Aug 2025 01.jpg;https://commons.wikimedia.org/wiki/File%3AMoscow%2C_Daewoo_Matiz%2C_Aug_2025_01.jpg;Retired electrician;CC0;http://creativecommons.org/publicdomain/zero/1.0/deed.en;2
images/real/real_a5e0b83643.jpg;Moscow_Daewoo_Matiz_Aug_2025_04_00ab24f8.jpg;File:Moscow, Daewoo Matiz, Aug 2025 04.jpg;https://commons.wikimedia.org/wiki/File%3AMoscow%2C_Daewoo_Matiz%2C_Aug_2025_04.jpg;Retired electrician;CC0;http://creativecommons.org/publicdomain/zero/1.0/deed.en;0
images/real/real_22e639cd62.jpg;Moscow_Daewoo_Rezzo_Aug_2025_02_a2c4812b.jpg;File:Moscow, Daewoo Rezzo, Aug 2025 02.jpg;https://commons.wikimedia.org/wiki/File%3AMoscow%2C_Daewoo_Rezzo%2C_Aug_2025_02.jpg;Retired electrician;CC0;http://creativecommons.org/publicdomain/zero/1.0/deed.en;2
images/real/real_0405f68fb3.jpg;Moscow_Daewoo_Rezzo_May_2026_02_2f0ae32a.jpg;File:Moscow, Daewoo Rezzo, May 2026 02.jpg;https://commons.wikimedia.org/wiki/File%3AMoscow%2C_Daewoo_Rezzo%2C_May_2026_02.jpg;Retired electrician;CC0;http://creativecommons.org/publicdomain/zero/1.0/deed.en;1
images/real/real_baa938b38a.jpg;Moscow_Delimobil_Jetta_VS5_Aug_2025_01_d799cb67.jpg;File:Moscow, Delimobil Jetta VS5, Aug 2025 01.jpg;https://commons.wikimedia.org/wiki/File%3AMoscow%2C_Delimobil_Jetta_VS5%2C_Aug_2025_01.jpg;Retired electrician;CC0;http://creativecommons.org/publicdomain/zero/1.0/deed.en;2
images/real/real_ae3a57119b.jpg;Moscow_Delimobil_Moskvich_3_Aug_2025_03_b292863e.jpg;File:Moscow, Delimobil Moskvich 3, Aug 2025 03.jpg;https://commons.wikimedia.org/wiki/File%3AMoscow%2C_Delimobil_Moskvich_3%2C_Aug_2025_03.jpg;Retired electrician;CC0;http://creativecommons.org/publicdomain/zero/1.0/deed.en;0
images/real/real_7968074918.jpg;Moscow_Denza_N9_BAIC_U5_Belkacar_Aug_2025_02_8ca6f1e4.jpg;File:Moscow, Denza N9, BAIC U5 Belkacar, Aug 2025 02.jpg;https://commons.wikimedia.org/wiki/File%3AMoscow%2C_Denza_N9%2C_BAIC_U5_Belkacar%2C_Aug_2025_02.jpg;Retired electrician;CC0;http://creativecommons.org/publicdomain/zero/1.0/deed.en;0
images/real/real_3b43766330.jpg;Moscow_Derbenevskaya_7c1_July_2025_03_c6ac6435.jpg;File:Moscow, Derbenevskaya 7c1, July 2025 03.jpg;https://commons.wikimedia.org/wiki/File%3AMoscow%2C_Derbenevskaya_7c1%2C_July_2025_03.jpg;Retired electrician;CC0;http://creativecommons.org/publicdomain/zero/1.0/deed.en;0
images/real/real_7473cc48e5.jpg;Moscow_Derbenevskaya_Embankment_13-17_July_2024_01_df023761.jpg;File:Moscow, Derbenevskaya Embankment 13-17 (July 2024) 01.jpg;https://commons.wikimedia.org/wiki/File%3AMoscow%2C_Derbenevskaya_Embankment_13-17_%28July_2024%29_01.jpg;Retired electrician;CC0;http://creativecommons.org/publicdomain/zero/1.0/deed.en;0
images/real/real_62e584fb3b.jpg;Moscow_Dodo_Pizza_truck_Aug_2025_03_b8ab90f1.jpg;File:Moscow, Dodo Pizza truck, Aug 2025 03.jpg;https://commons.wikimedia.org/wiki/File%3AMoscow%2C_Dodo_Pizza_truck%2C_Aug_2025_03.jpg;Retired electrician;CC0;http://creativecommons.org/publicdomain/zero/1.0/deed.en;1
images/real/real_c09355ef89.jpg;Moscow_Dongfeng_K3x-series_van_Oct_2025_05_04694db4.jpg;File:Moscow, Dongfeng K3x-series van, Oct 2025 05.jpg;https://commons.wikimedia.org/wiki/File%3AMoscow%2C_Dongfeng_K3x-series_van%2C_Oct_2025_05.jpg;Retired electrician;CC0;http://creativecommons.org/publicdomain/zero/1.0/deed.en;0
images/real/real_4f9fbd6bf5.jpg;Moscow_Dubininskaya_55..57_May_2025_19_a977c98d.jpg;File:Moscow, Dubininskaya 55..57 May 2025 19.jpg;https://commons.wikimedia.org/wiki/File%3AMoscow%2C_Dubininskaya_55..57_May_2025_19.jpg;Retired electrician;CC0;http://creativecommons.org/publicdomain/zero/1.0/deed.en;1
images/real/real_27e780aafd.jpg;Moscow_Dubininskaya_55..57_red_mini_May_2025_15_d9f7799f.jpg;File:Moscow, Dubininskaya 55..57, red mini May 2025 15.jpg;https://commons.wikimedia.org/wiki/File%3AMoscow%2C_Dubininskaya_55..57%2C_red_mini_May_2025_15.jpg;Retired electrician;CC0;http://creativecommons.org/publicdomain/zero/1.0/deed.en;0
images/real/real_512ec4b6ae.jpg;Moscow_Dubininskaya_X_Stremyanny_Lane_May_2025_08_5244cc25.jpg;File:Moscow, Dubininskaya X Stremyanny Lane May 2025 08.jpg;https://commons.wikimedia.org/wiki/File%3AMoscow%2C_Dubininskaya_X_Stremyanny_Lane_May_2025_08.jpg;Retired electrician;CC0;http://creativecommons.org/publicdomain/zero/1.0/deed.en;2
images/real/real_215ca6e981.jpg;Moscow_Entuziastov_1_Simvol_buildings_Sept_2025_03_c940456b.jpg;File:Moscow, Entuziastov 1, Simvol buildings, Sept 2025 03.jpg;https://commons.wikimedia.org/wiki/File%3AMoscow%2C_Entuziastov_1%2C_Simvol_buildings%2C_Sept_2025_03.jpg;Retired electrician;CC0;http://creativecommons.org/publicdomain/zero/1.0/deed.en;1
images/real/real_648b989a81.jpg;Moscow_Evolute_I-joy_new_May_2026_08_b7cd6140.jpg;File:Moscow, Evolute I-joy new, May 2026 08.jpg;https://commons.wikimedia.org/wiki/File%3AMoscow%2C_Evolute_I-joy_new%2C_May_2026_08.jpg;Retired electrician;CC0;http://creativecommons.org/publicdomain/zero/1.0/deed.en;1
images/real/real_180e33255e.jpg;Moscow_Evolute_i-Pro_July_2025_01_a20a71dd.jpg;File:Moscow, Evolute i-Pro July 2025 01.jpg;https://commons.wikimedia.org/wiki/File%3AMoscow%2C_Evolute_i-Pro_July_2025_01.jpg;Retired electrician;CC0;http://creativecommons.org/publicdomain/zero/1.0/deed.en;0
images/real/real_610e06f691.jpg;Moscow_Evolute_i-Pro_June_2025_01_3c4a9ced.jpg;File:Moscow, Evolute i-Pro June 2025 01.jpg;https://commons.wikimedia.org/wiki/File%3AMoscow%2C_Evolute_i-Pro_June_2025_01.jpg;Retired electrician;CC0;http://creativecommons.org/publicdomain/zero/1.0/deed.en;3
images/real/real_8f49adbd0c.jpg;Moscow_Evolute_i-Pro_June_2025_03_74b34d81.jpg;File:Moscow, Evolute i-Pro June 2025 03.jpg;https://commons.wikimedia.org/wiki/File%3AMoscow%2C_Evolute_i-Pro_June_2025_03.jpg;Retired electrician;CC0;http://creativecommons.org/publicdomain/zero/1.0/deed.en;0
images/real/real_e284d6a958.jpg;Moscow_Evolute_i-Pro_Sept_2025_01_2f727b64.jpg;File:Moscow, Evolute i-Pro Sept 2025 01.jpg;https://commons.wikimedia.org/wiki/File%3AMoscow%2C_Evolute_i-Pro_Sept_2025_01.jpg;Retired electrician;CC0;http://creativecommons.org/publicdomain/zero/1.0/deed.en;2
images/real/real_fdc1f44c19.jpg;Moscow_Evolute_i-Space_blue_Sept_2025_03_62018929.jpg;File:Moscow, Evolute i-Space blue, Sept 2025 03.jpg;https://commons.wikimedia.org/wiki/File%3AMoscow%2C_Evolute_i-Space_blue%2C_Sept_2025_03.jpg;Retired electrician;CC0;http://creativecommons.org/publicdomain/zero/1.0/deed.en;1
images/real/real_3758269e64.jpg;Moscow_Exeed_LX_April_2025_10_f2778369.jpg;File:Moscow, Exeed LX, April 2025 10.jpg;https://commons.wikimedia.org/wiki/File%3AMoscow%2C_Exeed_LX%2C_April_2025_10.jpg;Retired electrician;CC0;http://creativecommons.org/publicdomain/zero/1.0/deed.en;1
images/real/real_75634b2e44.jpg;Moscow_Exeed_LX_April_2025_14_64b934e8.jpg;File:Moscow, Exeed LX, April 2025 14.jpg;https://commons.wikimedia.org/wiki/File%3AMoscow%2C_Exeed_LX%2C_April_2025_14.jpg;Retired electrician;CC0;http://creativecommons.org/publicdomain/zero/1.0/deed.en;0
images/real/real_e8c5fa26e7.jpg;Moscow_Exeed_LX_Citydrive_Aug_2025_01_cef901c1.jpg;File:Moscow, Exeed LX Citydrive, Aug 2025 01.jpg;https://commons.wikimedia.org/wiki/File%3AMoscow%2C_Exeed_LX_Citydrive%2C_Aug_2025_01.jpg;Retired electrician;CC0;http://creativecommons.org/publicdomain/zero/1.0/deed.en;2
images/real/real_b2dc489403.jpg;Moscow_Exeed_LX_Citydrive_Aug_2025_02_d3be149f.jpg;File:Moscow, Exeed LX Citydrive, Aug 2025 02.jpg;https://commons.wikimedia.org/wiki/File%3AMoscow%2C_Exeed_LX_Citydrive%2C_Aug_2025_02.jpg;Retired electrician;CC0;http://creativecommons.org/publicdomain/zero/1.0/deed.en;0
images/real/real_926326e83f.jpg;Moscow_Exeed_LX_Delimobil_Sept_2025_01_5298c9bd.jpg;File:Moscow, Exeed LX Delimobil, Sept 2025 01.jpg;https://commons.wikimedia.org/wiki/File%3AMoscow%2C_Exeed_LX_Delimobil%2C_Sept_2025_01.jpg;Retired electrician;CC0;http://creativecommons.org/publicdomain/zero/1.0/deed.en;0
images/real/real_5cea887338.jpg;Moscow_Exeed_RX_Delimobil_needs_a_wash_May_2026_02_968a561b.jpg;File:Moscow, Exeed RX Delimobil needs a wash, May 2026 02.jpg;https://commons.wikimedia.org/wiki/File%3AMoscow%2C_Exeed_RX_Delimobil_needs_a_wash%2C_May_2026_02.jpg;Retired electrician;CC0;http://creativecommons.org/publicdomain/zero/1.0/deed.en;0
images/real/real_7318876ae1.jpg;Moscow_Exeed_RX_May_2026_01_27c0f654.jpg;File:Moscow, Exeed RX, May 2026 01.jpg;https://commons.wikimedia.org/wiki/File%3AMoscow%2C_Exeed_RX%2C_May_2026_01.jpg;Retired electrician;CC0;http://creativecommons.org/publicdomain/zero/1.0/deed.en;2
images/real/real_bd7961adc1.jpg;Moscow_Exeed_TXL_Mercedes_A180_Sept_2025_01_1f7e2c58.jpg;File:Moscow, Exeed TXL, Mercedes A180, Sept 2025 01.jpg;https://commons.wikimedia.org/wiki/File%3AMoscow%2C_Exeed_TXL%2C_Mercedes_A180%2C_Sept_2025_01.jpg;Retired electrician;CC0;http://creativecommons.org/publicdomain/zero/1.0/deed.en;0
images/real/real_978a1d9bdc.jpg;Moscow_Exlantix_ES_Exlantix_ET_Aug_2025_02_37c812cb.jpg;File:Moscow, Exlantix ES, Exlantix ET, Aug 2025 02.jpg;https://commons.wikimedia.org/wiki/File%3AMoscow%2C_Exlantix_ES%2C_Exlantix_ET%2C_Aug_2025_02.jpg;Retired electrician;CC0;http://creativecommons.org/publicdomain/zero/1.0/deed.en;0
images/real/real_028a0344ba.jpg;Moscow_Fiat_500_black_Oct_2025_01-1_d14fd68c.jpg;File:Moscow, Fiat 500 black, Oct 2025 01-1.jpg;https://commons.wikimedia.org/wiki/File%3AMoscow%2C_Fiat_500_black%2C_Oct_2025_01-1.jpg;Retired electrician;CC0;http://creativecommons.org/publicdomain/zero/1.0/deed.en;0
images/real/real_7c20e1f86d.jpg;Moscow_Fiat_Doblo_June_2025_01_fc775319.jpg;File:Moscow, Fiat Doblo, June 2025 01.jpg;https://commons.wikimedia.org/wiki/File%3AMoscow%2C_Fiat_Doblo%2C_June_2025_01.jpg;Retired electrician;CC0;http://creativecommons.org/publicdomain/zero/1.0/deed.en;0
images/real/real_4bcb24fb67.jpg;Moscow_Fiat_Doblo_June_2025_02_f12543eb.jpg;File:Moscow, Fiat Doblo, June 2025 02.jpg;https://commons.wikimedia.org/wiki/File%3AMoscow%2C_Fiat_Doblo%2C_June_2025_02.jpg;Retired electrician;CC0;http://creativecommons.org/publicdomain/zero/1.0/deed.en;0
images/real/real_5cc86b62d7.jpg;Moscow_Fiat_Doblo_beige_Oct_2025_01_36299fa3.jpg;File:Moscow, Fiat Doblo beige, Oct 2025 01.jpg;https://commons.wikimedia.org/wiki/File%3AMoscow%2C_Fiat_Doblo_beige%2C_Oct_2025_01.jpg;Retired electrician;CC0;http://creativecommons.org/publicdomain/zero/1.0/deed.en;3
images/real/real_20af41045e.jpg;Moscow_Fiat_Ducato_Embassy_of_Italy_June_2026_01_e245fa63.jpg;File:Moscow, Fiat Ducato, Embassy of Italy, June 2026 01.jpg;https://commons.wikimedia.org/wiki/File%3AMoscow%2C_Fiat_Ducato%2C_Embassy_of_Italy%2C_June_2026_01.jpg;Retired electrician;CC0;http://creativecommons.org/publicdomain/zero/1.0/deed.en;0
images/real/real_c310b12c57.jpg;Moscow_Ford_Transit_box_truck_Sept_2025_01_e4134d3f.jpg;File:Moscow, Ford Transit box truck, Sept 2025 01.jpg;https://commons.wikimedia.org/wiki/File%3AMoscow%2C_Ford_Transit_box_truck%2C_Sept_2025_01.jpg;Retired electrician;CC0;http://creativecommons.org/publicdomain/zero/1.0/deed.en;1
images/real/real_de24eb8120.jpg;Moscow_Ford_Transit_crew_truck_Aug_2025_01_3f01673a.jpg;File:Moscow, Ford Transit crew truck, Aug 2025 01.jpg;https://commons.wikimedia.org/wiki/File%3AMoscow%2C_Ford_Transit_crew_truck%2C_Aug_2025_01.jpg;Retired electrician;CC0;http://creativecommons.org/publicdomain/zero/1.0/deed.en;1
images/real/real_9e66e79746.jpg;Moscow_Forthing_U-Tour_May_2026_01_0a00a1a0.jpg;File:Moscow, Forthing U-Tour, May 2026 01.jpg;https://commons.wikimedia.org/wiki/File%3AMoscow%2C_Forthing_U-Tour%2C_May_2026_01.jpg;Retired electrician;CC0;http://creativecommons.org/publicdomain/zero/1.0/deed.en;1
images/real/real_544361d9b0.jpg;Moscow_GAC_GS3_Aug_2025_03_82d9c05a.jpg;File:Moscow, GAC GS3, Aug 2025 03.jpg;https://commons.wikimedia.org/wiki/File%3AMoscow%2C_GAC_GS3%2C_Aug_2025_03.jpg;Retired electrician;CC0;http://creativecommons.org/publicdomain/zero/1.0/deed.en;0
images/real/real_5b09a671cc.jpg;Moscow_GAC_GS3_Kia_Rio_sedan_Aug_2025_02_c5a14aee.jpg;File:Moscow, GAC GS3, Kia Rio sedan, Aug 2025 02.jpg;https://commons.wikimedia.org/wiki/File%3AMoscow%2C_GAC_GS3%2C_Kia_Rio_sedan%2C_Aug_2025_02.jpg;Retired electrician;CC0;http://creativecommons.org/publicdomain/zero/1.0/deed.en;0
images/real/real_5d3fc949b4.jpg;Moscow_GAC_GS8_white_Apr_2026_02_36f24223.jpg;File:Moscow, GAC GS8 white, Apr 2026 02.jpg;https://commons.wikimedia.org/wiki/File%3AMoscow%2C_GAC_GS8_white%2C_Apr_2026_02.jpg;Retired electrician;CC0;http://creativecommons.org/publicdomain/zero/1.0/deed.en;3
images/real/real_0d26c29bf6.jpg;Moscow_GAC_M8_April_2025_01_5109a37e.jpg;File:Moscow, GAC M8 April 2025 01.jpg;https://commons.wikimedia.org/wiki/File%3AMoscow%2C_GAC_M8_April_2025_01.jpg;Retired electrician;CC0;http://creativecommons.org/publicdomain/zero/1.0/deed.en;0
images/real/real_f188513db6.jpg;Moscow_GAC_M8_April_2025_02_734ea7b5.jpg;File:Moscow, GAC M8 April 2025 02.jpg;https://commons.wikimedia.org/wiki/File%3AMoscow%2C_GAC_M8_April_2025_02.jpg;Retired electrician;CC0;http://creativecommons.org/publicdomain/zero/1.0/deed.en;0
images/real/real_23bbd29797.jpg;Moscow_GAZ_Sobol_Aug_2025_01_ba1d13e3.jpg;File:Moscow, GAZ Sobol, Aug 2025 01.jpg;https://commons.wikimedia.org/wiki/File%3AMoscow%2C_GAZ_Sobol%2C_Aug_2025_01.jpg;Retired electrician;CC0;http://creativecommons.org/publicdomain/zero/1.0/deed.en;2
images/real/real_fee4e3ebe3.jpg;Moscow_GW_Poer_in_MTCC_green_May_2026_01_34ea7349.jpg;File:Moscow, GW Poer in MTCC green, May 2026 01.jpg;https://commons.wikimedia.org/wiki/File%3AMoscow%2C_GW_Poer_in_MTCC_green%2C_May_2026_01.jpg;Retired electrician;CC0;http://creativecommons.org/publicdomain/zero/1.0/deed.en;1
images/real/real_a5a2d9316c.jpg;Moscow_Gagarina_Square_ambulance_June_2025_01_4b8cb6a4.jpg;File:Moscow, Gagarina Square ambulance June 2025 01.jpg;https://commons.wikimedia.org/wiki/File%3AMoscow%2C_Gagarina_Square_ambulance_June_2025_01.jpg;Retired electrician;CC0;http://creativecommons.org/publicdomain/zero/1.0/deed.en;2
images/real/real_d9e4fa4977.jpg;Moscow_Gazelle_repair_crew_truck_Aug_2025_01_d9194f76.jpg;File:Moscow, Gazelle repair crew truck, Aug 2025 01.jpg;https://commons.wikimedia.org/wiki/File%3AMoscow%2C_Gazelle_repair_crew_truck%2C_Aug_2025_01.jpg;Retired electrician;CC0;http://creativecommons.org/publicdomain/zero/1.0/deed.en;0
images/real/real_1d43e9727e.jpg;Moscow_Gazon_Next_with_skip_garbage_bin_Sept_2025_01_6e6ac26f.jpg;File:Moscow, Gazon Next with skip garbage bin, Sept 2025 01.jpg;https://commons.wikimedia.org/wiki/File%3AMoscow%2C_Gazon_Next_with_skip_garbage_bin%2C_Sept_2025_01.jpg;Retired electrician;CC0;http://creativecommons.org/publicdomain/zero/1.0/deed.en;1
images/real/real_2d91f5db3a.jpg;Moscow_Geely_Atlas_Pro_260T_Aug_2025_01_6513a571.jpg;File:Moscow, Geely Atlas Pro 260T, Aug 2025 01.jpg;https://commons.wikimedia.org/wiki/File%3AMoscow%2C_Geely_Atlas_Pro_260T%2C_Aug_2025_01.jpg;Retired electrician;CC0;http://creativecommons.org/publicdomain/zero/1.0/deed.en;0
images/real/real_41869a61a8.jpg;Moscow_Geely_Atlas_Pro_260T_Aug_2025_02_4adabf5c.jpg;File:Moscow, Geely Atlas Pro 260T, Aug 2025 02.jpg;https://commons.wikimedia.org/wiki/File%3AMoscow%2C_Geely_Atlas_Pro_260T%2C_Aug_2025_02.jpg;Retired electrician;CC0;http://creativecommons.org/publicdomain/zero/1.0/deed.en;0
images/real/real_571b77c252.jpg;Moscow_Geely_Atlas_Pro_260T_Aug_2025_04_b7258f1f.jpg;File:Moscow, Geely Atlas Pro 260T, Aug 2025 04.jpg;https://commons.wikimedia.org/wiki/File%3AMoscow%2C_Geely_Atlas_Pro_260T%2C_Aug_2025_04.jpg;Retired electrician;CC0;http://creativecommons.org/publicdomain/zero/1.0/deed.en;1
images/real/real_9feafd4828.jpg;Moscow_Geely_Atlas_Pro_June_2025_02_c5f0174a.jpg;File:Moscow, Geely Atlas Pro, June 2025 02.jpg;https://commons.wikimedia.org/wiki/File%3AMoscow%2C_Geely_Atlas_Pro%2C_June_2025_02.jpg;Retired electrician;CC0;http://creativecommons.org/publicdomain/zero/1.0/deed.en;0
images/real/real_db6fb2b807.jpg;Moscow_Geely_Atlas_Pro_taxi_Mar_2026_01_5eec0fcc.jpg;File:Moscow, Geely Atlas Pro taxi Mar 2026 01.jpg;https://commons.wikimedia.org/wiki/File%3AMoscow%2C_Geely_Atlas_Pro_taxi_Mar_2026_01.jpg;Retired electrician;CC0;http://creativecommons.org/publicdomain/zero/1.0/deed.en;2
images/real/real_d70bcb8422.jpg;Moscow_Geely_Coolray_April_2025_16_6bdb7458.jpg;File:Moscow, Geely Coolray, April 2025 16.jpg;https://commons.wikimedia.org/wiki/File%3AMoscow%2C_Geely_Coolray%2C_April_2025_16.jpg;Retired electrician;CC0;http://creativecommons.org/publicdomain/zero/1.0/deed.en;0
images/real/real_4d0e4eb775.jpg;Moscow_Geely_Monjaro_June_2025_12_232a0366.jpg;File:Moscow, Geely Monjaro, June 2025 12.jpg;https://commons.wikimedia.org/wiki/File%3AMoscow%2C_Geely_Monjaro%2C_June_2025_12.jpg;Retired electrician;CC0;http://creativecommons.org/publicdomain/zero/1.0/deed.en;4
images/real/real_cf16fb7166.jpg;Moscow_Geely_Okavango_April_2025_23_bef7a731.jpg;File:Moscow, Geely Okavango, April 2025 23.jpg;https://commons.wikimedia.org/wiki/File%3AMoscow%2C_Geely_Okavango%2C_April_2025_23.jpg;Retired electrician;CC0;http://creativecommons.org/publicdomain/zero/1.0/deed.en;0
images/real/real_aa5d86a94a.jpg;Moscow_Great_Wall_Hover_Sept_2025_02_bddbe128.jpg;File:Moscow, Great Wall Hover, Sept 2025 02.jpg;https://commons.wikimedia.org/wiki/File%3AMoscow%2C_Great_Wall_Hover%2C_Sept_2025_02.jpg;Retired electrician;CC0;http://creativecommons.org/publicdomain/zero/1.0/deed.en;0
images/real/real_ee728a004c.jpg;Moscow_Great_Wall_Hover_black_Sept_2025_01_e2ee909c.jpg;File:Moscow, Great Wall Hover black, Sept 2025 01.jpg;https://commons.wikimedia.org/wiki/File%3AMoscow%2C_Great_Wall_Hover_black%2C_Sept_2025_01.jpg;Retired electrician;CC0;http://creativecommons.org/publicdomain/zero/1.0/deed.en;0
images/real/real_50fa01807e.jpg;Moscow_Great_Wall_Tank_300_April_2025_01_65addc6e.jpg;File:Moscow, Great Wall Tank 300, April 2025 01.jpg;https://commons.wikimedia.org/wiki/File%3AMoscow%2C_Great_Wall_Tank_300%2C_April_2025_01.jpg;Retired electrician;CC0;http://creativecommons.org/publicdomain/zero/1.0/deed.en;0
images/real/real_6aa0ed890f.jpg;Moscow_Great_Wall_Tank_300_April_2025_02_cf1f5981.jpg;File:Moscow, Great Wall Tank 300, April 2025 02.jpg;https://commons.wikimedia.org/wiki/File%3AMoscow%2C_Great_Wall_Tank_300%2C_April_2025_02.jpg;Retired electrician;CC0;http://creativecommons.org/publicdomain/zero/1.0/deed.en;0
images/real/real_847e2c9e87.jpg;Moscow_Great_Wall_Tank_300_April_2025_03_cd3b69de.jpg;File:Moscow, Great Wall Tank 300, April 2025 03.jpg;https://commons.wikimedia.org/wiki/File%3AMoscow%2C_Great_Wall_Tank_300%2C_April_2025_03.jpg;Retired electrician;CC0;http://creativecommons.org/publicdomain/zero/1.0/deed.en;0
images/real/real_b87a93862e.jpg;Moscow_GreenCamel_Storm_electric_tricycle_Aug_2025_12_d7102025.jpg;File:Moscow, GreenCamel Storm electric tricycle, Aug 2025 12.jpg;https://commons.wikimedia.org/wiki/File%3AMoscow%2C_GreenCamel_Storm_electric_tricycle%2C_Aug_2025_12.jpg;Retired electrician;CC0;http://creativecommons.org/publicdomain/zero/1.0/deed.en;0
images/real/real_424eacdb06.jpg;Moscow_Haval_Dargo_April_2025_07_840c1866.jpg;File:Moscow, Haval Dargo, April 2025 07.jpg;https://commons.wikimedia.org/wiki/File%3AMoscow%2C_Haval_Dargo%2C_April_2025_07.jpg;Retired electrician;CC0;http://creativecommons.org/publicdomain/zero/1.0/deed.en;0
images/real/real_42f6398ab1.jpg;Moscow_Haval_Dargo_Belkacar_Nov_2025_02_48513abc.jpg;File:Moscow, Haval Dargo Belkacar, Nov 2025 02.jpg;https://commons.wikimedia.org/wiki/File%3AMoscow%2C_Haval_Dargo_Belkacar%2C_Nov_2025_02.jpg;Retired electrician;CC0;http://creativecommons.org/publicdomain/zero/1.0/deed.en;0
images/real/real_255309496b.jpg;Moscow_Haval_Dargo_Belkacar_Nov_2025_06_a1505463.jpg;File:Moscow, Haval Dargo Belkacar, Nov 2025 06.jpg;https://commons.wikimedia.org/wiki/File%3AMoscow%2C_Haval_Dargo_Belkacar%2C_Nov_2025_06.jpg;Retired electrician;CC0;http://creativecommons.org/publicdomain/zero/1.0/deed.en;0
images/real/real_216488352c.jpg;Moscow_Haval_Jolion_Yandex.Drive_betting_ads_Feb_2026_02_ca396c2c.jpg;File:Moscow, Haval Jolion Yandex.Drive, betting ads, Feb 2026 02.jpg;https://commons.wikimedia.org/wiki/File%3AMoscow%2C_Haval_Jolion_Yandex.Drive%2C_betting_ads%2C_Feb_2026_02.jpg;Retired electrician;CC0;http://creativecommons.org/publicdomain/zero/1.0/deed.en;0
images/real/real_b40e8a8b50.jpg;Moscow_Haval_M6_black_May_2026_01_bdf85c73.jpg;File:Moscow, Haval M6 black, May 2026 01.jpg;https://commons.wikimedia.org/wiki/File%3AMoscow%2C_Haval_M6_black%2C_May_2026_01.jpg;Retired electrician;CC0;http://creativecommons.org/publicdomain/zero/1.0/deed.en;1
images/real/real_ab47d047f0.jpg;Moscow_Honda_black_May_2026_01_0cf7de11.jpg;File:Moscow, Honda black, May 2026 01.jpg;https://commons.wikimedia.org/wiki/File%3AMoscow%2C_Honda_black%2C_May_2026_01.jpg;Retired electrician;CC0;http://creativecommons.org/publicdomain/zero/1.0/deed.en;1
images/real/real_ac65470691.jpg;Moscow_Hongqi_H5_2nd_gen_Yandex.Drive_Mar_2026_01_e675c5ed.jpg;File:Moscow, Hongqi H5 (2nd gen) Yandex.Drive, Mar 2026 01.jpg;https://commons.wikimedia.org/wiki/File%3AMoscow%2C_Hongqi_H5_%282nd_gen%29_Yandex.Drive%2C_Mar_2026_01.jpg;Retired electrician;CC0;http://creativecommons.org/publicdomain/zero/1.0/deed.en;0
images/real/real_1004be72c6.jpg;Moscow_Hummer_Limo_barely_making_a_tight_turn_July_2026_01_8089746a.jpg;File:Moscow, Hummer Limo barely making a tight turn, July 2026 01.jpg;https://commons.wikimedia.org/wiki/File%3AMoscow%2C_Hummer_Limo_barely_making_a_tight_turn%2C_July_2026_01.jpg;Retired electrician;CC0;http://creativecommons.org/publicdomain/zero/1.0/deed.en;1
images/real/real_e5073bb9d9.jpg;Moscow_Hummer_limo_May_2026_03_8612aab7.jpg;File:Moscow, Hummer limo, May 2026 03.jpg;https://commons.wikimedia.org/wiki/File%3AMoscow%2C_Hummer_limo%2C_May_2026_03.jpg;Retired electrician;CC0;http://creativecommons.org/publicdomain/zero/1.0/deed.en;2
images/real/real_e89f518d04.jpg;Moscow_Hummer_limo_May_2026_04_c1c60921.jpg;File:Moscow, Hummer limo, May 2026 04.jpg;https://commons.wikimedia.org/wiki/File%3AMoscow%2C_Hummer_limo%2C_May_2026_04.jpg;Retired electrician;CC0;http://creativecommons.org/publicdomain/zero/1.0/deed.en;5
images/real/real_1b6e6ddd08.jpg;Moscow_Hurtan_roadster_Apr_2026_01_cdcb7de3.jpg;File:Moscow, Hurtan roadster, Apr 2026 01.jpg;https://commons.wikimedia.org/wiki/File%3AMoscow%2C_Hurtan_roadster%2C_Apr_2026_01.jpg;Retired electrician;CC0;http://creativecommons.org/publicdomain/zero/1.0/deed.en;0
images/real/real_82b03c11b0.jpg;Moscow_Hyundai_Elantra_XD_liftback_Feb_2026_01_e1c75f2a.jpg;File:Moscow, Hyundai Elantra (XD) liftback, Feb 2026 01.jpg;https://commons.wikimedia.org/wiki/File%3AMoscow%2C_Hyundai_Elantra_%28XD%29_liftback%2C_Feb_2026_01.jpg;Retired electrician;CC0;http://creativecommons.org/publicdomain/zero/1.0/deed.en;1
images/real/real_aa6b9bc3e2.jpg;Moscow_Hyundai_Palisade_white_May_2026_01_3e29f66f.jpg;File:Moscow, Hyundai Palisade white, May 2026 01.jpg;https://commons.wikimedia.org/wiki/File%3AMoscow%2C_Hyundai_Palisade_white%2C_May_2026_01.jpg;Retired electrician;CC0;http://creativecommons.org/publicdomain/zero/1.0/deed.en;0
images/real/real_c06b2664e1.jpg;Moscow_IM_LS7_June_2026_03_cb6a41ee.jpg;File:Moscow, IM LS7, June 2026 03.jpg;https://commons.wikimedia.org/wiki/File%3AMoscow%2C_IM_LS7%2C_June_2026_03.jpg;Retired electrician;CC0;http://creativecommons.org/publicdomain/zero/1.0/deed.en;0
images/real/real_36f8e98d97.jpg;Moscow_Isuzu_truck_in_KB_livery_Mar_2026_01_380ec318.jpg;File:Moscow, Isuzu truck in KB livery, Mar 2026 01.jpg;https://commons.wikimedia.org/wiki/File%3AMoscow%2C_Isuzu_truck_in_KB_livery%2C_Mar_2026_01.jpg;Retired electrician;CC0;http://creativecommons.org/publicdomain/zero/1.0/deed.en;3
images/real/real_40d27142b7.jpg;Moscow_JAC_truck_Rosseti_livery_Mar_2026_03_e4d281a9.jpg;File:Moscow, JAC truck, Rosseti livery, Mar 2026 03.jpg;https://commons.wikimedia.org/wiki/File%3AMoscow%2C_JAC_truck%2C_Rosseti_livery%2C_Mar_2026_03.jpg;Retired electrician;CC0;http://creativecommons.org/publicdomain/zero/1.0/deed.en;0
images/real/real_f406e6442f.jpg;Moscow_Jaecoo_J7_Delimobile_May_2026_01_75b81ccd.jpg;File:Moscow, Jaecoo J7 Delimobile, May 2026 01.jpg;https://commons.wikimedia.org/wiki/File%3AMoscow%2C_Jaecoo_J7_Delimobile%2C_May_2026_01.jpg;Retired electrician;CC0;http://creativecommons.org/publicdomain/zero/1.0/deed.en;2
images/real/real_5b63b0281c.jpg;Moscow_Jaecoo_J7_Delimobile_May_2026_02_fb0cb085.jpg;File:Moscow, Jaecoo J7 Delimobile, May 2026 02.jpg;https://commons.wikimedia.org/wiki/File%3AMoscow%2C_Jaecoo_J7_Delimobile%2C_May_2026_02.jpg;Retired electrician;CC0;http://creativecommons.org/publicdomain/zero/1.0/deed.en;2
images/real/real_2ea97d9fb8.jpg;Moscow_Jaecoo_J7_Delimobile_May_2026_03_d7d0786b.jpg;File:Moscow, Jaecoo J7 Delimobile, May 2026 03.jpg;https://commons.wikimedia.org/wiki/File%3AMoscow%2C_Jaecoo_J7_Delimobile%2C_May_2026_03.jpg;Retired electrician;CC0;http://creativecommons.org/publicdomain/zero/1.0/deed.en;2
images/real/real_de1022450d.jpg;Moscow_Jaguar_F-pace_black_Mar_2026_01_9977dd8a.jpg;File:Moscow, Jaguar F-pace black, Mar 2026 01.jpg;https://commons.wikimedia.org/wiki/File%3AMoscow%2C_Jaguar_F-pace_black%2C_Mar_2026_01.jpg;Retired electrician;CC0;http://creativecommons.org/publicdomain/zero/1.0/deed.en;0
images/real/real_24c7c4d08f.jpg;Moscow_Jetta_VA3_Yandex_Drive_Apr_2026_01_9c74322b.jpg;File:Moscow, Jetta VA3 Yandex Drive, Apr 2026 01.jpg;https://commons.wikimedia.org/wiki/File%3AMoscow%2C_Jetta_VA3_Yandex_Drive%2C_Apr_2026_01.jpg;Retired electrician;CC0;http://creativecommons.org/publicdomain/zero/1.0/deed.en;0
images/real/real_2f17f659d3.jpg;Moscow_Kamaz_crane_truck_blue_Mar_2026_01_92e8cb87.jpg;File:Moscow, Kamaz crane truck blue, Mar 2026 01.jpg;https://commons.wikimedia.org/wiki/File%3AMoscow%2C_Kamaz_crane_truck_blue%2C_Mar_2026_01.jpg;Retired electrician;CC0;http://creativecommons.org/publicdomain/zero/1.0/deed.en;1
images/real/real_ad5f0f7c9b.jpg;Moscow_Kamaz_truck_with_hot_asphalt_barrel_Mar_2026_01_e4f97d9a.jpg;File:Moscow, Kamaz truck with hot asphalt barrel, Mar 2026 01.jpg;https://commons.wikimedia.org/wiki/File%3AMoscow%2C_Kamaz_truck_with_hot_asphalt_barrel%2C_Mar_2026_01.jpg;Retired electrician;CC0;http://creativecommons.org/publicdomain/zero/1.0/deed.en;2
images/real/real_eb0c463f14.jpg;Moscow_Kia_K5_with_landau_bars_Mar_2026_01_b2a56c79.jpg;File:Moscow, Kia K5 with landau bars, Mar 2026 01.jpg;https://commons.wikimedia.org/wiki/File%3AMoscow%2C_Kia_K5_with_landau_bars%2C_Mar_2026_01.jpg;Retired electrician;CC0;http://creativecommons.org/publicdomain/zero/1.0/deed.en;0
images/real/real_3cb15e37fb.jpg;Moscow_Kia_Picanto_SA_May_2026_01_4650b66d.jpg;File:Moscow, Kia Picanto (SA) May 2026 01.jpg;https://commons.wikimedia.org/wiki/File%3AMoscow%2C_Kia_Picanto_%28SA%29_May_2026_01.jpg;Retired electrician;CC0;http://creativecommons.org/publicdomain/zero/1.0/deed.en;1
images/real/real_d0ce03a5a3.jpg;Moscow_Kia_Sportage_NQ5_white_June_2026_01_48ac43e8.jpg;File:Moscow, Kia Sportage (NQ5) white, June 2026 01.jpg;https://commons.wikimedia.org/wiki/File%3AMoscow%2C_Kia_Sportage_%28NQ5%29_white%2C_June_2026_01.jpg;Retired electrician;CC0;http://creativecommons.org/publicdomain/zero/1.0/deed.en;0
images/real/real_47c112f1a5.jpg;Moscow_Kia_Sportage_black_Mar_2026_03_61b762ed.jpg;File:Moscow, Kia Sportage black, Mar 2026 03.jpg;https://commons.wikimedia.org/wiki/File%3AMoscow%2C_Kia_Sportage_black%2C_Mar_2026_03.jpg;Retired electrician;CC0;http://creativecommons.org/publicdomain/zero/1.0/deed.en;0
images/real/real_957043f01e.jpg;Moscow_Lada_Granta_sedan_in_Yandex_Delivery_Feb_2026_01_eb86b2d9.jpg;File:Moscow, Lada Granta sedan in Yandex Delivery, Feb 2026 01.jpg;https://commons.wikimedia.org/wiki/File%3AMoscow%2C_Lada_Granta_sedan_in_Yandex_Delivery%2C_Feb_2026_01.jpg;Retired electrician;CC0;http://creativecommons.org/publicdomain/zero/1.0/deed.en;0
images/real/real_fc32cb7971.jpg;Moscow_Lada_Granta_sedan_silver_Apr_2026_02_bc490480.jpg;File:Moscow, Lada Granta sedan silver, Apr 2026 02.jpg;https://commons.wikimedia.org/wiki/File%3AMoscow%2C_Lada_Granta_sedan_silver%2C_Apr_2026_02.jpg;Retired electrician;CC0;http://creativecommons.org/publicdomain/zero/1.0/deed.en;1
images/real/real_02e73dd298.jpg;Moscow_Lada_Granta_van_Feb_2026_01_6bdb730d.jpg;File:Moscow, Lada Granta van, Feb 2026 01.jpg;https://commons.wikimedia.org/wiki/File%3AMoscow%2C_Lada_Granta_van%2C_Feb_2026_01.jpg;Retired electrician;CC0;http://creativecommons.org/publicdomain/zero/1.0/deed.en;0
images/real/real_59eaace1b9.jpg;Moscow_Lada_Largus_Prima_refrigerator_van_Feb_2026_02_0dec3d5d.jpg;File:Moscow, Lada Largus Prima refrigerator van, Feb 2026 02.jpg;https://commons.wikimedia.org/wiki/File%3AMoscow%2C_Lada_Largus_Prima_refrigerator_van%2C_Feb_2026_02.jpg;Retired electrician;CC0;http://creativecommons.org/publicdomain/zero/1.0/deed.en;1
images/real/real_d04a639e51.jpg;Moscow_Lamborghini_Gallardo_Spyder_blue_June_2026_01_5aede938.jpg;File:Moscow, Lamborghini Gallardo Spyder blue, June 2026 01.jpg;https://commons.wikimedia.org/wiki/File%3AMoscow%2C_Lamborghini_Gallardo_Spyder_blue%2C_June_2026_01.jpg;Retired electrician;CC0;http://creativecommons.org/publicdomain/zero/1.0/deed.en;3
images/real/real_4c060e41a9.jpg;Moscow_Land_Rover_Range_Rover_4th_generation_white_Mar_2026_03_bc625153.jpg;File:Moscow, Land Rover Range Rover (4th generation) white, Mar 2026 03.jpg;https://commons.wikimedia.org/wiki/File%3AMoscow%2C_Land_Rover_Range_Rover_%284th_generation%29_white%2C_Mar_2026_03.jpg;Retired electrician;CC0;http://creativecommons.org/publicdomain/zero/1.0/deed.en;2
images/real/real_99ed7b9db4.jpg;Moscow_MAN_Lions_Coach_Fortuna_May_2026_02_a14ca73a.jpg;File:Moscow, MAN Lions Coach Fortuna, May 2026 02.jpg;https://commons.wikimedia.org/wiki/File%3AMoscow%2C_MAN_Lions_Coach_Fortuna%2C_May_2026_02.jpg;Retired electrician;CC0;http://creativecommons.org/publicdomain/zero/1.0/deed.en;0
images/real/real_803bbb97f2.jpg;Moscow_MTCC_car_on_MTCC_tow_truck_May_2026_01_63cd668c.jpg;File:Moscow, MTCC car on MTCC tow truck, May 2026 01.jpg;https://commons.wikimedia.org/wiki/File%3AMoscow%2C_MTCC_car_on_MTCC_tow_truck%2C_May_2026_01.jpg;Retired electrician;CC0;http://creativecommons.org/publicdomain/zero/1.0/deed.en;0
images/real/real_441dfda78a.jpg;Moscow_MUL_electric_van_Jetour_Dashing_Feb_2026_04_40472c2c.jpg;File:Moscow, MUL electric van, Jetour Dashing, Feb 2026 04.jpg;https://commons.wikimedia.org/wiki/File%3AMoscow%2C_MUL_electric_van%2C_Jetour_Dashing%2C_Feb_2026_04.jpg;Retired electrician;CC0;http://creativecommons.org/publicdomain/zero/1.0/deed.en;0
images/real/real_1c1c289fa3.jpg;Moscow_Mercedes-Benz_Sprinter_Tourer_319cdi_black_Mar_2026_01_ae8693fe.jpg;File:Moscow, Mercedes-Benz Sprinter Tourer 319cdi black Mar 2026 01.jpg;https://commons.wikimedia.org/wiki/File%3AMoscow%2C_Mercedes-Benz_Sprinter_Tourer_319cdi_black_Mar_2026_01.jpg;Retired electrician;CC0;http://creativecommons.org/publicdomain/zero/1.0/deed.en;0
images/real/real_21bb19e422.jpg;Moscow_Mercedes-Benz_W121BII_convertible_on_tow_truck_May_2026_02_a8c2f28c.jpg;File:Moscow, Mercedes-Benz W121BII convertible on tow truck, May 2026 02.jpg;https://commons.wikimedia.org/wiki/File%3AMoscow%2C_Mercedes-Benz_W121BII_convertible_on_tow_truck%2C_May_2026_02.jpg;Retired electrician;CC0;http://creativecommons.org/publicdomain/zero/1.0/deed.en;0
images/real/real_05ab15db12.jpg;Moscow_Mercedes-Benz_coupe_dark-reddish_May_2026_13_94a71be6.jpg;File:Moscow, Mercedes-Benz coupe dark-reddish, May 2026 13.jpg;https://commons.wikimedia.org/wiki/File%3AMoscow%2C_Mercedes-Benz_coupe_dark-reddish%2C_May_2026_13.jpg;Retired electrician;CC0;http://creativecommons.org/publicdomain/zero/1.0/deed.en;0
images/real/real_fa91980dc9.jpg;Moscow_Mira_116_Isuzu_and_Gaz_trucks_Mar_2026_01_6ce40be2.jpg;File:Moscow, Mira 116, Isuzu and Gaz trucks, Mar 2026 01.jpg;https://commons.wikimedia.org/wiki/File%3AMoscow%2C_Mira_116%2C_Isuzu_and_Gaz_trucks%2C_Mar_2026_01.jpg;Retired electrician;CC0;http://creativecommons.org/publicdomain/zero/1.0/deed.en;1
images/real/real_6593493c5f.jpg;Moscow_Mitinskaya_26_Aug_2024_01_8f7a89fa.jpg;File:Moscow, Mitinskaya 26 Aug 2024 01.jpg;https://commons.wikimedia.org/wiki/File%3AMoscow%2C_Mitinskaya_26_Aug_2024_01.jpg;Retired electrician;CC0;http://creativecommons.org/publicdomain/zero/1.0/deed.en;2
images/real/real_6ba68ae88c.jpg;Moscow_Moskvich-3_in_firefighting_livery_Mar_2025_01_f82523e3.jpg;File:Moscow, Moskvich-3 in firefighting livery, Mar 2025 01.jpg;https://commons.wikimedia.org/wiki/File%3AMoscow%2C_Moskvich-3_in_firefighting_livery%2C_Mar_2025_01.jpg;Retired electrician;CC0;http://creativecommons.org/publicdomain/zero/1.0/deed.en;0
images/real/real_91c781185a.jpg;Moscow_Omoda_S5_Delimobil_Apr_2026_01_f3a7f410.jpg;File:Moscow, Omoda S5 Delimobil, Apr 2026 01.jpg;https://commons.wikimedia.org/wiki/File%3AMoscow%2C_Omoda_S5_Delimobil%2C_Apr_2026_01.jpg;Retired electrician;CC0;http://creativecommons.org/publicdomain/zero/1.0/deed.en;1
images/real/real_c401290ac6.jpg;Moscow_Omoda_S5_Delimobil_Apr_2026_04_10418e5b.jpg;File:Moscow, Omoda S5 Delimobil, Apr 2026 04.jpg;https://commons.wikimedia.org/wiki/File%3AMoscow%2C_Omoda_S5_Delimobil%2C_Apr_2026_04.jpg;Retired electrician;CC0;http://creativecommons.org/publicdomain/zero/1.0/deed.en;3
images/real/real_01e446a0c8.jpg;Moscow_Peugeot_truck_in_Vi.ru_livery_Feb_2026_01_69dc9a0c.jpg;File:Moscow, Peugeot truck in Vi.ru livery, Feb 2026 01.jpg;https://commons.wikimedia.org/wiki/File%3AMoscow%2C_Peugeot_truck_in_Vi.ru_livery%2C_Feb_2026_01.jpg;Retired electrician;CC0;http://creativecommons.org/publicdomain/zero/1.0/deed.en;0
images/real/real_d662e4d671.jpg;Moscow_Porsche_Boxster_black_rusty_June_2026_01_85d6cb4f.jpg;File:Moscow, Porsche Boxster black rusty, June 2026 01.jpg;https://commons.wikimedia.org/wiki/File%3AMoscow%2C_Porsche_Boxster_black_rusty%2C_June_2026_01.jpg;Retired electrician;CC0;http://creativecommons.org/publicdomain/zero/1.0/deed.en;0
images/real/real_a25973a58c.jpg;Moscow_Porsche_GT4_green_Mar_2026_01_77d97223.jpg;File:Moscow, Porsche GT4 green, Mar 2026 01.jpg;https://commons.wikimedia.org/wiki/File%3AMoscow%2C_Porsche_GT4_green%2C_Mar_2026_01.jpg;Retired electrician;CC0;http://creativecommons.org/publicdomain/zero/1.0/deed.en;4
images/real/real_dbe42aa612.jpg;Moscow_Porsche_races_Maybach_May_2026_01_869c4bb2.jpg;File:Moscow, Porsche races Maybach, May 2026 01.jpg;https://commons.wikimedia.org/wiki/File%3AMoscow%2C_Porsche_races_Maybach%2C_May_2026_01.jpg;Retired electrician;CC0;http://creativecommons.org/publicdomain/zero/1.0/deed.en;0
images/real/real_5233bf29c1.jpg;Moscow_RAM_1500_black_Mar_2026_01_ed0e9136.jpg;File:Moscow, RAM 1500 black, Mar 2026 01.jpg;https://commons.wikimedia.org/wiki/File%3AMoscow%2C_RAM_1500_black%2C_Mar_2026_01.jpg;Retired electrician;CC0;http://creativecommons.org/publicdomain/zero/1.0/deed.en;0
images/real/real_43dda0568e.jpg;Moscow_Ram_truck_in_grey-blue_patterns_Apr_2026_01_e6378721.jpg;File:Moscow, Ram truck in grey-blue patterns, Apr 2026 01.jpg;https://commons.wikimedia.org/wiki/File%3AMoscow%2C_Ram_truck_in_grey-blue_patterns%2C_Apr_2026_01.jpg;Retired electrician;CC0;http://creativecommons.org/publicdomain/zero/1.0/deed.en;0
images/real/real_384c8d7219.jpg;Moscow_Ravon_R2_white_May_2026_01_b1aadb0f.jpg;File:Moscow, Ravon R2 white, May 2026 01.jpg;https://commons.wikimedia.org/wiki/File%3AMoscow%2C_Ravon_R2_white%2C_May_2026_01.jpg;Retired electrician;CC0;http://creativecommons.org/publicdomain/zero/1.0/deed.en;1
images/real/real_23e43c08a3.jpg;Moscow_Rotterdam_under_construction_June_2025_01_7354be64.jpg;File:Moscow, 'Rotterdam' under construction, June 2025 01.jpg;https://commons.wikimedia.org/wiki/File%3AMoscow%2C_%27Rotterdam%27_under_construction%2C_June_2025_01.jpg;Retired electrician;CC0;http://creativecommons.org/publicdomain/zero/1.0/deed.en;0
images/real/real_195a948133.jpg;Moscow_SANY_concrete_mixer_truck_Mar_2026_01_4ed356c2.jpg;File:Moscow, SANY concrete mixer truck, Mar 2026 01.jpg;https://commons.wikimedia.org/wiki/File%3AMoscow%2C_SANY_concrete_mixer_truck%2C_Mar_2026_01.jpg;Retired electrician;CC0;http://creativecommons.org/publicdomain/zero/1.0/deed.en;0
images/real/real_817c775074.jpg;Moscow_Serpukhovskaya_Square_Gazelle_Next_May_2026_01_d86e3a73.jpg;File:Moscow, Serpukhovskaya Square, Gazelle Next, May 2026 01.jpg;https://commons.wikimedia.org/wiki/File%3AMoscow%2C_Serpukhovskaya_Square%2C_Gazelle_Next%2C_May_2026_01.jpg;Retired electrician;CC0;http://creativecommons.org/publicdomain/zero/1.0/deed.en;0
images/real/real_4ebcee7414.jpg;Moscow_Skywell_ET5_Citydrive_Mar_2026_01_2f4641e1.jpg;File:Moscow, Skywell ET5 Citydrive, Mar 2026 01.jpg;https://commons.wikimedia.org/wiki/File%3AMoscow%2C_Skywell_ET5_Citydrive%2C_Mar_2026_01.jpg;Retired electrician;CC0;http://creativecommons.org/publicdomain/zero/1.0/deed.en;0
images/real/real_c555f1364d.jpg;Moscow_Skywell_ET5_Citydrive_Mar_2026_05_5b58afb6.jpg;File:Moscow, Skywell ET5 Citydrive, Mar 2026 05.jpg;https://commons.wikimedia.org/wiki/File%3AMoscow%2C_Skywell_ET5_Citydrive%2C_Mar_2026_05.jpg;Retired electrician;CC0;http://creativecommons.org/publicdomain/zero/1.0/deed.en;1
images/real/real_3ac1517bad.jpg;Moscow_Smart_Roadster_Apr_2026_01_f506d016.jpg;File:Moscow, Smart Roadster, Apr 2026 01.jpg;https://commons.wikimedia.org/wiki/File%3AMoscow%2C_Smart_Roadster%2C_Apr_2026_01.jpg;Retired electrician;CC0;http://creativecommons.org/publicdomain/zero/1.0/deed.en;0
images/real/real_2b72ef8e6f.jpg;Moscow_Solaris_HC_Hyundai_Creta_Belkacar_Mar_2026_01_e9a3acfd.jpg;File:Moscow, Solaris HC (Hyundai Creta), Belkacar, Mar 2026 01.jpg;https://commons.wikimedia.org/wiki/File%3AMoscow%2C_Solaris_HC_%28Hyundai_Creta%29%2C_Belkacar%2C_Mar_2026_01.jpg;Retired electrician;CC0;http://creativecommons.org/publicdomain/zero/1.0/deed.en;0
images/real/real_d5a35b64b4.jpg;Moscow_Sollers_Atlant_Yandex.Drive_livery_Feb_2026_01_38272fa4.jpg;File:Moscow, Sollers Atlant, Yandex.Drive livery, Feb 2026 01.jpg;https://commons.wikimedia.org/wiki/File%3AMoscow%2C_Sollers_Atlant%2C_Yandex.Drive_livery%2C_Feb_2026_01.jpg;Retired electrician;CC0;http://creativecommons.org/publicdomain/zero/1.0/deed.en;2
images/real/real_28e65993b9.jpg;Moscow_SsangYong_Stavic_2013_Apr_2026_02_b5fc727d.jpg;File:Moscow, SsangYong Stavic (2013) Apr 2026 02.jpg;https://commons.wikimedia.org/wiki/File%3AMoscow%2C_SsangYong_Stavic_%282013%29_Apr_2026_02.jpg;Retired electrician;CC0;http://creativecommons.org/publicdomain/zero/1.0/deed.en;2
images/real/real_98bbf5c59c.jpg;Moscow_Tagaz_Vortex_Estina_Chery_A5_decrepit_Sept_2026_02_58929143.jpg;File:Moscow, Tagaz Vortex Estina (Chery A5) decrepit Sept 2026 02.jpg;https://commons.wikimedia.org/wiki/File%3AMoscow%2C_Tagaz_Vortex_Estina_%28Chery_A5%29_decrepit_Sept_2026_02.jpg;Retired electrician;CC0;http://creativecommons.org/publicdomain/zero/1.0/deed.en;0
images/real/real_874cc8abdc.jpg;Moscow_Vavilova_Street_Mosvodokanal_Kamaz_crew_truck_Apr_2026_02_e732913b.jpg;File:Moscow, Vavilova Street, Mosvodokanal Kamaz crew truck, Apr 2026 02.jpg;https://commons.wikimedia.org/wiki/File%3AMoscow%2C_Vavilova_Street%2C_Mosvodokanal_Kamaz_crew_truck%2C_Apr_2026_02.jpg;Retired electrician;CC0;http://creativecommons.org/publicdomain/zero/1.0/deed.en;1
images/real/real_1937d2af37.jpg;Moscow_Zhukov_Proezd_Kamaz_crane_truck_Apr_2026_01_58f499d1.jpg;File:Moscow, Zhukov Proezd, Kamaz crane truck, Apr 2026 01.jpg;https://commons.wikimedia.org/wiki/File%3AMoscow%2C_Zhukov_Proezd%2C_Kamaz_crane_truck%2C_Apr_2026_01.jpg;Retired electrician;CC0;http://creativecommons.org/publicdomain/zero/1.0/deed.en;1
images/real/real_3d31e65005.jpg;Moscow_ambulance_graveyard_May_2025_01_bf15f7b9.jpg;File:Moscow, ambulance graveyard May 2025 01.jpg;https://commons.wikimedia.org/wiki/File%3AMoscow%2C_ambulance_graveyard_May_2025_01.jpg;Retired electrician;CC0;http://creativecommons.org/publicdomain/zero/1.0/deed.en;0
images/real/real_f6b0c00d50.jpg;Moscow_big_and_small_cars_Jaecoo_J8_Smart_Fortwo_Nov_2025_06_ea90486e.jpg;File:Moscow, big and small cars (Jaecoo J8, Smart Fortwo) Nov 2025 06.jpg;https://commons.wikimedia.org/wiki/File%3AMoscow%2C_big_and_small_cars_%28Jaecoo_J8%2C_Smart_Fortwo%29_Nov_2025_06.jpg;Retired electrician;CC0;http://creativecommons.org/publicdomain/zero/1.0/deed.en;2
images/real/real_d0c0b8af05.jpg;Moscow_black_Exeed_SUV_April_2025_77061893.jpg;File:Moscow, black Exeed SUV, April 2025.jpg;https://commons.wikimedia.org/wiki/File%3AMoscow%2C_black_Exeed_SUV%2C_April_2025.jpg;Retired electrician;CC0;http://creativecommons.org/publicdomain/zero/1.0/deed.en;0
images/real/real_db97cf015d.jpg;Moscow_black_Hongqi_H5_April_2025_08_486cdc80.jpg;File:Moscow, black Hongqi H5, April 2025 08.jpg;https://commons.wikimedia.org/wiki/File%3AMoscow%2C_black_Hongqi_H5%2C_April_2025_08.jpg;Retired electrician;CC0;http://creativecommons.org/publicdomain/zero/1.0/deed.en;0
images/real/real_3d240db921.jpg;Moscow_black_Jetour_Dashing_April_2025_01_c0312d1d.jpg;File:Moscow, black Jetour Dashing, April 2025 01.jpg;https://commons.wikimedia.org/wiki/File%3AMoscow%2C_black_Jetour_Dashing%2C_April_2025_01.jpg;Retired electrician;CC0;http://creativecommons.org/publicdomain/zero/1.0/deed.en;0
images/real/real_fc31af8b01.jpg;Moscow_black_Jetour_Dashing_April_2025_02_b7153a69.jpg;File:Moscow, black Jetour Dashing, April 2025 02.jpg;https://commons.wikimedia.org/wiki/File%3AMoscow%2C_black_Jetour_Dashing%2C_April_2025_02.jpg;Retired electrician;CC0;http://creativecommons.org/publicdomain/zero/1.0/deed.en;0
images/real/real_2a258696b1.jpg;Moscow_black_Moskvich_3_April_2025_99b8230f.jpg;File:Moscow, black Moskvich 3, April 2025.jpg;https://commons.wikimedia.org/wiki/File%3AMoscow%2C_black_Moskvich_3%2C_April_2025.jpg;Retired electrician;CC0;http://creativecommons.org/publicdomain/zero/1.0/deed.en;0
images/real/real_d54b768317.jpg;Moscow_black_UAZ_Patriot_April_2025_01_0b7ab588.jpg;File:Moscow, black UAZ Patriot, April 2025 01.jpg;https://commons.wikimedia.org/wiki/File%3AMoscow%2C_black_UAZ_Patriot%2C_April_2025_01.jpg;Retired electrician;CC0;http://creativecommons.org/publicdomain/zero/1.0/deed.en;0
images/real/real_ee8833a8f6.jpg;Moscow_blue-white_Volga-21_Apr_2026_01_002722ab.jpg;File:Moscow, blue-white Volga-21, Apr 2026 01.jpg;https://commons.wikimedia.org/wiki/File%3AMoscow%2C_blue-white_Volga-21%2C_Apr_2026_01.jpg;Retired electrician;CC0;http://creativecommons.org/publicdomain/zero/1.0/deed.en;0
images/real/real_35301af2e7.jpg;Moscow_blue-white_cherrypicker_truck_Sept_2025_01_20c2e370.jpg;File:Moscow, blue-white cherrypicker truck, Sept 2025 01.jpg;https://commons.wikimedia.org/wiki/File%3AMoscow%2C_blue-white_cherrypicker_truck%2C_Sept_2025_01.jpg;Retired electrician;CC0;http://creativecommons.org/publicdomain/zero/1.0/deed.en;0
images/real/real_4e65cee9c2.jpg;Moscow_bus_010312_2024-12_1734277126_Przhevalskogo_street_NefAZ-5299-40_1633e80f.tif;File:Moscow bus 010312 2024-12 1734277126 Przhevalskogo street NefAZ-5299-40.tif;https://commons.wikimedia.org/wiki/File%3AMoscow_bus_010312_2024-12_1734277126_Przhevalskogo_street_NefAZ-5299-40.tif;Artyom Svetlov;CC BY 4.0;https://creativecommons.org/licenses/by/4.0;1
images/real/real_46924c2bd0.jpg;Moscow_bus_010781_2024-09_1725820751_Mosrentgen_NefAZ-5299-40_55650584.tif;File:Moscow bus 010781 2024-09 1725820751 Mosrentgen NefAZ-5299-40.tif;https://commons.wikimedia.org/wiki/File%3AMoscow_bus_010781_2024-09_1725820751_Mosrentgen_NefAZ-5299-40.tif;Artyom Svetlov;CC BY 4.0;https://creativecommons.org/licenses/by/4.0;3
images/real/real_49fcbb4278.jpg;Moscow_bus_011324_2024-12_Bolshaya_Ochakovskaya_Street_NefAZ-5299-40_008_9046f098.tif;File:Moscow bus 011324 2024-12 Bolshaya Ochakovskaya Street NefAZ-5299-40 008.tif;https://commons.wikimedia.org/wiki/File%3AMoscow_bus_011324_2024-12_Bolshaya_Ochakovskaya_Street_NefAZ-5299-40_008.tif;Artyom Svetlov;CC BY 4.0;https://creativecommons.org/licenses/by/4.0;0
images/real/real_585f9c8753.jpg;Moscow_bus_011348_2024-09_1725817241_Miklukho-Maklaya_Street_NefAZ-5299-40_deedbf46.jpg;File:Moscow bus 011348 2024-09 1725817241 Miklukho-Maklaya Street NefAZ-5299-40.jpg;https://commons.wikimedia.org/wiki/File%3AMoscow_bus_011348_2024-09_1725817241_Miklukho-Maklaya_Street_NefAZ-5299-40.jpg;Artyom Svetlov;CC BY 4.0;https://creativecommons.org/licenses/by/4.0;0
images/real/real_605c5f9458.jpg;Moscow_bus_011359_2024-12_1734277115_Przhevalskogo_street_NefAZ-5299-40_baebcf0e.tif;File:Moscow bus 011359 2024-12 1734277115 Przhevalskogo street NefAZ-5299-40.tif;https://commons.wikimedia.org/wiki/File%3AMoscow_bus_011359_2024-12_1734277115_Przhevalskogo_street_NefAZ-5299-40.tif;Artyom Svetlov;CC BY 4.0;https://creativecommons.org/licenses/by/4.0;0
images/real/real_1284ff75d3.jpg;Moscow_bus_012809_2024-10_1728739794_Mosgortrans_Alabushevo_vehicle_collection_L_ec1162fa.jpg;File:Moscow bus 012809 2024-10 1728739794 Mosgortrans Alabushevo vehicle collection LiAZ-4292.jpg;https://commons.wikimedia.org/wiki/File%3AMoscow_bus_012809_2024-10_1728739794_Mosgortrans_Alabushevo_vehicle_collection_LiAZ-4292.jpg;Artyom Svetlov;CC BY 4.0;https://creativecommons.org/licenses/by/4.0;0
images/real/real_9526afde39.jpg;Moscow_bus_022510_2024-09_1727173058_Sergiya_Radonezskogo_street_tram_line_NefAZ_0fec9ab4.jpg;File:Moscow bus 022510 2024-09 1727173058 Sergiya Radonezskogo street tram line NefAZ-5299-40.jpg;https://commons.wikimedia.org/wiki/File%3AMoscow_bus_022510_2024-09_1727173058_Sergiya_Radonezskogo_street_tram_line_NefAZ-5299-40.jpg;Artyom Svetlov;CC BY 4.0;https://creativecommons.org/licenses/by/4.0;0
images/real/real_25d3deb734.jpg;Moscow_bus_030104_2024-10_1st_Naprudnaya_Street_LiAZ-5292_163_1c276d11.jpg;File:Moscow bus 030104 2024-10 1st Naprudnaya Street LiAZ-5292 163.JPG;https://commons.wikimedia.org/wiki/File%3AMoscow_bus_030104_2024-10_1st_Naprudnaya_Street_LiAZ-5292_163.JPG;Artyom Svetlov;CC BY 4.0;https://creativecommons.org/licenses/by/4.0;1
images/real/real_5ffda053e6.jpg;Moscow_bus_030104_2024-10_Malygina_Street_LiAZ-5292_162_209c82b3.jpg;File:Moscow bus 030104 2024-10 Malygina Street LiAZ-5292 162.JPG;https://commons.wikimedia.org/wiki/File%3AMoscow_bus_030104_2024-10_Malygina_Street_LiAZ-5292_162.JPG;Artyom Svetlov;CC BY 4.0;https://creativecommons.org/licenses/by/4.0;0
images/real/real_aeccdebafc.jpg;Moscow_bus_030117_2024-10_Rudnevoy_Street_LiAZ-6213_114_48ef4917.jpg;File:Moscow bus 030117 2024-10 Rudnevoy Street LiAZ-6213 114.JPG;https://commons.wikimedia.org/wiki/File%3AMoscow_bus_030117_2024-10_Rudnevoy_Street_LiAZ-6213_114.JPG;Artyom Svetlov;CC BY 4.0;https://creativecommons.org/licenses/by/4.0;0
images/real/real_1fc0984c9b.jpg;Moscow_bus_030131_2024-10_1st_Naprudnaya_Street_LiAZ-6213_158_77a07cbb.jpg;File:Moscow bus 030131 2024-10 1st Naprudnaya Street LiAZ-6213 158.JPG;https://commons.wikimedia.org/wiki/File%3AMoscow_bus_030131_2024-10_1st_Naprudnaya_Street_LiAZ-6213_158.JPG;Artyom Svetlov;CC BY 4.0;https://creativecommons.org/licenses/by/4.0;0
images/real/real_7915f064fd.jpg;Moscow_bus_030138_2024-10_Malygina_Street_LiAZ-6213_171_c8464ebb.jpg;File:Moscow bus 030138 2024-10 Malygina Street LiAZ-6213 171.JPG;https://commons.wikimedia.org/wiki/File%3AMoscow_bus_030138_2024-10_Malygina_Street_LiAZ-6213_171.JPG;Artyom Svetlov;CC BY 4.0;https://creativecommons.org/licenses/by/4.0;1
images/real/real_12ff56c1ea.jpg;Moscow_bus_030138_2024-10_Malygina_Street_LiAZ-6213_172_80f54ae7.jpg;File:Moscow bus 030138 2024-10 Malygina Street LiAZ-6213 172.JPG;https://commons.wikimedia.org/wiki/File%3AMoscow_bus_030138_2024-10_Malygina_Street_LiAZ-6213_172.JPG;Artyom Svetlov;CC BY 4.0;https://creativecommons.org/licenses/by/4.0;0
images/real/real_3460752b5a.jpg;Moscow_bus_030340_2024-10_Malygina_Street_LiAZ-6213_242_92eecb0d.jpg;File:Moscow bus 030340 2024-10 Malygina Street LiAZ-6213 242.JPG;https://commons.wikimedia.org/wiki/File%3AMoscow_bus_030340_2024-10_Malygina_Street_LiAZ-6213_242.JPG;Artyom Svetlov;CC BY 4.0;https://creativecommons.org/licenses/by/4.0;0
images/real/real_3a2090ef56.jpg;Moscow_bus_030479_2024-10_Menzhinskogo_Street_LiAZ-5292_147_658ca52d.jpg;File:Moscow bus 030479 2024-10 Menzhinskogo Street LiAZ-5292 147.JPG;https://commons.wikimedia.org/wiki/File%3AMoscow_bus_030479_2024-10_Menzhinskogo_Street_LiAZ-5292_147.JPG;Artyom Svetlov;CC BY 4.0;https://creativecommons.org/licenses/by/4.0;1
images/real/real_64ca57a1c6.jpg;Moscow_bus_030961_2024-04_1712394235_Durova_Street_NefAZ-5299-40_c403ebe4.tif;File:Moscow bus 030961 2024-04 1712394235 Durova Street NefAZ-5299-40.tif;https://commons.wikimedia.org/wiki/File%3AMoscow_bus_030961_2024-04_1712394235_Durova_Street_NefAZ-5299-40.tif;Artyom Svetlov;CC BY 4.0;https://creativecommons.org/licenses/by/4.0;2
images/real/real_5b53e84237.jpg;Moscow_bus_030974_2024-04_1712394812_Durova_Street_NefAZ-5299-40_86ee90a9.tif;File:Moscow bus 030974 2024-04 1712394812 Durova Street NefAZ-5299-40.tif;https://commons.wikimedia.org/wiki/File%3AMoscow_bus_030974_2024-04_1712394812_Durova_Street_NefAZ-5299-40.tif;Artyom Svetlov;CC BY 4.0;https://creativecommons.org/licenses/by/4.0;3
images/real/real_7a5c193260.jpg;Moscow_bus_031357_2024-12_Gospitalny_Val_LiAZ-6213_03_2aefced5.tif;File:Moscow bus 031357 2024-12 Gospitalny Val LiAZ-6213 03.tif;https://commons.wikimedia.org/wiki/File%3AMoscow_bus_031357_2024-12_Gospitalny_Val_LiAZ-6213_03.tif;Artyom Svetlov;CC BY 4.0;https://creativecommons.org/licenses/by/4.0;0
images/real/real_9441646f74.jpg;Moscow_bus_031526_2024-04_1713870340_Novobasmanny_overpass_NefAZ-5299-40_619f167e.jpg;File:Moscow bus 031526 2024-04 1713870340 Novobasmanny overpass NefAZ-5299-40.jpg;https://commons.wikimedia.org/wiki/File%3AMoscow_bus_031526_2024-04_1713870340_Novobasmanny_overpass_NefAZ-5299-40.jpg;Artyom Svetlov;CC BY 4.0;https://creativecommons.org/licenses/by/4.0;2
images/real/real_43d17b29b6.jpg;Moscow_bus_031526_2024-04_1713870341_Novobasmanny_overpass_NefAZ-5299-40_95f4eb10.jpg;File:Moscow bus 031526 2024-04 1713870341 Novobasmanny overpass NefAZ-5299-40.jpg;https://commons.wikimedia.org/wiki/File%3AMoscow_bus_031526_2024-04_1713870341_Novobasmanny_overpass_NefAZ-5299-40.jpg;Artyom Svetlov;CC BY 4.0;https://creativecommons.org/licenses/by/4.0;2
images/real/real_3c9fb4be48.jpg;Moscow_bus_031950_2024-01_1705592250_Novoryazanskaya_Street_LiAZ-5292_bc4779b1.jpg;File:Moscow bus 031950 2024-01 1705592250 Novoryazanskaya Street LiAZ-5292.jpg;https://commons.wikimedia.org/wiki/File%3AMoscow_bus_031950_2024-01_1705592250_Novoryazanskaya_Street_LiAZ-5292.jpg;Artyom Svetlov;CC BY-SA 4.0;https://creativecommons.org/licenses/by-sa/4.0;0
images/real/real_8c1e981da4.jpg;Moscow_bus_032160_2024-10_Menzhinskogo_Street_LiAZ-6213_145_bdae05d8.jpg;File:Moscow bus 032160 2024-10 Menzhinskogo Street LiAZ-6213 145.JPG;https://commons.wikimedia.org/wiki/File%3AMoscow_bus_032160_2024-10_Menzhinskogo_Street_LiAZ-6213_145.JPG;Artyom Svetlov;CC BY 4.0;https://creativecommons.org/licenses/by/4.0;0
images/real/real_78ae85ebf5.jpg;Moscow_bus_032195_2024-10_Menzhinskogo_Street_LiAZ-6213_151_29eafddc.jpg;File:Moscow bus 032195 2024-10 Menzhinskogo Street LiAZ-6213 151.JPG;https://commons.wikimedia.org/wiki/File%3AMoscow_bus_032195_2024-10_Menzhinskogo_Street_LiAZ-6213_151.JPG;Artyom Svetlov;CC BY 4.0;https://creativecommons.org/licenses/by/4.0;1
images/real/real_558dc03699.jpg;Moscow_bus_032422_2024-10_Snezhnaya_Street_LiAZ-5292_010_7a098cfb.jpg;File:Moscow bus 032422 2024-10 Snezhnaya Street LiAZ-5292 010.JPG;https://commons.wikimedia.org/wiki/File%3AMoscow_bus_032422_2024-10_Snezhnaya_Street_LiAZ-5292_010.JPG;Artyom Svetlov;CC BY 4.0;https://creativecommons.org/licenses/by/4.0;1
images/real/real_0f6e44d1bb.jpg;Moscow_bus_032539_2024-09_1727173508_Sergiya_Radonezskogo_street_tram_line_NefAZ_3b5bbdf4.jpg;File:Moscow bus 032539 2024-09 1727173508 Sergiya Radonezskogo street tram line NefAZ-5299-40.jpg;https://commons.wikimedia.org/wiki/File%3AMoscow_bus_032539_2024-09_1727173508_Sergiya_Radonezskogo_street_tram_line_NefAZ-5299-40.jpg;Artyom Svetlov;CC BY 4.0;https://creativecommons.org/licenses/by/4.0;0
images/real/real_fad32d7db6.jpg;Moscow_bus_080201_2024-10_1728740093_Mosgortrans_Alabushevo_vehicle_collection_L_dec0bcc9.jpg;File:Moscow bus 080201 2024-10 1728740093 Mosgortrans Alabushevo vehicle collection LiAZ-6213.jpg;https://commons.wikimedia.org/wiki/File%3AMoscow_bus_080201_2024-10_1728740093_Mosgortrans_Alabushevo_vehicle_collection_LiAZ-6213.jpg;Artyom Svetlov;CC BY 4.0;https://creativecommons.org/licenses/by/4.0;0
images/real/real_0fc80bb2e6.jpg;Moscow_bus_080201_2024-10_1728740135_Mosgortrans_Alabushevo_vehicle_collection_L_5acca186.jpg;File:Moscow bus 080201 2024-10 1728740135 Mosgortrans Alabushevo vehicle collection LiAZ-6213.jpg;https://commons.wikimedia.org/wiki/File%3AMoscow_bus_080201_2024-10_1728740135_Mosgortrans_Alabushevo_vehicle_collection_LiAZ-6213.jpg;Artyom Svetlov;CC BY 4.0;https://creativecommons.org/licenses/by/4.0;0
images/real/real_467d05edb0.jpg;Moscow_bus_083221_2024-12_1734275633_Veyernaya_Street_NefAZ-5299-40_3581292c.tif;File:Moscow bus 083221 2024-12 1734275633 Veyernaya Street NefAZ-5299-40.tif;https://commons.wikimedia.org/wiki/File%3AMoscow_bus_083221_2024-12_1734275633_Veyernaya_Street_NefAZ-5299-40.tif;Artyom Svetlov;CC BY 4.0;https://creativecommons.org/licenses/by/4.0;0
images/real/real_bb79839fe4.jpg;Moscow_bus_090754_2024-02_1707477628_Marshala_Shestopalova_Street_MAN_Lion_s_Coa_8e85c680.jpg;File:Moscow bus 090754 2024-02 1707477628 Marshala Shestopalova Street MAN Lion's Coach (R07).jpg;https://commons.wikimedia.org/wiki/File%3AMoscow_bus_090754_2024-02_1707477628_Marshala_Shestopalova_Street_MAN_Lion%27s_Coach_%28R07%29.jpg;Artyom Svetlov;CC BY 4.0;https://creativecommons.org/licenses/by/4.0;0
images/real/real_d9e1c01259.jpg;Moscow_bus_1319005_2024-02_1707573114_Lyublinskaya_Street_NefAZ-5299-40_f0a827bd.jpg;File:Moscow bus 1319005 2024-02 1707573114 Lyublinskaya Street NefAZ-5299-40.jpg;https://commons.wikimedia.org/wiki/File%3AMoscow_bus_1319005_2024-02_1707573114_Lyublinskaya_Street_NefAZ-5299-40.jpg;Artyom Svetlov;CC BY 4.0;https://creativecommons.org/licenses/by/4.0;0
images/real/real_effd8b39a1.jpg;Moscow_bus_1320003_2024-10_Malygina_Street_MAZ-206_164_22f78fd4.jpg;File:Moscow bus 1320003 2024-10 Malygina Street MAZ-206 164.JPG;https://commons.wikimedia.org/wiki/File%3AMoscow_bus_1320003_2024-10_Malygina_Street_MAZ-206_164.JPG;Artyom Svetlov;CC BY 4.0;https://creativecommons.org/licenses/by/4.0;0
images/real/real_06fe1bc594.jpg;Moscow_bus_1320003_2024-10_Malygina_Street_MAZ-206_165_ef65a9f8.jpg;File:Moscow bus 1320003 2024-10 Malygina Street MAZ-206 165.JPG;https://commons.wikimedia.org/wiki/File%3AMoscow_bus_1320003_2024-10_Malygina_Street_MAZ-206_165.JPG;Artyom Svetlov;CC BY 4.0;https://creativecommons.org/licenses/by/4.0;1
images/real/real_3725436de4.jpg;Moscow_bus_1321054_2024-12_1734275394_Veyernaya_Street_NefAZ-5299-40_718f981d.tif;File:Moscow bus 1321054 2024-12 1734275394 Veyernaya Street NefAZ-5299-40.tif;https://commons.wikimedia.org/wiki/File%3AMoscow_bus_1321054_2024-12_1734275394_Veyernaya_Street_NefAZ-5299-40.tif;Artyom Svetlov;CC BY 4.0;https://creativecommons.org/licenses/by/4.0;0
images/real/real_71de234046.jpg;Moscow_bus_1322046_2024-11_1732452824_Sergeya_Eyzenshteyna_Street_LiAZ-5292_498f0715.jpg;File:Moscow bus 1322046 2024-11 1732452824 Sergeya Eyzenshteyna Street LiAZ-5292.jpg;https://commons.wikimedia.org/wiki/File%3AMoscow_bus_1322046_2024-11_1732452824_Sergeya_Eyzenshteyna_Street_LiAZ-5292.jpg;Artyom Svetlov;CC BY 4.0;https://creativecommons.org/licenses/by/4.0;4
images/real/real_b04ecaed50.jpg;Moscow_bus_1322057_2024-10_Menzhinskogo_Street_LiAZ-5292_149_9f244b03.jpg;File:Moscow bus 1322057 2024-10 Menzhinskogo Street LiAZ-5292 149.JPG;https://commons.wikimedia.org/wiki/File%3AMoscow_bus_1322057_2024-10_Menzhinskogo_Street_LiAZ-5292_149.JPG;Artyom Svetlov;CC BY 4.0;https://creativecommons.org/licenses/by/4.0;1
images/real/real_682068da4a.jpg;Moscow_bus_1322058_2024-10_Shirokaya_Street_LiAZ-5292_302_503b822f.jpg;File:Moscow bus 1322058 2024-10 Shirokaya Street LiAZ-5292 302.JPG;https://commons.wikimedia.org/wiki/File%3AMoscow_bus_1322058_2024-10_Shirokaya_Street_LiAZ-5292_302.JPG;Artyom Svetlov;CC BY 4.0;https://creativecommons.org/licenses/by/4.0;6
images/real/real_65229777ac.jpg;Moscow_bus_1322092_2024-10_1st_Naprudnaya_Street_LiAZ-5292_161_38d47db9.jpg;File:Moscow bus 1322092 2024-10 1st Naprudnaya Street LiAZ-5292 161.JPG;https://commons.wikimedia.org/wiki/File%3AMoscow_bus_1322092_2024-10_1st_Naprudnaya_Street_LiAZ-5292_161.JPG;Artyom Svetlov;CC BY 4.0;https://creativecommons.org/licenses/by/4.0;0
images/real/real_59a6bcdf0e.jpg;Moscow_bus_153_797_2024-09_Selskokhozyaistvennaya_street_Ikarus_280_053_3ca6046e.jpg;File:Moscow bus У153ВА797 2024-09 Selskokhozyaistvennaya street Ikarus 280 053.jpg;https://commons.wikimedia.org/wiki/File%3AMoscow_bus_%D0%A3153%D0%92%D0%90797_2024-09_Selskokhozyaistvennaya_street_Ikarus_280_053.jpg;Artyom Svetlov;CC BY 4.0;https://creativecommons.org/licenses/by/4.0;3
images/real/real_0f75fcd0f1.jpg;Moscow_bus_160117_2024-11_1731232626_Pererva_Street_NefAZ-5299-40_70c135f6.tif;File:Moscow bus 160117 2024-11 1731232626 Pererva Street NefAZ-5299-40.tif;https://commons.wikimedia.org/wiki/File%3AMoscow_bus_160117_2024-11_1731232626_Pererva_Street_NefAZ-5299-40.tif;Artyom Svetlov;CC BY 4.0;https://creativecommons.org/licenses/by/4.0;0
images/real/real_0ba1fe9a4e.jpg;Moscow_bus_160294_2024-02_1707570827_Kashirskoye_Highway_LiAZ-6213_9ed2abd8.jpg;File:Moscow bus 160294 2024-02 1707570827 Kashirskoye Highway LiAZ-6213.jpg;https://commons.wikimedia.org/wiki/File%3AMoscow_bus_160294_2024-02_1707570827_Kashirskoye_Highway_LiAZ-6213.jpg;Artyom Svetlov;CC BY 4.0;https://creativecommons.org/licenses/by/4.0;1
images/real/real_357eb8d74f.jpg;Moscow_bus_160329_2024-02_1707572184_Novocherkassky_Boulevard_NefAZ-5299-40_9cc6e99e.jpg;File:Moscow bus 160329 2024-02 1707572184 Novocherkassky Boulevard NefAZ-5299-40.jpg;https://commons.wikimedia.org/wiki/File%3AMoscow_bus_160329_2024-02_1707572184_Novocherkassky_Boulevard_NefAZ-5299-40.jpg;Artyom Svetlov;CC BY 4.0;https://creativecommons.org/licenses/by/4.0;1
images/real/real_75288c82db.jpg;Moscow_bus_160419_2024-11_1731240887_Kapotnya_Street_NefAZ-5299-40_00f4430d.tif;File:Moscow bus 160419 2024-11 1731240887 Kapotnya Street NefAZ-5299-40.tif;https://commons.wikimedia.org/wiki/File%3AMoscow_bus_160419_2024-11_1731240887_Kapotnya_Street_NefAZ-5299-40.tif;Artyom Svetlov;CC BY 4.0;https://creativecommons.org/licenses/by/4.0;0
images/real/real_d65689af54.jpg;Moscow_bus_160419_2024-11_1731248212_1st_Kapotninsky_drive_NefAZ-5299-40_32852c5e.tif;File:Moscow bus 160419 2024-11 1731248212 1st Kapotninsky drive NefAZ-5299-40.tif;https://commons.wikimedia.org/wiki/File%3AMoscow_bus_160419_2024-11_1731248212_1st_Kapotninsky_drive_NefAZ-5299-40.tif;Artyom Svetlov;CC BY 4.0;https://creativecommons.org/licenses/by/4.0;1
images/real/real_d272e21356.jpg;Moscow_bus_160419_2024-11_1731248215_1st_Kapotninsky_drive_NefAZ-5299-40_f101adc3.tif;File:Moscow bus 160419 2024-11 1731248215 1st Kapotninsky drive NefAZ-5299-40.tif;https://commons.wikimedia.org/wiki/File%3AMoscow_bus_160419_2024-11_1731248215_1st_Kapotninsky_drive_NefAZ-5299-40.tif;Artyom Svetlov;CC BY 4.0;https://creativecommons.org/licenses/by/4.0;0
images/real/real_13b06987fc.jpg;Moscow_bus_160475_2024-11_1730730265_Lyublinskaya_Street_NefAZ-5299-40_9c5edb07.jpg;File:Moscow bus 160475 2024-11 1730730265 Lyublinskaya Street NefAZ-5299-40.JPG;https://commons.wikimedia.org/wiki/File%3AMoscow_bus_160475_2024-11_1730730265_Lyublinskaya_Street_NefAZ-5299-40.JPG;Artyom Svetlov;CC BY 4.0;https://creativecommons.org/licenses/by/4.0;0
images/real/real_9b82ca988f.jpg;Moscow_bus_161090_2024-11_1730638188_Sharikopodshipnikovskaya_street_NefAZ-5299-_b66b1004.jpg;File:Moscow bus 161090 2024-11 1730638188 Sharikopodshipnikovskaya street NefAZ-5299-40.jpg;https://commons.wikimedia.org/wiki/File%3AMoscow_bus_161090_2024-11_1730638188_Sharikopodshipnikovskaya_street_NefAZ-5299-40.jpg;Artyom Svetlov;CC BY 4.0;https://creativecommons.org/licenses/by/4.0;4
images/real/real_faa04efc03.jpg;Moscow_bus_161251_2024-11_1731232588_Pererva_Street_LiAZ-6213_2035dc4c.tif;File:Moscow bus 161251 2024-11 1731232588 Pererva Street LiAZ-6213.tif;https://commons.wikimedia.org/wiki/File%3AMoscow_bus_161251_2024-11_1731232588_Pererva_Street_LiAZ-6213.tif;Artyom Svetlov;CC BY 4.0;https://creativecommons.org/licenses/by/4.0;0
images/real/real_a2c6d27730.jpg;Moscow_bus_161443_2024-11_1731248132_Ivan_Geraskin_street_LiAZ-6213_95c01a11.tif;File:Moscow bus 161443 2024-11 1731248132 Ivan Geraskin street LiAZ-6213.tif;https://commons.wikimedia.org/wiki/File%3AMoscow_bus_161443_2024-11_1731248132_Ivan_Geraskin_street_LiAZ-6213.tif;Artyom Svetlov;CC BY 4.0;https://creativecommons.org/licenses/by/4.0;0
images/real/real_175a6da360.jpg;Moscow_bus_161452_2024-11_1731232653_Pererva_Street_LiAZ-6213_9656b6db.tif;File:Moscow bus 161452 2024-11 1731232653 Pererva Street LiAZ-6213.tif;https://commons.wikimedia.org/wiki/File%3AMoscow_bus_161452_2024-11_1731232653_Pererva_Street_LiAZ-6213.tif;Artyom Svetlov;CC BY 4.0;https://creativecommons.org/licenses/by/4.0;3
images/real/real_586e9eca80.jpg;Moscow_bus_161547_2024-02_1707572192_Novocherkassky_Boulevard_LiAZ-6213_3174d13e.jpg;File:Moscow bus 161547 2024-02 1707572192 Novocherkassky Boulevard LiAZ-6213.jpg;https://commons.wikimedia.org/wiki/File%3AMoscow_bus_161547_2024-02_1707572192_Novocherkassky_Boulevard_LiAZ-6213.jpg;Artyom Svetlov;CC BY 4.0;https://creativecommons.org/licenses/by/4.0;1
images/real/real_6361b05f37.jpg;Moscow_bus_161836_2024-02_1707477774_Kashirskoye_Highway_LiAZ-6213_4e6a8fb2.jpg;File:Moscow bus 161836 2024-02 1707477774 Kashirskoye Highway LiAZ-6213.jpg;https://commons.wikimedia.org/wiki/File%3AMoscow_bus_161836_2024-02_1707477774_Kashirskoye_Highway_LiAZ-6213.jpg;Artyom Svetlov;CC BY 4.0;https://creativecommons.org/licenses/by/4.0;0
images/real/real_edc53c67f7.jpg;Moscow_bus_161858_2024-07_1720859927_Paveletskaya_Square_NefAZ-5299-40_95421ecd.jpg;File:Moscow bus 161858 2024-07 1720859927 Paveletskaya Square NefAZ-5299-40.jpg;https://commons.wikimedia.org/wiki/File%3AMoscow_bus_161858_2024-07_1720859927_Paveletskaya_Square_NefAZ-5299-40.jpg;Artyom Svetlov;CC BY 4.0;https://creativecommons.org/licenses/by/4.0;2
images/real/real_2c6d8fd363.jpg;Moscow_bus_161980_2024-02_1707067783_Shosseynaya_Street_NefAZ-5299-40_48caa977.tif;File:Moscow bus 161980 2024-02 1707067783 Shosseynaya Street NefAZ-5299-40.tif;https://commons.wikimedia.org/wiki/File%3AMoscow_bus_161980_2024-02_1707067783_Shosseynaya_Street_NefAZ-5299-40.tif;Artyom Svetlov;CC BY 4.0;https://creativecommons.org/licenses/by/4.0;3
images/real/real_c8d27c86a6.jpg;Moscow_bus_162534_2024-09_1725827829_Solntsevo_Butovo_Vidnoye_Highway_LiAZ-5292_5db9ec71.jpg;File:Moscow bus 162534 2024-09 1725827829 Solntsevo–Butovo–Vidnoye Highway LiAZ-5292.tif;https://commons.wikimedia.org/wiki/File%3AMoscow_bus_162534_2024-09_1725827829_Solntsevo%E2%80%93Butovo%E2%80%93Vidnoye_Highway_LiAZ-5292.tif;Artyom Svetlov;CC BY 4.0;https://creativecommons.org/licenses/by/4.0;2
images/real/real_4a7202d3fc.jpg;Moscow_bus_163093_2024-11_1731232618_Pererva_Street_NefAZ-5299-40_87523d49.tif;File:Moscow bus 163093 2024-11 1731232618 Pererva Street NefAZ-5299-40.tif;https://commons.wikimedia.org/wiki/File%3AMoscow_bus_163093_2024-11_1731232618_Pererva_Street_NefAZ-5299-40.tif;Artyom Svetlov;CC BY 4.0;https://creativecommons.org/licenses/by/4.0;1
images/real/real_224fb8fb9c.jpg;Moscow_bus_1757885_2024-02_1707572244_Novocherkassky_Boulevard_LiAZ-5292_c21feda1.jpg;File:Moscow bus 1757885 2024-02 1707572244 Novocherkassky Boulevard LiAZ-5292.jpg;https://commons.wikimedia.org/wiki/File%3AMoscow_bus_1757885_2024-02_1707572244_Novocherkassky_Boulevard_LiAZ-5292.jpg;Artyom Svetlov;CC BY 4.0;https://creativecommons.org/licenses/by/4.0;0
images/real/real_06134c8db0.jpg;Moscow_bus_1757892_2024-02_1707572094_Novocherkassky_Boulevard_LiAZ-5292_56f48abf.jpg;File:Moscow bus 1757892 2024-02 1707572094 Novocherkassky Boulevard LiAZ-5292.jpg;https://commons.wikimedia.org/wiki/File%3AMoscow_bus_1757892_2024-02_1707572094_Novocherkassky_Boulevard_LiAZ-5292.jpg;Artyom Svetlov;CC BY 4.0;https://creativecommons.org/licenses/by/4.0;1
images/real/real_6e6b515379.jpg;Moscow_bus_1757900_2024-02_1707572840_Novocherkassky_Boulevard_LiAZ-5292_0c976c7d.jpg;File:Moscow bus 1757900 2024-02 1707572840 Novocherkassky Boulevard LiAZ-5292.jpg;https://commons.wikimedia.org/wiki/File%3AMoscow_bus_1757900_2024-02_1707572840_Novocherkassky_Boulevard_LiAZ-5292.jpg;Artyom Svetlov;CC BY 4.0;https://creativecommons.org/licenses/by/4.0;0
images/real/real_38989550aa.jpg;Moscow_bus_1764027_2024-02_1707572189_Novocherkassky_Boulevard_MAZ-203_5666d0d6.jpg;File:Moscow bus 1764027 2024-02 1707572189 Novocherkassky Boulevard MAZ-203.jpg;https://commons.wikimedia.org/wiki/File%3AMoscow_bus_1764027_2024-02_1707572189_Novocherkassky_Boulevard_MAZ-203.jpg;Artyom Svetlov;CC BY 4.0;https://creativecommons.org/licenses/by/4.0;0
images/real/real_128c2da06a.jpg;Moscow_bus_1764052_2024-02_1707572979_Novocherkassky_Boulevard_MAZ-203_2f307ae5.jpg;File:Moscow bus 1764052 2024-02 1707572979 Novocherkassky Boulevard MAZ-203.jpg;https://commons.wikimedia.org/wiki/File%3AMoscow_bus_1764052_2024-02_1707572979_Novocherkassky_Boulevard_MAZ-203.jpg;Artyom Svetlov;CC BY 4.0;https://creativecommons.org/licenses/by/4.0;5
images/real/real_88390caf5d.jpg;Moscow_bus_190518_2024-10_Menzhinskogo_Street_LiAZ-5292_033_0fedf844.jpg;File:Moscow bus 190518 2024-10 Menzhinskogo Street LiAZ-5292 033.JPG;https://commons.wikimedia.org/wiki/File%3AMoscow_bus_190518_2024-10_Menzhinskogo_Street_LiAZ-5292_033.JPG;Artyom Svetlov;CC BY 4.0;https://creativecommons.org/licenses/by/4.0;0
images/real/real_aeb99e27fa.jpg;Moscow_bus_190518_2024-10_Menzhinskogo_Street_LiAZ-5292_035_326b7264.jpg;File:Moscow bus 190518 2024-10 Menzhinskogo Street LiAZ-5292 035.JPG;https://commons.wikimedia.org/wiki/File%3AMoscow_bus_190518_2024-10_Menzhinskogo_Street_LiAZ-5292_035.JPG;Artyom Svetlov;CC BY 4.0;https://creativecommons.org/licenses/by/4.0;2
images/real/real_45f4ce49c9.jpg;Moscow_bus_191264_2024-10_1728139435_Sosnovaya_alleya_NefAZ-5299-40_1bad5afa.jpg;File:Moscow bus 191264 2024-10 1728139435 Sosnovaya alleya NefAZ-5299-40.jpg;https://commons.wikimedia.org/wiki/File%3AMoscow_bus_191264_2024-10_1728139435_Sosnovaya_alleya_NefAZ-5299-40.jpg;Artyom Svetlov;CC BY 4.0;https://creativecommons.org/licenses/by/4.0;0
images/real/real_3150d43002.jpg;Moscow_bus_191385_2024-10_1728747701_Prospekt_Generala_Alekseeva_NefAZ-5299-40_1248786b.jpg;File:Moscow bus 191385 2024-10 1728747701 Prospekt Generala Alekseeva NefAZ-5299-40.jpg;https://commons.wikimedia.org/wiki/File%3AMoscow_bus_191385_2024-10_1728747701_Prospekt_Generala_Alekseeva_NefAZ-5299-40.jpg;Artyom Svetlov;CC BY 4.0;https://creativecommons.org/licenses/by/4.0;0
images/real/real_b5bce5a494.jpg;Moscow_bus_191394_2024-10_1728739547_Alabushevo_cemetery_NefAZ-5299-40_17c229f6.jpg;File:Moscow bus 191394 2024-10 1728739547 Alabushevo cemetery NefAZ-5299-40.jpg;https://commons.wikimedia.org/wiki/File%3AMoscow_bus_191394_2024-10_1728739547_Alabushevo_cemetery_NefAZ-5299-40.jpg;Artyom Svetlov;CC BY 4.0;https://creativecommons.org/licenses/by/4.0;1
images/real/real_544ab0fea8.jpg;Moscow_bus_191576_2024-10_Menzhinskogo_Street_LiAZ-6213_150_a6205560.jpg;File:Moscow bus 191576 2024-10 Menzhinskogo Street LiAZ-6213 150.JPG;https://commons.wikimedia.org/wiki/File%3AMoscow_bus_191576_2024-10_Menzhinskogo_Street_LiAZ-6213_150.JPG;Artyom Svetlov;CC BY 4.0;https://creativecommons.org/licenses/by/4.0;0
images/real/real_9bae49796a.jpg;Moscow_bus_2168302_2024-02_1707572892_Novocherkassky_Boulevard_LiAZ-5292_4f1aba59.jpg;File:Moscow bus 2168302 2024-02 1707572892 Novocherkassky Boulevard LiAZ-5292.jpg;https://commons.wikimedia.org/wiki/File%3AMoscow_bus_2168302_2024-02_1707572892_Novocherkassky_Boulevard_LiAZ-5292.jpg;Artyom Svetlov;CC BY 4.0;https://creativecommons.org/licenses/by/4.0;9
images/real/real_53aef6e115.jpg;Moscow_bus_410522_2024-02_1707572757_Novocherkassky_Boulevard_KamAZ-6282_42471e9f.jpg;File:Moscow bus 410522 2024-02 1707572757 Novocherkassky Boulevard KamAZ-6282.jpg;https://commons.wikimedia.org/wiki/File%3AMoscow_bus_410522_2024-02_1707572757_Novocherkassky_Boulevard_KamAZ-6282.jpg;Artyom Svetlov;CC BY 4.0;https://creativecommons.org/licenses/by/4.0;2
images/real/real_f5b0209820.jpg;Moscow_bus_410533_2024-02_1707572123_Novocherkassky_Boulevard_KamAZ-6282_e5a3e3c0.jpg;File:Moscow bus 410533 2024-02 1707572123 Novocherkassky Boulevard KamAZ-6282.jpg;https://commons.wikimedia.org/wiki/File%3AMoscow_bus_410533_2024-02_1707572123_Novocherkassky_Boulevard_KamAZ-6282.jpg;Artyom Svetlov;CC BY 4.0;https://creativecommons.org/licenses/by/4.0;0
images/real/real_9f7fa10bca.jpg;Moscow_bus_410533_2024-02_1707572135_Novocherkassky_Boulevard_KamAZ-6282_d4f23d6e.jpg;File:Moscow bus 410533 2024-02 1707572135 Novocherkassky Boulevard KamAZ-6282.jpg;https://commons.wikimedia.org/wiki/File%3AMoscow_bus_410533_2024-02_1707572135_Novocherkassky_Boulevard_KamAZ-6282.jpg;Artyom Svetlov;CC BY 4.0;https://creativecommons.org/licenses/by/4.0;0
images/real/real_38709bf7c4.jpg;Moscow_bus_410547_2024-02_1707572324_Novocherkassky_Boulevard_KamAZ-6282_bda3ed4a.jpg;File:Moscow bus 410547 2024-02 1707572324 Novocherkassky Boulevard KamAZ-6282.jpg;https://commons.wikimedia.org/wiki/File%3AMoscow_bus_410547_2024-02_1707572324_Novocherkassky_Boulevard_KamAZ-6282.jpg;Artyom Svetlov;CC BY 4.0;https://creativecommons.org/licenses/by/4.0;0
images/real/real_1a71bdb044.jpg;Moscow_bus_410571_2024-02_1707572789_Novocherkassky_Boulevard_KamAZ-6282_85ec4890.jpg;File:Moscow bus 410571 2024-02 1707572789 Novocherkassky Boulevard KamAZ-6282.jpg;https://commons.wikimedia.org/wiki/File%3AMoscow_bus_410571_2024-02_1707572789_Novocherkassky_Boulevard_KamAZ-6282.jpg;Artyom Svetlov;CC BY 4.0;https://creativecommons.org/licenses/by/4.0;1
images/real/real_298366f3c1.jpg;Moscow_bus_410571_2024-02_1707572804_Novocherkassky_Boulevard_KamAZ-6282_82b1ec88.jpg;File:Moscow bus 410571 2024-02 1707572804 Novocherkassky Boulevard KamAZ-6282.jpg;https://commons.wikimedia.org/wiki/File%3AMoscow_bus_410571_2024-02_1707572804_Novocherkassky_Boulevard_KamAZ-6282.jpg;Artyom Svetlov;CC BY 4.0;https://creativecommons.org/licenses/by/4.0;2
images/real/real_aa82e05cbe.jpg;Moscow_bus_411513_2024-11_1731232632_Pererva_Street_KamAZ-6282_3b34b59c.tif;File:Moscow bus 411513 2024-11 1731232632 Pererva Street KamAZ-6282.tif;https://commons.wikimedia.org/wiki/File%3AMoscow_bus_411513_2024-11_1731232632_Pererva_Street_KamAZ-6282.tif;Artyom Svetlov;CC BY 4.0;https://creativecommons.org/licenses/by/4.0;0
images/real/real_127a01cc7d.jpg;Moscow_bus_430110_2024-09_1725711857_Mira_Avenue_LiAZ-6274_8f4ae345.jpg;File:Moscow bus 430110 2024-09 1725711857 Mira Avenue LiAZ-6274.jpg;https://commons.wikimedia.org/wiki/File%3AMoscow_bus_430110_2024-09_1725711857_Mira_Avenue_LiAZ-6274.jpg;Artyom Svetlov;CC BY 4.0;https://creativecommons.org/licenses/by/4.0;1
images/real/real_3713461646.jpg;Moscow_bus_430217_2024-09_1725726686_Sokolnicheskaya_square_LiAZ-6274_4d2de71f.jpg;File:Moscow bus 430217 2024-09 1725726686 Sokolnicheskaya square LiAZ-6274.jpg;https://commons.wikimedia.org/wiki/File%3AMoscow_bus_430217_2024-09_1725726686_Sokolnicheskaya_square_LiAZ-6274.jpg;Artyom Svetlov;CC BY 4.0;https://creativecommons.org/licenses/by/4.0;2
images/real/real_a9e5846f69.jpg;Moscow_bus_430260_2024-09_1725712442_Selskokhozyaistvennaya_street_LiAZ-6274_ebbf5e7e.jpg;File:Moscow bus 430260 2024-09 1725712442 Selskokhozyaistvennaya street LiAZ-6274.jpg;https://commons.wikimedia.org/wiki/File%3AMoscow_bus_430260_2024-09_1725712442_Selskokhozyaistvennaya_street_LiAZ-6274.jpg;Artyom Svetlov;CC BY 4.0;https://creativecommons.org/licenses/by/4.0;2
images/real/real_642eced0bf.jpg;Moscow_bus_430374_2024-04_1712394031_Durova_Street_LiAZ-6274_44547ccc.tif;File:Moscow bus 430374 2024-04 1712394031 Durova Street LiAZ-6274.tif;https://commons.wikimedia.org/wiki/File%3AMoscow_bus_430374_2024-04_1712394031_Durova_Street_LiAZ-6274.tif;Artyom Svetlov;CC BY 4.0;https://creativecommons.org/licenses/by/4.0;1
images/real/real_8877987004.jpg;Moscow_bus_430393_2024-04_1712394495_Durova_Street_LiAZ-6274_95b536ac.tif;File:Moscow bus 430393 2024-04 1712394495 Durova Street LiAZ-6274.tif;https://commons.wikimedia.org/wiki/File%3AMoscow_bus_430393_2024-04_1712394495_Durova_Street_LiAZ-6274.tif;Artyom Svetlov;CC BY 4.0;https://creativecommons.org/licenses/by/4.0;1
images/real/real_d9648cd8bc.jpg;Moscow_bus_430665_2024-09_1725726578_Sokolnicheskaya_square_KamAZ-6282_c2968edb.jpg;File:Moscow bus 430665 2024-09 1725726578 Sokolnicheskaya square KamAZ-6282.jpg;https://commons.wikimedia.org/wiki/File%3AMoscow_bus_430665_2024-09_1725726578_Sokolnicheskaya_square_KamAZ-6282.jpg;Artyom Svetlov;CC BY 4.0;https://creativecommons.org/licenses/by/4.0;1
images/real/real_b10ee52ebc.jpg;Moscow_bus_430678_2024-10_Shirokaya_Street_KamAZ-6282_307_4eeb9ef1.jpg;File:Moscow bus 430678 2024-10 Shirokaya Street KamAZ-6282 307.JPG;https://commons.wikimedia.org/wiki/File%3AMoscow_bus_430678_2024-10_Shirokaya_Street_KamAZ-6282_307.JPG;Artyom Svetlov;CC BY 4.0;https://creativecommons.org/licenses/by/4.0;7
images/real/real_0a9c4ef9a4.jpg;Moscow_bus_431420_2024-10_Malygina_Street_KamAZ-6282_244_96eda45f.jpg;File:Moscow bus 431420 2024-10 Malygina Street KamAZ-6282 244.JPG;https://commons.wikimedia.org/wiki/File%3AMoscow_bus_431420_2024-10_Malygina_Street_KamAZ-6282_244.JPG;Artyom Svetlov;CC BY 4.0;https://creativecommons.org/licenses/by/4.0;0
images/real/real_f448aa1c3f.jpg;Moscow_bus_431625_2024-09_1725728799_Rusakovskaya_Street_KamAZ-6282_7ea4008e.jpg;File:Moscow bus 431625 2024-09 1725728799 Rusakovskaya Street KamAZ-6282.jpg;https://commons.wikimedia.org/wiki/File%3AMoscow_bus_431625_2024-09_1725728799_Rusakovskaya_Street_KamAZ-6282.jpg;Artyom Svetlov;CC BY 4.0;https://creativecommons.org/licenses/by/4.0;2
images/real/real_a853905e73.jpg;Moscow_bus_703_797_2024-10_1728149634_Central_square_LiAZ-677M_862522fd.jpg;File:Moscow bus Х703КО797 2024-10 1728149634 Central square LiAZ-677M.jpg;https://commons.wikimedia.org/wiki/File%3AMoscow_bus_%D0%A5703%D0%9A%D0%9E797_2024-10_1728149634_Central_square_LiAZ-677M.jpg;Artyom Svetlov;CC BY 4.0;https://creativecommons.org/licenses/by/4.0;3
images/real/real_efbf67f6eb.jpg;Moscow_bus_703_797_2024-10_1728149756_Central_square_LiAZ-677M_117a3620.jpg;File:Moscow bus Х703КО797 2024-10 1728149756 Central square LiAZ-677M.jpg;https://commons.wikimedia.org/wiki/File%3AMoscow_bus_%D0%A5703%D0%9A%D0%9E797_2024-10_1728149756_Central_square_LiAZ-677M.jpg;Artyom Svetlov;CC BY 4.0;https://creativecommons.org/licenses/by/4.0;0
images/real/real_6bf18f4f04.jpg;Moscow_bus_703_797_2024-10_1728149797_Central_square_LiAZ-677M_aa19aa00.jpg;File:Moscow bus Х703КО797 2024-10 1728149797 Central square LiAZ-677M.jpg;https://commons.wikimedia.org/wiki/File%3AMoscow_bus_%D0%A5703%D0%9A%D0%9E797_2024-10_1728149797_Central_square_LiAZ-677M.jpg;Artyom Svetlov;CC BY 4.0;https://creativecommons.org/licenses/by/4.0;0
images/real/real_cf2793990f.jpg;Moscow_bus_703_797_2024-10_1728150616_Central_square_LiAZ-677M_e0a2fef8.jpg;File:Moscow bus Х703КО797 2024-10 1728150616 Central square LiAZ-677M.jpg;https://commons.wikimedia.org/wiki/File%3AMoscow_bus_%D0%A5703%D0%9A%D0%9E797_2024-10_1728150616_Central_square_LiAZ-677M.jpg;Artyom Svetlov;CC BY 4.0;https://creativecommons.org/licenses/by/4.0;0
images/real/real_c3bb9f09dc.jpg;Moscow_bus_8500938_2024-11_1730735933_Myachkovsky_boulevard_LiAZ-5292_b341f237.jpg;File:Moscow bus 8500938 2024-11 1730735933 Myachkovsky boulevard LiAZ-5292.JPG;https://commons.wikimedia.org/wiki/File%3AMoscow_bus_8500938_2024-11_1730735933_Myachkovsky_boulevard_LiAZ-5292.JPG;Artyom Svetlov;CC BY 4.0;https://creativecommons.org/licenses/by/4.0;0
images/real/real_5dd8fecb91.jpg;Moscow_disabled_Johnston_Sweepers_stranded_in_traffic_Sept_2025_02_2dab3bed.jpg;File:Moscow, disabled Johnston Sweepers stranded in traffic, Sept 2025 02.jpg;https://commons.wikimedia.org/wiki/File%3AMoscow%2C_disabled_Johnston_Sweepers_stranded_in_traffic%2C_Sept_2025_02.jpg;Retired electrician;CC0;http://creativecommons.org/publicdomain/zero/1.0/deed.en;2
images/real/real_8a03524cb1.jpg;Moscow_former_ZIL_powerplant_demolition_April_2025_04_946270a5.jpg;File:Moscow, former ZIL powerplant demolition April 2025 04.jpg;https://commons.wikimedia.org/wiki/File%3AMoscow%2C_former_ZIL_powerplant_demolition_April_2025_04.jpg;Retired electrician;CC0;http://creativecommons.org/publicdomain/zero/1.0/deed.en;0
images/real/real_eeecf521d4.jpg;Moscow_grey_Jetour_Dashing_July_2025_02_47813b58.jpg;File:Moscow, grey Jetour Dashing July 2025 02.jpg;https://commons.wikimedia.org/wiki/File%3AMoscow%2C_grey_Jetour_Dashing_July_2025_02.jpg;Retired electrician;CC0;http://creativecommons.org/publicdomain/zero/1.0/deed.en;1
images/real/real_2a72f3faa9.jpg;Moscow_red_tour_bus_on_Kamenny_bridge_July_2024_03_14aebf8a.jpg;File:Moscow, red tour bus on Kamenny bridge July 2024 03.jpg;https://commons.wikimedia.org/wiki/File%3AMoscow%2C_red_tour_bus_on_Kamenny_bridge_July_2024_03.jpg;Retired electrician;CC0;http://creativecommons.org/publicdomain/zero/1.0/deed.en;1
images/real/real_889e35c370.jpg;Moscow_respawn_point_overload_May_2026_01_2547b5e6.jpg;File:Moscow, respawn point overload, May 2026 01.jpg;https://commons.wikimedia.org/wiki/File%3AMoscow%2C_respawn_point_overload%2C_May_2026_01.jpg;Retired electrician;CC0;http://creativecommons.org/publicdomain/zero/1.0/deed.en;3
images/real/real_d73eba393a.jpg;Moscow_rusty_dusty_GAZ-24_with_Pikachu_Mar_2026_01_93d9aac1.jpg;File:Moscow, rusty dusty GAZ-24 with Pikachu, Mar 2026 01.jpg;https://commons.wikimedia.org/wiki/File%3AMoscow%2C_rusty_dusty_GAZ-24_with_Pikachu%2C_Mar_2026_01.jpg;Retired electrician;CC0;http://creativecommons.org/publicdomain/zero/1.0/deed.en;0
images/real/real_6e5ac5d912.jpg;Moscow_trolleybus_BKM-321_8333_2024-10_1728740370_Mosgortrans_Alabushevo_vehicle_9de95753.jpg;File:Moscow trolleybus BKM-321 8333 2024-10 1728740370 Mosgortrans Alabushevo vehicle collection.jpg;https://commons.wikimedia.org/wiki/File%3AMoscow_trolleybus_BKM-321_8333_2024-10_1728740370_Mosgortrans_Alabushevo_vehicle_collection.jpg;Artyom Svetlov;CC BY 4.0;https://creativecommons.org/licenses/by/4.0;0
images/real/real_45c4d9d1bc.jpg;Mosow_Sitrak_4-axle_dump_truck_Feb_2026_01_f2d9be79.jpg;File:Mosow, Sitrak 4-axle dump truck, Feb 2026 01.jpg;https://commons.wikimedia.org/wiki/File%3AMosow%2C_Sitrak_4-axle_dump_truck%2C_Feb_2026_01.jpg;Retired electrician;CC0;http://creativecommons.org/publicdomain/zero/1.0/deed.en;0
images/real/real_32a7326969.jpg;Mostransavto_bus_on_Moscow_Oblast_route_1063_in_Maryino_Moscow_21.01.2024__e7181019.jpg;File:Mostransavto bus on Moscow Oblast route 1063 in Maryino, Moscow (21.01.2024).jpg;https://commons.wikimedia.org/wiki/File%3AMostransavto_bus_on_Moscow_Oblast_route_1063_in_Maryino%2C_Moscow_%2821.01.2024%29.jpg;Brateevsky;CC BY-SA 4.0;https://creativecommons.org/licenses/by-sa/4.0;1
images/real/real_499bf9e27c.jpg;Plescheyeva_street_20241021_124915_66913a10.jpg;File:Plescheyeva street 20241021 124915.jpg;https://commons.wikimedia.org/wiki/File%3APlescheyeva_street_20241021_124915.jpg;Lestest;CC BY-SA 4.0;https://creativecommons.org/licenses/by-sa/4.0;0
images/real/real_1436988a58.jpg;Ramenskoye_Gurieva_street_2024-12_1735657067_8fee712c.jpg;File:Ramenskoye Gurieva street 2024-12 1735657067.JPG;https://commons.wikimedia.org/wiki/File%3ARamenskoye_Gurieva_street_2024-12_1735657067.JPG;Artyom Svetlov;CC BY 4.0;https://creativecommons.org/licenses/by/4.0;0
images/real/real_533a14391c.jpg;Ramenskoye_bus_259_790_2024-12_1735655888_Mikhalevich_street_GAZelle_City_7cb6ccac.jpg;File:Ramenskoye bus В259МС790 2024-12 1735655888 Mikhalevich street GAZelle City.JPG;https://commons.wikimedia.org/wiki/File%3ARamenskoye_bus_%D0%92259%D0%9C%D0%A1790_2024-12_1735655888_Mikhalevich_street_GAZelle_City.JPG;Artyom Svetlov;CC BY 4.0;https://creativecommons.org/licenses/by/4.0;0
images/real/real_d62cf621dc.jpg;Ramenskoye_bus_292_790_2024-11_1731157026_Chugunova_street_Gazelle_City_a7f7efaa.jpg;File:Ramenskoye bus В292ТТ790 2024-11 1731157026 Chugunova street Gazelle City.jpg;https://commons.wikimedia.org/wiki/File%3ARamenskoye_bus_%D0%92292%D0%A2%D0%A2790_2024-11_1731157026_Chugunova_street_Gazelle_City.jpg;Artyom Svetlov;CC BY 4.0;https://creativecommons.org/licenses/by/4.0;2
images/real/real_1de16c5333.jpg;Ramenskoye_bus_452_790_2024-12_1735655978_Mikhalevich_street_GAZelle_Next_6429ff34.jpg;File:Ramenskoye bus Н452РЕ790 2024-12 1735655978 Mikhalevich street GAZelle Next.jpg;https://commons.wikimedia.org/wiki/File%3ARamenskoye_bus_%D0%9D452%D0%A0%D0%95790_2024-12_1735655978_Mikhalevich_street_GAZelle_Next.jpg;Artyom Svetlov;CC BY 4.0;https://creativecommons.org/licenses/by/4.0;0
images/real/real_c0ea5338de.jpg;Ramenskoye_bus_452_790_2024-12_1735655982_Mikhalevich_street_GAZelle_Next_f37a5084.jpg;File:Ramenskoye bus Н452РЕ790 2024-12 1735655982 Mikhalevich street GAZelle Next.jpg;https://commons.wikimedia.org/wiki/File%3ARamenskoye_bus_%D0%9D452%D0%A0%D0%95790_2024-12_1735655982_Mikhalevich_street_GAZelle_Next.jpg;Artyom Svetlov;CC BY 4.0;https://creativecommons.org/licenses/by/4.0;0
images/real/real_4f784cb5cc.jpg;Ramenskoye_bus_505_790_2024-12_1735656998_Mikhalevich_street_GAZelle_City_92af4316.jpg;File:Ramenskoye bus Х505КХ790 2024-12 1735656998 Mikhalevich street GAZelle City.JPG;https://commons.wikimedia.org/wiki/File%3ARamenskoye_bus_%D0%A5505%D0%9A%D0%A5790_2024-12_1735656998_Mikhalevich_street_GAZelle_City.JPG;Artyom Svetlov;CC BY 4.0;https://creativecommons.org/licenses/by/4.0;1
images/real/real_808f02b090.jpg;Ramenskoye_bus_596_750_2024-12_1735657210_Mikhalevich_street_PAZ_Vector_Next_b7df0d74.jpg;File:Ramenskoye bus А596СВ750 2024-12 1735657210 Mikhalevich street PAZ Vector Next.JPG;https://commons.wikimedia.org/wiki/File%3ARamenskoye_bus_%D0%90596%D0%A1%D0%92750_2024-12_1735657210_Mikhalevich_street_PAZ_Vector_Next.JPG;Artyom Svetlov;CC BY 4.0;https://creativecommons.org/licenses/by/4.0;0
images/real/real_cf1361e8f2.jpg;Ramenskoye_bus_749_550_2024-12_1735655868_Mikhalevich_street_GAZelle_City_c012af6d.jpg;File:Ramenskoye bus О749ВА550 2024-12 1735655868 Mikhalevich street GAZelle City.JPG;https://commons.wikimedia.org/wiki/File%3ARamenskoye_bus_%D0%9E749%D0%92%D0%90550_2024-12_1735655868_Mikhalevich_street_GAZelle_City.JPG;Artyom Svetlov;CC BY 4.0;https://creativecommons.org/licenses/by/4.0;0
images/real/real_958cfbad6d.jpg;Ramenskoye_bus_860_550_2024-12_1735653817_Mikhalevich_street_GAZelle_City_3b07f002.jpg;File:Ramenskoye bus К860АМ550 2024-12 1735653817 Mikhalevich street GAZelle City.JPG;https://commons.wikimedia.org/wiki/File%3ARamenskoye_bus_%D0%9A860%D0%90%D0%9C550_2024-12_1735653817_Mikhalevich_street_GAZelle_City.JPG;Artyom Svetlov;CC BY 4.0;https://creativecommons.org/licenses/by/4.0;5
images/real/real_cf15f4c0ca.jpg;Red_tourist_bus_on_Bolotnaya_Embankment_-_Moscow_86478a90.jpg;File:Red tourist bus on Bolotnaya Embankment - Moscow.jpg;https://commons.wikimedia.org/wiki/File%3ARed_tourist_bus_on_Bolotnaya_Embankment_-_Moscow.jpg;Юрий Д.К.;CC BY 4.0;https://creativecommons.org/licenses/by/4.0;0
images/real/real_9525903267.jpg;Red_tourist_bus_on_Bolotnaya_Embankment_-_Moscow_cropped__7f593db4.jpg;File:Red tourist bus on Bolotnaya Embankment - Moscow (cropped).jpg;https://commons.wikimedia.org/wiki/File%3ARed_tourist_bus_on_Bolotnaya_Embankment_-_Moscow_%28cropped%29.jpg;Юрий Д.К.;CC BY 4.0;https://creativecommons.org/licenses/by/4.0;0
images/real/real_de0ce8b484.jpg;Roshal_bus_075_750_2024-10_1729353137_October_Revolution_street_LiAZ-5250_7e27f367.tif;File:Roshal bus У075РО750 2024-10 1729353137 October Revolution street LiAZ-5250.tif;https://commons.wikimedia.org/wiki/File%3ARoshal_bus_%D0%A3075%D0%A0%D0%9E750_2024-10_1729353137_October_Revolution_street_LiAZ-5250.tif;Artyom Svetlov;CC BY 4.0;https://creativecommons.org/licenses/by/4.0;0
images/real/real_7b37f91a5f.jpg;Roshal_bus_679_790_2024-10_1729353677_October_Revolution_street_LiAZ-5292_178b7906.tif;File:Roshal bus А679АЕ790 2024-10 1729353677 October Revolution street LiAZ-5292.tif;https://commons.wikimedia.org/wiki/File%3ARoshal_bus_%D0%90679%D0%90%D0%95790_2024-10_1729353677_October_Revolution_street_LiAZ-5292.tif;Artyom Svetlov;CC BY 4.0;https://creativecommons.org/licenses/by/4.0;0
images/real/real_f7508ad5c1.jpg;Roshal_bus_901_790_2024-10_1729354659_October_Revolution_street_LiAZ-4292_9ff9f6bc.tif;File:Roshal bus В901ОТ790 2024-10 1729354659 October Revolution street LiAZ-4292.tif;https://commons.wikimedia.org/wiki/File%3ARoshal_bus_%D0%92901%D0%9E%D0%A2790_2024-10_1729354659_October_Revolution_street_LiAZ-4292.tif;Artyom Svetlov;CC BY 4.0;https://creativecommons.org/licenses/by/4.0;0
images/real/real_b138d770cb.jpg;Ryazan_bus_1215_2024-05_1715358582_Lenin_Street_LiAZ-5292_3ff307e0.tif;File:Ryazan bus 1215 2024-05 1715358582 Lenin Street LiAZ-5292.tif;https://commons.wikimedia.org/wiki/File%3ARyazan_bus_1215_2024-05_1715358582_Lenin_Street_LiAZ-5292.tif;Artyom Svetlov;CC BY 4.0;https://creativecommons.org/licenses/by/4.0;1
images/real/real_4705b10c76.jpg;Ryazan_bus_1224_2024-05_1715358614_Lenin_Street_LiAZ-5292_6ead9216.tif;File:Ryazan bus 1224 2024-05 1715358614 Lenin Street LiAZ-5292.tif;https://commons.wikimedia.org/wiki/File%3ARyazan_bus_1224_2024-05_1715358614_Lenin_Street_LiAZ-5292.tif;Artyom Svetlov;CC BY 4.0;https://creativecommons.org/licenses/by/4.0;3
images/real/real_acf27b526d.jpg;Ryazan_bus_1228_2024-05_1715440399_Sobornaya_Street_LiAZ-5292_d039894c.tif;File:Ryazan bus 1228 2024-05 1715440399 Sobornaya Street LiAZ-5292.tif;https://commons.wikimedia.org/wiki/File%3ARyazan_bus_1228_2024-05_1715440399_Sobornaya_Street_LiAZ-5292.tif;Artyom Svetlov;CC BY 4.0;https://creativecommons.org/licenses/by/4.0;1
images/real/real_477c3e57df.jpg;Ryazan_bus_1245_2024-05_1715433882_Lenin_Street_LiAZ-5292_e7719517.tif;File:Ryazan bus 1245 2024-05 1715433882 Lenin Street LiAZ-5292.tif;https://commons.wikimedia.org/wiki/File%3ARyazan_bus_1245_2024-05_1715433882_Lenin_Street_LiAZ-5292.tif;Artyom Svetlov;CC BY 4.0;https://creativecommons.org/licenses/by/4.0;3
images/real/real_1d82933695.jpg;Ryazan_trolleybus_2117_2024-05_1715430908_Lenin_Street_ZiU-9_dde91ae9.tif;File:Ryazan trolleybus 2117 2024-05 1715430908 Lenin Street ZiU-9.tif;https://commons.wikimedia.org/wiki/File%3ARyazan_trolleybus_2117_2024-05_1715430908_Lenin_Street_ZiU-9.tif;Artyom Svetlov;CC BY 4.0;https://creativecommons.org/licenses/by/4.0;1
images/real/real_f77ab7b3fd.jpg;Ryazan_trolleybus_2117_2024-05_1715430937_Lenin_Street_ZiU-9_055b732e.tif;File:Ryazan trolleybus 2117 2024-05 1715430937 Lenin Street ZiU-9.tif;https://commons.wikimedia.org/wiki/File%3ARyazan_trolleybus_2117_2024-05_1715430937_Lenin_Street_ZiU-9.tif;Artyom Svetlov;CC BY 4.0;https://creativecommons.org/licenses/by/4.0;2
images/real/real_9c14bcc326.jpg;Ryazan_trolleybus_2128_2024-05_1715433857_Lenin_Street_VMZ-5298.01-50_d3f6f39c.tif;File:Ryazan trolleybus 2128 2024-05 1715433857 Lenin Street VMZ-5298.01-50.tif;https://commons.wikimedia.org/wiki/File%3ARyazan_trolleybus_2128_2024-05_1715433857_Lenin_Street_VMZ-5298.01-50.tif;Artyom Svetlov;CC BY 4.0;https://creativecommons.org/licenses/by/4.0;0
images/real/real_a2ef8bc12e.jpg;Ryazan_trolleybus_3074_2024-05_1715370322_Yesenin_Street_VZTM-5284_8eeb4c66.tif;File:Ryazan trolleybus 3074 2024-05 1715370322 Yesenin Street VZTM-5284.tif;https://commons.wikimedia.org/wiki/File%3ARyazan_trolleybus_3074_2024-05_1715370322_Yesenin_Street_VZTM-5284.tif;Artyom Svetlov;CC BY 4.0;https://creativecommons.org/licenses/by/4.0;0
images/real/real_1b0c42247f.jpg;Ryazan_trolleybus_3079_2024-05_1715434570_Lenin_Street_ZiU-9_5d546824.tif;File:Ryazan trolleybus 3079 2024-05 1715434570 Lenin Street ZiU-9.tif;https://commons.wikimedia.org/wiki/File%3ARyazan_trolleybus_3079_2024-05_1715434570_Lenin_Street_ZiU-9.tif;Artyom Svetlov;CC BY 4.0;https://creativecommons.org/licenses/by/4.0;1
images/real/real_6edfa5338e.jpg;Ryazan_trolleybus_3128_2024-05_1715431173_Lenin_Street_ZiU-9_00ca9ec5.tif;File:Ryazan trolleybus 3128 2024-05 1715431173 Lenin Street ZiU-9.tif;https://commons.wikimedia.org/wiki/File%3ARyazan_trolleybus_3128_2024-05_1715431173_Lenin_Street_ZiU-9.tif;Artyom Svetlov;CC BY 4.0;https://creativecommons.org/licenses/by/4.0;2
images/real/real_9e86ebdf03.jpg;Ryazan_trolleybus_3134_2024-05_1715432399_Lenin_Street_PKTS-6281_7ace4c6d.tif;File:Ryazan trolleybus 3134 2024-05 1715432399 Lenin Street PKTS-6281.tif;https://commons.wikimedia.org/wiki/File%3ARyazan_trolleybus_3134_2024-05_1715432399_Lenin_Street_PKTS-6281.tif;Artyom Svetlov;CC BY 4.0;https://creativecommons.org/licenses/by/4.0;1
images/real/real_a69e16c3e9.jpg;Ryazan_trolleybus_3143_2024-05_1715434252_Lenin_Street_MAZ-T203_9358bb05.tif;File:Ryazan trolleybus 3143 2024-05 1715434252 Lenin Street MAZ-T203.tif;https://commons.wikimedia.org/wiki/File%3ARyazan_trolleybus_3143_2024-05_1715434252_Lenin_Street_MAZ-T203.tif;Artyom Svetlov;CC BY 4.0;https://creativecommons.org/licenses/by/4.0;0
images/real/real_1200274cac.jpg;Ryazan_trolleybus_3144_2024-05_1715341216_Yesenin_Street_MAZ-T203_0e2e3c8f.tif;File:Ryazan trolleybus 3144 2024-05 1715341216 Yesenin Street MAZ-T203.tif;https://commons.wikimedia.org/wiki/File%3ARyazan_trolleybus_3144_2024-05_1715341216_Yesenin_Street_MAZ-T203.tif;Artyom Svetlov;CC BY 4.0;https://creativecommons.org/licenses/by/4.0;0
images/real/real_6eb50fbb5c.jpg;Ryazan_trolleybus_3158_2024-05_1715422023_Tsiolkovsky_Street_PKTS-6281_d82c0ce7.tif;File:Ryazan trolleybus 3158 2024-05 1715422023 Tsiolkovsky Street PKTS-6281.tif;https://commons.wikimedia.org/wiki/File%3ARyazan_trolleybus_3158_2024-05_1715422023_Tsiolkovsky_Street_PKTS-6281.tif;Artyom Svetlov;CC BY 4.0;https://creativecommons.org/licenses/by/4.0;0
images/real/real_8e88b5d43d.jpg;SAZ_LE60_139__326de2b3.jpg;File:SAZ LE60 МТА на съезде на Минскую улицу маршрут МО 139 сзади.jpg;https://commons.wikimedia.org/wiki/File%3ASAZ_LE60_%D0%9C%D0%A2%D0%90_%D0%BD%D0%B0_%D1%81%D1%8A%D0%B5%D0%B7%D0%B4%D0%B5_%D0%BD%D0%B0_%D0%9C%D0%B8%D0%BD%D1%81%D0%BA%D1%83%D1%8E_%D1%83%D0%BB%D0%B8%D1%86%D1%83_%D0%BC%D0%B0%D1%80%D1%88%D1%80%D1%83%D1%82_%D0%9C%D0%9E_139_%D1%81%D0%B7%D0%B0%D0%B4%D0%B8.jpg;ATI1999;CC BY-SA 4.0;https://creativecommons.org/licenses/by-sa/4.0;1
images/real/real_a741a02fd8.jpg;Savyolki_District_bus_703_797_2024-10_1728139661_Sosnovaya_alleya_LiAZ-677M_7d83e15c.jpg;File:Savyolki District bus Х703КО797 2024-10 1728139661 Sosnovaya alleya LiAZ-677M.jpg;https://commons.wikimedia.org/wiki/File%3ASavyolki_District_bus_%D0%A5703%D0%9A%D0%9E797_2024-10_1728139661_Sosnovaya_alleya_LiAZ-677M.jpg;Artyom Svetlov;CC BY 4.0;https://creativecommons.org/licenses/by/4.0;2
images/real/real_41f3fb12a9.jpg;Savyolki_District_bus_703_797_2024-10_1728141520_Nikolsky_drive_LiAZ-677M_fdd03878.jpg;File:Savyolki District bus Х703КО797 2024-10 1728141520 Nikolsky drive LiAZ-677M.jpg;https://commons.wikimedia.org/wiki/File%3ASavyolki_District_bus_%D0%A5703%D0%9A%D0%9E797_2024-10_1728141520_Nikolsky_drive_LiAZ-677M.jpg;Artyom Svetlov;CC BY 4.0;https://creativecommons.org/licenses/by/4.0;10
images/real/real_5efb79ba4e.jpg;Silino_District_bus_00577_2024-10_1728739870_Mosgortrans_Alabushevo_vehicle_coll_e9606ec6.jpg;File:Silino District bus ЕО00577 2024-10 1728739870 Mosgortrans Alabushevo vehicle collection Fiat Ducato 244.jpg;https://commons.wikimedia.org/wiki/File%3ASilino_District_bus_%D0%95%D0%9E00577_2024-10_1728739870_Mosgortrans_Alabushevo_vehicle_collection_Fiat_Ducato_244.jpg;Artyom Svetlov;CC BY 4.0;https://creativecommons.org/licenses/by/4.0;0
images/real/real_cd70e468d7.jpg;Silino_District_bus_521_77_2024-10_1728739779_Mosgortrans_Alabushevo_vehicle_col_2b42ada0.jpg;File:Silino District bus АЕ521 77 2024-10 1728739779 Mosgortrans Alabushevo vehicle collection LiAZ-5256.jpg;https://commons.wikimedia.org/wiki/File%3ASilino_District_bus_%D0%90%D0%95521_77_2024-10_1728739779_Mosgortrans_Alabushevo_vehicle_collection_LiAZ-5256.jpg;Artyom Svetlov;CC BY 4.0;https://creativecommons.org/licenses/by/4.0;0
images/real/real_0e9ddc0544.jpg;Silino_District_bus_521_77_2024-10_1728740336_Mosgortrans_Alabushevo_vehicle_col_2d9afe88.jpg;File:Silino District bus АЕ521 77 2024-10 1728740336 Mosgortrans Alabushevo vehicle collection LiAZ-5256.jpg;https://commons.wikimedia.org/wiki/File%3ASilino_District_bus_%D0%90%D0%95521_77_2024-10_1728740336_Mosgortrans_Alabushevo_vehicle_collection_LiAZ-5256.jpg;Artyom Svetlov;CC BY 4.0;https://creativecommons.org/licenses/by/4.0;0
images/real/real_bd6defab2a.jpg;Silino_District_bus_703_797_2024-10_1728146114_Konstrutora_Lukina_street_LiAZ-67_5adf9572.jpg;File:Silino District bus Х703КО797 2024-10 1728146114 Konstrutora Lukina street LiAZ-677M.jpg;https://commons.wikimedia.org/wiki/File%3ASilino_District_bus_%D0%A5703%D0%9A%D0%9E797_2024-10_1728146114_Konstrutora_Lukina_street_LiAZ-677M.jpg;Artyom Svetlov;CC BY 4.0;https://creativecommons.org/licenses/by/4.0;2
images/real/real_4b3573f8ad.jpg;Sverdlovskiy_Nabereznaya_street_13_2024-10_1729439135_2a731e6b.tif;File:Sverdlovskiy Nabereznaya street 13 2024-10 1729439135.tif;https://commons.wikimedia.org/wiki/File%3ASverdlovskiy_Nabereznaya_street_13_2024-10_1729439135.tif;Artyom Svetlov;CC BY 4.0;https://creativecommons.org/licenses/by/4.0;0
images/real/real_1bfce7d319.jpg;Tourist_bus_at_Bolotnaya_Embankment_in_Moscow_2024-8_1__952340c0.jpg;File:Tourist bus at Bolotnaya Embankment in Moscow 2024-8 (1).jpg;https://commons.wikimedia.org/wiki/File%3ATourist_bus_at_Bolotnaya_Embankment_in_Moscow_2024-8_%281%29.jpg;Юрий Д.К.;CC BY 4.0;https://creativecommons.org/licenses/by/4.0;1
images/real/real_53b937dc7c.jpg;Tourist_bus_at_Bolotnaya_Embankment_in_Moscow_2024-8_2__2ed514b8.jpg;File:Tourist bus at Bolotnaya Embankment in Moscow 2024-8 (2).jpg;https://commons.wikimedia.org/wiki/File%3ATourist_bus_at_Bolotnaya_Embankment_in_Moscow_2024-8_%282%29.jpg;Юрий Д.К.;CC BY 4.0;https://creativecommons.org/licenses/by/4.0;1
images/real/real_36b5e38f98.jpg;Tourist_buses_on_Bolotnaya_Embankment_-_Moscow_aeab0c7a.jpg;File:Tourist buses on Bolotnaya Embankment - Moscow.jpg;https://commons.wikimedia.org/wiki/File%3ATourist_buses_on_Bolotnaya_Embankment_-_Moscow.jpg;Юрий Д.К.;CC BY 4.0;https://creativecommons.org/licenses/by/4.0;4
images/real/real_0810a86224.jpg;Tourist_buses_on_Bolotnaya_Embankment_Moscow_9c3aa590.jpg;File:Tourist buses on Bolotnaya Embankment, Moscow.jpg;https://commons.wikimedia.org/wiki/File%3ATourist_buses_on_Bolotnaya_Embankment%2C_Moscow.jpg;Юрий Д.К.;CC BY 4.0;https://creativecommons.org/licenses/by/4.0;0
images/real/real_d9fcdce2b9.jpg;UAZ-452_en_la_aerodromo_de_DOSAAF_en_Jalutorovsko_01_33aed9e2.jpg;File:UAZ-452 en la aerodromo de DOSAAF en Jalutorovsko 01.jpg;https://commons.wikimedia.org/wiki/File%3AUAZ-452_en_la_aerodromo_de_DOSAAF_en_Jalutorovsko_01.jpg;RG72;CC BY 4.0;https://creativecommons.org/licenses/by/4.0;0
images/real/real_98c4adc098.jpg;UAZ-452_en_la_aerodromo_de_DOSAAF_en_Jalutorovsko_02_34b5e8f0.jpg;File:UAZ-452 en la aerodromo de DOSAAF en Jalutorovsko 02.jpg;https://commons.wikimedia.org/wiki/File%3AUAZ-452_en_la_aerodromo_de_DOSAAF_en_Jalutorovsko_02.jpg;RG72;CC BY 4.0;https://creativecommons.org/licenses/by/4.0;0
images/real/real_0b6d09a744.jpg;Vidnoye_bus_020_198_2024-11_1731860478_Sovetskaya_street_PAZ-3203_e15de5d7.jpg;File:Vidnoye bus Е020ОС198 2024-11 1731860478 Sovetskaya street PAZ-3203.jpg;https://commons.wikimedia.org/wiki/File%3AVidnoye_bus_%D0%95020%D0%9E%D0%A1198_2024-11_1731860478_Sovetskaya_street_PAZ-3203.jpg;Artyom Svetlov;CC BY 4.0;https://creativecommons.org/licenses/by/4.0;0
images/real/real_dad609e952.jpg;Vidnoye_bus_020_198_2024-11_1731860489_Sovetskaya_street_PAZ-3203_55259ed1.jpg;File:Vidnoye bus Е020ОС198 2024-11 1731860489 Sovetskaya street PAZ-3203.jpg;https://commons.wikimedia.org/wiki/File%3AVidnoye_bus_%D0%95020%D0%9E%D0%A1198_2024-11_1731860489_Sovetskaya_street_PAZ-3203.jpg;Artyom Svetlov;CC BY 4.0;https://creativecommons.org/licenses/by/4.0;0
images/real/real_78ea28cd9c.jpg;Vidnoye_bus_020_198_2024-11_1732367737_Sovetskaya_street_PAZ-3203_3ba5f2c1.jpg;File:Vidnoye bus Е020ОС198 2024-11 1732367737 Sovetskaya street PAZ-3203.jpg;https://commons.wikimedia.org/wiki/File%3AVidnoye_bus_%D0%95020%D0%9E%D0%A1198_2024-11_1732367737_Sovetskaya_street_PAZ-3203.jpg;Artyom Svetlov;CC BY 4.0;https://creativecommons.org/licenses/by/4.0;0
images/real/real_a0598c29aa.jpg;Vidnoye_bus_020_198_2024-11_1732367822_Sovetskaya_street_PAZ-3203_ea02ad17.jpg;File:Vidnoye bus Е020ОС198 2024-11 1732367822 Sovetskaya street PAZ-3203.jpg;https://commons.wikimedia.org/wiki/File%3AVidnoye_bus_%D0%95020%D0%9E%D0%A1198_2024-11_1732367822_Sovetskaya_street_PAZ-3203.jpg;Artyom Svetlov;CC BY 4.0;https://creativecommons.org/licenses/by/4.0;0
images/real/real_ef664bf747.jpg;Vidnoye_bus_036_790_2024-11_1732358903_Leninsky_Komsomol_avenue_Lotos-105_730acd6e.jpg;File:Vidnoye bus Е036ММ790 2024-11 1732358903 Leninsky Komsomol avenue Lotos-105.jpg;https://commons.wikimedia.org/wiki/File%3AVidnoye_bus_%D0%95036%D0%9C%D0%9C790_2024-11_1732358903_Leninsky_Komsomol_avenue_Lotos-105.jpg;Artyom Svetlov;CC BY 4.0;https://creativecommons.org/licenses/by/4.0;1
images/real/real_c4e96e0d0b.jpg;Vidnoye_bus_042_790_2024-11_1732360021_Leninsky_Komsomol_avenue_LiAZ-5292_8e77b996.jpg;File:Vidnoye bus М042ТТ790 2024-11 1732360021 Leninsky Komsomol avenue LiAZ-5292.jpg;https://commons.wikimedia.org/wiki/File%3AVidnoye_bus_%D0%9C042%D0%A2%D0%A2790_2024-11_1732360021_Leninsky_Komsomol_avenue_LiAZ-5292.jpg;Artyom Svetlov;CC BY 4.0;https://creativecommons.org/licenses/by/4.0;3
images/real/real_1850c74c71.jpg;Vidnoye_bus_174_790_2024-11_1731850387_Tinkova_street_PAZ_Vector_Next_fb7554b1.jpg;File:Vidnoye bus У174РО790 2024-11 1731850387 Tinkova street PAZ Vector Next.jpg;https://commons.wikimedia.org/wiki/File%3AVidnoye_bus_%D0%A3174%D0%A0%D0%9E790_2024-11_1731850387_Tinkova_street_PAZ_Vector_Next.jpg;Artyom Svetlov;CC BY 4.0;https://creativecommons.org/licenses/by/4.0;0
images/real/real_4ca9648f2b.jpg;Vidnoye_bus_184_790_2024-11_1732365252_Sovetskaya_street_GAZelle_Next_minibus_63a991c8.jpg;File:Vidnoye bus У184КР790 2024-11 1732365252 Sovetskaya street GAZelle Next minibus.jpg;https://commons.wikimedia.org/wiki/File%3AVidnoye_bus_%D0%A3184%D0%9A%D0%A0790_2024-11_1732365252_Sovetskaya_street_GAZelle_Next_minibus.jpg;Artyom Svetlov;CC BY 4.0;https://creativecommons.org/licenses/by/4.0;0
images/real/real_6d968a30b9.jpg;Vidnoye_bus_220_750_2024-11_1732363686_Sovetskaya_street_Mercedes-Benz_Sprinter_6b24e19d.jpg;File:Vidnoye bus Х220ВМ750 2024-11 1732363686 Sovetskaya street Mercedes-Benz Sprinter.jpg;https://commons.wikimedia.org/wiki/File%3AVidnoye_bus_%D0%A5220%D0%92%D0%9C750_2024-11_1732363686_Sovetskaya_street_Mercedes-Benz_Sprinter.jpg;Artyom Svetlov;CC BY 4.0;https://creativecommons.org/licenses/by/4.0;0
images/real/real_179b947d85.jpg;Vidnoye_bus_306_790_2024-11_1731850368_Tinkova_street_NefAZ-5299-31-52_ca625bb1.jpg;File:Vidnoye bus М306ОВ790 2024-11 1731850368 Tinkova street NefAZ-5299-31-52.jpg;https://commons.wikimedia.org/wiki/File%3AVidnoye_bus_%D0%9C306%D0%9E%D0%92790_2024-11_1731850368_Tinkova_street_NefAZ-5299-31-52.jpg;Artyom Svetlov;CC BY 4.0;https://creativecommons.org/licenses/by/4.0;0
images/real/real_0f272e327f.jpg;Vidnoye_bus_358_790_2024-11_1732363027_Leninsky_Komsomol_avenue_Lotos-105_6c8dc657.jpg;File:Vidnoye bus С358МУ790 2024-11 1732363027 Leninsky Komsomol avenue Lotos-105.jpg;https://commons.wikimedia.org/wiki/File%3AVidnoye_bus_%D0%A1358%D0%9C%D0%A3790_2024-11_1732363027_Leninsky_Komsomol_avenue_Lotos-105.jpg;Artyom Svetlov;CC BY 4.0;https://creativecommons.org/licenses/by/4.0;3
images/real/real_e2c5ee6f1b.jpg;Vidnoye_bus_421_799_2024-11_1731860516_Sovetskaya_street_VSN700_Nizhegorodets_ab8453d5.jpg;File:Vidnoye bus У421ОУ799 2024-11 1731860516 Sovetskaya street VSN700 Nizhegorodets.jpg;https://commons.wikimedia.org/wiki/File%3AVidnoye_bus_%D0%A3421%D0%9E%D0%A3799_2024-11_1731860516_Sovetskaya_street_VSN700_Nizhegorodets.jpg;Artyom Svetlov;CC BY 4.0;https://creativecommons.org/licenses/by/4.0;0
images/real/real_08a6c6a3a8.jpg;Vidnoye_bus_465_750_2024-11_1731853907_Shkolnaya_street_Volgabus_CityRhythm-10_s_814b1a21.jpg;File:Vidnoye bus Х465СХ750 2024-11 1731853907 Shkolnaya street Volgabus CityRhythm-10 suburban.jpg;https://commons.wikimedia.org/wiki/File%3AVidnoye_bus_%D0%A5465%D0%A1%D0%A5750_2024-11_1731853907_Shkolnaya_street_Volgabus_CityRhythm-10_suburban.jpg;Artyom Svetlov;CC BY 4.0;https://creativecommons.org/licenses/by/4.0;3
images/real/real_2c229a59eb.jpg;Vidnoye_bus_619_750_2024-11_1732373119_Sovetskiy_drive_Neman-4202_8da0739a.jpg;File:Vidnoye bus У619МУ750 2024-11 1732373119 Sovetskiy drive Neman-4202.jpg;https://commons.wikimedia.org/wiki/File%3AVidnoye_bus_%D0%A3619%D0%9C%D0%A3750_2024-11_1732373119_Sovetskiy_drive_Neman-4202.jpg;Artyom Svetlov;CC BY 4.0;https://creativecommons.org/licenses/by/4.0;0
images/real/real_603626f0ac.jpg;Vidnoye_bus_652_50_2024-11_1731841002_Vokzalnaya_street_LiAZ-5292_a794ccd8.jpg;File:Vidnoye bus КА652 50 2024-11 1731841002 Vokzalnaya street LiAZ-5292.jpg;https://commons.wikimedia.org/wiki/File%3AVidnoye_bus_%D0%9A%D0%90652_50_2024-11_1731841002_Vokzalnaya_street_LiAZ-5292.jpg;Artyom Svetlov;CC BY 4.0;https://creativecommons.org/licenses/by/4.0;0
images/real/real_d91e09bd7c.jpg;Vidnoye_bus_803_790_2024-11_1732364027_Sovetskaya_street_LiAZ-4292_0850f410.jpg;File:Vidnoye bus М803МЕ790 2024-11 1732364027 Sovetskaya street LiAZ-4292.jpg;https://commons.wikimedia.org/wiki/File%3AVidnoye_bus_%D0%9C803%D0%9C%D0%95790_2024-11_1732364027_Sovetskaya_street_LiAZ-4292.jpg;Artyom Svetlov;CC BY 4.0;https://creativecommons.org/licenses/by/4.0;0
images/real/real_b3db049034.jpg;Vidnoye_bus_811_790_2024-11_1732365331_Sovetskaya_street_LiAZ-4292_3fbfdf65.jpg;File:Vidnoye bus Х811ТВ790 2024-11 1732365331 Sovetskaya street LiAZ-4292.jpg;https://commons.wikimedia.org/wiki/File%3AVidnoye_bus_%D0%A5811%D0%A2%D0%92790_2024-11_1732365331_Sovetskaya_street_LiAZ-4292.jpg;Artyom Svetlov;CC BY 4.0;https://creativecommons.org/licenses/by/4.0;0
images/real/real_05c4d79701.jpg;Vidnoye_bus_840_790_2024-11_1732362981_Prospekt_Leninskogo_Komsomola_-_Sovetskay_d24ab47f.jpg;File:Vidnoye bus У840УА790 2024-11 1732362981 Prospekt Leninskogo Komsomola - Sovetskaya street LiAZ-5292.jpg;https://commons.wikimedia.org/wiki/File%3AVidnoye_bus_%D0%A3840%D0%A3%D0%90790_2024-11_1732362981_Prospekt_Leninskogo_Komsomola_-_Sovetskaya_street_LiAZ-5292.jpg;Artyom Svetlov;CC BY 4.0;https://creativecommons.org/licenses/by/4.0;1
images/real/real_55aa72bebf.jpg;Vidnoye_bus_944_790_2024-11_1732365164_Sovetskaya_street_LiAZ-5292_f838317f.jpg;File:Vidnoye bus Х944МН790 2024-11 1732365164 Sovetskaya street LiAZ-5292.jpg;https://commons.wikimedia.org/wiki/File%3AVidnoye_bus_%D0%A5944%D0%9C%D0%9D790_2024-11_1732365164_Sovetskaya_street_LiAZ-5292.jpg;Artyom Svetlov;CC BY 4.0;https://creativecommons.org/licenses/by/4.0;0
images/real/real_fc9085ca1e.jpg;Vidnoye_trolleybus_27_2024-11_1732364132_Sovetskaya_street_Trolza-5275.0x_1fbf9d25.jpg;File:Vidnoye trolleybus 27 2024-11 1732364132 Sovetskaya street Trolza-5275.0x.jpg;https://commons.wikimedia.org/wiki/File%3AVidnoye_trolleybus_27_2024-11_1732364132_Sovetskaya_street_Trolza-5275.0x.jpg;Artyom Svetlov;CC BY 4.0;https://creativecommons.org/licenses/by/4.0;0
images/real/real_19b2a3c58a.jpg;Vidnoye_trolleybus_28_2024-11_1732359871_Leninsky_Komsomol_avenue_MAZ-206_ba5eb5eb.jpg;File:Vidnoye trolleybus 28 2024-11 1732359871 Leninsky Komsomol avenue MAZ-206.jpg;https://commons.wikimedia.org/wiki/File%3AVidnoye_trolleybus_28_2024-11_1732359871_Leninsky_Komsomol_avenue_MAZ-206.jpg;Artyom Svetlov;CC BY 4.0;https://creativecommons.org/licenses/by/4.0;1
images/real/real_55fbe47640.jpg;Volosovo-20240827_PAZ-320412-04_Vector_Route-36_24626681.jpg;File:Volosovo-20240827 PAZ-320412-04 Vector Route-36.jpg;https://commons.wikimedia.org/wiki/File%3AVolosovo-20240827_PAZ-320412-04_Vector_Route-36.jpg;RussianCreativeNeptune;CC0;http://creativecommons.org/publicdomain/zero/1.0/deed.en;0
images/real/real_d88486ebbd.jpg;Volosovo-20240827_PAZ-320412-05_Route-37_a93bec1a.jpg;File:Volosovo-20240827 PAZ-320412-05 Route-37.jpg;https://commons.wikimedia.org/wiki/File%3AVolosovo-20240827_PAZ-320412-05_Route-37.jpg;RussianCreativeNeptune;CC0;http://creativecommons.org/publicdomain/zero/1.0/deed.en;6
images/real/real_c076afd1be.jpg;Volosovo-20240827_PAZ-320412-05_Route-38_301a37cf.jpg;File:Volosovo-20240827 PAZ-320412-05 Route-38.jpg;https://commons.wikimedia.org/wiki/File%3AVolosovo-20240827_PAZ-320412-05_Route-38.jpg;RussianCreativeNeptune;CC0;http://creativecommons.org/publicdomain/zero/1.0/deed.en;1
images/real/real_deeb14520d.jpg;Volosovo-20240827_Scania_CL94UB4x2LB_OmniLink_Route-33a_cf2d1949.jpg;File:Volosovo-20240827 Scania CL94UB4x2LB OmniLink Route-33a.jpg;https://commons.wikimedia.org/wiki/File%3AVolosovo-20240827_Scania_CL94UB4x2LB_OmniLink_Route-33a.jpg;RussianCreativeNeptune;CC0;http://creativecommons.org/publicdomain/zero/1.0/deed.en;1
images/real/real_7cadb9d830.jpg;Yekaterinburg_trolleybus_160_2024-07_1720001100_Malysheva_Street_ZiU-9_969e8457.tif;File:Yekaterinburg trolleybus 160 2024-07 1720001100 Malysheva Street ZiU-9.tif;https://commons.wikimedia.org/wiki/File%3AYekaterinburg_trolleybus_160_2024-07_1720001100_Malysheva_Street_ZiU-9.tif;Artyom Svetlov;CC BY 4.0;https://creativecommons.org/licenses/by/4.0;0
images/real/real_d831cdbf2c.jpg;Yekaterinburg_trolleybus_160_2024-07_1720031067_Malysheva_Street_ZiU-9_fdae0ff1.jpg;File:Yekaterinburg trolleybus 160 2024-07 1720031067 Malysheva Street ZiU-9.jpg;https://commons.wikimedia.org/wiki/File%3AYekaterinburg_trolleybus_160_2024-07_1720031067_Malysheva_Street_ZiU-9.jpg;Artyom Svetlov;CC BY 4.0;https://creativecommons.org/licenses/by/4.0;7
images/real/real_570b2c6a80.jpg;Yekaterinburg_trolleybus_160_2024-07_1720031080_Malysheva_Street_ZiU-9_ae59e243.jpg;File:Yekaterinburg trolleybus 160 2024-07 1720031080 Malysheva Street ZiU-9.jpg;https://commons.wikimedia.org/wiki/File%3AYekaterinburg_trolleybus_160_2024-07_1720031080_Malysheva_Street_ZiU-9.jpg;Artyom Svetlov;CC BY 4.0;https://creativecommons.org/licenses/by/4.0;5
images/real/real_d8c38b892c.jpg;Yekaterinburg_trolleybus_191_2024-07_1720034642_Malysheva_Street_ZiU-9_6511a879.jpg;File:Yekaterinburg trolleybus 191 2024-07 1720034642 Malysheva Street ZiU-9.jpg;https://commons.wikimedia.org/wiki/File%3AYekaterinburg_trolleybus_191_2024-07_1720034642_Malysheva_Street_ZiU-9.jpg;Artyom Svetlov;CC BY 4.0;https://creativecommons.org/licenses/by/4.0;2
images/real/real_18a8b24041.jpg;Yekaterinburg_trolleybus_389_2024-06_1719769678_Kosmonautov_prospect_ZiU-9_11ec4448.tif;File:Yekaterinburg trolleybus 389 2024-06 1719769678 Kosmonautov prospect ZiU-9.tif;https://commons.wikimedia.org/wiki/File%3AYekaterinburg_trolleybus_389_2024-06_1719769678_Kosmonautov_prospect_ZiU-9.tif;Artyom Svetlov;CC BY 4.0;https://creativecommons.org/licenses/by/4.0;1
images/real/real_1a3551122f.jpg;Yekaterinburg_trolleybus_421_2024-07_1720001083_Malysheva_Street_BKM-321_b581906d.tif;File:Yekaterinburg trolleybus 421 2024-07 1720001083 Malysheva Street BKM-321.tif;https://commons.wikimedia.org/wiki/File%3AYekaterinburg_trolleybus_421_2024-07_1720001083_Malysheva_Street_BKM-321.tif;Artyom Svetlov;CC BY 4.0;https://creativecommons.org/licenses/by/4.0;0
images/real/real_a440e43479.jpg;Zelenograd_bus_703_797_2024-10_1728142496_Shtyki_Memorial_LiAZ-677M_af18f41a.jpg;File:Zelenograd bus Х703КО797 2024-10 1728142496 Shtyki Memorial LiAZ-677M.jpg;https://commons.wikimedia.org/wiki/File%3AZelenograd_bus_%D0%A5703%D0%9A%D0%9E797_2024-10_1728142496_Shtyki_Memorial_LiAZ-677M.jpg;Artyom Svetlov;CC BY 4.0;https://creativecommons.org/licenses/by/4.0;1
images/real/real_fb953ecf24.jpg;Zelenograd_bus_703_797_2024-10_1728142500_Shtyki_Memorial_LiAZ-677M_05e18173.jpg;File:Zelenograd bus Х703КО797 2024-10 1728142500 Shtyki Memorial LiAZ-677M.jpg;https://commons.wikimedia.org/wiki/File%3AZelenograd_bus_%D0%A5703%D0%9A%D0%9E797_2024-10_1728142500_Shtyki_Memorial_LiAZ-677M.jpg;Artyom Svetlov;CC BY 4.0;https://creativecommons.org/licenses/by/4.0;2
images/real/real_aea869f07c.jpg;Zelenograd_bus_703_797_2024-10_1728142508_Shtyki_Memorial_LiAZ-677M_c294869f.jpg;File:Zelenograd bus Х703КО797 2024-10 1728142508 Shtyki Memorial LiAZ-677M.jpg;https://commons.wikimedia.org/wiki/File%3AZelenograd_bus_%D0%A5703%D0%9A%D0%9E797_2024-10_1728142508_Shtyki_Memorial_LiAZ-677M.jpg;Artyom Svetlov;CC BY 4.0;https://creativecommons.org/licenses/by/4.0;0
images/real/real_8d73a23dbe.jpg;Zelenograd_bus_703_797_2024-10_1728143355_Shtyki_Memorial_LiAZ-677M_8647d83c.jpg;File:Zelenograd bus Х703КО797 2024-10 1728143355 Shtyki Memorial LiAZ-677M.jpg;https://commons.wikimedia.org/wiki/File%3AZelenograd_bus_%D0%A5703%D0%9A%D0%9E797_2024-10_1728143355_Shtyki_Memorial_LiAZ-677M.jpg;Artyom Svetlov;CC BY 4.0;https://creativecommons.org/licenses/by/4.0;0
images/real/real_d801cfde64.jpg;Zelenograd_bus_703_797_2024-10_1728147136_Filaretovskaya_street_LiAZ-677M_cc6cba68.jpg;File:Zelenograd bus Х703КО797 2024-10 1728147136 Filaretovskaya street LiAZ-677M.jpg;https://commons.wikimedia.org/wiki/File%3AZelenograd_bus_%D0%A5703%D0%9A%D0%9E797_2024-10_1728147136_Filaretovskaya_street_LiAZ-677M.jpg;Artyom Svetlov;CC BY 4.0;https://creativecommons.org/licenses/by/4.0;0
images/real/real_3556eaaaeb.jpg;Zelenograd_bus_703_797_2024-10_1728148320_Filaretovskaya_street_LiAZ-677M_eaf24212.jpg;File:Zelenograd bus Х703КО797 2024-10 1728148320 Filaretovskaya street LiAZ-677M.jpg;https://commons.wikimedia.org/wiki/File%3AZelenograd_bus_%D0%A5703%D0%9A%D0%9E797_2024-10_1728148320_Filaretovskaya_street_LiAZ-677M.jpg;Artyom Svetlov;CC BY 4.0;https://creativecommons.org/licenses/by/4.0;0
images/real/real_e10f6c85b6.jpg;Zelenograd_bus_703_797_2024-10_1728149521_Zelyony_Grad_building_LiAZ-677M_04f206ba.jpg;File:Zelenograd bus Х703КО797 2024-10 1728149521 Zelyony Grad building LiAZ-677M.jpg;https://commons.wikimedia.org/wiki/File%3AZelenograd_bus_%D0%A5703%D0%9A%D0%9E797_2024-10_1728149521_Zelyony_Grad_building_LiAZ-677M.jpg;Artyom Svetlov;CC BY 4.0;https://creativecommons.org/licenses/by/4.0;2
images/real/real_f01507054d.jpg;Zelenograd_bus_703_797_2024-10_1728149547_Zelyony_Grad_building_LiAZ-677M_e455d090.jpg;File:Zelenograd bus Х703КО797 2024-10 1728149547 Zelyony Grad building LiAZ-677M.jpg;https://commons.wikimedia.org/wiki/File%3AZelenograd_bus_%D0%A5703%D0%9A%D0%9E797_2024-10_1728149547_Zelyony_Grad_building_LiAZ-677M.jpg;Artyom Svetlov;CC BY 4.0;https://creativecommons.org/licenses/by/4.0;0
images/real/real_79de1bbba7.jpg;_-2101_IMG_150822_734bff50.jpg;File:ВАЗ-2101 IMG 150822.jpg;https://commons.wikimedia.org/wiki/File%3A%D0%92%D0%90%D0%97-2101_IMG_150822.jpg;Figure19;CC0;http://creativecommons.org/publicdomain/zero/1.0/deed.en;4
images/real/real_3411d9d51c.jpg;_-21_IMG_145730_ff41c50e.jpg;File:ГАЗ-21 IMG 145730.jpg;https://commons.wikimedia.org/wiki/File%3A%D0%93%D0%90%D0%97-21_IMG_145730.jpg;Figure19;CC0;http://creativecommons.org/publicdomain/zero/1.0/deed.en;10
images/real/real_7569b04dc3.jpg;_-21_IMG_150038_47954364.jpg;File:ГАЗ-21 IMG 150038.jpg;https://commons.wikimedia.org/wiki/File%3A%D0%93%D0%90%D0%97-21_IMG_150038.jpg;Figure19;CC0;http://creativecommons.org/publicdomain/zero/1.0/deed.en;2
images/real/real_a6fcb680b3.jpg;_-21_IMG_150223_01168085.jpg;File:ГАЗ-21 IMG 150223.jpg;https://commons.wikimedia.org/wiki/File%3A%D0%93%D0%90%D0%97-21_IMG_150223.jpg;Figure19;CC0;http://creativecommons.org/publicdomain/zero/1.0/deed.en;8
images/real/real_a88e59f049.jpg;_-21_IMG_150316_f8ebe97a.jpg;File:ГАЗ-21 IMG 150316.jpg;https://commons.wikimedia.org/wiki/File%3A%D0%93%D0%90%D0%97-21_IMG_150316.jpg;Figure19;CC0;http://creativecommons.org/publicdomain/zero/1.0/deed.en;2
images/real/real_8c7afc8489.jpg;_-24_IMG_150251_268f806d.jpg;File:ГАЗ-24 IMG 150251.jpg;https://commons.wikimedia.org/wiki/File%3A%D0%93%D0%90%D0%97-24_IMG_150251.jpg;Figure19;CC0;http://creativecommons.org/publicdomain/zero/1.0/deed.en;15
images/real/real_fc280dfac8.jpg;_-4xx_IMG_151738_05ed6447.jpg;File:Москвич-4xx IMG 151738.jpg;https://commons.wikimedia.org/wiki/File%3A%D0%9C%D0%BE%D1%81%D0%BA%D0%B2%D0%B8%D1%87-4xx_IMG_151738.jpg;Figure19;CC0;http://creativecommons.org/publicdomain/zero/1.0/deed.en;1
images/real/real_18e7d20fdb.jpg;_-4xx_IMG_151904_7552af10.jpg;File:Москвич-4xx IMG 151904.jpg;https://commons.wikimedia.org/wiki/File%3A%D0%9C%D0%BE%D1%81%D0%BA%D0%B2%D0%B8%D1%87-4xx_IMG_151904.jpg;Figure19;CC0;http://creativecommons.org/publicdomain/zero/1.0/deed.en;1
images/real/real_107072016c.jpg;_-4xx_IMG_152010_611f5fab.jpg;File:Москвич-4xx IMG 152010.jpg;https://commons.wikimedia.org/wiki/File%3A%D0%9C%D0%BE%D1%81%D0%BA%D0%B2%D0%B8%D1%87-4xx_IMG_152010.jpg;Figure19;CC0;http://creativecommons.org/publicdomain/zero/1.0/deed.en;2
images/real/real_545b45830b.jpg;_-4xx_IMG_152107_02d6f98c.jpg;File:Москвич-4xx IMG 152107.jpg;https://commons.wikimedia.org/wiki/File%3A%D0%9C%D0%BE%D1%81%D0%BA%D0%B2%D0%B8%D1%87-4xx_IMG_152107.jpg;Figure19;CC0;http://creativecommons.org/publicdomain/zero/1.0/deed.en;2
images/real/real_33506e9df8.jpg;_-4xx_IMG_152228_9e9bbddf.jpg;File:Москвич-4xx IMG 152228.jpg;https://commons.wikimedia.org/wiki/File%3A%D0%9C%D0%BE%D1%81%D0%BA%D0%B2%D0%B8%D1%87-4xx_IMG_152228.jpg;Figure19;CC0;http://creativecommons.org/publicdomain/zero/1.0/deed.en;3
images/real/real_9c45be35f2.jpg;_-5292.65-03_2024_367__bfaffc6f.jpg;File:ЛиАЗ-5292.65-03 образца 2024 года МТА у метро Домодедовская маршрут МО 367П.jpg;https://commons.wikimedia.org/wiki/File%3A%D0%9B%D0%B8%D0%90%D0%97-5292.65-03_%D0%BE%D0%B1%D1%80%D0%B0%D0%B7%D1%86%D0%B0_2024_%D0%B3%D0%BE%D0%B4%D0%B0_%D0%9C%D0%A2%D0%90_%D1%83_%D0%BC%D0%B5%D1%82%D1%80%D0%BE_%D0%94%D0%BE%D0%BC%D0%BE%D0%B4%D0%B5%D0%B4%D0%BE%D0%B2%D1%81%D0%BA%D0%B0%D1%8F_%D0%BC%D0%B0%D1%80%D1%88%D1%80%D1%83%D1%82_%D0%9C%D0%9E_367%D0%9F.jpg;ATI1999;CC BY-SA 4.0;https://creativecommons.org/licenses/by-sa/4.0;1
images/real/real_7d385c68a3.jpg;_-6274_2023__01d0df6d.jpg;File:ЛиАЗ-6274 образца 2023 года МГТ спереди справа.jpg;https://commons.wikimedia.org/wiki/File%3A%D0%9B%D0%B8%D0%90%D0%97-6274_%D0%BE%D0%B1%D1%80%D0%B0%D0%B7%D1%86%D0%B0_2023_%D0%B3%D0%BE%D0%B4%D0%B0_%D0%9C%D0%93%D0%A2_%D1%81%D0%BF%D0%B5%D1%80%D0%B5%D0%B4%D0%B8_%D1%81%D0%BF%D1%80%D0%B0%D0%B2%D0%B0.jpg;ATI1999;CC BY-SA 4.0;https://creativecommons.org/licenses/by-sa/4.0;2
images/real/real_03f9fea74b.jpg;_-6274_2023__304279a6.jpg;File:ЛиАЗ-6274 образца 2023 года МГТ спереди.jpg;https://commons.wikimedia.org/wiki/File%3A%D0%9B%D0%B8%D0%90%D0%97-6274_%D0%BE%D0%B1%D1%80%D0%B0%D0%B7%D1%86%D0%B0_2023_%D0%B3%D0%BE%D0%B4%D0%B0_%D0%9C%D0%93%D0%A2_%D1%81%D0%BF%D0%B5%D1%80%D0%B5%D0%B4%D0%B8.jpg;ATI1999;CC BY-SA 4.0;https://creativecommons.org/licenses/by-sa/4.0;1
images/real/real_4fc503c7b9.jpg;_-6274_2023__8939caf2.jpg;File:ЛиАЗ-6274 образца 2023 года МГТ сзади.jpg;https://commons.wikimedia.org/wiki/File%3A%D0%9B%D0%B8%D0%90%D0%97-6274_%D0%BE%D0%B1%D1%80%D0%B0%D0%B7%D1%86%D0%B0_2023_%D0%B3%D0%BE%D0%B4%D0%B0_%D0%9C%D0%93%D0%A2_%D1%81%D0%B7%D0%B0%D0%B4%D0%B8.jpg;ATI1999;CC BY-SA 4.0;https://creativecommons.org/licenses/by-sa/4.0;1
images/real/real_22754b0064.jpg;_-6274_2023__94095f89.jpg;File:ЛиАЗ-6274 образца 2023 года МГТ спереди слева.jpg;https://commons.wikimedia.org/wiki/File%3A%D0%9B%D0%B8%D0%90%D0%97-6274_%D0%BE%D0%B1%D1%80%D0%B0%D0%B7%D1%86%D0%B0_2023_%D0%B3%D0%BE%D0%B4%D0%B0_%D0%9C%D0%93%D0%A2_%D1%81%D0%BF%D0%B5%D1%80%D0%B5%D0%B4%D0%B8_%D1%81%D0%BB%D0%B5%D0%B2%D0%B0.jpg;ATI1999;CC BY-SA 4.0;https://creativecommons.org/licenses/by-sa/4.0;0
images/real/real_cc0b40d976.jpg;_-6274_2023__f2cae340.jpg;File:ЛиАЗ-6274 образца 2023 года МГТ сзади справа.jpg;https://commons.wikimedia.org/wiki/File%3A%D0%9B%D0%B8%D0%90%D0%97-6274_%D0%BE%D0%B1%D1%80%D0%B0%D0%B7%D1%86%D0%B0_2023_%D0%B3%D0%BE%D0%B4%D0%B0_%D0%9C%D0%93%D0%A2_%D1%81%D0%B7%D0%B0%D0%B4%D0%B8_%D1%81%D0%BF%D1%80%D0%B0%D0%B2%D0%B0.jpg;ATI1999;CC BY-SA 4.0;https://creativecommons.org/licenses/by-sa/4.0;0
images/real/real_9b09da52e6.jpg;_-6282-490164_11__92418786.jpg;File:КамАЗ-6282-490164 на маршруте с11 в Москве.jpg;https://commons.wikimedia.org/wiki/File%3A%D0%9A%D0%B0%D0%BC%D0%90%D0%97-6282-490164_%D0%BD%D0%B0_%D0%BC%D0%B0%D1%80%D1%88%D1%80%D1%83%D1%82%D0%B5_%D1%8111_%D0%B2_%D0%9C%D0%BE%D1%81%D0%BA%D0%B2%D0%B5.jpg;Artur Random;CC BY-SA 4.0;https://creativecommons.org/licenses/by-sa/4.0;0
images/real/real_8ad72c8b48.jpg;_-6282_205__61093cb6.jpg;File:КамАЗ-6282 рестайлинг МГТ на площади Киевского вокзала маршрут 205 сзади.jpg;https://commons.wikimedia.org/wiki/File%3A%D0%9A%D0%B0%D0%BC%D0%90%D0%97-6282_%D1%80%D0%B5%D1%81%D1%82%D0%B0%D0%B9%D0%BB%D0%B8%D0%BD%D0%B3_%D0%9C%D0%93%D0%A2_%D0%BD%D0%B0_%D0%BF%D0%BB%D0%BE%D1%89%D0%B0%D0%B4%D0%B8_%D0%9A%D0%B8%D0%B5%D0%B2%D1%81%D0%BA%D0%BE%D0%B3%D0%BE_%D0%B2%D0%BE%D0%BA%D0%B7%D0%B0%D0%BB%D0%B0_%D0%BC%D0%B0%D1%80%D1%88%D1%80%D1%83%D1%82_205_%D1%81%D0%B7%D0%B0%D0%B4%D0%B8.jpg;ATI1999;CC BY-SA 4.0;https://creativecommons.org/licenses/by-sa/4.0;4
images/real/real_4fb13445d3.jpg;_-6282_205_dc4400be.jpg;File:КамАЗ-6282 рестайлинг МГТ на площади Киевского вокзала на зарядке маршрут 205.jpg;https://commons.wikimedia.org/wiki/File%3A%D0%9A%D0%B0%D0%BC%D0%90%D0%97-6282_%D1%80%D0%B5%D1%81%D1%82%D0%B0%D0%B9%D0%BB%D0%B8%D0%BD%D0%B3_%D0%9C%D0%93%D0%A2_%D0%BD%D0%B0_%D0%BF%D0%BB%D0%BE%D1%89%D0%B0%D0%B4%D0%B8_%D0%9A%D0%B8%D0%B5%D0%B2%D1%81%D0%BA%D0%BE%D0%B3%D0%BE_%D0%B2%D0%BE%D0%BA%D0%B7%D0%B0%D0%BB%D0%B0_%D0%BD%D0%B0_%D0%B7%D0%B0%D1%80%D1%8F%D0%B4%D0%BA%D0%B5_%D0%BC%D0%B0%D1%80%D1%88%D1%80%D1%83%D1%82_205.jpg;ATI1999;CC BY-SA 4.0;https://creativecommons.org/licenses/by-sa/4.0;1
images/real/real_958e7dd67e.jpg;_-__15dc58b3.jpg;File:Санкт-Петербург, автобус на Потёмкинской.jpg;https://commons.wikimedia.org/wiki/File%3A%D0%A1%D0%B0%D0%BD%D0%BA%D1%82-%D0%9F%D0%B5%D1%82%D0%B5%D1%80%D0%B1%D1%83%D1%80%D0%B3%2C_%D0%B0%D0%B2%D1%82%D0%BE%D0%B1%D1%83%D1%81_%D0%BD%D0%B0_%D0%9F%D0%BE%D1%82%D1%91%D0%BC%D0%BA%D0%B8%D0%BD%D1%81%D0%BA%D0%BE%D0%B9.jpg;Nikolai Bulykin;CC BY-SA 4.0;https://creativecommons.org/licenses/by-sa/4.0;0
images/real/real_04e3d9c35a.jpg;_-__bd46bf67.jpg;File:Санкт-Петербург, автобус на площади Ленина.jpg;https://commons.wikimedia.org/wiki/File%3A%D0%A1%D0%B0%D0%BD%D0%BA%D1%82-%D0%9F%D0%B5%D1%82%D0%B5%D1%80%D0%B1%D1%83%D1%80%D0%B3%2C_%D0%B0%D0%B2%D1%82%D0%BE%D0%B1%D1%83%D1%81_%D0%BD%D0%B0_%D0%BF%D0%BB%D0%BE%D1%89%D0%B0%D0%B4%D0%B8_%D0%9B%D0%B5%D0%BD%D0%B8%D0%BD%D0%B0.jpg;Nikolai Bulykin;CC BY-SA 4.0;https://creativecommons.org/licenses/by-sa/4.0;0
images/real/real_37d86504c2.jpg;_-__fe9b1d13.jpg;File:Санкт-Петербург, автобус на Чайковского.jpg;https://commons.wikimedia.org/wiki/File%3A%D0%A1%D0%B0%D0%BD%D0%BA%D1%82-%D0%9F%D0%B5%D1%82%D0%B5%D1%80%D0%B1%D1%83%D1%80%D0%B3%2C_%D0%B0%D0%B2%D1%82%D0%BE%D0%B1%D1%83%D1%81_%D0%BD%D0%B0_%D0%A7%D0%B0%D0%B9%D0%BA%D0%BE%D0%B2%D1%81%D0%BA%D0%BE%D0%B3%D0%BE.jpg;Nikolai Bulykin;CC BY-SA 4.0;https://creativecommons.org/licenses/by-sa/4.0;2
images/real/real_89293370a6.jpg;_2__b337d258.jpg;File:Кронштадт, 2Кр у форта Шанец зимой.jpg;https://commons.wikimedia.org/wiki/File%3A%D0%9A%D1%80%D0%BE%D0%BD%D1%88%D1%82%D0%B0%D0%B4%D1%82%2C_2%D0%9A%D1%80_%D1%83_%D1%84%D0%BE%D1%80%D1%82%D0%B0_%D0%A8%D0%B0%D0%BD%D0%B5%D1%86_%D0%B7%D0%B8%D0%BC%D0%BE%D0%B9.jpg;Nikolai Bulykin;CC BY-SA 4.0;https://creativecommons.org/licenses/by-sa/4.0;0
images/real/real_246b55d237.jpg;_Next_electro_7720__86febde6.jpg;File:ГАЗель Next electro 7720 ВДНХ на Кольцевой дороге бесплатный кольцевой маршрут К.jpg;https://commons.wikimedia.org/wiki/File%3A%D0%93%D0%90%D0%97%D0%B5%D0%BB%D1%8C_Next_electro_7720_%D0%92%D0%94%D0%9D%D0%A5_%D0%BD%D0%B0_%D0%9A%D0%BE%D0%BB%D1%8C%D1%86%D0%B5%D0%B2%D0%BE%D0%B9_%D0%B4%D0%BE%D1%80%D0%BE%D0%B3%D0%B5_%D0%B1%D0%B5%D1%81%D0%BF%D0%BB%D0%B0%D1%82%D0%BD%D1%8B%D0%B9_%D0%BA%D0%BE%D0%BB%D1%8C%D1%86%D0%B5%D0%B2%D0%BE%D0%B9_%D0%BC%D0%B0%D1%80%D1%88%D1%80%D1%83%D1%82_%D0%9A.jpg;ATI1999;CC BY-SA 4.0;https://creativecommons.org/licenses/by-sa/4.0;0
images/real/real_ae5d71bbc3.jpg;_olumn_of_tourist_buses_on_Bolotnaya_Embankment_Moscow_3680497c.jpg;File:Сolumn of tourist buses on Bolotnaya Embankment, Moscow.jpg;https://commons.wikimedia.org/wiki/File%3A%D0%A1olumn_of_tourist_buses_on_Bolotnaya_Embankment%2C_Moscow.jpg;Юрий Д.К.;CC BY 4.0;https://creativecommons.org/licenses/by/4.0;0
images/real/real_d1368303e1.jpg;030528-SaintPetersburg-IMG_0643-2_56e79869.jpg;File:030528-SaintPetersburg-IMG 0643-2.jpg;https://commons.wikimedia.org/wiki/File%3A030528-SaintPetersburg-IMG_0643-2.jpg;Safa.daneshvar;CC BY 4.0;https://creativecommons.org/licenses/by/4.0;1
images/real/real_3d48eebe20.jpg;2009_Volkswagen_New_Beetle_-_01_d639773a.jpg;File:2009 Volkswagen New Beetle в Санкт-Петербурге 01.jpg;https://commons.wikimedia.org/wiki/File%3A2009_Volkswagen_New_Beetle_%D0%B2_%D0%A1%D0%B0%D0%BD%D0%BA%D1%82-%D0%9F%D0%B5%D1%82%D0%B5%D1%80%D0%B1%D1%83%D1%80%D0%B3%D0%B5_01.jpg;Екатерина Борисова;CC BY-SA 4.0;https://creativecommons.org/licenses/by-sa/4.0;0
images/real/real_30332d6571.jpg;2009_Volkswagen_New_Beetle_-_02_41621726.jpg;File:2009 Volkswagen New Beetle в Санкт-Петербурге 02.jpg;https://commons.wikimedia.org/wiki/File%3A2009_Volkswagen_New_Beetle_%D0%B2_%D0%A1%D0%B0%D0%BD%D0%BA%D1%82-%D0%9F%D0%B5%D1%82%D0%B5%D1%80%D0%B1%D1%83%D1%80%D0%B3%D0%B5_02.jpg;Екатерина Борисова;CC BY-SA 4.0;https://creativecommons.org/licenses/by-sa/4.0;0
images/real/real_531fbd516c.jpg;20160729_084216_July_2016_in_Russia_2aa2457e.jpg;File:20160729 084216 July 2016 in Russia.jpg;https://commons.wikimedia.org/wiki/File%3A20160729_084216_July_2016_in_Russia.jpg;Rakoon;CC0;http://creativecommons.org/publicdomain/zero/1.0/deed.en;2
images/real/real_f46b89b81c.jpg;20160729_084225_July_2016_in_Russia_012c33cc.jpg;File:20160729 084225 July 2016 in Russia.jpg;https://commons.wikimedia.org/wiki/File%3A20160729_084225_July_2016_in_Russia.jpg;Rakoon;CC0;http://creativecommons.org/publicdomain/zero/1.0/deed.en;0
images/real/real_0cf56121ee.jpg;20160729_084236_July_2016_in_Russia_b5e64b47.jpg;File:20160729 084236 July 2016 in Russia.jpg;https://commons.wikimedia.org/wiki/File%3A20160729_084236_July_2016_in_Russia.jpg;Rakoon;CC0;http://creativecommons.org/publicdomain/zero/1.0/deed.en;2
images/real/real_a2686f08b1.jpg;20160729_084255_July_2016_in_Russia_8e100f4d.jpg;File:20160729 084255 July 2016 in Russia.jpg;https://commons.wikimedia.org/wiki/File%3A20160729_084255_July_2016_in_Russia.jpg;Rakoon;CC0;http://creativecommons.org/publicdomain/zero/1.0/deed.en;0
images/real/real_0ad067135b.jpg;20160729_095805_July_2016_in_Vladimir_Oblast_34def040.jpg;File:20160729 095805 July 2016 in Vladimir Oblast.jpg;https://commons.wikimedia.org/wiki/File%3A20160729_095805_July_2016_in_Vladimir_Oblast.jpg;Rakoon;CC0;http://creativecommons.org/publicdomain/zero/1.0/deed.en;2
images/real/real_e65c7e6c4b.jpg;20160803_104503_August_2016_in_Moscow_afd3ee16.jpg;File:20160803 104503 August 2016 in Moscow.jpg;https://commons.wikimedia.org/wiki/File%3A20160803_104503_August_2016_in_Moscow.jpg;Rakoon;CC0;http://creativecommons.org/publicdomain/zero/1.0/deed.en;0
images/real/real_8abeaa9aa3.jpg;20160803_121807_August_2016_in_Moscow_0e39c2c6.jpg;File:20160803 121807 August 2016 in Moscow.jpg;https://commons.wikimedia.org/wiki/File%3A20160803_121807_August_2016_in_Moscow.jpg;Rakoon;CC0;http://creativecommons.org/publicdomain/zero/1.0/deed.en;3
images/real/real_9cb4726fba.jpg;20190525_152217_Russian_car_plate_Minsk_743f1af2.jpg;File:20190525 152217 Russian car plate, Minsk.jpg;https://commons.wikimedia.org/wiki/File%3A20190525_152217_Russian_car_plate%2C_Minsk.jpg;Rakoon;CC BY 3.0;https://creativecommons.org/licenses/by/3.0;0
images/real/real_45db9f4fd3.jpg;2021_GAZ_GAZelle_NN_A31R32_white_front_23ce99d8.jpg;File:2021 GAZ GAZelle NN A31R32 white front.jpg;https://commons.wikimedia.org/wiki/File%3A2021_GAZ_GAZelle_NN_A31R32_white_front.jpg;gleb;CC BY 4.0;https://creativecommons.org/licenses/by/4.0;0
images/real/real_df5703bcec.jpg;2024_UAZ_Profi_with_tent_light_grey_front_50a3b900.jpg;File:2024 UAZ Profi with tent light grey front.JPG;https://commons.wikimedia.org/wiki/File%3A2024_UAZ_Profi_with_tent_light_grey_front.JPG;Artyom Svetlov;CC BY 4.0;https://creativecommons.org/licenses/by/4.0;3
images/real/real_6e6a9f7048.jpg;20250727_Moskvich_402_at_Tverskaya_street_in_Moscow_cdeafe20.jpg;File:20250727 Moskvich 402 at Tverskaya street in Moscow.jpg;https://commons.wikimedia.org/wiki/File%3A20250727_Moskvich_402_at_Tverskaya_street_in_Moscow.jpg;Sergey A. Demidov / Sergey A. Demidov;CC BY 4.0;https://creativecommons.org/licenses/by/4.0;12
images/real/real_e6e5e7495e.jpg;4757_License_plate_Russia_July_2019_c6d5bc21.jpg;File:4757 License plate Russia July 2019.JPG;https://commons.wikimedia.org/wiki/File%3A4757_License_plate_Russia_July_2019.JPG;Rakoon;Public domain;;0
images/real/real_f1e1d62318.jpg;A2018-09-05_12-04-01_fa99444c.jpg;File:A2018-09-05 12-04-01.jpg;https://commons.wikimedia.org/wiki/File%3AA2018-09-05_12-04-01.jpg;GTRus;CC BY-SA 4.0;https://creativecommons.org/licenses/by-sa/4.0;0
images/real/real_985ca9eab0.jpg;AZLK-408E_Yar2016_30059045870__239a3eb0.jpg;File:AZLK-408E Yar2016 (30059045870).jpg;https://commons.wikimedia.org/wiki/File%3AAZLK-408E_Yar2016_%2830059045870%29.jpg;Егор Журавлёв from Smarde, Latvia;CC BY-SA 2.0;https://creativecommons.org/licenses/by-sa/2.0;0
images/real/real_0c2eda5a11.jpg;Alabino220415part1-02_42be6a90.jpg;File:Alabino220415part1-02.jpg;https://commons.wikimedia.org/wiki/File%3AAlabino220415part1-02.jpg;Vitaly V. Kuzmin;CC BY-SA 4.0;https://creativecommons.org/licenses/by-sa/4.0;157
images/real/real_a39bf44aad.jpg;Alterna-4216_oldtimergallery2023_3_71418e52.jpg;File:Alterna-4216 oldtimergallery2023 3.jpg;https://commons.wikimedia.org/wiki/File%3AAlterna-4216_oldtimergallery2023_3.jpg;Meccano.Cat;CC BY-SA 4.0;https://creativecommons.org/licenses/by-sa/4.0;0
images/real/real_0e7df4b47d.jpg;Alterna-4216_oldtimergallery2023_de20d6a1.jpg;File:Alterna-4216 oldtimergallery2023.jpg;https://commons.wikimedia.org/wiki/File%3AAlterna-4216_oldtimergallery2023.jpg;Meccano.Cat;CC BY-SA 4.0;https://creativecommons.org/licenses/by-sa/4.0;1
images/real/real_5b759dd2b3.jpg;Ambulance_in_Moscow_e70f356e.jpg;File:Ambulance in Moscow.jpg;https://commons.wikimedia.org/wiki/File%3AAmbulance_in_Moscow.jpg;Stolbovsky;CC BY-SA 4.0;https://creativecommons.org/licenses/by-sa/4.0;0
images/real/real_37236b379c.jpg;Auto_Datsun_Saint_Petersburg_Turbinnaya_Street_9_Saint_Petersburg_622_78_2025-03_711fe0fe.jpg;File:Auto Datsun Saint Petersburg Turbinnaya Street 9, Saint Petersburg Р622НУ78 2025-03 873.JPG;https://commons.wikimedia.org/wiki/File%3AAuto_Datsun_Saint_Petersburg_Turbinnaya_Street_9%2C_Saint_Petersburg_%D0%A0622%D0%9D%D0%A378_2025-03_873.JPG;Artyom Svetlov;CC BY 4.0;https://creativecommons.org/licenses/by/4.0;0
images/real/real_d9e1bae99c.jpg;Auto_Datsun_Saint_Petersburg_Turbinnaya_Street_9_Saint_Petersburg_622_78_2025-03_d7970092.jpg;File:Auto Datsun Saint Petersburg Turbinnaya Street 9, Saint Petersburg Р622НУ78 2025-03 876.JPG;https://commons.wikimedia.org/wiki/File%3AAuto_Datsun_Saint_Petersburg_Turbinnaya_Street_9%2C_Saint_Petersburg_%D0%A0622%D0%9D%D0%A378_2025-03_876.JPG;Artyom Svetlov;CC BY 4.0;https://creativecommons.org/licenses/by/4.0;0
images/real/real_d1b1d33e80.jpg;Auto_GAZ-12_ZIM_Moscow_Bibip-Bibop_2026_2026-07_030_63bbd2fb.jpg;File:Auto GAZ-12 ZIM Moscow Bibip-Bibop 2026 2026-07 030.JPG;https://commons.wikimedia.org/wiki/File%3AAuto_GAZ-12_ZIM_Moscow_Bibip-Bibop_2026_2026-07_030.JPG;Artyom Svetlov;CC BY 4.0;https://creativecommons.org/licenses/by/4.0;4
images/real/real_719b327e65.jpg;Auto_GAZ-24_Moscow_Stromynka_Street_227_977_2026-08_1786893276_6f42c0a4.jpg;File:Auto GAZ-24 Moscow Stromynka Street А227КЕ977 2026-08 1786893276.JPG;https://commons.wikimedia.org/wiki/File%3AAuto_GAZ-24_Moscow_Stromynka_Street_%D0%90227%D0%9A%D0%95977_2026-08_1786893276.JPG;Artyom Svetlov;CC BY 4.0;https://creativecommons.org/licenses/by/4.0;1
images/real/real_a134cde6e4.jpg;Auto_KamAZ-53605_Moscow_Sevastopolsky_prospekt_858_197_2025-02_1149_a49b26bb.jpg;File:Auto KamAZ-53605 Moscow Sevastopolsky prospekt Е858ХТ197 2025-02 1149.JPG;https://commons.wikimedia.org/wiki/File%3AAuto_KamAZ-53605_Moscow_Sevastopolsky_prospekt_%D0%95858%D0%A5%D0%A2197_2025-02_1149.JPG;Artyom Svetlov;CC BY 4.0;https://creativecommons.org/licenses/by/4.0;0
images/real/real_4e658ecb06.jpg;Auto_Moskvich_2335_Moscow_Bibip-Bibop_2026_2026-07_091_f317fc1c.jpg;File:Auto Moskvich 2335 Moscow Bibip-Bibop 2026 2026-07 091.JPG;https://commons.wikimedia.org/wiki/File%3AAuto_Moskvich_2335_Moscow_Bibip-Bibop_2026_2026-07_091.JPG;Artyom Svetlov;CC BY 4.0;https://creativecommons.org/licenses/by/4.0;4
images/real/real_e1a45675f0.jpg;Auto_Nissan_Silvia_Moscow_Chelyabinskaya_Street_266_177_2025-09_166_e4011bfb.jpg;File:Auto Nissan Silvia Moscow Chelyabinskaya Street Х266МН177 2025-09 166.jpg;https://commons.wikimedia.org/wiki/File%3AAuto_Nissan_Silvia_Moscow_Chelyabinskaya_Street_%D0%A5266%D0%9C%D0%9D177_2025-09_166.jpg;Artyom Svetlov;CC BY 4.0;https://creativecommons.org/licenses/by/4.0;0
images/real/real_bbae9df714.jpg;Auto_Toyota_Pixis_Van_Saint_Petersburg_Ligovsky_Avenue_882_198_2025-03_309_c96af662.jpg;File:Auto Toyota Pixis Van Saint Petersburg Ligovsky Avenue Т882УУ198 2025-03 309.JPG;https://commons.wikimedia.org/wiki/File%3AAuto_Toyota_Pixis_Van_Saint_Petersburg_Ligovsky_Avenue_%D0%A2882%D0%A3%D0%A3198_2025-03_309.JPG;Artyom Svetlov;CC BY 4.0;https://creativecommons.org/licenses/by/4.0;1
images/real/real_3d77c0afa5.jpg;Auto_UAZ-31514_drob_31519_Moscow_Kuskovskaya_Street_492_177_2023-06_1687029126_dc71ab34.jpg;File:Auto UAZ-31514 drob 31519 Moscow Kuskovskaya Street Р492ММ177 2023-06 1687029126.jpg;https://commons.wikimedia.org/wiki/File%3AAuto_UAZ-31514_drob_31519_Moscow_Kuskovskaya_Street_%D0%A0492%D0%9C%D0%9C177_2023-06_1687029126.jpg;Artyom Svetlov;CC BY 4.0;https://creativecommons.org/licenses/by/4.0;0
images/real/real_0a314a623d.jpg;Auto_UAZ_Patriot_Saint_Petersburg_Turbinnaya_Street_331_198_2025-03_906_fdbd844c.jpg;File:Auto UAZ Patriot Saint Petersburg Turbinnaya Street Т331ЕО198 2025-03 906.JPG;https://commons.wikimedia.org/wiki/File%3AAuto_UAZ_Patriot_Saint_Petersburg_Turbinnaya_Street_%D0%A2331%D0%95%D0%9E198_2025-03_906.JPG;Artyom Svetlov;CC BY 4.0;https://creativecommons.org/licenses/by/4.0;0
images/real/real_32ce82ee53.jpg;Auto_VAZ-2103_Moscow_Bibip-Bibop_2026_4208_2026-07_191_25d5cbda.jpg;File:Auto VAZ-2103 Moscow Bibip-Bibop 2026 4208МСГ 2026-07 191.JPG;https://commons.wikimedia.org/wiki/File%3AAuto_VAZ-2103_Moscow_Bibip-Bibop_2026_4208%D0%9C%D0%A1%D0%93_2026-07_191.JPG;Artyom Svetlov;CC BY 4.0;https://creativecommons.org/licenses/by/4.0;2
images/real/real_02e158c9e2.jpg;Automobile_with_Ribbon_of_St._George_847fd0db.jpg;File:Automobile with Ribbon of St. George.jpg;https://commons.wikimedia.org/wiki/File%3AAutomobile_with_Ribbon_of_St._George.jpg;Stolbovsky;CC BY-SA 3.0;https://creativecommons.org/licenses/by-sa/3.0;0
images/real/real_8a30e2f25d.jpg;AvtoKuban_T12.02_951e1979.jpg;File:AvtoKuban T12.02.jpg;https://commons.wikimedia.org/wiki/File%3AAvtoKuban_T12.02.jpg;Georg Pik;CC0;http://creativecommons.org/publicdomain/zero/1.0/deed.en;0
images/real/real_62455fece0.jpg;Beijing_u5_plus_Belca_car_carsharing_2025-05_Russia_Moscow_e12b9080.jpg;File:Beijing u5 plus Belca car carsharing 2025-05 Russia Moscow.jpg;https://commons.wikimedia.org/wiki/File%3ABeijing_u5_plus_Belca_car_carsharing_2025-05_Russia_Moscow.jpg;Nord794ub;CC BY-SA 4.0;https://creativecommons.org/licenses/by-sa/4.0;0
images/real/real_ddad8b42b0.jpg;Burning_automobile_02_bd0b7535.jpg;File:Burning automobile 02.jpg;https://commons.wikimedia.org/wiki/File%3ABurning_automobile_02.jpg;Stolbovsky;CC BY-SA 3.0;https://creativecommons.org/licenses/by-sa/3.0;2
images/real/real_664a3a851f.jpg;Christmas_tour_of_Estonia_Russian_license_plate_09218443.jpg;File:Christmas tour of Estonia Russian license plate.jpg;https://commons.wikimedia.org/wiki/File%3AChristmas_tour_of_Estonia_Russian_license_plate.jpg;Petr Magera;CC BY 2.0;https://creativecommons.org/licenses/by/2.0;0
images/real/real_01802d63bc.jpg;Dagestan-022_26e5fbd6.jpg;File:Dagestan-022.jpg;https://commons.wikimedia.org/wiki/File%3ADagestan-022.jpg;Alexander Novikov;CC BY-SA 4.0;https://creativecommons.org/licenses/by-sa/4.0;0
images/real/real_53482e3cd5.jpg;Decorated_vehicle_in_Nizhny_Novgorod_03_e7b1587f.jpg;File:Decorated vehicle in Nizhny Novgorod 03.jpg;https://commons.wikimedia.org/wiki/File%3ADecorated_vehicle_in_Nizhny_Novgorod_03.jpg;Antonio Kless;CC BY-SA 4.0;https://creativecommons.org/licenses/by-sa/4.0;0
images/real/real_0ac7ffdb7e.jpg;Diabla_Honda_02_79c0cfb6.jpg;File:Diabla Honda 02.jpg;https://commons.wikimedia.org/wiki/File%3ADiabla_Honda_02.jpg;RG72;CC BY-SA 4.0;https://creativecommons.org/licenses/by-sa/4.0;0
images/real/real_82dbc304f9.jpg;Diabla_Honda_03_02443229.jpg;File:Diabla Honda 03.jpg;https://commons.wikimedia.org/wiki/File%3ADiabla_Honda_03.jpg;RG72;CC BY-SA 4.0;https://creativecommons.org/licenses/by-sa/4.0;1
images/real/real_d150e32df5.jpg;Eco_Bunino_Moscow_-_autumn_2024_7_b3ab226c.jpg;File:Eco Bunino, Moscow - autumn 2024 7.jpg;https://commons.wikimedia.org/wiki/File%3AEco_Bunino%2C_Moscow_-_autumn_2024_7.jpg;Юрий Д.К.;CC BY 4.0;https://creativecommons.org/licenses/by/4.0;0
images/real/real_98d93f7c91.jpg;Elektrobus_in_Moscow_76_route_2018__4fbfd669.jpg;File:Elektrobus in Moscow, 76 route (2018).jpg;https://commons.wikimedia.org/wiki/File%3AElektrobus_in_Moscow%2C_76_route_%282018%29.jpg;Правительство г. Москвы. / Original uploader was Frutti-mytti;CC BY 4.0;https://creativecommons.org/licenses/by/4.0;1
images/real/real_cd5ab1c09f.jpg;FCW4E6PFe7c_1c439dc9.jpg;File:FCW4E6PFe7c.jpg;https://commons.wikimedia.org/wiki/File%3AFCW4E6PFe7c.jpg;Ilyshenkaa;CC BY-SA 4.0;https://creativecommons.org/licenses/by-sa/4.0;0
images/real/real_9d803b478b.jpg;GAZ-21_Chernyakhovsk_692_39_20250506_145226_a513db8c.jpg;File:GAZ-21 Chernyakhovsk А692КТ39 20250506 145226.jpg;https://commons.wikimedia.org/wiki/File%3AGAZ-21_Chernyakhovsk_%D0%90692%D0%9A%D0%A239_20250506_145226.jpg;Svetlov Artem;CC BY 4.0;https://creativecommons.org/licenses/by/4.0;1
images/real/real_dd73c96051.jpg;GAZ-69_trailer_oldtimergallery2023_063eb940.jpg;File:GAZ-69 trailer oldtimergallery2023.jpg;https://commons.wikimedia.org/wiki/File%3AGAZ-69_trailer_oldtimergallery2023.jpg;Meccano.Cat;CC BY-SA 4.0;https://creativecommons.org/licenses/by-sa/4.0;19
images/real/real_172607282c.jpg;GAZ_2330_Zubr_in_SPB_aee5e6ec.jpg;File:GAZ 2330 Zubr in SPB.jpg;https://commons.wikimedia.org/wiki/File%3AGAZ_2330_Zubr_in_SPB.jpg;Florstein (Telegram:WikiPhoto.Space);CC BY-SA 4.0;https://creativecommons.org/licenses/by-sa/4.0;1
images/real/real_9896f3a9da.jpg;Golunov_march_011_19bee500.jpg;File:Golunov march 011.jpg;https://commons.wikimedia.org/wiki/File%3AGolunov_march_011.jpg;Krassotkin;CC0;http://creativecommons.org/publicdomain/zero/1.0/deed.en;13
images/real/real_8f6e7967ed.jpg;Golunov_march_012_a7076f5c.jpg;File:Golunov march 012.jpg;https://commons.wikimedia.org/wiki/File%3AGolunov_march_012.jpg;Krassotkin;CC0;http://creativecommons.org/publicdomain/zero/1.0/deed.en;9
images/real/real_1cd45d68d3.jpg;Griboyedov_Canal_Embankment_-_panoramio_3__854d888a.jpg;File:Griboyedov Canal Embankment - panoramio (3).jpg;https://commons.wikimedia.org/wiki/File%3AGriboyedov_Canal_Embankment_-_panoramio_%283%29.jpg;angelius1979;CC BY-SA 3.0;https://creativecommons.org/licenses/by-sa/3.0;0
images/real/real_e25e599950.jpg;Honda_Freed_Spike_35971708763__06b320aa.jpg;File:Honda Freed Spike (35971708763).jpg;https://commons.wikimedia.org/wiki/File%3AHonda_Freed_Spike_%2835971708763%29.jpg;Dennis Elzinga;CC BY 2.0;https://creativecommons.org/licenses/by/2.0;0
images/real/real_828e42492e.jpg;Honda_Freed_Spike_front__0fecbcef.jpg;File:Honda Freed Spike (front).jpg;https://commons.wikimedia.org/wiki/File%3AHonda_Freed_Spike_%28front%29.jpg;Dennis Elzinga;CC BY 2.0;https://creativecommons.org/licenses/by/2.0;0
images/real/real_f10a86f162.jpg;Hose_tender_ZiL-131_Kotlas_01__3fb4131b.jpg;File:Hose tender (ZiL-131), Kotlas (01).jpg;https://commons.wikimedia.org/wiki/File%3AHose_tender_%28ZiL-131%29%2C_Kotlas_%2801%29.jpg;Georg Pik;CC0;http://creativecommons.org/publicdomain/zero/1.0/deed.en;2
images/real/real_b4cdff79e2.jpg;Hose_tender_ZiL-131_Kotlas_02__5284a354.jpg;File:Hose tender (ZiL-131), Kotlas (02).jpg;https://commons.wikimedia.org/wiki/File%3AHose_tender_%28ZiL-131%29%2C_Kotlas_%2802%29.jpg;Georg Pik;CC0;http://creativecommons.org/publicdomain/zero/1.0/deed.en;0
images/real/real_2f76961828.jpg;Im_Schlamm_stecken_-_panoramio_1__f34e4bfd.jpg;File:Im Schlamm stecken - panoramio (1).jpg;https://commons.wikimedia.org/wiki/File%3AIm_Schlamm_stecken_-_panoramio_%281%29.jpg;Kurt Basis;CC BY 3.0;https://creativecommons.org/licenses/by/3.0;2
images/real/real_63697346d8.jpg;Karavannoye_Store_59db39eb.jpg;File:Karavannoye Store.jpg;https://commons.wikimedia.org/wiki/File%3AKaravannoye_Store.jpg;Dor Shabashewitz;CC BY-SA 4.0;https://creativecommons.org/licenses/by-sa/4.0;0
images/real/real_4a3daed043.jpg;Lada_110_during_criminal_wars_in_Russia_829bca11.jpg;File:Lada 110 during criminal wars in Russia.jpg;https://commons.wikimedia.org/wiki/File%3ALada_110_during_criminal_wars_in_Russia.jpg;Тибор Боянич;Public domain;;2
images/real/real_667b26e7aa.jpg;Lada_Samara_Moscow_233_797_20250223_172140_f0a384bd.jpg;File:Lada Samara Moscow р233нх797 20250223 172140.JPG;https://commons.wikimedia.org/wiki/File%3ALada_Samara_Moscow_%D1%80233%D0%BD%D1%85797_20250223_172140.JPG;Svetlov Artem;CC BY 4.0;https://creativecommons.org/licenses/by/4.0;0
images/real/real_a535d8c3aa.jpg;Livan_X3_Pro_test_drive_car_in_Tomsk_01_021faf32.jpg;File:Livan X3 Pro test drive car in Tomsk 01.jpg;https://commons.wikimedia.org/wiki/File%3ALivan_X3_Pro_test_drive_car_in_Tomsk_01.jpg;Ilya Plekhanov;CC BY-SA 4.0;https://creativecommons.org/licenses/by-sa/4.0;0
images/real/real_ab1fdf7565.jpg;Long_Hummer_SPb_31993250106__e86c0835.jpg;File:Long Hummer SPb (31993250106).jpg;https://commons.wikimedia.org/wiki/File%3ALong_Hummer_SPb_%2831993250106%29.jpg;Егор Журавлёв from Smarde, Latvia;CC BY-SA 2.0;https://creativecommons.org/licenses/by-sa/2.0;1
images/real/real_e064234886.jpg;Manezhnaya_Square_soldiers_next_to_red_square_july_2016_c2725a89.jpg;File:Manezhnaya Square soldiers next to red square july 2016.jpg;https://commons.wikimedia.org/wiki/File%3AManezhnaya_Square_soldiers_next_to_red_square_july_2016.jpg;Rakoon;CC0;http://creativecommons.org/publicdomain/zero/1.0/deed.en;5
images/real/real_d26277bd8f.jpg;Mercedes-Benz_O345_in_Moscow_95bf25bb.jpg;File:Mercedes-Benz O345 in Moscow.jpg;https://commons.wikimedia.org/wiki/File%3AMercedes-Benz_O345_in_Moscow.jpg;Stolbovsky;CC BY-SA 4.0;https://creativecommons.org/licenses/by-sa/4.0;4
images/real/real_57c3652bab.jpg;Mercedes-Benz_W123_Saint_Petersburg_229_78_20150705_192410_4f9373c5.jpg;File:Mercedes-Benz W123 Saint Petersburg х229рр78 20150705 192410.JPG;https://commons.wikimedia.org/wiki/File%3AMercedes-Benz_W123_Saint_Petersburg_%D1%85229%D1%80%D1%8078_20150705_192410.JPG;Svetlov Artem;CC BY 4.0;https://creativecommons.org/licenses/by/4.0;0
images/real/real_342d04be48.jpg;Metro_SPB_Line5_Prospekt_Slavy_img10__a07b6597.jpg;File:Metro SPB Line5 Prospekt Slavy (img10).jpg;https://commons.wikimedia.org/wiki/File%3AMetro_SPB_Line5_Prospekt_Slavy_%28img10%29.jpg;Florstein (Telegram:WikiPhoto.Space);CC BY-SA 4.0;https://creativecommons.org/licenses/by-sa/4.0;0
images/real/real_c4625f04c5.jpg;Military_engineers_on_previous_on_Scarlet_Sails_2019_01_2b33875a.jpg;File:Military engineers on previous on Scarlet Sails 2019 01.jpg;https://commons.wikimedia.org/wiki/File%3AMilitary_engineers_on_previous_on_Scarlet_Sails_2019_01.jpg;Минобороны России;CC BY 4.0;https://creativecommons.org/licenses/by/4.0;0
images/real/real_daa1cfdf69.jpg;Military_engineers_on_previous_on_Scarlet_Sails_2019_02_61f7d362.jpg;File:Military engineers on previous on Scarlet Sails 2019 02.jpg;https://commons.wikimedia.org/wiki/File%3AMilitary_engineers_on_previous_on_Scarlet_Sails_2019_02.jpg;Минобороны России;CC BY 4.0;https://creativecommons.org/licenses/by/4.0;7
images/real/real_cfe135a672.jpg;Military_engineers_on_previous_on_Scarlet_Sails_2019_03_1c5e91bf.jpg;File:Military engineers on previous on Scarlet Sails 2019 03.jpg;https://commons.wikimedia.org/wiki/File%3AMilitary_engineers_on_previous_on_Scarlet_Sails_2019_03.jpg;Минобороны России;CC BY 4.0;https://creativecommons.org/licenses/by/4.0;0
images/real/real_3b4b644bbd.jpg;Military_engineers_on_previous_on_Scarlet_Sails_2019_04_dc300e9e.jpg;File:Military engineers on previous on Scarlet Sails 2019 04.jpg;https://commons.wikimedia.org/wiki/File%3AMilitary_engineers_on_previous_on_Scarlet_Sails_2019_04.jpg;Минобороны России;CC BY 4.0;https://creativecommons.org/licenses/by/4.0;0
images/real/real_1da299c840.jpg;Military_engineers_on_previous_on_Scarlet_Sails_2019_05_0f9b69ae.jpg;File:Military engineers on previous on Scarlet Sails 2019 05.jpg;https://commons.wikimedia.org/wiki/File%3AMilitary_engineers_on_previous_on_Scarlet_Sails_2019_05.jpg;Минобороны России;CC BY 4.0;https://creativecommons.org/licenses/by/4.0;2
images/real/real_e36a862ee9.jpg;Minsk_Belarus_-_panoramio_401__c641f4ff.jpg;File:Minsk, Belarus - panoramio (401).jpg;https://commons.wikimedia.org/wiki/File%3AMinsk%2C_Belarus_-_panoramio_%28401%29.jpg;Svetlov Artem;CC BY 3.0;https://creativecommons.org/licenses/by/3.0;0
images/real/real_3a21d4da45.jpg;Moscow_Gospitalny_Lane_4-6_31481982571__17a04fed.jpg;File:Moscow, Gospitalny Lane 4-6 (31481982571).jpg;https://commons.wikimedia.org/wiki/File%3AMoscow%2C_Gospitalny_Lane_4-6_%2831481982571%29.jpg;Gennady Grachev from Moscow, Russia;CC BY 2.0;https://creativecommons.org/licenses/by/2.0;0
images/real/real_9d76b3ef17.jpg;Moscow_Moskvich_3_parking_police_car_April_2025_01_a815034a.jpg;File:Moscow, Moskvich 3 parking police car April 2025 01.jpg;https://commons.wikimedia.org/wiki/File%3AMoscow%2C_Moskvich_3_parking_police_car_April_2025_01.jpg;Retired electrician;CC0;http://creativecommons.org/publicdomain/zero/1.0/deed.en;0
images/real/real_539acf41c0.jpg;Moscow_Moskvich_3_parking_police_car_April_2025_02_cb05f3ed.jpg;File:Moscow, Moskvich 3 parking police car April 2025 02.jpg;https://commons.wikimedia.org/wiki/File%3AMoscow%2C_Moskvich_3_parking_police_car_April_2025_02.jpg;Retired electrician;CC0;http://creativecommons.org/publicdomain/zero/1.0/deed.en;1
images/real/real_49c4b78d95.jpg;Moscow_Moskvitch-2140_green_17478618848__424f1fb0.jpg;File:Moscow Moskvitch-2140 green (17478618848).jpg;https://commons.wikimedia.org/wiki/File%3AMoscow_Moskvitch-2140_green_%2817478618848%29.jpg;Artem Svetlov from Moscow, Russia;CC BY 2.0;https://creativecommons.org/licenses/by/2.0;1
images/real/real_1249817fe5.jpg;Moscow_Retro_Tram_Parade_2019_Shabolovka_Street_-_5395_fddec233.jpg;File:Moscow Retro Tram Parade 2019, Shabolovka Street - 5395.jpg;https://commons.wikimedia.org/wiki/File%3AMoscow_Retro_Tram_Parade_2019%2C_Shabolovka_Street_-_5395.jpg;Roman Balabin;CC BY-SA 3.0;https://creativecommons.org/licenses/by-sa/3.0;2
images/real/real_9f426ab62c.jpg;Moscow_Retro_Tram_Parade_2019_Shabolovka_Street_-_5396_9f1d7355.jpg;File:Moscow Retro Tram Parade 2019, Shabolovka Street - 5396.jpg;https://commons.wikimedia.org/wiki/File%3AMoscow_Retro_Tram_Parade_2019%2C_Shabolovka_Street_-_5396.jpg;Roman Balabin;CC BY-SA 3.0;https://creativecommons.org/licenses/by-sa/3.0;0
images/real/real_957f0a9abd.jpg;Moscow_Retro_Tram_Parade_2019_Shabolovka_Street_-_5397_23aa9f61.jpg;File:Moscow Retro Tram Parade 2019, Shabolovka Street - 5397.jpg;https://commons.wikimedia.org/wiki/File%3AMoscow_Retro_Tram_Parade_2019%2C_Shabolovka_Street_-_5397.jpg;Roman Balabin;CC BY-SA 3.0;https://creativecommons.org/licenses/by-sa/3.0;0
images/real/real_102297f30e.jpg;Moscow_Retro_Tram_Parade_2019_Shabolovka_Street_-_5398_c439ab2d.jpg;File:Moscow Retro Tram Parade 2019, Shabolovka Street - 5398.jpg;https://commons.wikimedia.org/wiki/File%3AMoscow_Retro_Tram_Parade_2019%2C_Shabolovka_Street_-_5398.jpg;Roman Balabin;CC BY-SA 3.0;https://creativecommons.org/licenses/by-sa/3.0;0
images/real/real_4f9d104539.jpg;Moscow_Rochdelskaya_Street_Volga_GAZ-21_22146436426__4a893e0e.jpg;File:Moscow, Rochdelskaya Street, Volga GAZ-21 (22146436426).jpg;https://commons.wikimedia.org/wiki/File%3AMoscow%2C_Rochdelskaya_Street%2C_Volga_GAZ-21_%2822146436426%29.jpg;Gennady Grachev from Moscow, Russia;CC BY 2.0;https://creativecommons.org/licenses/by/2.0;0
images/real/real_b1e092a649.jpg;Moscow_Shmitovsky_48_surveillance_car_May_2025_01_c4ed26c4.jpg;File:Moscow, Shmitovsky 48 surveillance car May 2025 01.jpg;https://commons.wikimedia.org/wiki/File%3AMoscow%2C_Shmitovsky_48_surveillance_car_May_2025_01.jpg;Retired electrician;CC0;http://creativecommons.org/publicdomain/zero/1.0/deed.en;0
images/real/real_ab75ba2b93.jpg;Moscow_Shmitovsky_48_surveillance_car_May_2025_02_e215abd7.jpg;File:Moscow, Shmitovsky 48 surveillance car May 2025 02.jpg;https://commons.wikimedia.org/wiki/File%3AMoscow%2C_Shmitovsky_48_surveillance_car_May_2025_02.jpg;Retired electrician;CC0;http://creativecommons.org/publicdomain/zero/1.0/deed.en;0
images/real/real_f1422e23b3.jpg;Moscow_Taganka_cars_April_2025_01_946eeaca.jpg;File:Moscow, Taganka, cars April 2025 01.jpg;https://commons.wikimedia.org/wiki/File%3AMoscow%2C_Taganka%2C_cars_April_2025_01.jpg;Retired electrician;CC0;http://creativecommons.org/publicdomain/zero/1.0/deed.en;0
images/real/real_a53748d314.jpg;Moscow_Taganka_cars_April_2025_13_86b20171.jpg;File:Moscow, Taganka, cars April 2025 13.jpg;https://commons.wikimedia.org/wiki/File%3AMoscow%2C_Taganka%2C_cars_April_2025_13.jpg;Retired electrician;CC0;http://creativecommons.org/publicdomain/zero/1.0/deed.en;0
images/real/real_3efa7fcc31.jpg;Moscow_car_meet_2025-07-12_Alfa_Romeo_1925_04_8e036ca2.jpg;File:Moscow car meet 2025-07-12 Alfa Romeo 1925 04.jpg;https://commons.wikimedia.org/wiki/File%3AMoscow_car_meet_2025-07-12_Alfa_Romeo_1925_04.jpg;Retired electrician;CC0;http://creativecommons.org/publicdomain/zero/1.0/deed.en;1
images/real/real_580b10148a.jpg;Moscow_car_meet_2025-07-12_Alfa_Romeo_1925_05_c06e8106.jpg;File:Moscow car meet 2025-07-12 Alfa Romeo 1925 05.jpg;https://commons.wikimedia.org/wiki/File%3AMoscow_car_meet_2025-07-12_Alfa_Romeo_1925_05.jpg;Retired electrician;CC0;http://creativecommons.org/publicdomain/zero/1.0/deed.en;2
images/real/real_03e0e8fea0.jpg;Moscow_car_meet_2025-07-12_Alfa_Romeo_1925_07_4cb58d4d.jpg;File:Moscow car meet 2025-07-12 Alfa Romeo 1925 07.jpg;https://commons.wikimedia.org/wiki/File%3AMoscow_car_meet_2025-07-12_Alfa_Romeo_1925_07.jpg;Retired electrician;CC0;http://creativecommons.org/publicdomain/zero/1.0/deed.en;12
images/real/real_ede1baa3a8.jpg;Moscow_car_meet_2025-07-12_Alfa_Romeo_1925_09_a9123906.jpg;File:Moscow car meet 2025-07-12 Alfa Romeo 1925 09.jpg;https://commons.wikimedia.org/wiki/File%3AMoscow_car_meet_2025-07-12_Alfa_Romeo_1925_09.jpg;Retired electrician;CC0;http://creativecommons.org/publicdomain/zero/1.0/deed.en;2
images/real/real_2aaa85fe1a.jpg;Moscow_car_meet_2025-07-12_Audi_80_01_fe642bfa.jpg;File:Moscow car meet 2025-07-12 Audi 80 01.jpg;https://commons.wikimedia.org/wiki/File%3AMoscow_car_meet_2025-07-12_Audi_80_01.jpg;Retired electrician;CC0;http://creativecommons.org/publicdomain/zero/1.0/deed.en;4
images/real/real_481f2a805a.jpg;Moscow_car_meet_2025-07-12_BMW_row_01_dd647cb8.jpg;File:Moscow car meet 2025-07-12 BMW row 01.jpg;https://commons.wikimedia.org/wiki/File%3AMoscow_car_meet_2025-07-12_BMW_row_01.jpg;Retired electrician;CC0;http://creativecommons.org/publicdomain/zero/1.0/deed.en;13
images/real/real_fd95c1a1c5.jpg;Moscow_car_meet_2025-07-12_BMW_row_02_d27d367e.jpg;File:Moscow car meet 2025-07-12 BMW row 02.jpg;https://commons.wikimedia.org/wiki/File%3AMoscow_car_meet_2025-07-12_BMW_row_02.jpg;Retired electrician;CC0;http://creativecommons.org/publicdomain/zero/1.0/deed.en;10
images/real/real_3ca1a39604.jpg;Moscow_car_meet_2025-07-12_BMW_row_03_f9f82bcd.jpg;File:Moscow car meet 2025-07-12 BMW row 03.jpg;https://commons.wikimedia.org/wiki/File%3AMoscow_car_meet_2025-07-12_BMW_row_03.jpg;Retired electrician;CC0;http://creativecommons.org/publicdomain/zero/1.0/deed.en;14
images/real/real_8aa8513c27.jpg;Moscow_car_meet_2025-07-12_BMW_row_04_399da655.jpg;File:Moscow car meet 2025-07-12 BMW row 04.jpg;https://commons.wikimedia.org/wiki/File%3AMoscow_car_meet_2025-07-12_BMW_row_04.jpg;Retired electrician;CC0;http://creativecommons.org/publicdomain/zero/1.0/deed.en;3
images/real/real_77e6d19642.jpg;Moscow_car_meet_2025-07-12_Fiat_01_20b5c900.jpg;File:Moscow car meet 2025-07-12 Fiat 01.jpg;https://commons.wikimedia.org/wiki/File%3AMoscow_car_meet_2025-07-12_Fiat_01.jpg;Retired electrician;CC0;http://creativecommons.org/publicdomain/zero/1.0/deed.en;0
images/real/real_27d7fff976.jpg;Moscow_car_meet_2025-07-12_Jaguar_row_01_78f415e2.jpg;File:Moscow car meet 2025-07-12 Jaguar row 01.jpg;https://commons.wikimedia.org/wiki/File%3AMoscow_car_meet_2025-07-12_Jaguar_row_01.jpg;Retired electrician;CC0;http://creativecommons.org/publicdomain/zero/1.0/deed.en;0
images/real/real_df1dc6b890.jpg;Moscow_car_meet_2025-07-12_Jaguar_row_02_1fd682a5.jpg;File:Moscow car meet 2025-07-12 Jaguar row 02.jpg;https://commons.wikimedia.org/wiki/File%3AMoscow_car_meet_2025-07-12_Jaguar_row_02.jpg;Retired electrician;CC0;http://creativecommons.org/publicdomain/zero/1.0/deed.en;25
images/real/real_2bc7a67bf5.jpg;Moscow_car_meet_2025-07-12_Jaguar_row_03_f39f468c.jpg;File:Moscow car meet 2025-07-12 Jaguar row 03.jpg;https://commons.wikimedia.org/wiki/File%3AMoscow_car_meet_2025-07-12_Jaguar_row_03.jpg;Retired electrician;CC0;http://creativecommons.org/publicdomain/zero/1.0/deed.en;22
images/real/real_042a0bf658.jpg;Moscow_car_meet_2025-07-12_Jaguar_row_11_ee80d442.jpg;File:Moscow car meet 2025-07-12 Jaguar row 11.jpg;https://commons.wikimedia.org/wiki/File%3AMoscow_car_meet_2025-07-12_Jaguar_row_11.jpg;Retired electrician;CC0;http://creativecommons.org/publicdomain/zero/1.0/deed.en;0
images/real/real_1399b325b5.jpg;Moscow_car_meet_2025-07-12_M-2140_01_b2517e05.jpg;File:Moscow car meet 2025-07-12 M-2140 01.jpg;https://commons.wikimedia.org/wiki/File%3AMoscow_car_meet_2025-07-12_M-2140_01.jpg;Retired electrician;CC0;http://creativecommons.org/publicdomain/zero/1.0/deed.en;1
images/real/real_0bb7ec15dc.jpg;Moscow_car_meet_2025-07-12_M-2141_01_b9b6dd54.jpg;File:Moscow car meet 2025-07-12 M-2141 01.jpg;https://commons.wikimedia.org/wiki/File%3AMoscow_car_meet_2025-07-12_M-2141_01.jpg;Retired electrician;CC0;http://creativecommons.org/publicdomain/zero/1.0/deed.en;2
images/real/real_61d4fa61a3.jpg;Moscow_car_meet_2025-07-12_M-2141_02_02cd7d97.jpg;File:Moscow car meet 2025-07-12 M-2141 02.jpg;https://commons.wikimedia.org/wiki/File%3AMoscow_car_meet_2025-07-12_M-2141_02.jpg;Retired electrician;CC0;http://creativecommons.org/publicdomain/zero/1.0/deed.en;2
images/real/real_385337a2e3.jpg;Moscow_car_meet_2025-07-12_M-2141_03_cc40d281.jpg;File:Moscow car meet 2025-07-12 M-2141 03.jpg;https://commons.wikimedia.org/wiki/File%3AMoscow_car_meet_2025-07-12_M-2141_03.jpg;Retired electrician;CC0;http://creativecommons.org/publicdomain/zero/1.0/deed.en;1
images/real/real_00bfe263b4.jpg;Moscow_car_meet_2025-07-12_M-407_01_32ece9f3.jpg;File:Moscow car meet 2025-07-12 M-407 01.jpg;https://commons.wikimedia.org/wiki/File%3AMoscow_car_meet_2025-07-12_M-407_01.jpg;Retired electrician;CC0;http://creativecommons.org/publicdomain/zero/1.0/deed.en;2
images/real/real_4dfcfe71f6.jpg;Moscow_car_meet_2025-07-12_M-407_02_5f67e575.jpg;File:Moscow car meet 2025-07-12 M-407 02.jpg;https://commons.wikimedia.org/wiki/File%3AMoscow_car_meet_2025-07-12_M-407_02.jpg;Retired electrician;CC0;http://creativecommons.org/publicdomain/zero/1.0/deed.en;0
images/real/real_1359b6e9da.jpg;Moscow_car_meet_2025-07-12_M-407_03_af62af57.jpg;File:Moscow car meet 2025-07-12 M-407 03.jpg;https://commons.wikimedia.org/wiki/File%3AMoscow_car_meet_2025-07-12_M-407_03.jpg;Retired electrician;CC0;http://creativecommons.org/publicdomain/zero/1.0/deed.en;6
images/real/real_9dcc75d87a.jpg;Moscow_car_meet_2025-07-12_M-407_04_1a304ff1.jpg;File:Moscow car meet 2025-07-12 M-407 04.jpg;https://commons.wikimedia.org/wiki/File%3AMoscow_car_meet_2025-07-12_M-407_04.jpg;Retired electrician;CC0;http://creativecommons.org/publicdomain/zero/1.0/deed.en;7
images/real/real_e21856fb87.jpg;Moscow_car_meet_2025-07-12_M-408_01_7bfe2b1c.jpg;File:Moscow car meet 2025-07-12 M-408 01.jpg;https://commons.wikimedia.org/wiki/File%3AMoscow_car_meet_2025-07-12_M-408_01.jpg;Retired electrician;CC0;http://creativecommons.org/publicdomain/zero/1.0/deed.en;3
images/real/real_7cb63d8cae.jpg;Moscow_car_meet_2025-07-12_M-408_02_baa07ff5.jpg;File:Moscow car meet 2025-07-12 M-408 02.jpg;https://commons.wikimedia.org/wiki/File%3AMoscow_car_meet_2025-07-12_M-408_02.jpg;Retired electrician;CC0;http://creativecommons.org/publicdomain/zero/1.0/deed.en;3
images/real/real_2228c7495e.jpg;Moscow_car_meet_2025-07-12_M-411_01_e890831b.jpg;File:Moscow car meet 2025-07-12 M-411 01.jpg;https://commons.wikimedia.org/wiki/File%3AMoscow_car_meet_2025-07-12_M-411_01.jpg;Retired electrician;CC0;http://creativecommons.org/publicdomain/zero/1.0/deed.en;0
images/real/real_977eee2144.jpg;Moscow_car_meet_2025-07-12_MG_01_60e1a099.jpg;File:Moscow car meet 2025-07-12 MG 01.jpg;https://commons.wikimedia.org/wiki/File%3AMoscow_car_meet_2025-07-12_MG_01.jpg;Retired electrician;CC0;http://creativecommons.org/publicdomain/zero/1.0/deed.en;10
images/real/real_1324784a78.jpg;Moscow_car_meet_2025-07-12_MG_03_84954d26.jpg;File:Moscow car meet 2025-07-12 MG 03.jpg;https://commons.wikimedia.org/wiki/File%3AMoscow_car_meet_2025-07-12_MG_03.jpg;Retired electrician;CC0;http://creativecommons.org/publicdomain/zero/1.0/deed.en;2
images/real/real_0a2255a14f.jpg;Moscow_car_meet_2025-07-12_MG_B-GT_01_0bf58e24.jpg;File:Moscow car meet 2025-07-12 MG B-GT 01.jpg;https://commons.wikimedia.org/wiki/File%3AMoscow_car_meet_2025-07-12_MG_B-GT_01.jpg;Retired electrician;CC0;http://creativecommons.org/publicdomain/zero/1.0/deed.en;23
images/real/real_f2d0249e32.jpg;Moscow_car_meet_2025-07-12_MG_B-GT_02_3ff3a616.jpg;File:Moscow car meet 2025-07-12 MG B-GT 02.jpg;https://commons.wikimedia.org/wiki/File%3AMoscow_car_meet_2025-07-12_MG_B-GT_02.jpg;Retired electrician;CC0;http://creativecommons.org/publicdomain/zero/1.0/deed.en;0
images/real/real_4448a41243.jpg;Moscow_car_meet_2025-07-12_MG_B-GT_03_d19915ac.jpg;File:Moscow car meet 2025-07-12 MG B-GT 03.jpg;https://commons.wikimedia.org/wiki/File%3AMoscow_car_meet_2025-07-12_MG_B-GT_03.jpg;Retired electrician;CC0;http://creativecommons.org/publicdomain/zero/1.0/deed.en;16
images/real/real_51d163b215.jpg;Moscow_car_meet_2025-07-12_MG_B-GT_04_6765b122.jpg;File:Moscow car meet 2025-07-12 MG B-GT 04.jpg;https://commons.wikimedia.org/wiki/File%3AMoscow_car_meet_2025-07-12_MG_B-GT_04.jpg;Retired electrician;CC0;http://creativecommons.org/publicdomain/zero/1.0/deed.en;11
images/real/real_ac08377055.jpg;Moscow_car_meet_2025-07-12_MG_Midget_02_8c2ee8ab.jpg;File:Moscow car meet 2025-07-12 MG Midget 02.jpg;https://commons.wikimedia.org/wiki/File%3AMoscow_car_meet_2025-07-12_MG_Midget_02.jpg;Retired electrician;CC0;http://creativecommons.org/publicdomain/zero/1.0/deed.en;16
images/real/real_11f4231e63.jpg;Moscow_car_meet_2025-07-12_MG_Midget_04_3bcba2df.jpg;File:Moscow car meet 2025-07-12 MG Midget 04.jpg;https://commons.wikimedia.org/wiki/File%3AMoscow_car_meet_2025-07-12_MG_Midget_04.jpg;Retired electrician;CC0;http://creativecommons.org/publicdomain/zero/1.0/deed.en;0
images/real/real_f8d24243f2.jpg;Moscow_car_meet_2025-07-12_Mercedes_row_05_a961a1ad.jpg;File:Moscow car meet 2025-07-12 Mercedes row 05.jpg;https://commons.wikimedia.org/wiki/File%3AMoscow_car_meet_2025-07-12_Mercedes_row_05.jpg;Retired electrician;CC0;http://creativecommons.org/publicdomain/zero/1.0/deed.en;0
images/real/real_eaca1715e7.jpg;Moscow_car_meet_2025-07-12_Mercedes_row_06_d8325ea6.jpg;File:Moscow car meet 2025-07-12 Mercedes row 06.jpg;https://commons.wikimedia.org/wiki/File%3AMoscow_car_meet_2025-07-12_Mercedes_row_06.jpg;Retired electrician;CC0;http://creativecommons.org/publicdomain/zero/1.0/deed.en;1
images/real/real_10df9dc7e4.jpg;Moscow_car_meet_2025-07-12_Mercedes_row_07_e0a3774a.jpg;File:Moscow car meet 2025-07-12 Mercedes row 07.jpg;https://commons.wikimedia.org/wiki/File%3AMoscow_car_meet_2025-07-12_Mercedes_row_07.jpg;Retired electrician;CC0;http://creativecommons.org/publicdomain/zero/1.0/deed.en;1
images/real/real_4ef5942a4b.jpg;Moscow_car_meet_2025-07-12_Mercedes_row_08_9fbf3f85.jpg;File:Moscow car meet 2025-07-12 Mercedes row 08.jpg;https://commons.wikimedia.org/wiki/File%3AMoscow_car_meet_2025-07-12_Mercedes_row_08.jpg;Retired electrician;CC0;http://creativecommons.org/publicdomain/zero/1.0/deed.en;4
images/real/real_1656fd259d.jpg;Moscow_car_meet_2025-07-12_Mercedes_row_09_4a1b13ce.jpg;File:Moscow car meet 2025-07-12 Mercedes row 09.jpg;https://commons.wikimedia.org/wiki/File%3AMoscow_car_meet_2025-07-12_Mercedes_row_09.jpg;Retired electrician;CC0;http://creativecommons.org/publicdomain/zero/1.0/deed.en;0
images/real/real_baf6b9903e.jpg;Moscow_car_meet_2025-07-12_Mercedes_row_11_f184ce83.jpg;File:Moscow car meet 2025-07-12 Mercedes row 11.jpg;https://commons.wikimedia.org/wiki/File%3AMoscow_car_meet_2025-07-12_Mercedes_row_11.jpg;Retired electrician;CC0;http://creativecommons.org/publicdomain/zero/1.0/deed.en;8
images/real/real_892b553e8d.jpg;Moscow_car_meet_2025-07-12_Mercedes_row_12_e404411a.jpg;File:Moscow car meet 2025-07-12 Mercedes row 12.jpg;https://commons.wikimedia.org/wiki/File%3AMoscow_car_meet_2025-07-12_Mercedes_row_12.jpg;Retired electrician;CC0;http://creativecommons.org/publicdomain/zero/1.0/deed.en;5
images/real/real_1226aae013.jpg;Moscow_car_meet_2025-07-12_Mercedes_row_15_047ec1f2.jpg;File:Moscow car meet 2025-07-12 Mercedes row 15.jpg;https://commons.wikimedia.org/wiki/File%3AMoscow_car_meet_2025-07-12_Mercedes_row_15.jpg;Retired electrician;CC0;http://creativecommons.org/publicdomain/zero/1.0/deed.en;3
images/real/real_49ff858989.jpg;Moscow_car_meet_2025-07-12_NKVD_reenactor_04_4064b64a.jpg;File:Moscow car meet 2025-07-12 NKVD reenactor 04.jpg;https://commons.wikimedia.org/wiki/File%3AMoscow_car_meet_2025-07-12_NKVD_reenactor_04.jpg;Retired electrician;CC0;http://creativecommons.org/publicdomain/zero/1.0/deed.en;3
images/real/real_5b81708462.jpg;Moscow_car_meet_2025-07-12_NKVD_reenactor_12_4f5b8ed6.jpg;File:Moscow car meet 2025-07-12 NKVD reenactor 12.jpg;https://commons.wikimedia.org/wiki/File%3AMoscow_car_meet_2025-07-12_NKVD_reenactor_12.jpg;Retired electrician;CC0;http://creativecommons.org/publicdomain/zero/1.0/deed.en;1
images/real/real_bcfd43b0e2.jpg;Moscow_car_meet_2025-07-12_NKVD_reenactor_13_2e56ea97.jpg;File:Moscow car meet 2025-07-12 NKVD reenactor 13.jpg;https://commons.wikimedia.org/wiki/File%3AMoscow_car_meet_2025-07-12_NKVD_reenactor_13.jpg;Retired electrician;CC0;http://creativecommons.org/publicdomain/zero/1.0/deed.en;5
images/real/real_18dabd9451.jpg;Moscow_car_meet_2025-07-12_Pininfarina_Spider_02_08fa1bcd.jpg;File:Moscow car meet 2025-07-12 Pininfarina Spider 02.jpg;https://commons.wikimedia.org/wiki/File%3AMoscow_car_meet_2025-07-12_Pininfarina_Spider_02.jpg;Retired electrician;CC0;http://creativecommons.org/publicdomain/zero/1.0/deed.en;4
images/real/real_be8505cae8.jpg;Moscow_car_meet_2025-07-12_Pininfarina_Spider_04_7a0fca9e.jpg;File:Moscow car meet 2025-07-12 Pininfarina Spider 04.jpg;https://commons.wikimedia.org/wiki/File%3AMoscow_car_meet_2025-07-12_Pininfarina_Spider_04.jpg;Retired electrician;CC0;http://creativecommons.org/publicdomain/zero/1.0/deed.en;14
images/real/real_ba0b2e1cd8.jpg;Moscow_car_meet_2025-07-12_Pininfarina_Spider_08_f6841afe.jpg;File:Moscow car meet 2025-07-12 Pininfarina Spider 08.jpg;https://commons.wikimedia.org/wiki/File%3AMoscow_car_meet_2025-07-12_Pininfarina_Spider_08.jpg;Retired electrician;CC0;http://creativecommons.org/publicdomain/zero/1.0/deed.en;11
images/real/real_dfc741f0cb.jpg;Moscow_car_meet_2025-07-12_Plymouth_Prowler_01_8b416357.jpg;File:Moscow car meet 2025-07-12 Plymouth Prowler 01.jpg;https://commons.wikimedia.org/wiki/File%3AMoscow_car_meet_2025-07-12_Plymouth_Prowler_01.jpg;Retired electrician;CC0;http://creativecommons.org/publicdomain/zero/1.0/deed.en;29
images/real/real_46d5c10087.jpg;Moscow_car_meet_2025-07-12_Porsche_row_01_6fe3d559.jpg;File:Moscow car meet 2025-07-12 Porsche row 01.jpg;https://commons.wikimedia.org/wiki/File%3AMoscow_car_meet_2025-07-12_Porsche_row_01.jpg;Retired electrician;CC0;http://creativecommons.org/publicdomain/zero/1.0/deed.en;7
images/real/real_8570607490.jpg;Moscow_car_meet_2025-07-12_Porsche_row_02_351018d4.jpg;File:Moscow car meet 2025-07-12 Porsche row 02.jpg;https://commons.wikimedia.org/wiki/File%3AMoscow_car_meet_2025-07-12_Porsche_row_02.jpg;Retired electrician;CC0;http://creativecommons.org/publicdomain/zero/1.0/deed.en;5
images/real/real_5042ec4af4.jpg;Moscow_car_meet_2025-07-12_Porsche_row_03_585babf3.jpg;File:Moscow car meet 2025-07-12 Porsche row 03.jpg;https://commons.wikimedia.org/wiki/File%3AMoscow_car_meet_2025-07-12_Porsche_row_03.jpg;Retired electrician;CC0;http://creativecommons.org/publicdomain/zero/1.0/deed.en;6
images/real/real_eaab6893d4.jpg;Moscow_car_meet_2025-07-12_Porsche_row_04_f7fb7c11.jpg;File:Moscow car meet 2025-07-12 Porsche row 04.jpg;https://commons.wikimedia.org/wiki/File%3AMoscow_car_meet_2025-07-12_Porsche_row_04.jpg;Retired electrician;CC0;http://creativecommons.org/publicdomain/zero/1.0/deed.en;6
images/real/real_47e2e1c6ea.jpg;Moscow_car_meet_2025-07-12_Porsche_row_07_5f32c123.jpg;File:Moscow car meet 2025-07-12 Porsche row 07.jpg;https://commons.wikimedia.org/wiki/File%3AMoscow_car_meet_2025-07-12_Porsche_row_07.jpg;Retired electrician;CC0;http://creativecommons.org/publicdomain/zero/1.0/deed.en;12
images/real/real_7e3524c631.jpg;Moscow_car_meet_2025-07-12_Porsche_row_08_2ec68a0c.jpg;File:Moscow car meet 2025-07-12 Porsche row 08.jpg;https://commons.wikimedia.org/wiki/File%3AMoscow_car_meet_2025-07-12_Porsche_row_08.jpg;Retired electrician;CC0;http://creativecommons.org/publicdomain/zero/1.0/deed.en;8
images/real/real_7b7c5561e3.jpg;Moscow_car_meet_2025-07-12_Porsche_row_09_74586963.jpg;File:Moscow car meet 2025-07-12 Porsche row 09.jpg;https://commons.wikimedia.org/wiki/File%3AMoscow_car_meet_2025-07-12_Porsche_row_09.jpg;Retired electrician;CC0;http://creativecommons.org/publicdomain/zero/1.0/deed.en;4
images/real/real_7d689b79af.jpg;Moscow_car_meet_2025-07-12_RC_cars_01_31670a32.jpg;File:Moscow car meet 2025-07-12 RC cars 01.jpg;https://commons.wikimedia.org/wiki/File%3AMoscow_car_meet_2025-07-12_RC_cars_01.jpg;Retired electrician;CC0;http://creativecommons.org/publicdomain/zero/1.0/deed.en;15
images/real/real_7d4cafab4b.jpg;Moscow_car_meet_2025-07-12_Saab_96_V4_05_ae8da258.jpg;File:Moscow car meet 2025-07-12 Saab 96 V4 05.jpg;https://commons.wikimedia.org/wiki/File%3AMoscow_car_meet_2025-07-12_Saab_96_V4_05.jpg;Retired electrician;CC0;http://creativecommons.org/publicdomain/zero/1.0/deed.en;5
images/real/real_9986f43d86.jpg;Moscow_car_meet_2025-07-12_Soviet_row_01_dce1d192.jpg;File:Moscow car meet 2025-07-12 Soviet row 01.jpg;https://commons.wikimedia.org/wiki/File%3AMoscow_car_meet_2025-07-12_Soviet_row_01.jpg;Retired electrician;CC0;http://creativecommons.org/publicdomain/zero/1.0/deed.en;8
images/real/real_538075aaf0.jpg;Moscow_car_meet_2025-07-12_Soviet_row_04_700761da.jpg;File:Moscow car meet 2025-07-12 Soviet row 04.jpg;https://commons.wikimedia.org/wiki/File%3AMoscow_car_meet_2025-07-12_Soviet_row_04.jpg;Retired electrician;CC0;http://creativecommons.org/publicdomain/zero/1.0/deed.en;21
images/real/real_eece7d5bdb.jpg;Moscow_car_meet_2025-07-12_Triumph_TR3_01_11d48d63.jpg;File:Moscow car meet 2025-07-12 Triumph TR3 01.jpg;https://commons.wikimedia.org/wiki/File%3AMoscow_car_meet_2025-07-12_Triumph_TR3_01.jpg;Retired electrician;CC0;http://creativecommons.org/publicdomain/zero/1.0/deed.en;15
images/real/real_806b8930d5.jpg;Moscow_car_meet_2025-07-12_Triumph_TR3_03_9c490446.jpg;File:Moscow car meet 2025-07-12 Triumph TR3 03.jpg;https://commons.wikimedia.org/wiki/File%3AMoscow_car_meet_2025-07-12_Triumph_TR3_03.jpg;Retired electrician;CC0;http://creativecommons.org/publicdomain/zero/1.0/deed.en;14
images/real/real_547e3c2789.jpg;Moscow_car_meet_2025-07-12_Triumph_TR3_05_90c551bf.jpg;File:Moscow car meet 2025-07-12 Triumph TR3 05.jpg;https://commons.wikimedia.org/wiki/File%3AMoscow_car_meet_2025-07-12_Triumph_TR3_05.jpg;Retired electrician;CC0;http://creativecommons.org/publicdomain/zero/1.0/deed.en;16
images/real/real_026af66e4c.jpg;Moscow_car_meet_2025-07-12_Triumph_TR3_06_bb1abc27.jpg;File:Moscow car meet 2025-07-12 Triumph TR3 06.jpg;https://commons.wikimedia.org/wiki/File%3AMoscow_car_meet_2025-07-12_Triumph_TR3_06.jpg;Retired electrician;CC0;http://creativecommons.org/publicdomain/zero/1.0/deed.en;0
images/real/real_f498e39782.jpg;Moscow_car_meet_2025-07-12_Triumph_TR3_15_ffed8288.jpg;File:Moscow car meet 2025-07-12 Triumph TR3 15.jpg;https://commons.wikimedia.org/wiki/File%3AMoscow_car_meet_2025-07-12_Triumph_TR3_15.jpg;Retired electrician;CC0;http://creativecommons.org/publicdomain/zero/1.0/deed.en;14
images/real/real_408debf475.jpg;Moscow_car_meet_2025-07-12_UAZ-469_01_9bb65b34.jpg;File:Moscow car meet 2025-07-12 UAZ-469 01.jpg;https://commons.wikimedia.org/wiki/File%3AMoscow_car_meet_2025-07-12_UAZ-469_01.jpg;Retired electrician;CC0;http://creativecommons.org/publicdomain/zero/1.0/deed.en;6
images/real/real_c981a9e461.jpg;Moscow_car_meet_2025-07-12_VAZ-21011_VAZ-2102_08_d17c5044.jpg;File:Moscow car meet 2025-07-12 VAZ-21011,VAZ-2102 08.jpg;https://commons.wikimedia.org/wiki/File%3AMoscow_car_meet_2025-07-12_VAZ-21011%2CVAZ-2102_08.jpg;Retired electrician;CC0;http://creativecommons.org/publicdomain/zero/1.0/deed.en;6
images/real/real_cd641497b6.jpg;Moscow_car_meet_2025-07-12_VAZ-2101_01_eaeb1e05.jpg;File:Moscow car meet 2025-07-12 VAZ-2101 01.jpg;https://commons.wikimedia.org/wiki/File%3AMoscow_car_meet_2025-07-12_VAZ-2101_01.jpg;Retired electrician;CC0;http://creativecommons.org/publicdomain/zero/1.0/deed.en;2
images/real/real_14a821eb26.jpg;Moscow_car_meet_2025-07-12_VAZ-2101_02_9f45a05d.jpg;File:Moscow car meet 2025-07-12 VAZ-2101 02.jpg;https://commons.wikimedia.org/wiki/File%3AMoscow_car_meet_2025-07-12_VAZ-2101_02.jpg;Retired electrician;CC0;http://creativecommons.org/publicdomain/zero/1.0/deed.en;9
images/real/real_1c40e5d202.jpg;Moscow_car_meet_2025-07-12_VAZ-2102_01_5b429028.jpg;File:Moscow car meet 2025-07-12 VAZ-2102 01.jpg;https://commons.wikimedia.org/wiki/File%3AMoscow_car_meet_2025-07-12_VAZ-2102_01.jpg;Retired electrician;CC0;http://creativecommons.org/publicdomain/zero/1.0/deed.en;0
images/real/real_e713c428bb.jpg;Moscow_car_meet_2025-07-12_VAZ-2103_02_85cb87b4.jpg;File:Moscow car meet 2025-07-12 VAZ-2103 02.jpg;https://commons.wikimedia.org/wiki/File%3AMoscow_car_meet_2025-07-12_VAZ-2103_02.jpg;Retired electrician;CC0;http://creativecommons.org/publicdomain/zero/1.0/deed.en;7
images/real/real_698a49caa3.jpg;Moscow_car_meet_2025-07-12_VAZ-2103_03_8a90d301.jpg;File:Moscow car meet 2025-07-12 VAZ-2103 03.jpg;https://commons.wikimedia.org/wiki/File%3AMoscow_car_meet_2025-07-12_VAZ-2103_03.jpg;Retired electrician;CC0;http://creativecommons.org/publicdomain/zero/1.0/deed.en;4
images/real/real_e54dc25ce9.jpg;Moscow_car_meet_2025-07-12_VAZ-2103_04_e55ac5e7.jpg;File:Moscow car meet 2025-07-12 VAZ-2103 04.jpg;https://commons.wikimedia.org/wiki/File%3AMoscow_car_meet_2025-07-12_VAZ-2103_04.jpg;Retired electrician;CC0;http://creativecommons.org/publicdomain/zero/1.0/deed.en;10
images/real/real_5e34daa47d.jpg;Moscow_car_meet_2025-07-12_VAZ-2103_05_3482fa23.jpg;File:Moscow car meet 2025-07-12 VAZ-2103 05.jpg;https://commons.wikimedia.org/wiki/File%3AMoscow_car_meet_2025-07-12_VAZ-2103_05.jpg;Retired electrician;CC0;http://creativecommons.org/publicdomain/zero/1.0/deed.en;11
images/real/real_4d6b607b8d.jpg;Moscow_car_meet_2025-07-12_VAZ-2103_06_fd967bcb.jpg;File:Moscow car meet 2025-07-12 VAZ-2103 06.jpg;https://commons.wikimedia.org/wiki/File%3AMoscow_car_meet_2025-07-12_VAZ-2103_06.jpg;Retired electrician;CC0;http://creativecommons.org/publicdomain/zero/1.0/deed.en;2
images/real/real_98cf711ea3.jpg;Moscow_car_meet_2025-07-12_VAZ-2103_07_6de7af66.jpg;File:Moscow car meet 2025-07-12 VAZ-2103 07.jpg;https://commons.wikimedia.org/wiki/File%3AMoscow_car_meet_2025-07-12_VAZ-2103_07.jpg;Retired electrician;CC0;http://creativecommons.org/publicdomain/zero/1.0/deed.en;0
images/real/real_83b2fd9892.jpg;Moscow_car_meet_2025-07-12_VAZ-2103_09_a49aaf6c.jpg;File:Moscow car meet 2025-07-12 VAZ-2103 09.jpg;https://commons.wikimedia.org/wiki/File%3AMoscow_car_meet_2025-07-12_VAZ-2103_09.jpg;Retired electrician;CC0;http://creativecommons.org/publicdomain/zero/1.0/deed.en;1
images/real/real_1971407528.jpg;Moscow_car_meet_2025-07-12_VAZ-2103_11_079de193.jpg;File:Moscow car meet 2025-07-12 VAZ-2103 11.jpg;https://commons.wikimedia.org/wiki/File%3AMoscow_car_meet_2025-07-12_VAZ-2103_11.jpg;Retired electrician;CC0;http://creativecommons.org/publicdomain/zero/1.0/deed.en;2
images/real/real_281d939a1a.jpg;Moscow_car_meet_2025-07-12_VAZ-2108_cabrio_July_2025_01_d75642aa.jpg;File:Moscow car meet 2025-07-12 VAZ-2108 cabrio July 2025 01.jpg;https://commons.wikimedia.org/wiki/File%3AMoscow_car_meet_2025-07-12_VAZ-2108_cabrio_July_2025_01.jpg;Retired electrician;CC0;http://creativecommons.org/publicdomain/zero/1.0/deed.en;10
images/real/real_fd283abb32.jpg;Moscow_car_meet_2025-07-12_VAZ-2108_cabrio_July_2025_02_b9f7c6fe.jpg;File:Moscow car meet 2025-07-12 VAZ-2108 cabrio July 2025 02.jpg;https://commons.wikimedia.org/wiki/File%3AMoscow_car_meet_2025-07-12_VAZ-2108_cabrio_July_2025_02.jpg;Retired electrician;CC0;http://creativecommons.org/publicdomain/zero/1.0/deed.en;4
images/real/real_a8f4dd8bdd.jpg;Moscow_car_meet_2025-07-12_VAZ-2121_02_da77e45b.jpg;File:Moscow car meet 2025-07-12 VAZ-2121 02.jpg;https://commons.wikimedia.org/wiki/File%3AMoscow_car_meet_2025-07-12_VAZ-2121_02.jpg;Retired electrician;CC0;http://creativecommons.org/publicdomain/zero/1.0/deed.en;2
images/real/real_be326180d4.jpg;Moscow_car_meet_2025-07-12_VAZ-2121_July_2025_01_3c735d4c.jpg;File:Moscow car meet 2025-07-12 VAZ-2121 July 2025 01.jpg;https://commons.wikimedia.org/wiki/File%3AMoscow_car_meet_2025-07-12_VAZ-2121_July_2025_01.jpg;Retired electrician;CC0;http://creativecommons.org/publicdomain/zero/1.0/deed.en;2
images/real/real_2ca9ef171c.jpg;Moscow_car_meet_2025-07-12_VW_TypI_01_0e306074.jpg;File:Moscow car meet 2025-07-12 VW TypI 01.jpg;https://commons.wikimedia.org/wiki/File%3AMoscow_car_meet_2025-07-12_VW_TypI_01.jpg;Retired electrician;CC0;http://creativecommons.org/publicdomain/zero/1.0/deed.en;15
images/real/real_7737a958dd.jpg;Moscow_car_meet_2025-07-12_Volga-21_row_02_74801c85.jpg;File:Moscow car meet 2025-07-12 Volga-21 row 02.jpg;https://commons.wikimedia.org/wiki/File%3AMoscow_car_meet_2025-07-12_Volga-21_row_02.jpg;Retired electrician;CC0;http://creativecommons.org/publicdomain/zero/1.0/deed.en;4
images/real/real_2b914dc223.jpg;Moscow_car_meet_2025-07-12_Volga-21_row_03_fd23a0ec.jpg;File:Moscow car meet 2025-07-12 Volga-21 row 03.jpg;https://commons.wikimedia.org/wiki/File%3AMoscow_car_meet_2025-07-12_Volga-21_row_03.jpg;Retired electrician;CC0;http://creativecommons.org/publicdomain/zero/1.0/deed.en;4
images/real/real_c95c61f45f.jpg;Moscow_car_meet_2025-07-12_Volga-21_row_04_ec107948.jpg;File:Moscow car meet 2025-07-12 Volga-21 row 04.jpg;https://commons.wikimedia.org/wiki/File%3AMoscow_car_meet_2025-07-12_Volga-21_row_04.jpg;Retired electrician;CC0;http://creativecommons.org/publicdomain/zero/1.0/deed.en;1
images/real/real_edaf47340d.jpg;Moscow_car_meet_2025-07-12_Volga-21_row_07_0f8683cd.jpg;File:Moscow car meet 2025-07-12 Volga-21 row 07.jpg;https://commons.wikimedia.org/wiki/File%3AMoscow_car_meet_2025-07-12_Volga-21_row_07.jpg;Retired electrician;CC0;http://creativecommons.org/publicdomain/zero/1.0/deed.en;1
images/real/real_02394e1258.jpg;Moscow_car_meet_2025-07-12_Volga-21_row_09_66805ea1.jpg;File:Moscow car meet 2025-07-12 Volga-21 row 09.jpg;https://commons.wikimedia.org/wiki/File%3AMoscow_car_meet_2025-07-12_Volga-21_row_09.jpg;Retired electrician;CC0;http://creativecommons.org/publicdomain/zero/1.0/deed.en;7
images/real/real_36e8305b87.jpg;Moscow_car_meet_2025-07-12_Volga-21_row_11_33713d7b.jpg;File:Moscow car meet 2025-07-12 Volga-21 row 11.jpg;https://commons.wikimedia.org/wiki/File%3AMoscow_car_meet_2025-07-12_Volga-21_row_11.jpg;Retired electrician;CC0;http://creativecommons.org/publicdomain/zero/1.0/deed.en;2
images/real/real_a78e66ba9e.jpg;Moscow_car_meet_2025-07-12_Volga-21_row_15_e55df1a3.jpg;File:Moscow car meet 2025-07-12 Volga-21 row 15.jpg;https://commons.wikimedia.org/wiki/File%3AMoscow_car_meet_2025-07-12_Volga-21_row_15.jpg;Retired electrician;CC0;http://creativecommons.org/publicdomain/zero/1.0/deed.en;5
images/real/real_110043dab9.jpg;Moscow_car_meet_2025-07-12_Volga-21_row_16_8f9c80a2.jpg;File:Moscow car meet 2025-07-12 Volga-21 row 16.jpg;https://commons.wikimedia.org/wiki/File%3AMoscow_car_meet_2025-07-12_Volga-21_row_16.jpg;Retired electrician;CC0;http://creativecommons.org/publicdomain/zero/1.0/deed.en;3
images/real/real_a9e074d9d3.jpg;Moscow_car_meet_2025-07-12_Volga-21_row_17_aee35772.jpg;File:Moscow car meet 2025-07-12 Volga-21 row 17.jpg;https://commons.wikimedia.org/wiki/File%3AMoscow_car_meet_2025-07-12_Volga-21_row_17.jpg;Retired electrician;CC0;http://creativecommons.org/publicdomain/zero/1.0/deed.en;3
images/real/real_b016b2eea9.jpg;Moscow_car_meet_2025-07-12_Volga-21_row_18_8a550f79.jpg;File:Moscow car meet 2025-07-12 Volga-21 row 18.jpg;https://commons.wikimedia.org/wiki/File%3AMoscow_car_meet_2025-07-12_Volga-21_row_18.jpg;Retired electrician;CC0;http://creativecommons.org/publicdomain/zero/1.0/deed.en;11
images/real/real_f46666f26f.jpg;Moscow_car_meet_2025-07-12_Volga-21_row_20_46e40cb9.jpg;File:Moscow car meet 2025-07-12 Volga-21 row 20.jpg;https://commons.wikimedia.org/wiki/File%3AMoscow_car_meet_2025-07-12_Volga-21_row_20.jpg;Retired electrician;CC0;http://creativecommons.org/publicdomain/zero/1.0/deed.en;21
images/real/real_7ba7ca1d4e.jpg;Moscow_car_meet_2025-07-12_Volga-24_row_01_439345f6.jpg;File:Moscow car meet 2025-07-12 Volga-24 row 01.jpg;https://commons.wikimedia.org/wiki/File%3AMoscow_car_meet_2025-07-12_Volga-24_row_01.jpg;Retired electrician;CC0;http://creativecommons.org/publicdomain/zero/1.0/deed.en;7
images/real/real_e6b9f34af6.jpg;Moscow_car_meet_2025-07-12_Volga-24_row_02_aff30df6.jpg;File:Moscow car meet 2025-07-12 Volga-24 row 02.jpg;https://commons.wikimedia.org/wiki/File%3AMoscow_car_meet_2025-07-12_Volga-24_row_02.jpg;Retired electrician;CC0;http://creativecommons.org/publicdomain/zero/1.0/deed.en;2
images/real/real_5ce5ab9a07.jpg;Moscow_car_meet_2025-07-12_Volga-24_row_04_1d35d3bc.jpg;File:Moscow car meet 2025-07-12 Volga-24 row 04.jpg;https://commons.wikimedia.org/wiki/File%3AMoscow_car_meet_2025-07-12_Volga-24_row_04.jpg;Retired electrician;CC0;http://creativecommons.org/publicdomain/zero/1.0/deed.en;4
images/real/real_c80fed2c15.jpg;Moscow_car_meet_2025-07-12_Volga-24_row_05_66522ae3.jpg;File:Moscow car meet 2025-07-12 Volga-24 row 05.jpg;https://commons.wikimedia.org/wiki/File%3AMoscow_car_meet_2025-07-12_Volga-24_row_05.jpg;Retired electrician;CC0;http://creativecommons.org/publicdomain/zero/1.0/deed.en;4
images/real/real_6527800db2.jpg;Moscow_car_meet_2025-07-12_ZAZ_M-401_01_825fcd43.jpg;File:Moscow car meet 2025-07-12 ZAZ, M-401 01.jpg;https://commons.wikimedia.org/wiki/File%3AMoscow_car_meet_2025-07-12_ZAZ%2C_M-401_01.jpg;Retired electrician;CC0;http://creativecommons.org/publicdomain/zero/1.0/deed.en;15
images/real/real_c720b1c186.jpg;Moscow_car_meet_2025-07-12_ZIL-4104_01_199cd45c.jpg;File:Moscow car meet 2025-07-12 ZIL-4104 01.jpg;https://commons.wikimedia.org/wiki/File%3AMoscow_car_meet_2025-07-12_ZIL-4104_01.jpg;Retired electrician;CC0;http://creativecommons.org/publicdomain/zero/1.0/deed.en;3
images/real/real_6670191f18.jpg;Moscow_car_meet_2025-07-12_custom_2-seat_Pobeda_07_4ae1af0a.jpg;File:Moscow car meet 2025-07-12 custom 2-seat Pobeda 07.jpg;https://commons.wikimedia.org/wiki/File%3AMoscow_car_meet_2025-07-12_custom_2-seat_Pobeda_07.jpg;Retired electrician;CC0;http://creativecommons.org/publicdomain/zero/1.0/deed.en;9
images/real/real_967da053a8.jpg;Moscow_car_meet_2025-07-12_custom_2-seat_Pobeda_08_777d812d.jpg;File:Moscow car meet 2025-07-12 custom 2-seat Pobeda 08.jpg;https://commons.wikimedia.org/wiki/File%3AMoscow_car_meet_2025-07-12_custom_2-seat_Pobeda_08.jpg;Retired electrician;CC0;http://creativecommons.org/publicdomain/zero/1.0/deed.en;0
images/real/real_39478d9dc5.jpg;Moscow_car_meet_2025-07-12_custom_2-seat_Pobeda_14_08c7747a.jpg;File:Moscow car meet 2025-07-12 custom 2-seat Pobeda 14.jpg;https://commons.wikimedia.org/wiki/File%3AMoscow_car_meet_2025-07-12_custom_2-seat_Pobeda_14.jpg;Retired electrician;CC0;http://creativecommons.org/publicdomain/zero/1.0/deed.en;20
images/real/real_d3abe530cf.jpg;Moscow_car_meet_2025-07-12_roadblocks_09_112368b0.jpg;File:Moscow car meet 2025-07-12 roadblocks 09.jpg;https://commons.wikimedia.org/wiki/File%3AMoscow_car_meet_2025-07-12_roadblocks_09.jpg;Retired electrician;CC0;http://creativecommons.org/publicdomain/zero/1.0/deed.en;0
images/real/real_c5ac8d3055.jpg;Moscow_car_meet_2025-07-12_roadblocks_10_f34ad24e.jpg;File:Moscow car meet 2025-07-12 roadblocks 10.jpg;https://commons.wikimedia.org/wiki/File%3AMoscow_car_meet_2025-07-12_roadblocks_10.jpg;Retired electrician;CC0;http://creativecommons.org/publicdomain/zero/1.0/deed.en;2
images/real/real_996cfc5626.jpg;Moscow_car_meet_2025-07-12_roadblocks_11_196b3075.jpg;File:Moscow car meet 2025-07-12 roadblocks 11.jpg;https://commons.wikimedia.org/wiki/File%3AMoscow_car_meet_2025-07-12_roadblocks_11.jpg;Retired electrician;CC0;http://creativecommons.org/publicdomain/zero/1.0/deed.en;1
images/real/real_f9a747177d.jpg;Moscow_car_meet_2025-07-12_roadblocks_12_77dab9f2.jpg;File:Moscow car meet 2025-07-12 roadblocks 12.jpg;https://commons.wikimedia.org/wiki/File%3AMoscow_car_meet_2025-07-12_roadblocks_12.jpg;Retired electrician;CC0;http://creativecommons.org/publicdomain/zero/1.0/deed.en;1
images/real/real_ba2d204c9f.jpg;Moscow_car_meet_2025-07-12_street_view_02_1fc445d8.jpg;File:Moscow car meet 2025-07-12 street view 02.jpg;https://commons.wikimedia.org/wiki/File%3AMoscow_car_meet_2025-07-12_street_view_02.jpg;Retired electrician;CC0;http://creativecommons.org/publicdomain/zero/1.0/deed.en;13
images/real/real_2050c1df3d.jpg;Moscow_car_show_2025-08-03_Bentley_01_cc39576a.jpg;File:Moscow car show 2025-08-03 Bentley 01.jpg;https://commons.wikimedia.org/wiki/File%3AMoscow_car_show_2025-08-03_Bentley_01.jpg;Retired electrician;CC0;http://creativecommons.org/publicdomain/zero/1.0/deed.en;0
images/real/real_e96a4d81d3.jpg;Moscow_car_show_2025-08-03_Bentley_02_4f94967d.jpg;File:Moscow car show 2025-08-03 Bentley 02.jpg;https://commons.wikimedia.org/wiki/File%3AMoscow_car_show_2025-08-03_Bentley_02.jpg;Retired electrician;CC0;http://creativecommons.org/publicdomain/zero/1.0/deed.en;0
images/real/real_83cbced0ff.jpg;Moscow_car_show_2025-08-03_Bentley_03_3d143690.jpg;File:Moscow car show 2025-08-03 Bentley 03.jpg;https://commons.wikimedia.org/wiki/File%3AMoscow_car_show_2025-08-03_Bentley_03.jpg;Retired electrician;CC0;http://creativecommons.org/publicdomain/zero/1.0/deed.en;0
images/real/real_35dd6b6bf2.jpg;Moscow_car_show_2025-08-03_Bentley_04_332b5d60.jpg;File:Moscow car show 2025-08-03 Bentley 04.jpg;https://commons.wikimedia.org/wiki/File%3AMoscow_car_show_2025-08-03_Bentley_04.jpg;Retired electrician;CC0;http://creativecommons.org/publicdomain/zero/1.0/deed.en;0
images/real/real_d73ccb34ec.jpg;Moscow_car_show_2025-08-03_GAZ-21_black_01_81eff0fc.jpg;File:Moscow car show 2025-08-03 GAZ-21 black 01.jpg;https://commons.wikimedia.org/wiki/File%3AMoscow_car_show_2025-08-03_GAZ-21_black_01.jpg;Retired electrician;CC0;http://creativecommons.org/publicdomain/zero/1.0/deed.en;1
images/real/real_dff5ab5efc.jpg;Moscow_car_show_2025-08-03_GAZ-21_black_02_4905fcb6.jpg;File:Moscow car show 2025-08-03 GAZ-21 black 02.jpg;https://commons.wikimedia.org/wiki/File%3AMoscow_car_show_2025-08-03_GAZ-21_black_02.jpg;Retired electrician;CC0;http://creativecommons.org/publicdomain/zero/1.0/deed.en;1
images/real/real_c2a5468467.jpg;Moscow_car_show_2025-08-03_GAZ-21_row_08_40c8d58c.jpg;File:Moscow car show 2025-08-03 GAZ-21 row 08.jpg;https://commons.wikimedia.org/wiki/File%3AMoscow_car_show_2025-08-03_GAZ-21_row_08.jpg;Retired electrician;CC0;http://creativecommons.org/publicdomain/zero/1.0/deed.en;0
images/real/real_ba69808024.jpg;Moscow_car_show_2025-08-03_GAZ-21_street_tour_01_338e0c00.jpg;File:Moscow car show 2025-08-03 GAZ-21 street tour 01.jpg;https://commons.wikimedia.org/wiki/File%3AMoscow_car_show_2025-08-03_GAZ-21_street_tour_01.jpg;Retired electrician;CC0;http://creativecommons.org/publicdomain/zero/1.0/deed.en;5
images/real/real_526b3e2f52.jpg;Moscow_car_show_2025-08-03_GAZ-24-02_1972_01_0d59bb74.jpg;File:Moscow car show 2025-08-03 GAZ-24-02 1972 01.jpg;https://commons.wikimedia.org/wiki/File%3AMoscow_car_show_2025-08-03_GAZ-24-02_1972_01.jpg;Retired electrician;CC0;http://creativecommons.org/publicdomain/zero/1.0/deed.en;2
images/real/real_936ac2fff2.jpg;Moscow_car_show_2025-08-03_GAZ-24-1980-Olympics_01_5d7c692d.jpg;File:Moscow car show 2025-08-03 GAZ-24-1980-Olympics 01.jpg;https://commons.wikimedia.org/wiki/File%3AMoscow_car_show_2025-08-03_GAZ-24-1980-Olympics_01.jpg;Retired electrician;CC0;http://creativecommons.org/publicdomain/zero/1.0/deed.en;0
images/real/real_fad2b497e5.jpg;Moscow_car_show_2025-08-03_GAZ-24-1980-Olympics_02_f69cf316.jpg;File:Moscow car show 2025-08-03 GAZ-24-1980-Olympics 02.jpg;https://commons.wikimedia.org/wiki/File%3AMoscow_car_show_2025-08-03_GAZ-24-1980-Olympics_02.jpg;Retired electrician;CC0;http://creativecommons.org/publicdomain/zero/1.0/deed.en;0
images/real/real_41ce5dc55b.jpg;Moscow_car_show_2025-08-03_GAZ-24-police_02_913d9938.jpg;File:Moscow car show 2025-08-03 GAZ-24-police 02.jpg;https://commons.wikimedia.org/wiki/File%3AMoscow_car_show_2025-08-03_GAZ-24-police_02.jpg;Retired electrician;CC0;http://creativecommons.org/publicdomain/zero/1.0/deed.en;1
images/real/real_a3c8721b8c.jpg;Moscow_car_show_2025-08-03_GAZ-24-police_05_1f52d8a3.jpg;File:Moscow car show 2025-08-03 GAZ-24-police 05.jpg;https://commons.wikimedia.org/wiki/File%3AMoscow_car_show_2025-08-03_GAZ-24-police_05.jpg;Retired electrician;CC0;http://creativecommons.org/publicdomain/zero/1.0/deed.en;0
images/real/real_f2ed5af595.jpg;Moscow_car_show_2025-08-03_GAZ-24_01_b1d8e119.jpg;File:Moscow car show 2025-08-03 GAZ-24 01.jpg;https://commons.wikimedia.org/wiki/File%3AMoscow_car_show_2025-08-03_GAZ-24_01.jpg;Retired electrician;CC0;http://creativecommons.org/publicdomain/zero/1.0/deed.en;0
images/real/real_c2f40b15fd.jpg;Moscow_car_show_2025-08-03_GAZ-69_01_3645ebae.jpg;File:Moscow car show 2025-08-03 GAZ-69 01.jpg;https://commons.wikimedia.org/wiki/File%3AMoscow_car_show_2025-08-03_GAZ-69_01.jpg;Retired electrician;CC0;http://creativecommons.org/publicdomain/zero/1.0/deed.en;1
images/real/real_48a1d0bb44.jpg;Moscow_car_show_2025-08-03_GAZ-69_GAZ-67B_01_6d320456.jpg;File:Moscow car show 2025-08-03 GAZ-69,GAZ-67B 01.jpg;https://commons.wikimedia.org/wiki/File%3AMoscow_car_show_2025-08-03_GAZ-69%2CGAZ-67B_01.jpg;Retired electrician;CC0;http://creativecommons.org/publicdomain/zero/1.0/deed.en;1
images/real/real_3860ec31ec.jpg;Moscow_car_show_2025-08-03_GAZ-M20-Pobeda-Convertible_1949_03_89046aae.jpg;File:Moscow car show 2025-08-03 GAZ-M20-Pobeda-Convertible 1949 03.jpg;https://commons.wikimedia.org/wiki/File%3AMoscow_car_show_2025-08-03_GAZ-M20-Pobeda-Convertible_1949_03.jpg;Retired electrician;CC0;http://creativecommons.org/publicdomain/zero/1.0/deed.en;1
images/real/real_fca6b3f465.jpg;Moscow_car_show_2025-08-03_GAZ-M20_GAZ-21_et_al_01_f92f6648.jpg;File:Moscow car show 2025-08-03 GAZ-M20, GAZ-21 et al 01.jpg;https://commons.wikimedia.org/wiki/File%3AMoscow_car_show_2025-08-03_GAZ-M20%2C_GAZ-21_et_al_01.jpg;Retired electrician;CC0;http://creativecommons.org/publicdomain/zero/1.0/deed.en;10
images/real/real_64f1d2e68f.jpg;Moscow_car_show_2025-08-03_M-2142-KnyazVladimir_01_dbaca396.jpg;File:Moscow car show 2025-08-03 M-2142-KnyazVladimir 01.jpg;https://commons.wikimedia.org/wiki/File%3AMoscow_car_show_2025-08-03_M-2142-KnyazVladimir_01.jpg;Retired electrician;CC0;http://creativecommons.org/publicdomain/zero/1.0/deed.en;0
images/real/real_314ce6dbec.jpg;Moscow_car_show_2025-08-03_M-2142-KnyazVladimir_02_35d8c284.jpg;File:Moscow car show 2025-08-03 M-2142-KnyazVladimir 02.jpg;https://commons.wikimedia.org/wiki/File%3AMoscow_car_show_2025-08-03_M-2142-KnyazVladimir_02.jpg;Retired electrician;CC0;http://creativecommons.org/publicdomain/zero/1.0/deed.en;6
images/real/real_c6e8050ce8.jpg;Moscow_car_show_2025-08-03_Mercury_Gr-Marq_street_tour_01_fa571d7c.jpg;File:Moscow car show 2025-08-03 Mercury Gr-Marq street tour 01.jpg;https://commons.wikimedia.org/wiki/File%3AMoscow_car_show_2025-08-03_Mercury_Gr-Marq_street_tour_01.jpg;Retired electrician;CC0;http://creativecommons.org/publicdomain/zero/1.0/deed.en;16
images/real/real_d7b3c12ea1.jpg;Moscow_car_show_2025-08-03_Plymouth_Barracuda_street_tour_01_38357d97.jpg;File:Moscow car show 2025-08-03 Plymouth Barracuda street tour 01.jpg;https://commons.wikimedia.org/wiki/File%3AMoscow_car_show_2025-08-03_Plymouth_Barracuda_street_tour_01.jpg;Retired electrician;CC0;http://creativecommons.org/publicdomain/zero/1.0/deed.en;2
images/real/real_a098562806.jpg;Moscow_car_show_2025-08-03_VAZ-2108-racing_03_88e5d16d.jpg;File:Moscow car show 2025-08-03 VAZ-2108-racing 03.jpg;https://commons.wikimedia.org/wiki/File%3AMoscow_car_show_2025-08-03_VAZ-2108-racing_03.jpg;Retired electrician;CC0;http://creativecommons.org/publicdomain/zero/1.0/deed.en;3
images/real/real_97e0aad703.jpg;Moscow_car_show_2025-08-03_VW_Kafer_street_tour_02_067b630f.jpg;File:Moscow car show 2025-08-03 VW Kafer street tour 02.jpg;https://commons.wikimedia.org/wiki/File%3AMoscow_car_show_2025-08-03_VW_Kafer_street_tour_02.jpg;Retired electrician;CC0;http://creativecommons.org/publicdomain/zero/1.0/deed.en;0
images/real/real_f735126d26.jpg;Moscow_car_show_2025-08-03_VW_Kafer_street_tour_03_b76b58e4.jpg;File:Moscow car show 2025-08-03 VW Kafer street tour 03.jpg;https://commons.wikimedia.org/wiki/File%3AMoscow_car_show_2025-08-03_VW_Kafer_street_tour_03.jpg;Retired electrician;CC0;http://creativecommons.org/publicdomain/zero/1.0/deed.en;1
images/real/real_58e3309313.jpg;Moscow_car_show_2026-08-01_GAZ_lowriders_pale_blue_01_8700527a.jpg;File:Moscow car show 2026-08-01 GAZ lowriders, pale blue 01.jpg;https://commons.wikimedia.org/wiki/File%3AMoscow_car_show_2026-08-01_GAZ_lowriders%2C_pale_blue_01.jpg;Retired electrician;CC0;http://creativecommons.org/publicdomain/zero/1.0/deed.en;2
images/real/real_918daebe56.jpg;Moscow_militarist_propaganda_car_June_2025_01_e358ed83.jpg;File:Moscow, militarist propaganda car, June 2025 01.jpg;https://commons.wikimedia.org/wiki/File%3AMoscow%2C_militarist_propaganda_car%2C_June_2025_01.jpg;Retired electrician;CC0;http://creativecommons.org/publicdomain/zero/1.0/deed.en;8
images/real/real_796690ab18.jpg;Moskvich_1500_sl_16176319173__22482419.jpg;File:Moskvich 1500 sl и Москворецкая башня (16176319173).jpg;https://commons.wikimedia.org/wiki/File%3AMoskvich_1500_sl_%D0%B8_%D0%9C%D0%BE%D1%81%D0%BA%D0%B2%D0%BE%D1%80%D0%B5%D1%86%D0%BA%D0%B0%D1%8F_%D0%B1%D0%B0%D1%88%D0%BD%D1%8F_%2816176319173%29.jpg;Artem Svetlov from Moscow, Russia;CC BY 2.0;https://creativecommons.org/licenses/by/2.0;1
images/real/real_0b573273f5.jpg;Moskvitch-2140_Ufa_2022-05_2_f1831309.jpg;File:Moskvitch-2140 Ufa 2022-05 2.jpg;https://commons.wikimedia.org/wiki/File%3AMoskvitch-2140_Ufa_2022-05_2.jpg;Svetlov Artem;CC BY-SA 4.0;https://creativecommons.org/licenses/by-sa/4.0;0
images/real/real_ac15643f0e.jpg;Moskvitch-2140_Ufa_2022-05_7bc542d8.jpg;File:Moskvitch-2140 Ufa 2022-05.jpg;https://commons.wikimedia.org/wiki/File%3AMoskvitch-2140_Ufa_2022-05.jpg;Svetlov Artem;CC BY-SA 4.0;https://creativecommons.org/licenses/by-sa/4.0;0
images/real/real_4adc0877b7.jpg;Mostransavto_Domodedovo_bus_240_750_98759bdf.jpg;File:Mostransavto Domodedovo bus К240РУ 750.jpg;https://commons.wikimedia.org/wiki/File%3AMostransavto_Domodedovo_bus_%D0%9A240%D0%A0%D0%A3_750.jpg;Svetlov Artem;CC0;http://creativecommons.org/publicdomain/zero/1.0/deed.en;0
images/real/real_1116a23c8e.jpg;NefAZ_5299-40-52_under_number_161931_on_9_route_in_Moscow_71e5b10a.jpg;File:NefAZ 5299-40-52 under number 161931 on 9 route in Moscow.jpg;https://commons.wikimedia.org/wiki/File%3ANefAZ_5299-40-52_under_number_161931_on_9_route_in_Moscow.jpg;Kirill Borisenko;CC BY-SA 4.0;https://creativecommons.org/licenses/by-sa/4.0;8
images/real/real_19a3aa0b6f.jpg;Nikel-036_f2aca568.jpg;File:Nikel-036.jpg;https://commons.wikimedia.org/wiki/File%3ANikel-036.jpg;Alexander Novikov;CC BY-SA 4.0;https://creativecommons.org/licenses/by-sa/4.0;0
images/real/real_765cb177fb.jpg;Nizhny_Novgorod_Stadium_04-2019.jpg_06_b72f4a22.jpg;File:Nizhny Novgorod Stadium 04-2019.jpg 06.jpg;https://commons.wikimedia.org/wiki/File%3ANizhny_Novgorod_Stadium_04-2019.jpg_06.jpg;Алексей Трефилов;CC BY-SA 4.0;https://creativecommons.org/licenses/by-sa/4.0;4
images/real/real_82dd94a365.jpg;Old_Town_Tbilisi_Georgia_48808629881__d5e41aa6.jpg;File:Old Town, Tbilisi, Georgia (48808629881).jpg;https://commons.wikimedia.org/wiki/File%3AOld_Town%2C_Tbilisi%2C_Georgia_%2848808629881%29.jpg;Andrew Milligan sumo;CC BY 2.0;https://creativecommons.org/licenses/by/2.0;0
images/real/real_2e3a4130ef.jpg;Old_walls_of_St._Petersburg_49972472196__9c4cbd71.jpg;File:Old walls of St. Petersburg (49972472196).jpg;https://commons.wikimedia.org/wiki/File%3AOld_walls_of_St._Petersburg_%2849972472196%29.jpg;Sergei F from Krasnoznamensk, Russia;CC BY 2.0;https://creativecommons.org/licenses/by/2.0;0
images/real/real_97d5509f6c.jpg;Pfingsttreffen_Puetnitz_2018_Ribnitz-Damgarten_1X7A2591__3445cc16.jpg;File:Pfingsttreffen Puetnitz 2018, Ribnitz-Damgarten (1X7A2591).jpg;https://commons.wikimedia.org/wiki/File%3APfingsttreffen_Puetnitz_2018%2C_Ribnitz-Damgarten_%281X7A2591%29.jpg;Matti Blume;CC BY-SA 4.0;https://creativecommons.org/licenses/by-sa/4.0;3
images/real/real_b16926d900.jpg;Pontiac_Grand_Prix_oldtimergallery2023_6aae8f39.jpg;File:Pontiac Grand Prix oldtimergallery2023.jpg;https://commons.wikimedia.org/wiki/File%3APontiac_Grand_Prix_oldtimergallery2023.jpg;Meccano.Cat;CC BY-SA 4.0;https://creativecommons.org/licenses/by-sa/4.0;0
images/real/real_50b52abdd0.jpg;Pre_firefighting_station_561e2dd1.jpg;File:Pre firefighting station.jpg;https://commons.wikimedia.org/wiki/File%3APre_firefighting_station.jpg;Vitold Muratov;CC BY-SA 4.0;https://creativecommons.org/licenses/by-sa/4.0;0
images/real/real_6cecac67b2.jpg;Purple_Car_with_Moscow_Oblast_numbers_39255f7e.jpg;File:Purple Car with Moscow Oblast numbers.jpg;https://commons.wikimedia.org/wiki/File%3APurple_Car_with_Moscow_Oblast_numbers.jpg;Danila Matveev;CC BY-SA 2.0;https://creativecommons.org/licenses/by-sa/2.0;0
images/real/real_5e3885d2bb.jpg;RAF-2203_Moscow_2022_f073704d.jpg;File:RAF-2203 Moscow 2022.jpg;https://commons.wikimedia.org/wiki/File%3ARAF-2203_Moscow_2022.jpg;Svetlov Artem;CC BY-SA 4.0;https://creativecommons.org/licenses/by-sa/4.0;0
images/real/real_357f5fbb01.jpg;River_embankment_Fontanka_-_panoramio_b296bcd1.jpg;File:River embankment Fontanka - panoramio.jpg;https://commons.wikimedia.org/wiki/File%3ARiver_embankment_Fontanka_-_panoramio.jpg;angelius1979;CC BY-SA 3.0;https://creativecommons.org/licenses/by-sa/3.0;3
images/real/real_73033205bc.jpg;Russia_Saint_Petersburg_Promyshlennaya_street_5_bld_6af94973.jpg;File:Russia, Saint Petersburg, Promyshlennaya street, 5 bld.jpg;https://commons.wikimedia.org/wiki/File%3ARussia%2C_Saint_Petersburg%2C_Promyshlennaya_street%2C_5_bld.jpg;Ilya Varlamov;CC BY-SA 4.0;https://creativecommons.org/licenses/by-sa/4.0;0
images/real/real_6f605f1a33.jpg;SAZ_LE60_139_bb12a857.jpg;File:SAZ LE60 МТА на съезде на Минскую улицу маршрут МО 139.jpg;https://commons.wikimedia.org/wiki/File%3ASAZ_LE60_%D0%9C%D0%A2%D0%90_%D0%BD%D0%B0_%D1%81%D1%8A%D0%B5%D0%B7%D0%B4%D0%B5_%D0%BD%D0%B0_%D0%9C%D0%B8%D0%BD%D1%81%D0%BA%D1%83%D1%8E_%D1%83%D0%BB%D0%B8%D1%86%D1%83_%D0%BC%D0%B0%D1%80%D1%88%D1%80%D1%83%D1%82_%D0%9C%D0%9E_139.jpg;ATI1999;CC BY-SA 4.0;https://creativecommons.org/licenses/by-sa/4.0;0
images/real/real_e96b527a04.jpg;Saint-Petersburg_SAAB_900_Turbo_725_78_28132262113__4ceda77b.jpg;File:Saint-Petersburg SAAB 900 Turbo Х725УХ78 (28132262113).jpg;https://commons.wikimedia.org/wiki/File%3ASaint-Petersburg_SAAB_900_Turbo_%D0%A5725%D0%A3%D0%A578_%2828132262113%29.jpg;Artem Svetlov from Moscow, Russia;CC BY 2.0;https://creativecommons.org/licenses/by/2.0;1
images/real/real_c095096781.jpg;Saint-Petersburg_Suzuki_Alto_FX_Frist_generation_039_78_28132221063__19051901.jpg;File:Saint-Petersburg Suzuki Alto FX Frist generation К039ТО78 (28132221063).jpg;https://commons.wikimedia.org/wiki/File%3ASaint-Petersburg_Suzuki_Alto_FX_Frist_generation_%D0%9A039%D0%A2%D0%9E78_%2828132221063%29.jpg;Artem Svetlov from Moscow, Russia;CC BY 2.0;https://creativecommons.org/licenses/by/2.0;1
images/real/real_a07c95f62b.jpg;Saint-Petersburg_Suzuki_Alto_FX_Frist_generation_039_78_28463172200__a114aa8c.jpg;File:Saint-Petersburg Suzuki Alto FX Frist generation К039ТО78 (28463172200).jpg;https://commons.wikimedia.org/wiki/File%3ASaint-Petersburg_Suzuki_Alto_FX_Frist_generation_%D0%9A039%D0%A2%D0%9E78_%2828463172200%29.jpg;Artem Svetlov from Moscow, Russia;CC BY 2.0;https://creativecommons.org/licenses/by/2.0;3
images/real/real_38967ab08e.jpg;Saint-Petersburg_Toyota_Will_Cypha_614_98_28130009454__fa282353.jpg;File:Saint-Petersburg Toyota Will Cypha У614ВВ98 (28130009454).jpg;https://commons.wikimedia.org/wiki/File%3ASaint-Petersburg_Toyota_Will_Cypha_%D0%A3614%D0%92%D0%9298_%2828130009454%29.jpg;Artem Svetlov from Moscow, Russia;CC BY 2.0;https://creativecommons.org/licenses/by/2.0;0
images/real/real_f9c3e069e8.jpg;Saint-Petersburg_Toyota_Will_Cypha_614_98_28130017084__00a42ba6.jpg;File:Saint-Petersburg Toyota Will Cypha У614ВВ98 (28130017084).jpg;https://commons.wikimedia.org/wiki/File%3ASaint-Petersburg_Toyota_Will_Cypha_%D0%A3614%D0%92%D0%9298_%2828130017084%29.jpg;Artem Svetlov from Moscow, Russia;CC BY 2.0;https://creativecommons.org/licenses/by/2.0;0
images/real/real_1b281c84a4.jpg;Saint-Petersburg_Toyota_Will_Cypha_614_98_28132254083__757ebcd5.jpg;File:Saint-Petersburg Toyota Will Cypha У614ВВ98 (28132254083).jpg;https://commons.wikimedia.org/wiki/File%3ASaint-Petersburg_Toyota_Will_Cypha_%D0%A3614%D0%92%D0%9298_%2828132254083%29.jpg;Artem Svetlov from Moscow, Russia;CC BY 2.0;https://creativecommons.org/licenses/by/2.0;0
images/real/real_2794c4a9d4.jpg;Setun_River_Valley_16_a4f486fa.jpg;File:Setun' River Valley 16.jpg;https://commons.wikimedia.org/wiki/File%3ASetun%27_River_Valley_16.jpg;MBH;CC BY 4.0;https://creativecommons.org/licenses/by/4.0;0
images/real/real_7aa4de0776.jpg;Silk_Way_Rally_2024_in_Tomsk_02_e508fa57.jpg;File:Silk Way Rally 2024 in Tomsk 02.jpg;https://commons.wikimedia.org/wiki/File%3ASilk_Way_Rally_2024_in_Tomsk_02.jpg;Ilya p;CC BY-SA 4.0;https://creativecommons.org/licenses/by-sa/4.0;0
images/real/real_a0e85e0074.jpg;Silk_Way_Rally_2024_in_Tomsk_03_7f3b8b58.jpg;File:Silk Way Rally 2024 in Tomsk 03.jpg;https://commons.wikimedia.org/wiki/File%3ASilk_Way_Rally_2024_in_Tomsk_03.jpg;Ilya p;CC BY-SA 4.0;https://creativecommons.org/licenses/by-sa/4.0;0
images/real/real_4b56e71182.jpg;Silk_Way_Rally_2024_in_Tomsk_04_e95de915.jpg;File:Silk Way Rally 2024 in Tomsk 04.jpg;https://commons.wikimedia.org/wiki/File%3ASilk_Way_Rally_2024_in_Tomsk_04.jpg;Ilya p;CC BY-SA 4.0;https://creativecommons.org/licenses/by-sa/4.0;0
images/real/real_780c9688c7.jpg;Some_Alfa_Romeos_5c0c82d6.jpg;File:Some Alfa Romeos.jpg;https://commons.wikimedia.org/wiki/File%3ASome_Alfa_Romeos.jpg;Meccano.Cat;CC BY-SA 4.0;https://creativecommons.org/licenses/by-sa/4.0;12
images/real/real_71a8a5a21f.jpg;Spb_bus_-2018_9855080b.jpg;File:Spb bus ЧМ-2018.jpg;https://commons.wikimedia.org/wiki/File%3ASpb_bus_%D0%A7%D0%9C-2018.jpg;Druzhok8118;CC BY-SA 4.0;https://creativecommons.org/licenses/by-sa/4.0;1
images/real/real_a05134c940.jpg;SsangYong_Actyon_RU_WAW_1__559df370.jpg;File:SsangYong Actyon, RU, WAW(1).jpg;https://commons.wikimedia.org/wiki/File%3ASsangYong_Actyon%2C_RU%2C_WAW%281%29.jpg;Raf24~commonswiki;CC BY-SA 4.0;https://creativecommons.org/licenses/by-sa/4.0;0
images/real/real_de73e3dad4.jpg;SsangYong_Actyon_RU_WAW_2__2c6523fc.jpg;File:SsangYong Actyon, RU, WAW(2).jpg;https://commons.wikimedia.org/wiki/File%3ASsangYong_Actyon%2C_RU%2C_WAW%282%29.jpg;Raf24~commonswiki;CC BY-SA 4.0;https://creativecommons.org/licenses/by-sa/4.0;0
images/real/real_3a37b9cff3.jpg;St._Petersburg_33790370705__922a94d5.jpg;File:St. Petersburg (33790370705).jpg;https://commons.wikimedia.org/wiki/File%3ASt._Petersburg_%2833790370705%29.jpg;Mika Stetsovski;CC BY 2.0;https://creativecommons.org/licenses/by/2.0;0
images/real/real_fff98e1ac8.jpg;Staraya_Titovka_-_02_0e9cc721.jpg;File:Staraya Titovka - 02.jpg;https://commons.wikimedia.org/wiki/File%3AStaraya_Titovka_-_02.jpg;Alexander Novikov;CC BY-SA 4.0;https://creativecommons.org/licenses/by-sa/4.0;0
images/real/real_ab57c41f79.jpg;Tambov_g_sovetskaya_61g_369f2c7d.jpg;File:Tambov g sovetskaya 61g.jpg;https://commons.wikimedia.org/wiki/File%3ATambov_g_sovetskaya_61g.jpg;Olga Shuklina;CC BY-SA 4.0;https://creativecommons.org/licenses/by-sa/4.0;0
images/real/real_139468d443.jpg;UAZ_Pickup_2__66b54590.jpg;File:UAZ Pickup (2).jpg;https://commons.wikimedia.org/wiki/File%3AUAZ_Pickup_%282%29.jpg;Андрей Москаленко;CC0;http://creativecommons.org/publicdomain/zero/1.0/deed.en;0
images/real/real_975e45219e.jpg;Ural-4320_Police_Vehicle_in_SPB_0107081a.jpg;File:Ural-4320 Police Vehicle in SPB.jpg;https://commons.wikimedia.org/wiki/File%3AUral-4320_Police_Vehicle_in_SPB.jpg;Florstein (Telegram:WikiPhoto.Space);CC BY-SA 4.0;https://creativecommons.org/licenses/by-sa/4.0;0
images/real/real_4bf0b521ba.jpg;Vila_o_Dubrovnoje_Tjumena_provinco_20_b5c9ccf5.jpg;File:Vilaĝo Dubrovnoje (Tjumena provinco) 20.jpg;https://commons.wikimedia.org/wiki/File%3AVila%C4%9Do_Dubrovnoje_%28Tjumena_provinco%29_20.jpg;RG72;CC BY 4.0;https://creativecommons.org/licenses/by/4.0;1
images/real/real_4ce3f7ad60.jpg;Volga_GAZ-M-21_Shark_01_a755aca6.jpg;File:Volga GAZ-M-21 Shark 01.jpg;https://commons.wikimedia.org/wiki/File%3AVolga_GAZ-M-21_Shark_01.jpg;Stolbovsky;CC BY-SA 3.0;https://creativecommons.org/licenses/by-sa/3.0;0
images/real/real_e8dc47407b.jpg;Volga_GAZ-M-21_Shark_02_c5fbbc17.jpg;File:Volga GAZ-M-21 Shark 02.jpg;https://commons.wikimedia.org/wiki/File%3AVolga_GAZ-M-21_Shark_02.jpg;Stolbovsky;CC BY-SA 3.0;https://creativecommons.org/licenses/by-sa/3.0;0
images/real/real_b45c44a3c7.jpg;Volga_with_low_ground_clearance_2020_June_Ptz_53121d9e.jpg;File:Volga with low ground clearance 2020 June Ptz.jpg;https://commons.wikimedia.org/wiki/File%3AVolga_with_low_ground_clearance_2020_June_Ptz.jpg;English:  Andrew Krizhanovsky Русский:  Андрей Крижановский;Public domain;;0
images/real/real_87b6386291.jpg;Volkswagen_Crafter_4__26ab08ee.jpg;File:Volkswagen Crafter (4).jpg;https://commons.wikimedia.org/wiki/File%3AVolkswagen_Crafter_%284%29.jpg;Андрей Москаленко;CC0;http://creativecommons.org/publicdomain/zero/1.0/deed.en;1
images/real/real_0e5c995b02.jpg;Waldstra_en_-_panoramio_a76b3af2.jpg;File:Waldstraßen - panoramio.jpg;https://commons.wikimedia.org/wiki/File%3AWaldstra%C3%9Fen_-_panoramio.jpg;Kurt Basis;CC BY 3.0;https://creativecommons.org/licenses/by/3.0;1
images/real/real_faef18cd73.jpg;Waldwege_-_panoramio_1__5d19ecd7.jpg;File:Waldwege - panoramio (1).jpg;https://commons.wikimedia.org/wiki/File%3AWaldwege_-_panoramio_%281%29.jpg;Kurt Basis;CC BY 3.0;https://creativecommons.org/licenses/by/3.0;2
images/real/real_d47bd31669.jpg;Yakitoriya_delivery_car_b439e86d.jpg;File:Yakitoriya delivery car.jpg;https://commons.wikimedia.org/wiki/File%3AYakitoriya_delivery_car.jpg;Stolbovsky;CC BY-SA 3.0;https://creativecommons.org/licenses/by-sa/3.0;0
images/real/real_e8fbb7e366.jpg;Z-shaped_marking_on_civilian_vehicle_2022-03-12_68918abc.jpeg;File:Z-shaped marking on civilian vehicle 2022-03-12.jpeg;https://commons.wikimedia.org/wiki/File%3AZ-shaped_marking_on_civilian_vehicle_2022-03-12.jpeg;user:Dinamik;CC BY-SA 4.0;https://creativecommons.org/licenses/by-sa/4.0;1
images/real/real_0a5c9fb149.jpg;Zaz-968M_Ufa_2022-05_2_91e15c7c.jpg;File:Zaz-968M Ufa 2022-05 2.jpg;https://commons.wikimedia.org/wiki/File%3AZaz-968M_Ufa_2022-05_2.jpg;Svetlov Artem;CC BY-SA 4.0;https://creativecommons.org/licenses/by-sa/4.0;0
images/real/real_a15e03f805.jpg;Zaz-968M_Ufa_2022-05_df9f83dd.jpg;File:Zaz-968M Ufa 2022-05.jpg;https://commons.wikimedia.org/wiki/File%3AZaz-968M_Ufa_2022-05.jpg;Svetlov Artem;CC BY-SA 4.0;https://creativecommons.org/licenses/by-sa/4.0;0
images/real/real_755f10eab0.jpg;Zelenograd_Savyolkinsky_Proezd_the_Flute_Building_21221389516__484315f3.jpg;File:Zelenograd, Savyolkinsky Proezd, the Flute Building (21221389516).jpg;https://commons.wikimedia.org/wiki/File%3AZelenograd%2C_Savyolkinsky_Proezd%2C_the_Flute_Building_%2821221389516%29.jpg;Gennady Grachev from Moscow, Russia;CC BY 2.0;https://creativecommons.org/licenses/by/2.0;0
images/real/real_05c32a3ac6.jpg;_-2106_.__e5bd116c.jpg;File:ВАЗ-2106 Шакал. От владельца.jpg;https://commons.wikimedia.org/wiki/File%3A%D0%92%D0%90%D0%97-2106_%D0%A8%D0%B0%D0%BA%D0%B0%D0%BB._%D0%9E%D1%82_%D0%B2%D0%BB%D0%B0%D0%B4%D0%B5%D0%BB%D1%8C%D1%86%D0%B0.jpg;Zckfas;CC BY-SA 4.0;https://creativecommons.org/licenses/by-sa/4.0;2
images/real/real_649c9e97b7.jpg;_-4292.60_2021__2edd6582.jpg;File:ЛиАЗ-4292.60 2021 года в Москве.jpg;https://commons.wikimedia.org/wiki/File%3A%D0%9B%D0%B8%D0%90%D0%97-4292.60_2021_%D0%B3%D0%BE%D0%B4%D0%B0_%D0%B2_%D0%9C%D0%BE%D1%81%D0%BA%D0%B2%D0%B5.jpg;ATI1999;CC BY-SA 4.0;https://creativecommons.org/licenses/by-sa/4.0;1
images/real/real_01031699f1.jpg;_-4292_2021_02_7676c14b.jpg;File:ЛиАЗ-4292 2021 года сзади 02.jpg;https://commons.wikimedia.org/wiki/File%3A%D0%9B%D0%B8%D0%90%D0%97-4292_2021_%D0%B3%D0%BE%D0%B4%D0%B0_%D1%81%D0%B7%D0%B0%D0%B4%D0%B8_02.jpg;ATI1999;CC BY-SA 4.0;https://creativecommons.org/licenses/by-sa/4.0;0
images/real/real_6e2743d9f6.jpg;_-4292_2021__707817aa.jpg;File:ЛиАЗ-4292 2021 года в Москве сзади.jpg;https://commons.wikimedia.org/wiki/File%3A%D0%9B%D0%B8%D0%90%D0%97-4292_2021_%D0%B3%D0%BE%D0%B4%D0%B0_%D0%B2_%D0%9C%D0%BE%D1%81%D0%BA%D0%B2%D0%B5_%D1%81%D0%B7%D0%B0%D0%B4%D0%B8.jpg;ATI1999;CC BY-SA 4.0;https://creativecommons.org/licenses/by-sa/4.0;1
images/real/real_898aa4bc50.jpg;_-6274_-_LiAZ-6274_Moscow_2_6d9af048.jpg;File:ЛиАЗ-6274, Москва - LiAZ-6274, Moscow 2.jpg;https://commons.wikimedia.org/wiki/File%3A%D0%9B%D0%B8%D0%90%D0%97-6274%2C_%D0%9C%D0%BE%D1%81%D0%BA%D0%B2%D0%B0_-_LiAZ-6274%2C_Moscow_2.jpg;Pulux11;CC BY-SA 4.0;https://creativecommons.org/licenses/by-sa/4.0;0
images/real/real_0eeff49800.jpg;_-6282_-_KamAZ-6282_Moscow_3_5d4ee237.jpg;File:КамАЗ-6282, Москва - KamAZ-6282, Moscow 3.jpg;https://commons.wikimedia.org/wiki/File%3A%D0%9A%D0%B0%D0%BC%D0%90%D0%97-6282%2C_%D0%9C%D0%BE%D1%81%D0%BA%D0%B2%D0%B0_-_KamAZ-6282%2C_Moscow_3.jpg;Pulux11;CC BY-SA 4.0;https://creativecommons.org/licenses/by-sa/4.0;1
images/real/real_85292e39c9.jpg;_-_712_750_-_2021-05_2_94ed0413.jpg;File:ЗИЛ-Юность У712СР750 Санкт-Петербург 2021-05 2.jpg;https://commons.wikimedia.org/wiki/File%3A%D0%97%D0%98%D0%9B-%D0%AE%D0%BD%D0%BE%D1%81%D1%82%D1%8C_%D0%A3712%D0%A1%D0%A0750_%D0%A1%D0%B0%D0%BD%D0%BA%D1%82-%D0%9F%D0%B5%D1%82%D0%B5%D1%80%D0%B1%D1%83%D1%80%D0%B3_2021-05_2.jpg;Artyom Svetlov;CC0;http://creativecommons.org/publicdomain/zero/1.0/deed.en;2
images/real/real_cb4f0141bd.jpg;_-__f85cb89d.jpg;File:Куликово, вики-краеведы на кладбище.jpg;https://commons.wikimedia.org/wiki/File%3A%D0%9A%D1%83%D0%BB%D0%B8%D0%BA%D0%BE%D0%B2%D0%BE%2C_%D0%B2%D0%B8%D0%BA%D0%B8-%D0%BA%D1%80%D0%B0%D0%B5%D0%B2%D0%B5%D0%B4%D1%8B_%D0%BD%D0%B0_%D0%BA%D0%BB%D0%B0%D0%B4%D0%B1%D0%B8%D1%89%D0%B5.jpg;ElenaLitera;CC BY-SA 4.0;https://creativecommons.org/licenses/by-sa/4.0;2
images/real/real_c041eabb5e.jpg;_03_54e977e4.jpg;File:Неманский переулок 03.jpg;https://commons.wikimedia.org/wiki/File%3A%D0%9D%D0%B5%D0%BC%D0%B0%D0%BD%D1%81%D0%BA%D0%B8%D0%B9_%D0%BF%D0%B5%D1%80%D0%B5%D1%83%D0%BB%D0%BE%D0%BA_03.jpg;Екатерина Борисова;CC BY-SA 4.0;https://creativecommons.org/licenses/by-sa/4.0;0
images/real/real_b1171f63ff.jpg;_11__1fec9ddb.jpg;File:Площадь Свободы, 11, Валдай.jpg;https://commons.wikimedia.org/wiki/File%3A%D0%9F%D0%BB%D0%BE%D1%89%D0%B0%D0%B4%D1%8C_%D0%A1%D0%B2%D0%BE%D0%B1%D0%BE%D0%B4%D1%8B%2C_11%2C_%D0%92%D0%B0%D0%BB%D0%B4%D0%B0%D0%B9.jpg;Варвара Каминская;CC BY-SA 4.0;https://creativecommons.org/licenses/by-sa/4.0;1
images/real/real_a65d55fc46.jpg;_13__a955f374.jpg;File:Площадь Свободы, 13, Валдай.jpg;https://commons.wikimedia.org/wiki/File%3A%D0%9F%D0%BB%D0%BE%D1%89%D0%B0%D0%B4%D1%8C_%D0%A1%D0%B2%D0%BE%D0%B1%D0%BE%D0%B4%D1%8B%2C_13%2C_%D0%92%D0%B0%D0%BB%D0%B4%D0%B0%D0%B9.jpg;Варвара Каминская;CC BY-SA 4.0;https://creativecommons.org/licenses/by-sa/4.0;2
images/real/real_d8d01a2283.jpg;_2141_93d7a20d.jpg;File:Москвич 2141.jpg;https://commons.wikimedia.org/wiki/File%3A%D0%9C%D0%BE%D1%81%D0%BA%D0%B2%D0%B8%D1%87_2141.jpg;Dmitriy707;CC BY-SA 4.0;https://creativecommons.org/licenses/by-sa/4.0;0
images/real/real_9ffa87e063.jpg;_2H1A5329WI_987410cb.jpg;File:Дворцовый мост и Ростральные Колонны 2H1A5329WI.jpg;https://commons.wikimedia.org/wiki/File%3A%D0%94%D0%B2%D0%BE%D1%80%D1%86%D0%BE%D0%B2%D1%8B%D0%B9_%D0%BC%D0%BE%D1%81%D1%82_%D0%B8_%D0%A0%D0%BE%D1%81%D1%82%D1%80%D0%B0%D0%BB%D1%8C%D0%BD%D1%8B%D0%B5_%D0%9A%D0%BE%D0%BB%D0%BE%D0%BD%D0%BD%D1%8B_2H1A5329WI.jpg;Kora27;CC BY-SA 4.0;https://creativecommons.org/licenses/by-sa/4.0;0
images/real/real_630b55fd08.jpg;_3_d7672bad.jpg;File:ЭиЛ МЧС России Фото3.JPG;https://commons.wikimedia.org/wiki/File%3A%D0%AD%D0%B8%D0%9B_%D0%9C%D0%A7%D0%A1_%D0%A0%D0%BE%D1%81%D1%81%D0%B8%D0%B8_%D0%A4%D0%BE%D1%82%D0%BE3.JPG;Alf van Beem;Public domain;;0
images/real/real_18f5d9176e.jpg;_412-2140_1__8d00ac7d.jpg;File:Москвич 412-2140 переходной (1).jpg;https://commons.wikimedia.org/wiki/File%3A%D0%9C%D0%BE%D1%81%D0%BA%D0%B2%D0%B8%D1%87_412-2140_%D0%BF%D0%B5%D1%80%D0%B5%D1%85%D0%BE%D0%B4%D0%BD%D0%BE%D0%B9_%281%29.jpg;MaksymStoyko;CC BY-SA 4.0;https://creativecommons.org/licenses/by-sa/4.0;0
images/real/real_b6a2367a1d.jpg;_412_-028_942_177_35925662326__42390a6a.jpg;File:Иж 412ИЭ-028 Е942ВТ177 (35925662326).jpg;https://commons.wikimedia.org/wiki/File%3A%D0%98%D0%B6_412%D0%98%D0%AD-028_%D0%95942%D0%92%D0%A2177_%2835925662326%29.jpg;Artem Svetlov from Moscow, Russia;CC BY 2.0;https://creativecommons.org/licenses/by/2.0;0
images/real/real_9b138f6b61.jpg;_456_e8fc83cd.jpg;File:Пулко456.jpg;https://commons.wikimedia.org/wiki/File%3A%D0%9F%D1%83%D0%BB%D0%BA%D0%BE456.jpg;Messir;CC BY-SA 4.0;https://creativecommons.org/licenses/by-sa/4.0;0
images/real/real_7a43680581.jpg;_47_01_01a195fc.jpg;File:Гаванская, 47, служба 01.jpg;https://commons.wikimedia.org/wiki/File%3A%D0%93%D0%B0%D0%B2%D0%B0%D0%BD%D1%81%D0%BA%D0%B0%D1%8F%2C_47%2C_%D1%81%D0%BB%D1%83%D0%B6%D0%B1%D0%B0_01.jpg;Екатерина Борисова;CC BY-SA 4.0;https://creativecommons.org/licenses/by-sa/4.0;0
images/real/real_f6a6174236.jpg;_47_04_9e2170e2.jpg;File:Гаванская, 47, служба 04.jpg;https://commons.wikimedia.org/wiki/File%3A%D0%93%D0%B0%D0%B2%D0%B0%D0%BD%D1%81%D0%BA%D0%B0%D1%8F%2C_47%2C_%D1%81%D0%BB%D1%83%D0%B6%D0%B1%D0%B0_04.jpg;Екатерина Борисова;CC BY-SA 4.0;https://creativecommons.org/licenses/by-sa/4.0;0
images/real/real_9914faa874.jpg;_5_2e23415a.jpg;File:ЭиЛ МЧС России Фото5.JPG;https://commons.wikimedia.org/wiki/File%3A%D0%AD%D0%B8%D0%9B_%D0%9C%D0%A7%D0%A1_%D0%A0%D0%BE%D1%81%D1%81%D0%B8%D0%B8_%D0%A4%D0%BE%D1%82%D0%BE5.JPG;Alf van Beem;Public domain;;0
images/real/real_eaf7055856.jpg;_6_7c782209.jpg;File:ЭиЛ МЧС России Фото6.JPG;https://commons.wikimedia.org/wiki/File%3A%D0%AD%D0%B8%D0%9B_%D0%9C%D0%A7%D0%A1_%D0%A0%D0%BE%D1%81%D1%81%D0%B8%D0%B8_%D0%A4%D0%BE%D1%82%D0%BE6.JPG;Alf van Beem;Public domain;;0
images/real/real_563bc94d2b.jpg;_Audi_100_-__95e3a59d.jpg;File:Бишкек, Audi 100 на Рыскулова-Манаса.jpg;https://commons.wikimedia.org/wiki/File%3A%D0%91%D0%B8%D1%88%D0%BA%D0%B5%D0%BA%2C_Audi_100_%D0%BD%D0%B0_%D0%A0%D1%8B%D1%81%D0%BA%D1%83%D0%BB%D0%BE%D0%B2%D0%B0-%D0%9C%D0%B0%D0%BD%D0%B0%D1%81%D0%B0.jpg;Nikolai Bulykin;CC BY-SA 4.0;https://creativecommons.org/licenses/by-sa/4.0;2
images/real/real_c30d1396e0.jpg;_Porsche_911_Globus__e1e97c66.jpg;File:Алматы, Porsche 911 у Globus на Абая.jpg;https://commons.wikimedia.org/wiki/File%3A%D0%90%D0%BB%D0%BC%D0%B0%D1%82%D1%8B%2C_Porsche_911_%D1%83_Globus_%D0%BD%D0%B0_%D0%90%D0%B1%D0%B0%D1%8F.jpg;Nikolai Bulykin;CC BY-SA 4.0;https://creativecommons.org/licenses/by-sa/4.0;0
images/real/real_a287be8259.jpg;__5df694f3.jpg;File:Кузьминки , главная дорога.jpg;https://commons.wikimedia.org/wiki/File%3A%D0%9A%D1%83%D0%B7%D1%8C%D0%BC%D0%B8%D0%BD%D0%BA%D0%B8_%2C_%D0%B3%D0%BB%D0%B0%D0%B2%D0%BD%D0%B0%D1%8F_%D0%B4%D0%BE%D1%80%D0%BE%D0%B3%D0%B0.jpg;Aibek Aripzhanov;CC0;http://creativecommons.org/publicdomain/zero/1.0/deed.en;0
images/real/real_2187dad371.jpg;__77b22926.jpeg;File:Дом в Смоленске.jpeg;https://commons.wikimedia.org/wiki/File%3A%D0%94%D0%BE%D0%BC_%D0%B2_%D0%A1%D0%BC%D0%BE%D0%BB%D0%B5%D0%BD%D1%81%D0%BA%D0%B5.jpeg;Antonio Kless;CC BY-SA 3.0;https://creativecommons.org/licenses/by-sa/3.0;0
images/real/real_b913c6d3d5.jpg;__eeb451dc.jpg;File:Выделенная полоса для общественного транспорта в Москве.jpg;https://commons.wikimedia.org/wiki/File%3A%D0%92%D1%8B%D0%B4%D0%B5%D0%BB%D0%B5%D0%BD%D0%BD%D0%B0%D1%8F_%D0%BF%D0%BE%D0%BB%D0%BE%D1%81%D0%B0_%D0%B4%D0%BB%D1%8F_%D0%BE%D0%B1%D1%89%D0%B5%D1%81%D1%82%D0%B2%D0%B5%D0%BD%D0%BD%D0%BE%D0%B3%D0%BE_%D1%82%D1%80%D0%B0%D0%BD%D1%81%D0%BF%D0%BE%D1%80%D1%82%D0%B0_%D0%B2_%D0%9C%D0%BE%D1%81%D0%BA%D0%B2%D0%B5.jpg;Mos.ru;CC BY 4.0;https://creativecommons.org/licenses/by/4.0;0
images/real/real_d9aef27ded.jpg;__fe69f815.jpg;File:Автомобиль на улице Репина.jpg;https://commons.wikimedia.org/wiki/File%3A%D0%90%D0%B2%D1%82%D0%BE%D0%BC%D0%BE%D0%B1%D0%B8%D0%BB%D1%8C_%D0%BD%D0%B0_%D1%83%D0%BB%D0%B8%D1%86%D0%B5_%D0%A0%D0%B5%D0%BF%D0%B8%D0%BD%D0%B0.jpg;Екатерина Борисова;CC BY-SA 4.0;https://creativecommons.org/licenses/by-sa/4.0;0
images/real/real_a5fa63948b.jpg;_cropped__3d285f54.jpg;File:Дорожные знаки под эстакадой возле станции Крюково (cropped).jpg;https://commons.wikimedia.org/wiki/File%3A%D0%94%D0%BE%D1%80%D0%BE%D0%B6%D0%BD%D1%8B%D0%B5_%D0%B7%D0%BD%D0%B0%D0%BA%D0%B8_%D0%BF%D0%BE%D0%B4_%D1%8D%D1%81%D1%82%D0%B0%D0%BA%D0%B0%D0%B4%D0%BE%D0%B9_%D0%B2%D0%BE%D0%B7%D0%BB%D0%B5_%D1%81%D1%82%D0%B0%D0%BD%D1%86%D0%B8%D0%B8_%D0%9A%D1%80%D1%8E%D0%BA%D0%BE%D0%B2%D0%BE_%28cropped%29.jpg;Antonio Kless;CC BY-SA 4.0;https://creativecommons.org/licenses/by-sa/4.0;6
