image;plate_num;plate_type;bbox;quad;is_vehicle;is_synthetic;source;license;conditions
images/real/real_61204a9c4a.jpg;K501BX198;type1;1146.0,688.8,151.9,69.8;1146.0,706.4,1297.0,688.8,1297.9,739.3,1147.4,758.6;1;0;https://commons.wikimedia.org/wiki/File%3A2022_%D0%93%D0%90%D0%97%D0%B5%D0%BB%D1%8C_City_%D0%9D%D0%A2%D0%90_%D0%B2_%D0%A1%D0%B0%D0%BD%D0%BA%D1%82-%D0%9F%D0%B5%D1%82%D0%B5%D1%80%D0%B1%D1%83%D1%80%D0%B3%D0%B5_%D0%BC%D0%B0%D1%80%D1%88%D1%80%D1%83%D1%82_371.jpg;CC BY-SA 4.0;day,glare
images/real/real_229a9e95bc.jpg;X918OT790;type1;801.1,635.5,54.9,24.3;801.1,647.3,853.9,635.5,856.0,648.4,802.3,659.8;1;0;https://commons.wikimedia.org/wiki/File%3A20240419_Sergiev_Posad_city_walk_06_%2870677%29.jpg;CC BY 4.0;day
images/real/real_b8a951e3b6.jpg;OC55877;type1b;952.5,883.6,78.0,20.7;952.5,888.0,1030.1,883.6,1030.5,900.8,952.6,904.2;1;0;https://commons.wikimedia.org/wiki/File%3A2025-09-21_Moscow_marathon%2C_RGVIO_bus_02.jpg;CC0;day
images/real/real_ba394eb316.jpg;OC55877;type1b;1062.1,940.2,106.2,30.6;1062.1,943.8,1165.4,940.2,1168.2,966.2,1062.8,970.8;1;0;https://commons.wikimedia.org/wiki/File%3A2025-09-21_Moscow_marathon%2C_RGVIO_bus_03.jpg;CC0;day
images/real/real_a9403a5b99.jpg;P970YT716;type1;323.2,733.8,115.3,31.0;323.5,733.8,438.4,738.7,438.5,764.8,323.2,759.2;1;0;https://commons.wikimedia.org/wiki/File%3A2025_A_NefAZ-5299-40-52_bus_on_route_6_in_Naberezhnye_Chelny.jpg;CC0;day
images/real/real_4ff3a409b7.jpg;MA45018;type1b;250.7,612.8,71.6,19.7;251.6,612.8,321.3,618.1,322.3,632.5,250.7,627.7;1;0;https://commons.wikimedia.org/wiki/File%3A2316525_%D0%9D%D0%B5%D1%84%D0%90%D0%97-5299_%D0%B2_%D0%98%D0%B6%D0%B5%D0%B2%D1%81%D0%BA%D0%B5.jpg;CC BY-SA 4.0;angle,day
images/real/real_c1b5e18826.jpg;O994EB58;type1;528.6,610.0,67.2,14.2;529.1,610.0,595.7,610.4,595.8,624.2,528.6,623.3;1;0;https://commons.wikimedia.org/wiki/File%3A2353832_%D0%9C%D0%90%D0%97-103_%D0%B2_%D0%9F%D0%B5%D0%BD%D0%B7%D0%B5.jpg;CC BY-SA 4.0;day
images/real/real_4b3c514c02.jpg;P289HK58;type1;600.3,599.4,72.5,18.8;600.3,604.4,670.7,599.4,672.8,612.2,601.1,618.2;1;0;https://commons.wikimedia.org/wiki/File%3A2354036_%D0%9A%D0%90%D0%B2%D0%97-4270_%D0%B2_%D0%9F%D0%B5%D0%BD%D0%B7%D0%B5.jpg;CC BY-SA 4.0;day
images/real/real_0bd8467f12.jpg;P751HM58;type1;687.0,630.8,66.0,21.3;687.0,636.6,751.5,630.8,753.0,647.2,687.5,652.1;1;0;https://commons.wikimedia.org/wiki/File%3A2354040_Mercedes-Benz_O530_Citaro_%D0%B2_%D0%9F%D0%B5%D0%BD%D0%B7%D0%B5.jpg;CC BY-SA 4.0;day
images/real/real_34bb42aa0c.jpg;K766CY159;type1;766.6,724.1,82.9,22.0;766.6,729.1,849.5,724.1,849.3,743.5,767.7,746.1;1;0;https://commons.wikimedia.org/wiki/File%3A2396756_MAN_A21_%D0%B2_%D0%9F%D0%B5%D0%BD%D0%B7%D0%B5.jpg;CC BY-SA 4.0;day
images/real/real_3a6676d1e1.jpg;M194PE33;type1;757.8,652.3,39.8,9.7;758.1,653.3,797.0,652.3,797.6,659.8,757.8,662.0;1;0;https://commons.wikimedia.org/wiki/File%3A2446347_Mercedes-Benz_O405_%D0%B2_%D0%9F%D0%B5%D0%BD%D0%B7%D0%B5.jpg;CC BY-SA 4.0;day
images/real/real_22f9988f2f.jpg;P817BY58;type1;721.6,692.4,69.0,22.5;721.6,697.7,789.2,692.4,790.6,709.4,722.2,714.9;1;0;https://commons.wikimedia.org/wiki/File%3A2446374_Mercedes-Benz_O405_%D0%B2_%D0%9F%D0%B5%D0%BD%D0%B7%D0%B5.jpg;CC BY-SA 4.0;day
images/real/real_bfa246c5db.jpg;P466TK39;type1;542.0,599.8,116.2,34.4;542.5,606.5,655.5,599.8,658.2,628.0,542.0,634.2;1;0;https://commons.wikimedia.org/wiki/File%3A25_years_marshrutka_in_Kaliningrad.jpg;CC BY 4.0;day
images/real/real_1f22252263.jpg;B029HC51;type1;334.5,457.9,70.7,22.0;334.5,467.0,403.0,457.9,405.2,472.2,335.0,479.9;1;0;https://commons.wikimedia.org/wiki/File%3A29busKTM.jpg;CC BY 4.0;day
images/real/real_48b6d9afd7.jpg;X285KP116;type1;520.3,462.0,61.6,21.6;520.3,470.8,581.0,462.0,581.9,475.3,521.3,483.6;1;0;https://commons.wikimedia.org/wiki/File%3A338_big2.jpg;CC0;day
images/real/real_a1c318b566.jpg;EC99350;type1b;1136.1,739.2,181.8,86.7;1136.1,767.3,1312.6,739.2,1317.8,799.9,1139.4,825.8;1;0;https://commons.wikimedia.org/wiki/File%3A4._%D0%95%D0%A1_993.jpg;CC BY-SA 4.0;day
images/real/real_0daf584772.jpg;A677CO716;type1;1067.5,695.4,74.0,26.5;1067.5,707.2,1139.7,695.4,1141.5,708.9,1069.7,721.9;1;0;https://commons.wikimedia.org/wiki/File%3A419%3D2020.04.25%3D%D0%90%D0%B2%D1%82%D0%BE%D0%B1%D1%83%D1%81%3D31-%D0%B9_%D0%BC%D0%B0%D1%80%D1%88%D1%80%D1%83%D1%82%28%D0%9A%D0%B0%D0%B7%D0%B0%D0%BD%D1%8C%29%3DDSC_0153.JPG;CC0;day
images/real/real_0daf584772.jpg;B249EY716;type1;765.6,824.6,127.2,54.1;765.6,848.8,888.1,824.6,892.8,853.9,769.6,878.7;1;0;https://commons.wikimedia.org/wiki/File%3A419%3D2020.04.25%3D%D0%90%D0%B2%D1%82%D0%BE%D0%B1%D1%83%D1%81%3D31-%D0%B9_%D0%BC%D0%B0%D1%80%D1%88%D1%80%D1%83%D1%82%28%D0%9A%D0%B0%D0%B7%D0%B0%D0%BD%D1%8C%29%3DDSC_0153.JPG;CC0;day
images/real/real_a306ea719f.jpg;B640EY716;type1;479.2,673.4,53.3,23.2;481.7,673.4,532.4,680.8,531.1,696.7,479.2,689.9;1;0;https://commons.wikimedia.org/wiki/File%3A428%3D2020.04.29%3D%D0%90%D0%B2%D1%82%D0%BE%D0%B1%D1%83%D1%81%3D90-%D0%B9_%D0%BC%D0%B0%D1%80%D1%88%D1%80%D1%83%D1%82%3DLOTOS-206-%D0%A1NG%28%D0%9A%D0%B0%D0%B7%D0%B0%D0%BD%D1%8C%29%3DDSC_0557.JPG;CC0;day
images/real/real_a678690d71.jpg;K510HO152;type1;989.1,838.8,68.5,21.3;989.1,844.7,1054.6,838.8,1057.6,855.1,990.6,860.2;1;0;https://commons.wikimedia.org/wiki/File%3AArzamas%2C_Nizhny_Novgorod_Oblast%2C_Russia_-_panoramio_%2823%29.jpg;CC BY 3.0;day
images/real/real_160380c58a.jpg;M859CE152;type1;1224.9,889.2,113.2,28.7;1224.9,891.8,1337.2,889.2,1338.2,914.1,1226.1,917.8;1;0;https://commons.wikimedia.org/wiki/File%3AArzamas%2C_Nizhny_Novgorod_Oblast%2C_Russia_-_panoramio_%2833%29.jpg;CC BY 3.0;day
images/real/real_e306f625bf.jpg;M859CE152;type1;549.6,800.6,106.8,23.6;549.9,803.7,656.3,800.6,655.1,823.0,549.6,824.2;1;0;https://commons.wikimedia.org/wiki/File%3AArzamas%2C_Nizhny_Novgorod_Oblast%2C_Russia_-_panoramio_%2835%29.jpg;CC BY 3.0;day
images/real/real_e306f625bf.jpg;E617PM152;type1;1191.0,790.0,83.8,18.0;1191.0,792.5,1274.7,790.0,1272.3,807.0,1191.2,808.0;1;0;https://commons.wikimedia.org/wiki/File%3AArzamas%2C_Nizhny_Novgorod_Oblast%2C_Russia_-_panoramio_%2835%29.jpg;CC BY 3.0;angle,day
images/real/real_445b4ca76a.jpg;A191OB252;type1;836.7,712.5,76.9,26.3;836.7,722.7,907.9,712.5,913.7,727.4,838.8,738.8;1;0;https://commons.wikimedia.org/wiki/File%3AArzamas_bus_%D0%90191%D0%9E%D0%92252_2026-08_1787323026_Sobornaya_Square_PAZ-3204.jpg;CC BY 4.0;angle,day
images/real/real_2bf38fbe87.jpg;A458AA152;type1;394.2,621.2,42.5,8.8;394.5,621.2,436.7,621.3,435.0,629.4,394.2,629.9;1;0;https://commons.wikimedia.org/wiki/File%3AArzamas_bus_%D0%90458%D0%90%D0%90152_2026-08_1787327280_Krasnyi_Put_street_LiAZ-5256.jpg;CC BY 4.0;angle,day
images/real/real_16e0880e30.jpg;X180MC152;type1;71.5,789.4,73.2,16.0;72.8,790.8,143.8,789.4,144.8,804.8,71.5,805.4;1;0;https://commons.wikimedia.org/wiki/File%3AArzamas_bus_%D0%90491%D0%90%D0%90152_2026-08_1787323946_Muchnoi_Ryad_street_LiAZ-5256.jpg;CC BY 4.0;day
images/real/real_16e0880e30.jpg;A491AA152;type1;623.1,773.2,48.3,9.3;623.2,773.8,671.4,773.2,670.2,781.1,623.1,782.6;1;0;https://commons.wikimedia.org/wiki/File%3AArzamas_bus_%D0%90491%D0%90%D0%90152_2026-08_1787323946_Muchnoi_Ryad_street_LiAZ-5256.jpg;CC BY 4.0;angle,day,motion_blur
images/real/real_c94e37727f.jpg;A531YP252;type1;735.3,755.2,69.8,17.5;735.5,757.8,804.0,755.2,805.1,768.8,735.3,772.7;1;0;https://commons.wikimedia.org/wiki/File%3AArzamas_bus_531%D0%A3%D0%A0252_2026-08_1787323057_Sobornaya_Square_LiAZ-5256.jpg;CC BY 4.0;day
images/real/real_5aebf0e0ed.jpg;H180TY152;type1;615.8,789.0,57.3,17.8;616.7,791.6,673.2,789.0,673.1,804.9,615.8,806.8;1;0;https://commons.wikimedia.org/wiki/File%3AAuferstehungskathedrale_-_panoramio_%282%29.jpg;CC BY 3.0;day
images/real/real_b13daccbeb.jpg;O304YT47;type1;1147.2,747.7,48.5,17.7;1147.2,751.9,1195.7,747.7,1195.5,762.2,1147.3,765.3;1;0;https://commons.wikimedia.org/wiki/File%3AAvtobus13.jpg;CC BY-SA 4.0;day
images/real/real_d5004f12ba.jpg;KB62250;type1b;1164.2,791.8,111.2,25.4;1166.2,791.8,1272.2,794.9,1275.5,817.2,1164.2,815.9;1;0;https://commons.wikimedia.org/wiki/File%3ABalashikha%2C_Moscow_Oblast%2C_Russia_-_panoramio_%28160%29.jpg;CC BY 3.0;angle,day
images/real/real_d5004f12ba.jpg;KB61750;type1b;472.4,801.7,110.3,24.2;472.4,804.6,582.8,801.7,582.4,825.0,472.7,825.9;1;0;https://commons.wikimedia.org/wiki/File%3ABalashikha%2C_Moscow_Oblast%2C_Russia_-_panoramio_%28160%29.jpg;CC BY 3.0;day
images/real/real_b5603cb911.jpg;530BXV;other;316.6,1162.8,182.0,98.5;326.1,1162.8,498.6,1211.6,490.1,1261.3,316.6,1211.3;1;0;https://commons.wikimedia.org/wiki/File%3ABaltic_Shuttle_Bus_in_Saint_Petersburg.jpg;CC BY-SA 4.0;day
images/real/real_b9de87c6d9.jpg;H475MT31;type1;732.0,656.5,99.0,19.5;732.2,658.6,829.9,656.5,831.0,675.5,732.0,676.0;1;0;https://commons.wikimedia.org/wiki/File%3ABelgorod_bus_03.JPG;CC BY-SA 3.0;day
images/real/real_0b73937cd8.jpg;H475MT31;type1;825.7,699.4,94.2,23.5;825.7,704.6,917.5,699.4,919.8,718.6,827.0,722.9;1;0;https://commons.wikimedia.org/wiki/File%3ABelgorod_bus_04.JPG;CC BY-SA 3.0;day,glare
images/real/real_0b73937cd8.jpg;M264AX31;type1;1330.8,636.3,47.4,17.2;1330.8,640.9,1377.7,636.3,1378.2,650.1,1331.3,653.6;1;0;https://commons.wikimedia.org/wiki/File%3ABelgorod_bus_04.JPG;CC BY-SA 3.0;day,motion_blur
images/real/real_bcf1ce66e5.jpg;AM79731;type1b;742.5,688.8,92.7,22.0;742.5,691.7,834.0,688.8,835.2,707.7,743.1,710.8;1;0;https://commons.wikimedia.org/wiki/File%3ABelgorod_bus_05.JPG;CC BY-SA 3.0;day
images/real/real_bcf1ce66e5.jpg;H982OE31;type1;1394.0,709.1,78.1,23.2;1394.6,713.5,1470.1,709.1,1472.1,730.2,1394.0,732.3;1;0;https://commons.wikimedia.org/wiki/File%3ABelgorod_bus_05.JPG;CC BY-SA 3.0;day
images/real/real_13568c2494.jpg;AM82831;type1b;1093.2,531.5,51.0,15.9;1093.3,536.2,1143.4,531.5,1144.2,542.0,1093.2,547.4;1;0;https://commons.wikimedia.org/wiki/File%3ABelgorod_bus_17.jpg;CC BY-SA 3.0;day,dirt,motion_blur
images/real/real_0f6228599a.jpg;H734CK174;type1;206.3,697.6,69.1,22.3;207.0,697.6,275.4,701.0,275.3,719.9,206.3,717.4;1;0;https://commons.wikimedia.org/wiki/File%3ABogdan-A092.jpg;CC BY 3.0;day
images/real/real_1d158b8e4a.jpg;T141BE89;type1;965.2,897.6,64.8,22.1;965.8,902.3,1028.9,897.6,1030.1,914.4,965.2,919.7;1;0;https://commons.wikimedia.org/wiki/File%3ABrodneva_Street_%2803%29.jpg;CC BY-SA 4.0;day
images/real/real_f38bb179dd.jpg;AM76832;type1b;970.8,632.1,86.3,22.9;970.8,637.1,1056.8,632.1,1057.1,650.7,970.9,655.0;1;0;https://commons.wikimedia.org/wiki/File%3ABryansk_bus_LiAZ-4292_%D0%90%D0%9C_768_32_2019-05.jpg;CC0;day
images/real/real_b9b8e2a5d6.jpg;AM80232;type1b;849.4,680.4,59.2,13.0;849.5,681.4,908.6,680.4,907.6,693.4,849.4,693.0;1;0;https://commons.wikimedia.org/wiki/File%3ABryansk_bus_LiAZ-4292_%D0%90%D0%9C_802_32_2019-05.jpg;CC0;day,motion_blur
images/real/real_c386a96298.jpg;AM81932;type1b;835.2,699.3,42.7,14.8;835.2,704.1,876.8,699.3,877.8,709.0,836.0,714.1;1;0;https://commons.wikimedia.org/wiki/File%3ABryansk_bus_LiAZ-4292_%D0%90%D0%9C_819_32_2019-05.jpg;CC0;day,motion_blur
images/real/real_0f32c0a00c.jpg;H835AP32;type1;945.6,720.7,64.5,21.2;947.3,720.7,1010.1,724.5,1008.8,741.9,945.6,736.7;1;0;https://commons.wikimedia.org/wiki/File%3ABryansk_bus_Sovtransavto_Ikarus_%D0%90%D0%95178_32_2.jpg;CC0;day
images/real/real_913a0e8542.jpg;AE17832;type1b;1055.2,642.9,50.2,18.0;1055.2,648.4,1105.3,642.9,1105.2,655.0,1055.5,660.9;1;0;https://commons.wikimedia.org/wiki/File%3ABryansk_bus_Sovtransavto_Ikarus_%D0%90%D0%95178_32.jpg;CC0;day,motion_blur
images/real/real_913a0e8542.jpg;AM76832;type1b;30.2,581.8,55.2,11.2;30.3,581.8,85.3,582.7,85.2,593.0,30.2,591.8;1;0;https://commons.wikimedia.org/wiki/File%3ABryansk_bus_Sovtransavto_Ikarus_%D0%90%D0%95178_32.jpg;CC0;day
images/real/real_225e0e5af4.jpg;PK01277;type1b;771.1,570.2,75.2,18.0;772.1,571.9,846.2,570.2,845.5,586.7,771.1,588.2;1;0;https://commons.wikimedia.org/wiki/File%3ABus_160352_on_route_%D0%B585_on_Kashirskoye_Shosse%2C_Moscow_%2808.05.2025%29.jpg;CC BY-SA 4.0;day
images/real/real_9fb1f8a793.jpg;XH81977;type1b;380.1,662.6,117.8,25.8;380.1,662.6,497.7,663.8,497.8,688.4,380.4,687.4;1;0;https://commons.wikimedia.org/wiki/File%3ABus_162490_on_route_%D0%B580_near_Kashirskaya_metro_station%2C_Moscow_%2808.05.2025%29.jpg;CC BY-SA 4.0;day
images/real/real_92d62d2a80.jpg;K996MK21;type1;1097.5,839.6,85.9,26.2;1097.5,843.4,1181.9,839.6,1183.4,860.2,1097.8,865.8;1;0;https://commons.wikimedia.org/wiki/File%3ABus_In_Cheboksary.jpg;CC BY-SA 4.0;day
images/real/real_ae7aad844d.jpg;T676AX123;type1;668.7,588.9,91.3,24.5;668.7,592.9,757.9,588.9,760.0,609.1,669.5,613.4;1;0;https://commons.wikimedia.org/wiki/File%3ABus_Sochi_2018.jpg;CC BY 4.0;day
images/real/real_ae7aad844d.jpg;M295YK123;type1;77.5,488.2,60.8,14.1;77.5,491.1,138.0,488.2,138.3,500.8,77.5,502.3;1;0;https://commons.wikimedia.org/wiki/File%3ABus_Sochi_2018.jpg;CC BY 4.0;day
images/real/real_83e4136023.jpg;IKZ166;other;62.8,633.1,85.2,32.8;64.9,633.1,148.0,637.2,147.6,665.9,62.8,662.0;1;0;https://commons.wikimedia.org/wiki/File%3ABus_in_Kudrovo_596A_103533.jpg;CC BY-SA 4.0;day
images/real/real_83e4136023.jpg;A155AH198;type1;446.3,622.8,134.5,30.7;446.3,623.3,580.8,622.8,579.9,653.3,448.3,653.5;1;0;https://commons.wikimedia.org/wiki/File%3ABus_in_Kudrovo_596A_103533.jpg;CC BY-SA 4.0;day
images/real/real_e5c62ec15e.jpg;Y219TY178;type1;515.7,1019.9,156.1,44.0;516.6,1026.6,666.2,1019.9,671.8,1053.8,515.7,1063.9;1;0;https://commons.wikimedia.org/wiki/File%3ABus_in_Kudrovo_618_7467.jpg;CC BY-SA 4.0;day
images/real/real_326911cd2e.jpg;AM98532;type1b;859.1,944.3,146.3,32.6;859.1,945.4,1004.1,944.3,1005.4,975.2,859.8,976.9;1;0;https://commons.wikimedia.org/wiki/File%3ABus_routes_37_and_25_on_Lenina_Avenue_Bryansk.jpg;CC0;day
images/real/real_326911cd2e.jpg;AH03712;type1b;243.3,719.5,80.4,19.3;243.3,723.0,322.6,719.5,323.8,735.4,243.8,738.8;1;0;https://commons.wikimedia.org/wiki/File%3ABus_routes_37_and_25_on_Lenina_Avenue_Bryansk.jpg;CC0;day,glare,motion_blur
images/real/real_f8dc108047.jpg;M264AB761;type1;935.5,511.4,76.1,22.4;937.5,511.4,1011.6,515.1,1010.6,533.8,935.5,528.0;1;0;https://commons.wikimedia.org/wiki/File%3ABuso_NefAZ-5299-40_en_strato_la_20-a_Linio_%28Rostov_%C4%89e_Dono%29_01.jpg;CC BY-SA 4.0;day,glare
images/real/real_2ea04f5aeb.jpg;Y029AB761;type1;539.6,475.3,63.1,28.6;539.6,488.8,601.0,475.3,602.7,491.8,541.2,503.9;1;0;https://commons.wikimedia.org/wiki/File%3ABuso_NefAZ-5299-40_en_strato_la_20-a_Linio_%28Rostov_%C4%89e_Dono%29.jpg;CC BY-SA 4.0;day
images/real/real_ef0d45c505.jpg;EP83850;type1b;319.2,909.3,49.7,15.6;320.5,909.3,368.9,913.2,368.4,924.9,319.2,921.2;1;0;https://commons.wikimedia.org/wiki/File%3ADelta_Star_bus_Podolsk_%D0%95%D0%A0_838_50_%2814876651954%29.jpg;CC BY 2.0;day
images/real/real_d87dc7c902.jpg;P139MY790;type1;985.8,967.1,108.8,29.5;985.8,973.2,1092.1,967.1,1094.7,990.8,986.5,996.6;1;0;https://commons.wikimedia.org/wiki/File%3ADomodedovsky_District_bus_2026-07_Vokzalnaya_street_Lotos-105_494.JPG;CC BY 4.0;night
images/real/real_d87dc7c902.jpg;T965EX790;type1;28.4,901.8,93.0,29.1;28.4,901.8,119.3,903.5,121.4,926.9,32.2,930.9;1;0;https://commons.wikimedia.org/wiki/File%3ADomodedovsky_District_bus_2026-07_Vokzalnaya_street_Lotos-105_494.JPG;CC BY 4.0;angle,night
images/real/real_538d74a195.jpg;9416XE23;other;950.2,754.8,114.3,89.8;950.2,755.8,1063.5,754.8,1064.6,843.2,952.2,844.5;1;0;https://commons.wikimedia.org/wiki/File%3AElectrically-powered_bus_in_Sochi_01.jpg;CC BY-SA 3.0;day
images/real/real_af5aaf000d.jpg;7224XE23;other;1064.2,733.0,113.3,89.9;1064.2,734.1,1173.8,733.0,1177.6,817.9,1066.1,822.9;1;0;https://commons.wikimedia.org/wiki/File%3AElectrically-powered_bus_in_Sochi_02.jpg;CC BY-SA 3.0;day
images/real/real_34256c6a06.jpg;H983YP152;type1;824.8,525.5,41.3,16.2;824.8,527.3,865.9,525.5,866.1,541.7,825.7,541.5;1;0;https://commons.wikimedia.org/wiki/File%3AEvery_monkey_like_to_be_-_panoramio.jpg;CC BY 3.0;day,dirt
images/real/real_67bdd9998e.jpg;AY19552;type1b;529.1,966.7,36.8,9.8;529.2,966.7,565.8,966.9,565.8,976.4,529.1,976.1;1;0;https://commons.wikimedia.org/wiki/File%3AFachGesch%C3%A4ft_auf_dem_Platz_-_panoramio.jpg;CC BY 3.0;day,motion_blur
images/real/real_7ab7f06614.jpg;Y211KB790;type1;861.7,741.6,63.9,27.8;861.7,750.0,925.5,741.6,925.7,762.2,862.4,769.3;1;0;https://commons.wikimedia.org/wiki/File%3AFord_Transit_%D0%98%D0%9F_%D0%9B%D0%B5%D0%B1%D0%B5%D0%B4%D0%B5%D0%B2%D1%8B_%D0%B2_%D0%A1%D0%B5%D1%80%D0%B3%D0%B8%D0%B5%D0%B2%D0%BE%D0%BC_%D0%9F%D0%BE%D1%81%D0%B0%D0%B4%D0%B5.jpg;CC BY-SA 4.0;day,motion_blur
images/real/real_2693cf3ae5.jpg;E188TM174;type1;1063.7,481.1,58.7,14.6;1064.2,481.1,1121.8,482.7,1122.4,495.7,1063.7,493.8;1;0;https://commons.wikimedia.org/wiki/File%3AFord_Transit_in_Chelyabinsk.jpg;CC BY 3.0;day
images/real/real_2693cf3ae5.jpg;C251PE174;type1;665.7,593.4,119.4,35.0;665.7,598.2,784.1,593.4,785.1,622.6,666.2,628.4;1;0;https://commons.wikimedia.org/wiki/File%3AFord_Transit_in_Chelyabinsk.jpg;CC BY 3.0;day
images/real/real_03e7a868fe.jpg;TBC36477;other;1031.9,643.2,121.2,48.6;1031.9,656.1,1149.3,643.2,1153.2,677.2,1032.9,691.8;1;0;https://commons.wikimedia.org/wiki/File%3AFreightliner_FS-65_in_Moscow_%28rear_view%29.jpg;CC BY-SA 4.0;day
images/real/real_03e7a868fe.jpg;M657TT199;type1;17.7,790.1,168.9,51.8;17.7,807.8,182.8,790.1,186.6,823.1,20.8,841.8;1;0;https://commons.wikimedia.org/wiki/File%3AFreightliner_FS-65_in_Moscow_%28rear_view%29.jpg;CC BY-SA 4.0;day
images/real/real_5820232c0a.jpg;B399TA178;type1;747.3,841.4,164.6,57.3;747.3,860.3,909.9,841.4,911.9,883.2,749.8,898.8;1;0;https://commons.wikimedia.org/wiki/File%3AG%C3%B6ppel_Go4City_19_in_SPB_01.jpg;CC BY-SA 4.0;day
images/real/real_07ad5f2b4e.jpg;O334EX47;type1;1044.5,800.8,101.9,49.1;1044.5,812.2,1141.5,800.8,1146.4,835.0,1046.1,849.9;1;0;https://commons.wikimedia.org/wiki/File%3AGatchina-20210102_PAZ-320412-05-Vector_O_334_EKh_47.jpg;CC0;day
images/real/real_629b06603b.jpg;B140PE178;type1;1002.2,812.2,97.8,42.1;1002.2,826.7,1098.9,812.2,1099.9,840.9,1007.7,854.2;1;0;https://commons.wikimedia.org/wiki/File%3AGatchina-20220813_LiAZ-5256.58_3480_Route-K-18.jpg;CC0;day
images/real/real_e69abc5adc.jpg;O334EX47;type1;1055.3,840.7,123.7,69.5;1055.3,872.2,1174.5,840.7,1179.0,877.9,1061.7,910.2;1;0;https://commons.wikimedia.org/wiki/File%3AGatchina-20220814_PAZ-320412-05-Vector_O_334_EKh_47.jpg;CC0;angle,day
images/real/real_bee86bcb3c.jpg;O273CX47;type1;1120.7,724.7,84.7,51.5;1120.7,748.4,1201.3,724.7,1205.3,753.2,1123.5,776.2;1;0;https://commons.wikimedia.org/wiki/File%3AGatchina-20220927_PAZ-320412-05-Vector_O_273_SKh_47_Route-7.jpg;CC0;angle,day
images/real/real_c48e1c5234.jpg;B715AB147;type1;1071.9,806.5,115.7,47.6;1071.9,822.8,1187.6,806.5,1187.2,839.2,1073.8,854.1;1;0;https://commons.wikimedia.org/wiki/File%3AGatchina-20221203_PAZ-320435-04-Vector-Next_V_715_AV_147_Route-27.jpg;CC0;angle,day
images/real/real_d49b8a5ddb.jpg;B400HY147;type1;924.2,787.8,118.4,43.0;924.2,804.8,1042.6,787.8,1042.4,816.2,927.6,830.8;1;0;https://commons.wikimedia.org/wiki/File%3AGatchina-20230116_PAZ-320435-04-Vector-Next_V_400_NU_147.jpg;CC0;angle,day
images/real/real_8039f5a62f.jpg;O458PH47;type1;994.1,775.8,121.1,56.0;994.1,799.2,1112.5,775.8,1115.2,807.7,996.9,831.7;1;0;https://commons.wikimedia.org/wiki/File%3AGatchina-20230126_PAZ-320412-05-Vector_O_458_RN_47_Route-3.jpg;CC0;night
images/real/real_100abfcb72.jpg;B401HH147;type1;1137.1,824.0,104.2,67.0;1137.1,857.4,1236.2,824.0,1241.3,855.2,1138.9,891.0;1;0;https://commons.wikimedia.org/wiki/File%3AGatchina-20230126_PAZ-320435-04-Vector-Next_V_401_NN_147_Route-4.jpg;CC0;angle,night
images/real/real_f0603e1712.jpg;O337EX47;type1;1042.5,793.6,108.9,54.8;1042.5,809.2,1147.7,793.6,1151.4,831.1,1045.4,848.4;1;0;https://commons.wikimedia.org/wiki/File%3AGatchina-20230206_PAZ-320412-05-Vector_O_337_EKh_47_Route-22.jpg;CC0;day
images/real/real_213dfa8708.jpg;O338EX47;type1;1046.5,789.0,98.2,43.8;1046.5,804.3,1141.3,789.0,1144.7,816.3,1049.7,832.8;1;0;https://commons.wikimedia.org/wiki/File%3AGatchina-20230206_PAZ-320412-05-Vector_O_338_EKh_47_Route-22.jpg;CC0;day
images/real/real_c6a6b3b022.jpg;O273CX47;type1;978.8,807.4,120.9,47.6;978.8,823.8,1096.6,807.4,1099.7,839.9,979.3,855.0;1;0;https://commons.wikimedia.org/wiki/File%3AGatchina-20230207_PAZ-320412-05-Vector_O_273_SKh_47_Route-29.jpg;CC0;day
images/real/real_ee132b7a41.jpg;X507HO47;type1;1040.4,847.4,113.7,62.4;1040.4,869.7,1149.9,847.4,1154.1,884.7,1043.8,909.8;1;0;https://commons.wikimedia.org/wiki/File%3AGatchina-20230208_PAZ-320402-05_Kh_507_NO_47_Route-29.jpg;CC0;day
images/real/real_c9b98a1acb.jpg;O331EX47;type1;1104.7,784.0,103.9,54.5;1104.7,802.9,1204.2,784.0,1208.6,817.2,1107.9,838.5;1;0;https://commons.wikimedia.org/wiki/File%3AGatchina-20230208_PAZ-320412-05-Vector_O_331_EKh_47_Route-22.jpg;CC0;day
images/real/real_55103197ca.jpg;X507HO47;type1;1134.5,854.3,131.5,83.1;1134.5,895.6,1260.2,854.3,1266.0,897.9,1140.1,937.4;1;0;https://commons.wikimedia.org/wiki/File%3AGatchina-20230219_PAZ-320402-05_Kh_507_NO_47_Route-21.jpg;CC0;angle,day
images/real/real_ccb3c3c7a6.jpg;B401HH147;type1;963.3,785.6,90.9,25.2;963.3,789.9,1052.2,785.6,1054.2,804.5,964.9,810.8;1;0;https://commons.wikimedia.org/wiki/File%3AGatchina-20230219_PAZ-320435-04-Vector-Next_V_401_NN_147_Route-8.jpg;CC0;day
images/real/real_5ebd9a0829.jpg;X506HO47;type1;966.3,731.7,73.9,24.5;966.4,737.2,1039.5,731.7,1040.2,750.8,966.3,756.2;1;0;https://commons.wikimedia.org/wiki/File%3AGatchina-20230306_PAZ-320402-05_Kh_506_NO_47_Route-21.jpg;CC0;day
images/real/real_0a50cd7e8d.jpg;B400MM147;type1;994.0,839.8,128.8,50.6;994.0,858.3,1121.3,839.8,1122.8,876.0,996.2,890.4;1;0;https://commons.wikimedia.org/wiki/File%3AGatchina-20230306_PAZ-320435-04-Vector-Next_V_400_MM_147_Route-27.jpg;CC0;day
images/real/real_d2f23e9177.jpg;P922CP178;type1;913.4,744.8,80.3,26.2;913.4,751.4,992.2,744.8,993.7,763.8,913.9,771.0;1;0;https://commons.wikimedia.org/wiki/File%3AGatchina-20230325_LiAZ-5293.60_3836_Route-431.jpg;CC0;day
images/real/real_8ec9a39774.jpg;X714YM47;type1;948.5,764.6,94.7,28.7;948.5,772.3,1040.4,764.6,1043.2,784.9,948.5,793.2;1;0;https://commons.wikimedia.org/wiki/File%3AGatchina-20230329_PAZ-320402-05_Kh_714_UM_47_Route-29.jpg;CC0;day
images/real/real_14a93dc622.jpg;O759OE198;type1;919.1,794.9,94.4,30.7;919.1,806.9,1011.7,794.9,1013.5,815.2,919.9,825.7;1;0;https://commons.wikimedia.org/wiki/File%3AGatchina-20230403_Lotos-105_4956_Route-631.jpg;CC0;day
images/real/real_fa16648cb9.jpg;X508HO47;type1;954.8,804.6,115.2,40.0;954.8,818.2,1067.0,804.6,1070.1,830.3,955.7,844.6;1;0;https://commons.wikimedia.org/wiki/File%3AGatchina-20230404_PAZ-320402-05_Kh_508_NO_47_Route-27.jpg;CC0;day
images/real/real_3bf5df36c5.jpg;X507HO47;type1;1130.1,828.3,94.8,51.2;1130.1,845.8,1220.7,828.3,1224.8,860.0,1131.9,879.5;1;0;https://commons.wikimedia.org/wiki/File%3AGatchina-20230405_PAZ-320402-05_Kh_507_NO_47_Route-27.jpg;CC0;angle,day
images/real/real_4c4f69fc83.jpg;O903MB198;type1;954.1,742.6,78.4,27.5;954.1,752.7,1030.9,742.6,1032.5,761.9,954.2,770.1;1;0;https://commons.wikimedia.org/wiki/File%3AGatchina-20230410_Lotos-105_4982_Route-631.jpg;CC0;day,glare
images/real/real_8b9834b639.jpg;Y565OX47;type1;1437.8,716.2,71.2,23.8;1440.2,716.2,1509.1,724.9,1507.7,740.0,1437.8,732.0;1;0;https://commons.wikimedia.org/wiki/File%3AGatchina-20230411_PAZ-320435-04-Vector-Next_V_429_KU_147.jpg;CC0;day
images/real/real_8b9834b639.jpg;B429KY147;type1;1045.1,778.8,87.4,33.9;1045.1,790.2,1132.2,778.8,1132.5,804.0,1049.4,812.7;1;0;https://commons.wikimedia.org/wiki/File%3AGatchina-20230411_PAZ-320435-04-Vector-Next_V_429_KU_147.jpg;CC0;day
images/real/real_7404699970.jpg;X509HO47;type1;852.7,733.5,80.5,18.8;852.7,735.5,933.2,733.5,932.8,750.6,852.8,752.2;1;0;https://commons.wikimedia.org/wiki/File%3AGatchina-20230414_PAZ-320402-05_Kh_509_NO_47_Route-8.jpg;CC0;day
images/real/real_828512cdfe.jpg;B401HH147;type1;931.8,747.5,87.6,32.2;931.9,757.3,1017.3,747.5,1019.4,769.8,931.8,779.8;1;0;https://commons.wikimedia.org/wiki/File%3AGatchina-20230414_PAZ-320435-04-Vector-Next_V_401_NN_147_Route-29.jpg;CC0;day
images/real/real_a3edae4fbf.jpg;B377CP147;type1;996.6,784.0,99.8,34.3;996.6,791.3,1095.1,784.0,1096.4,810.9,997.2,818.3;1;0;https://commons.wikimedia.org/wiki/File%3AGatchina-20230416_PAZ-320435-04-Vector-Next_V_377_SR_147.jpg;CC0;day
images/real/real_95322fe265.jpg;X507HO47;type1;972.8,747.6,75.0,25.9;972.8,753.1,1046.8,747.6,1047.8,769.6,973.6,773.5;1;0;https://commons.wikimedia.org/wiki/File%3AGatchina-20230417_PAZ-320402-05_Kh_507_NO_47_Route-4.jpg;CC0;day
images/real/real_71657d722f.jpg;O447XB47;type1;1003.2,829.7,129.5,45.3;1003.2,845.0,1131.6,829.7,1132.7,861.9,1004.1,875.0;1;0;https://commons.wikimedia.org/wiki/File%3AGatchina-20230417_PAZ-320412-05-Vector_O_447_KhV_47_Route-8.jpg;CC0;day
images/real/real_f894f102e3.jpg;E100HT198;type1;1110.4,855.9,95.1,29.8;1110.4,863.9,1205.5,855.9,1205.4,879.7,1111.8,885.7;1;0;https://commons.wikimedia.org/wiki/File%3AGatchina-20240110_PAZ-320302-08_9260_Route-535.jpg;CC0;day
images/real/real_c3b847fb63.jpg;E050HT198;type1;932.9,848.3,110.2,27.8;935.3,848.3,1043.1,852.4,1041.8,876.1,932.9,871.5;1;0;https://commons.wikimedia.org/wiki/File%3AGatchina-20240221_PAZ-320302-08_9252_Route-535.jpg;CC0;day
images/real/real_a610fe8fbb.jpg;E139KE147;type1;1075.2,898.3,177.4,55.3;1075.2,908.2,1249.7,898.3,1252.7,940.4,1076.8,953.6;1;0;https://commons.wikimedia.org/wiki/File%3AGatchina-20240311_PAZ-320435-04_Vector_Next_9995_Route-536.jpg;CC0;day
images/real/real_b0b8a9ac12.jpg;P614CP178;type1;1058.6,792.0,96.2,35.3;1058.6,802.9,1154.7,792.0,1154.7,818.8,1059.9,827.3;1;0;https://commons.wikimedia.org/wiki/File%3AGatchina_LiAZ-5256.60_3738_Route-431.jpg;CC0;day
images/real/real_52eb730d60.jpg;X508HO47;type1;1045.9,803.8,104.4,52.7;1045.9,826.2,1145.6,803.8,1150.3,833.3,1049.5,856.4;1;0;https://commons.wikimedia.org/wiki/File%3AGatchina_PAZ-320402-05_Kh_508_NO_47_Route-8.jpg;CC0;day
images/real/real_fda4b29ca5.jpg;O751HP47;type1;996.7,845.3,155.9,65.5;996.7,867.5,1146.8,845.3,1152.7,883.9,1001.0,910.8;1;0;https://commons.wikimedia.org/wiki/File%3AGatchina_PAZ-320402-05_O_751_NR_47_Route-29.jpg;CC0;day
images/real/real_c6920beba1.jpg;K549AT152;type1;82.7,945.8,58.7,15.3;82.7,945.8,141.1,947.1,141.3,961.1,83.2,960.2;1;0;https://commons.wikimedia.org/wiki/File%3AHauptverkehrszeit_-_panoramio.jpg;CC BY 3.0;day
images/real/real_2bfd8d4062.jpg;A640KY88;type1;654.3,329.7,45.2,18.9;654.5,336.4,698.5,329.7,699.5,341.3,654.3,348.6;1;0;https://commons.wikimedia.org/wiki/File%3AHyundai_%D0%BA%D1%83%D1%80%D1%81%D0%B8%D1%80%D1%83%D0%B5%D1%82_%22%D0%B7%D0%B0%D0%BA%D0%B0%D0%B7%D0%BD%D0%BE%D0%B9%22_%D0%B2_%D0%9B%D1%83%D0%B3%D0%B0%D0%BD%D1%81%D0%BA%D0%B5_%D1%81_%D0%BD%D0%B0%D0%BA%D0%BB%D0%B5%D0%B9%D0%BA%D0%B0%D0%BC%D0%B8_%22%D0%9B%D1%83%D0%B3%D0%B0%D0%BD%D1%81%D0%BA%D0%B3%D0%BE%D1%80%D1%82%D1%80%D0%B0%D0%BD%D1%81%22.jpg;CC BY-SA 4.0;angle,day
images/real/real_c44714b532.jpg;O929AA198;type1;161.2,698.8,47.2,13.8;161.8,698.8,208.4,700.9,207.8,712.6,161.2,711.7;1;0;https://commons.wikimedia.org/wiki/File%3AIkarus-283_Saint-Petersburg_museum_2021-05.jpg;CC0;day,motion_blur
images/real/real_c3c02ebe5d.jpg;A966AE35;type1;829.2,686.7,84.8,26.7;829.2,695.4,912.6,686.7,914.0,706.3,829.2,713.4;1;0;https://commons.wikimedia.org/wiki/File%3AIndustrialnyy_rayon%2C_Cherepovets%2C_Vologodskaya_oblast%27%2C_Russia_-_panoramio_%2827%29.jpg;CC BY 3.0;day
images/real/real_9a5d501308.jpg;AK07635;type1b;743.8,659.0,37.0,11.2;743.8,659.0,780.8,660.8,780.7,670.2,743.8,667.9;1;0;https://commons.wikimedia.org/wiki/File%3AIndustrialnyy_rayon%2C_Cherepovets%2C_Vologodskaya_oblast%27%2C_Russia_-_panoramio_%287%29.jpg;CC BY 3.0;day,motion_blur
images/real/real_86423df57d.jpg;E979AY152;type1;21.8,875.3,49.2,14.3;22.4,876.2,70.9,875.3,71.0,887.5,21.8,889.7;1;0;https://commons.wikimedia.org/wiki/File%3AIt_is_all_around_us_-_panoramio.jpg;CC BY 3.0;day,dirt
images/real/real_5b2d43036f.jpg;AC33072;type1b;293.8,596.2,53.6,27.2;296.0,596.2,347.4,603.9,346.0,623.5,293.8,617.5;1;0;https://commons.wikimedia.org/wiki/File%3AItinera_taksio_N_6_en_Tjumeno_01.jpg;CC BY-SA 4.0;day
images/real/real_62ab57c34b.jpg;AC77072;type1b;562.0,554.1,66.8,17.6;562.0,555.3,628.8,554.1,627.9,570.6,562.4,571.7;1;0;https://commons.wikimedia.org/wiki/File%3AItinera_taksio_%C4%89e_strato_Melnikaite_%28Tjumeno%29.jpg;CC BY 4.0;day
images/real/real_b732f5e9df.jpg;C490EX39;type1;926.6,794.8,77.7,26.3;926.6,802.8,1003.6,794.8,1004.3,812.7,927.2,821.1;1;0;https://commons.wikimedia.org/wiki/File%3AKaliningrad_Leninskiy_Prospekt_111-117_None2025-05_00442.JPG;CC BY 4.0;day
images/real/real_128f2c3807.jpg;T169TT39;type1;654.6,584.8,65.1,20.7;654.6,590.5,719.7,584.8,719.2,601.5,655.6,605.5;1;0;https://commons.wikimedia.org/wiki/File%3AKaliningrad_Rally_%C2%ABDon%27t_call_him_Dimon%C2%BB_%282017-03-26%29.jpg;CC BY-SA 4.0;day
images/real/real_a0e63fd279.jpg;P483OC39;type1;595.2,801.7,59.0,17.3;595.2,805.8,653.1,801.7,654.2,816.2,595.3,819.1;1;0;https://commons.wikimedia.org/wiki/File%3AKaliningrad_bus_%2854510232632%29.jpg;CC BY 2.0;day
images/real/real_a0e63fd279.jpg;C432AP39;type1;1220.4,787.1,49.3,14.2;1220.4,791.2,1269.7,787.1,1268.6,799.2,1220.7,801.2;1;0;https://commons.wikimedia.org/wiki/File%3AKaliningrad_bus_%2854510232632%29.jpg;CC BY 2.0;angle,day
images/real/real_145b34e18e.jpg;P415CH62;type1;485.5,807.4,98.8,32.9;487.2,807.4,584.3,814.5,583.5,840.3,485.5,833.5;1;0;https://commons.wikimedia.org/wiki/File%3AKavz_4238_ryazan.jpg;CC BY-SA 4.0;day
images/real/real_e0194428e3.jpg;Y109XE27;type1;886.7,915.7,98.4,23.0;886.7,919.4,984.7,915.7,985.1,936.7,889.4,938.7;1;0;https://commons.wikimedia.org/wiki/File%3AKhabarovsk_Seryshev_street_1_2024-08_08.jpg;CC BY 4.0;day
images/real/real_e0194428e3.jpg;P087XO27;type1a;0.0,973.2,63.3,54.0;0.0,987.1,62.9,973.2,63.3,1016.1,0.0,1027.2;1;0;https://commons.wikimedia.org/wiki/File%3AKhabarovsk_Seryshev_street_1_2024-08_08.jpg;CC BY 4.0;angle,day
images/real/real_0091c9be77.jpg;M871BC790;type1;242.3,679.1,69.2,25.5;244.1,679.1,311.6,687.2,309.7,704.6,242.3,695.6;1;0;https://commons.wikimedia.org/wiki/File%3AKhlobystova_Street_8_k2%2C_Moscow_bus_%D0%A1652%D0%9D%D0%9577_2025-03_1742658826_Khlobystova_Street_8_k2%2C_Moscow_Nissan_Homy.jpg;CC BY 4.0;day
images/real/real_0091c9be77.jpg;C652HE77;type1;548.8,716.5,127.7,56.5;554.4,716.5,676.5,738.6,675.6,773.0,548.8,750.3;1;0;https://commons.wikimedia.org/wiki/File%3AKhlobystova_Street_8_k2%2C_Moscow_bus_%D0%A1652%D0%9D%D0%9577_2025-03_1742658826_Khlobystova_Street_8_k2%2C_Moscow_Nissan_Homy.jpg;CC BY 4.0;angle,day
images/real/real_534be51106.jpg;C652HE77;type1;982.3,716.9,86.1,68.1;982.3,746.7,1063.1,716.9,1068.4,751.7,988.0,785.0;1;0;https://commons.wikimedia.org/wiki/File%3AKhlobystova_Street_8_k2%2C_Moscow_bus_%D0%A1652%D0%9D%D0%9577_2025-03_1742658834_Khlobystova_Street_8_k2%2C_Moscow_Nissan_Homy.jpg;CC BY 4.0;angle,day
images/real/real_4c62eeacd3.jpg;C422EP124;type1;951.6,824.8,72.7,16.2;952.4,825.3,1024.2,824.8,1023.9,841.0,951.6,840.2;1;0;https://commons.wikimedia.org/wiki/File%3AKrasnoyarsk_bus_MAZ-103_2020-08.jpg;CC0;day
images/real/real_ee072301c9.jpg;B328OB54;type1;700.9,688.7,104.8,27.8;700.9,693.8,802.5,688.7,805.8,711.7,702.3,716.4;1;0;https://commons.wikimedia.org/wiki/File%3AKrasny_Avenue%2C_Novosibirsk_1.jpg;CC BY-SA 4.0;day
images/real/real_a1ce26700d.jpg;MB234##;type1b;1057.6,837.3,82.1,20.7;1058.1,837.4,1139.7,837.3,1139.4,858.0,1057.6,858.0;1;0;https://commons.wikimedia.org/wiki/File%3ALeninskiy_r-n%2C_Ivanovo%2C_Ivanovskaya_oblast%27%2C_Russia_-_panoramio_%2816%29.jpg;CC BY 3.0;day
images/real/real_f4a9f263f1.jpg;A139AE37;type1;1412.2,876.4,109.1,26.0;1413.3,876.5,1521.3,876.4,1521.2,901.9,1412.2,902.4;1;0;https://commons.wikimedia.org/wiki/File%3ALeninskiy_r-n%2C_Ivanovo%2C_Ivanovskaya_oblast%27%2C_Russia_-_panoramio_%289%29.jpg;CC BY 3.0;day
images/real/real_f4a9f263f1.jpg;MB80137;type1b;420.3,858.4,113.6,33.8;420.3,867.8,531.6,858.4,533.9,883.3,421.5,892.2;1;0;https://commons.wikimedia.org/wiki/File%3ALeninskiy_r-n%2C_Ivanovo%2C_Ivanovskaya_oblast%27%2C_Russia_-_panoramio_%289%29.jpg;CC BY 3.0;day
images/real/real_a206583181.jpg;EP68050;type1b;223.3,666.0,137.1,47.3;223.3,683.2,358.9,666.0,360.4,696.2,225.4,713.3;1;0;https://commons.wikimedia.org/wiki/File%3ALiAZ-5292.22_at_the_bus_station_in_Odintsovo.jpg;CC BY-SA 4.0;day
images/real/real_e1686ac271.jpg;O660BM62;type1;390.4,795.4,129.7,39.7;392.0,795.4,520.1,802.1,518.2,835.1,390.4,828.3;1;0;https://commons.wikimedia.org/wiki/File%3ALiAZ-5292_Ryazan.jpg;CC BY-SA 4.0;day
images/real/real_61a630dfc6.jpg;AE03648;type1b;1071.2,891.9,72.5,18.3;1071.6,896.0,1143.8,891.9,1143.1,906.3,1071.2,910.2;1;0;https://commons.wikimedia.org/wiki/File%3ALipetsk%2C_Lipetsk_Oblast%2C_Russia_-_panoramio_%2824%29.jpg;CC BY 3.0;day
images/real/real_10d4262cee.jpg;H352CM48;type1;803.2,918.1,85.8,22.3;803.2,921.3,888.9,918.1,889.1,937.7,803.8,940.3;1;0;https://commons.wikimedia.org/wiki/File%3ALipetsk%2C_Lipetsk_Oblast%2C_Russia_-_panoramio_%2825%29.jpg;CC BY 3.0;day,glare
images/real/real_ba16ad6d4e.jpg;M350AH159;type1;941.4,788.6,126.0,42.4;941.4,803.0,1061.8,788.6,1067.4,816.9,942.6,831.0;1;0;https://commons.wikimedia.org/wiki/File%3AMAN_A21_NL263.jpg;CC BY 4.0;day
images/real/real_bf403e3a40.jpg;AB08622;type1b;392.5,573.4,55.4,12.9;392.5,576.0,447.9,573.4,447.8,584.8,392.6,586.3;1;0;https://commons.wikimedia.org/wiki/File%3AMAN_SL202._%D0%9C%D0%B0%D1%80%D1%88%D1%80%D1%83%D1%82_20_%D0%9A_%D0%9F_%D0%BF%D0%BB%D0%BE%D1%89%D0%B0%D0%B4%D1%8C_%27%D0%A1%D0%BF%D0%B0%D1%80%D1%82%D0%B0%D0%BA%D0%B0%27.jpg;CC BY-SA 4.0;day,motion_blur
images/real/real_bf403e3a40.jpg;AO994##;type1b;1068.8,549.5,37.2,10.9;1068.8,551.7,1105.9,549.5,1106.0,557.5,1069.8,560.4;1;0;https://commons.wikimedia.org/wiki/File%3AMAN_SL202._%D0%9C%D0%B0%D1%80%D1%88%D1%80%D1%83%D1%82_20_%D0%9A_%D0%9F_%D0%BF%D0%BB%D0%BE%D1%89%D0%B0%D0%B4%D1%8C_%27%D0%A1%D0%BF%D0%B0%D1%80%D1%82%D0%B0%D0%BA%D0%B0%27.jpg;CC BY-SA 4.0;day
images/real/real_96dcc2129f.jpg;AH1374EK;other;879.5,609.9,125.6,27.3;879.5,609.9,1005.0,613.0,1005.1,637.2,880.0,636.9;1;0;https://commons.wikimedia.org/wiki/File%3AMAZ-103_in_Mariupol.jpg;CC BY-SA 4.0;day
images/real/real_1c11865e17.jpg;AH17032;type1b;376.0,435.7,45.4,16.4;377.0,435.7,421.4,441.7,420.4,452.1,376.0,445.6;1;0;https://commons.wikimedia.org/wiki/File%3AMAZ-103_on_Lenina_Avenue_in_Bryansk.jpg;CC0;day,motion_blur
images/real/real_3f9b92720d.jpg;AH00432;type1b;817.4,484.0,73.0,22.3;817.4,490.1,889.0,484.0,890.4,500.1,818.2,506.3;1;0;https://commons.wikimedia.org/wiki/File%3AMAZ-206_at_the_Bryansk-2_stop.jpg;CC0;day
images/real/real_80a267995a.jpg;C129AK142;type1;1533.5,841.4,58.4,15.4;1533.5,843.3,1591.1,841.4,1591.9,854.3,1533.8,856.8;1;0;https://commons.wikimedia.org/wiki/File%3AMAZ-231_in_Belovo.JPG;CC BY-SA 4.0;day
images/real/real_80a267995a.jpg;H951EB142;type1;514.4,886.8,87.7,23.3;515.6,886.8,600.9,886.8,602.1,910.1,514.4,908.3;1;0;https://commons.wikimedia.org/wiki/File%3AMAZ-231_in_Belovo.JPG;CC BY-SA 4.0;day
images/real/real_3759d6b935.jpg;MK33477;type1b;874.8,670.5,120.1,30.5;874.8,676.7,993.5,670.5,994.9,696.4,876.4,701.0;1;0;https://commons.wikimedia.org/wiki/File%3AMBS_Classic.jpg;CC BY-SA 4.0;day
images/real/real_58bd412fc9.jpg;C890TA154;type1;1135.0,660.0,86.2,30.2;1135.0,671.5,1218.1,660.0,1221.2,678.6,1136.9,690.2;1;0;https://commons.wikimedia.org/wiki/File%3AMEGA_Family_Shopping_Centre%2C_Novosibirsk_06.jpg;CC BY-SA 4.0;day
images/real/real_75b0f4ea8c.jpg;O062MK27;type1;750.6,790.3,70.8,18.7;750.6,794.2,821.1,790.3,821.4,806.5,750.9,809.0;1;0;https://commons.wikimedia.org/wiki/File%3AMG_4487_%281%29.jpg;CC BY-SA 4.0;day
images/real/real_538d10e068.jpg;P296BO27;type1;476.7,742.8,82.3,18.6;477.6,742.8,557.5,743.8,559.1,761.3,476.7,760.1;1;0;https://commons.wikimedia.org/wiki/File%3AMG_4640_%281%29.jpg;CC BY-SA 4.0;day
images/real/real_4a05329a33.jpg;AH1374EK;other;478.9,731.4,67.3,15.6;478.9,733.1,545.3,731.4,546.2,744.4,479.3,747.0;1;0;https://commons.wikimedia.org/wiki/File%3AMariupol._Bogdan_A092.jpg;CC BY-SA 4.0;day
images/real/real_cf8dea637e.jpg;O310OE799;type1;1096.4,712.8,48.2,15.2;1096.9,714.2,1144.7,712.8,1144.7,726.3,1096.4,727.9;1;0;https://commons.wikimedia.org/wiki/File%3AMoscow_-_2025_-_Bus_at_Bolotnaya_Embankment.jpg;CC BY 4.0;day
images/real/real_81be5ea18a.jpg;E076XP777;type1;1347.2,809.1,58.4,25.2;1347.2,816.3,1404.4,809.1,1405.7,826.7,1349.6,834.3;1;0;https://commons.wikimedia.org/wiki/File%3AMoscow_-_2025_-_King_Long_white_bus.jpg;CC BY 4.0;day
images/real/real_d6a7965b17.jpg;PK58777;type1b;628.1,888.0,164.8,40.9;628.2,888.0,789.8,890.2,792.8,928.9,628.1,927.1;1;0;https://commons.wikimedia.org/wiki/File%3AMoscow%2C_%D0%91_%28B%29_bus_on_Krasnokholmsky_bridge%2C_Aug_2025_01.jpg;CC0;day
images/real/real_87cc450b01.jpg;OT94577;type1b;1159.8,873.0,77.8,18.2;1159.8,874.2,1237.7,873.0,1237.7,890.6,1160.6,891.2;1;0;https://commons.wikimedia.org/wiki/File%3AMoscow%2C_Barrikadnaya_Street%2C_e-bus%2C_May_2025_01.jpg;CC0;day
images/real/real_6b499b31b8.jpg;E319OM799;type1;415.0,858.0,92.1,33.1;415.0,858.0,506.8,866.2,507.1,891.1,415.2,882.4;1;0;https://commons.wikimedia.org/wiki/File%3AMoscow%2C_Bolotnaya_Embankment%2C_red_bus%2C_Sept_2025_02.jpg;CC0;day,glare
images/real/real_426c972932.jpg;E319OM799;type1;758.5,1191.5,125.0,28.5;759.2,1191.5,882.5,1191.8,883.5,1219.8,758.5,1220.0;1;0;https://commons.wikimedia.org/wiki/File%3AMoscow%2C_Bolotnaya_Embankment%2C_red_bus%2C_Sept_2025_06.jpg;CC0;day,glare
images/real/real_47156474c0.jpg;C964EM799;type1;175.9,845.7,76.2,26.8;178.2,845.7,252.2,850.0,251.5,872.5,175.9,867.3;1;0;https://commons.wikimedia.org/wiki/File%3AMoscow%2C_Bolotnaya_Square%2C_red_sightseeing_bus%2C_June_2025_02.jpg;CC0;day
images/real/real_65e792eeeb.jpg;CK88077;type1b;592.3,884.1,160.9,41.6;592.3,884.1,753.1,891.9,753.2,925.7,593.3,919.7;1;0;https://commons.wikimedia.org/wiki/File%3AMoscow%2C_Bolshaya_Polyanka%2C_bus_on_route_m9%2C_Aug_2025_01.jpg;CC0;day
images/real/real_38c1948927.jpg;XX93377;type1b;1168.2,796.2,42.9,7.6;1168.5,796.2,1211.2,796.2,1210.2,803.7,1168.2,803.8;1;0;https://commons.wikimedia.org/wiki/File%3AMoscow%2C_Filyovskaya_Poyma_bus_terminal%2C_June_2025_06.jpg;CC0;day,motion_blur
images/real/real_59bc1bdeef.jpg;XX93377;type1b;162.3,705.4,42.8,11.1;163.1,705.4,204.8,706.7,205.2,716.5,162.3,716.1;1;0;https://commons.wikimedia.org/wiki/File%3AMoscow%2C_Filyovskaya_Poyma_bus_terminal%2C_June_2025_07.jpg;CC0;day
images/real/real_59bc1bdeef.jpg;OC47177;type1b;779.0,736.7,57.2,16.4;781.1,736.7,836.2,740.4,836.2,753.1,779.0,750.6;1;0;https://commons.wikimedia.org/wiki/File%3AMoscow%2C_Filyovskaya_Poyma_bus_terminal%2C_June_2025_07.jpg;CC0;day
images/real/real_bec0640cca.jpg;K678XC799;type1;273.1,778.9,142.7,38.7;274.2,778.9,415.8,780.9,415.4,817.6,273.1,814.1;1;0;https://commons.wikimedia.org/wiki/File%3AMoscow%2C_Ford_Transit_-_Yandex_office_shuttle_bus%2C_Sept_2025_01.jpg;CC0;day
images/real/real_f17b7a119d.jpg;M828BH799;type1;127.8,742.8,200.3,61.1;132.3,742.8,328.2,756.0,325.5,803.9,127.8,791.7;1;0;https://commons.wikimedia.org/wiki/File%3AMoscow%2C_GAZ_Sobol_bus%2C_Sept_2025_01.jpg;CC0;day,glare
images/real/real_a7ef4a496e.jpg;C833EO977;type1;1032.5,705.4,169.3,38.6;1033.2,706.8,1201.6,705.4,1201.8,741.5,1032.5,744.0;1;0;https://commons.wikimedia.org/wiki/File%3AMoscow%2C_GAZ_Vector_Next_bus%2C_Sept_2025_01.jpg;CC0;day
images/real/real_bc85ecad5e.jpg;C833EO977;type1;914.8,796.0,149.1,33.9;915.2,796.0,1062.4,796.2,1063.9,827.8,914.8,829.9;1;0;https://commons.wikimedia.org/wiki/File%3AMoscow%2C_GAZ_Vector_Next_bus%2C_Sept_2025_02.jpg;CC0;day
images/real/real_8b1f5aba6f.jpg;PM35677;type1b;378.3,656.2,41.1,11.1;379.0,656.2,419.4,657.8,419.0,667.3,378.3,666.2;1;0;https://commons.wikimedia.org/wiki/File%3AMoscow%2C_Gagarina_Square_bus_June_2025_01.jpg;CC0;day
images/real/real_e2228ce2a2.jpg;HT50077;type1b;713.2,861.8,115.3,26.1;715.1,861.8,828.5,865.0,828.3,887.9,713.2,885.1;1;0;https://commons.wikimedia.org/wiki/File%3AMoscow%2C_Gagarina_Square%2C_bus_stop_June_2025_08.jpg;CC0;day
images/real/real_30a84c2651.jpg;OT36977;type1b;298.5,838.8,80.3,20.6;298.8,838.8,378.8,841.7,378.8,859.3,298.5,857.0;1;0;https://commons.wikimedia.org/wiki/File%3AMoscow%2C_Gagarina_Square%2C_bus_stop_June_2025_10.jpg;CC0;day
images/real/real_66f63bff74.jpg;OC47177;type1b;276.0,792.8,97.8,25.5;276.0,792.8,373.7,797.5,373.8,818.3,276.2,814.2;1;0;https://commons.wikimedia.org/wiki/File%3AMoscow%2C_Gagarina_Square%2C_bus_stop_June_2025_12.jpg;CC0;day
images/real/real_99d60d3aa5.jpg;E960EA977;type1;298.5,726.8,91.1,19.2;299.5,726.8,388.8,727.3,389.6,746.1,298.5,742.9;1;0;https://commons.wikimedia.org/wiki/File%3AMoscow%2C_Gagarina_Square%2C_bus_stop_June_2025_13.jpg;CC0;day
images/real/real_abc2c66d22.jpg;P809CA797;type1;1176.2,726.2,107.8,36.7;1176.2,730.2,1283.4,726.2,1284.1,758.6,1177.3,762.8;1;0;https://commons.wikimedia.org/wiki/File%3AMoscow%2C_Gazelle_Next_Mosvodostok_crew_bus%2C_Sept_2025_01.jpg;CC0;day
images/real/real_e188fc9788.jpg;XX96777;type1b;1154.2,693.2,83.8,21.2;1154.2,697.2,1237.9,693.2,1237.8,711.6,1155.4,714.5;1;0;https://commons.wikimedia.org/wiki/File%3AMoscow%2C_Katukova_Street%2C_Liaz-5292_bus_July_2025_01.jpg;CC0;day
images/real/real_70d9ee9ac7.jpg;P896CO777;type1;1269.4,814.2,94.2,26.9;1269.4,817.8,1362.1,814.2,1363.7,837.2,1270.8,841.1;1;0;https://commons.wikimedia.org/wiki/File%3AMoscow%2C_Katukova_Street%2C_bus_on_route_631%2C_July_2025_01.jpg;CC0;day
images/real/real_41d87939d9.jpg;OT28377;type1b;845.7,757.7,70.9,16.4;846.2,758.7,916.6,757.7,916.1,772.9,845.7,774.1;1;0;https://commons.wikimedia.org/wiki/File%3AMoscow%2C_Kievsky_Terminal_square%2C_bus_station%2C_June_2025_03.jpg;CC0;day
images/real/real_d4c3e381df.jpg;XO31677;type1b;682.2,883.8,119.2,27.5;682.4,886.0,801.4,883.8,801.0,910.2,682.2,911.3;1;0;https://commons.wikimedia.org/wiki/File%3AMoscow%2C_Kievsky_Terminal_square%2C_bus_station%2C_June_2025_06.jpg;CC0;day
images/real/real_de0a058795.jpg;XO31677;type1b;677.3,775.4,59.2,13.6;677.4,776.7,736.5,775.4,735.8,788.8,677.3,789.0;1;0;https://commons.wikimedia.org/wiki/File%3AMoscow%2C_Kievsky_Terminal_square%2C_bus_station%2C_June_2025_07.jpg;CC0;day
images/real/real_4864a38dcf.jpg;OT28377;type1b;546.8,681.2,63.6,14.8;547.1,681.2,610.4,682.7,610.2,696.0,546.8,693.7;1;0;https://commons.wikimedia.org/wiki/File%3AMoscow%2C_Kievsky_Terminal_square%2C_bus_station%2C_June_2025_09.jpg;CC0;day
images/real/real_4864a38dcf.jpg;XO31677;type1b;1248.2,660.4,54.3,14.2;1248.9,660.4,1302.0,661.0,1302.6,673.2,1248.2,674.7;1;0;https://commons.wikimedia.org/wiki/File%3AMoscow%2C_Kievsky_Terminal_square%2C_bus_station%2C_June_2025_09.jpg;CC0;day
images/real/real_899ac4ba52.jpg;OT28377;type1b;1150.5,946.5,93.8,24.2;1152.1,946.5,1244.2,949.8,1243.1,970.7,1150.5,965.1;1;0;https://commons.wikimedia.org/wiki/File%3AMoscow%2C_Kievsky_Terminal_square%2C_bus_station%2C_June_2025_11.jpg;CC0;day
images/real/real_64644976ce.jpg;OP88277;type1b;1101.2,764.9,56.2,13.8;1102.2,764.9,1157.4,767.7,1156.8,778.8,1101.2,775.8;1;0;https://commons.wikimedia.org/wiki/File%3AMoscow%2C_Kievsky_Terminal_square%2C_bus_station%2C_June_2025_13.jpg;CC0;day
images/real/real_06472a0dd6.jpg;C957TM797;type1;1181.2,798.4,98.4,32.8;1181.5,805.4,1278.1,798.4,1279.6,825.2,1181.2,831.2;1;0;https://commons.wikimedia.org/wiki/File%3AMoscow%2C_King_Long_tour_bus%2C_Sept_2025_01.jpg;CC0;day
images/real/real_4f3611114a.jpg;CB85677;type1b;405.2,678.1,70.8,15.7;405.4,678.1,476.0,678.2,475.4,693.8,405.2,692.9;1;0;https://commons.wikimedia.org/wiki/File%3AMoscow%2C_Kosmodamianskaya_4%2C_battery_bus%2C_June_2025_02.jpg;CC0;day
images/real/real_d0f5a9e8bc.jpg;MX89677;type1b;719.7,779.2,108.8,22.3;719.7,779.5,824.6,779.2,828.5,799.2,719.8,801.6;1;0;https://commons.wikimedia.org/wiki/File%3AMoscow%2C_Kozhevnicheskaya_Street%2C_autonomous_tram_on_route_90%2C_bus_913%2C_Sept_2025_01.jpg;CC0;angle,day
images/real/real_24c8b2456b.jpg;OY78377;type1b;374.8,823.9,95.9,22.9;375.5,823.9,470.8,825.0,470.7,846.8,374.8,844.8;1;0;https://commons.wikimedia.org/wiki/File%3AMoscow%2C_Kozhevnicheskaya_Street%2C_bus_on_route_913%2C_Aug_2025_01.jpg;CC0;day
images/real/real_c19487f3ce.jpg;MX59277;type1b;374.5,812.3,87.6,20.2;374.5,814.3,461.4,812.3,462.1,830.2,375.2,832.5;1;0;https://commons.wikimedia.org/wiki/File%3AMoscow%2C_Kozhevnicheskaya_Street%2C_bus_on_route_913%2C_Aug_2025_03.jpg;CC0;day
images/real/real_1e69d10ccf.jpg;PK43177;type1b;294.4,853.2,101.0,21.8;294.4,853.2,395.4,853.5,394.2,875.0,295.4,873.4;1;0;https://commons.wikimedia.org/wiki/File%3AMoscow%2C_%27Krasnopresnenskaya%27_vestibule_south_MAN_bus%2C_May_2025_01.jpg;CC0;day
images/real/real_57b3884c3a.jpg;AM47536;other;592.8,789.1,80.8,18.9;593.3,791.2,673.2,789.1,673.7,806.1,592.8,808.0;1;0;https://commons.wikimedia.org/wiki/File%3AMoscow%2C_Kremlevskaya_Embankment%2C_tour_buses_-_Higer_grey%2C_Sept_2025_01.jpg;CC0;day,glare
images/real/real_3da9420f3c.jpg;P650HT797;type1;410.7,807.2,92.6,25.4;410.8,809.3,502.1,807.2,503.2,832.6,410.7,832.6;1;0;https://commons.wikimedia.org/wiki/File%3AMoscow%2C_Kremlevskaya_Embankment%2C_tour_buses_-_Higer_white%2C_Sept_2025_01.jpg;CC0;day,glare
images/real/real_61a6daf25c.jpg;C017KX977;type1;856.2,675.6,65.9,16.2;857.4,675.6,922.1,675.8,921.7,691.7,856.2,690.8;1;0;https://commons.wikimedia.org/wiki/File%3AMoscow%2C_Kremlevskaya_Embankment%2C_tour_buses_-_Yutong_white%2C_Sept_2025_01.jpg;CC0;day,glare
images/real/real_ab83b603f4.jpg;Y432AA250;type1;523.6,827.9,88.4,23.5;523.6,829.5,609.8,827.9,612.0,848.8,523.8,851.4;1;0;https://commons.wikimedia.org/wiki/File%3AMoscow%2C_Kremlevskaya_Embankment%2C_tour_buses_-_Yutong_white%2C_Sept_2025_03.jpg;CC0;day,glare
images/real/real_04e378276c.jpg;B234CY197;type1;1313.5,647.0,65.4,17.2;1314.7,647.0,1378.9,649.6,1378.0,664.2,1313.5,661.2;1;0;https://commons.wikimedia.org/wiki/File%3AMoscow%2C_LIAZ-6274_bus_on_route_%D1%81510_%28Trifonovskaya%29%2C_Sept_2025_01.jpg;CC0;day
images/real/real_90c7fe6344.jpg;MM89177;type1b;874.6,919.9,108.0,21.7;875.2,921.4,982.6,919.9,981.6,941.6,874.6,941.1;1;0;https://commons.wikimedia.org/wiki/File%3AMoscow%2C_LIAZ-6274_bus_on_route_538%2C_July_2025_01.jpg;CC0;day
images/real/real_90c7fe6344.jpg;K006XB199;type1;1143.2,404.2,94.8,25.8;1143.8,404.5,1238.0,404.2,1237.8,430.0,1143.2,428.8;1;0;https://commons.wikimedia.org/wiki/File%3AMoscow%2C_LIAZ-6274_bus_on_route_538%2C_July_2025_01.jpg;CC0;day,dirt
images/real/real_bbfce7b7dc.jpg;OA31877;type1b;541.5,1206.7,112.3,25.9;541.8,1206.7,650.4,1210.1,653.8,1232.6,541.5,1231.0;1;0;https://commons.wikimedia.org/wiki/File%3AMoscow%2C_LIAZ-6274_bus_on_route_538%2C_July_2025_02.jpg;CC0;angle,day
images/real/real_d4307b9a8f.jpg;OA31877;type1b;278.8,927.8,96.3,33.8;279.8,927.8,375.2,939.7,372.0,961.7,278.8,948.1;1;0;https://commons.wikimedia.org/wiki/File%3AMoscow%2C_LIAZ-6274_bus_on_route_538%2C_July_2025_03.jpg;CC0;day
images/real/real_f084db1e3e.jpg;OT34177;type1b;344.2,860.6,83.1,21.2;345.3,860.6,427.2,862.2,426.1,881.8,344.2,877.6;1;0;https://commons.wikimedia.org/wiki/File%3AMoscow%2C_LIAZ-6274_bus_on_route_%D0%BC53%2C_Sept_2025_01.jpg;CC0;day
images/real/real_32a2c8e1b2.jpg;O187HY799;type1;385.2,919.2,129.5,35.8;386.2,919.2,513.8,927.3,514.8,955.0,385.2,947.5;1;0;https://commons.wikimedia.org/wiki/File%3AMoscow%2C_LIAZ-6274_bus_on_route_%D0%BC53%2C_Sept_2025_02.jpg;CC0;day
images/real/real_d2fd14c6c6.jpg;PY64277;type1b;501.2,899.6,124.2,30.3;501.7,899.6,624.7,903.5,625.3,929.8,501.2,925.8;1;0;https://commons.wikimedia.org/wiki/File%3AMoscow%2C_Leninsky_Prospect_38%2C_bus_June_2025_01.jpg;CC0;day
images/real/real_51f3d30346.jpg;YX78677;type1b;399.3,1285.9,51.9,12.0;399.4,1286.7,451.2,1285.9,451.1,1296.4,399.3,1297.9;1;0;https://commons.wikimedia.org/wiki/File%3AMoscow%2C_Nakhimovsky_58_%28Icube%29%2C_bus_Apr_2025_01.jpg;CC0;day,motion_blur
images/real/real_29cde7917b.jpg;M542BA790;type1;677.8,679.3,79.2,18.8;677.8,681.7,755.1,679.3,757.0,696.5,677.9,698.1;1;0;https://commons.wikimedia.org/wiki/File%3AMoscow_Oblast_bus_4448_on_route_305_in_Kapotnya_%2819.03.2022%29.jpg;CC BY-SA 4.0;day
images/real/real_135c2fdcd8.jpg;B574OE790;type1;488.5,1000.7,147.4,33.4;491.1,1001.7,635.3,1000.7,635.9,1032.8,488.5,1034.1;1;0;https://commons.wikimedia.org/wiki/File%3AMoscow_Oblast_bus_%D0%92574%D0%9E%D0%95790_2025-01_1737299235_Moscow_Altufyevskoye_Highway_LiAZ-4292.jpg;CC BY 4.0;day
images/real/real_ef401be562.jpg;M425BA790;type1;216.8,661.8,100.4,23.8;216.8,662.7,317.2,661.8,317.2,685.7,217.4,685.7;1;0;https://commons.wikimedia.org/wiki/File%3AMoscow_Oblast_bus_on_route_305_in_Dzerzhinsky_%2824.06.2020%29.jpg;CC BY-SA 4.0;day
images/real/real_1a2d8adced.jpg;M345KK790;type1;505.2,984.4,217.7,52.3;505.9,984.4,719.3,990.8,722.8,1036.8,505.2,1035.0;1;0;https://commons.wikimedia.org/wiki/File%3AMoscow%2C_Orekhovo_bus_station%2C_route_c854%2C_Aug_2025_01.jpg;CC0;day
images/real/real_0085e1da4e.jpg;M345KK790;type1;889.9,863.4,165.5,43.1;889.9,863.4,1055.1,870.2,1055.4,906.5,890.7,903.1;1;0;https://commons.wikimedia.org/wiki/File%3AMoscow%2C_Orekhovo_bus_station%2C_route_c854%2C_Aug_2025_02.jpg;CC0;day
images/real/real_7bc5e807ac.jpg;A507099;other;1175.4,656.2,106.6,33.8;1175.4,661.7,1281.8,656.2,1282.0,684.2,1180.8,690.0;1;0;https://commons.wikimedia.org/wiki/File%3AMoscow%2C_Paveletskaya_Square%2C_GAZ_Vector_Next_police_bus_Aug_2025_01.jpg;CC0;day,glare
images/real/real_dedcdcf77b.jpg;OY78677;type1b;636.7,940.3,136.5,31.4;636.7,940.3,772.2,942.6,773.2,971.7,636.8,970.5;1;0;https://commons.wikimedia.org/wiki/File%3AMoscow%2C_Paveletskaya_Square%2C_bus_on_route_913%2C_Mar_2025_01.jpg;CC0;day
images/real/real_dedcdcf77b.jpg;B037OK790;type1;1283.1,725.3,57.7,15.5;1283.8,725.3,1340.8,726.3,1339.7,740.8,1283.1,737.5;1;0;https://commons.wikimedia.org/wiki/File%3AMoscow%2C_Paveletskaya_Square%2C_bus_on_route_913%2C_Mar_2025_01.jpg;CC0;day
images/real/real_9dc3fa4c2b.jpg;MX89677;type1b;569.8,979.2,194.8,49.1;569.8,987.1,764.0,979.2,764.7,1021.7,571.6,1028.2;1;0;https://commons.wikimedia.org/wiki/File%3AMoscow%2C_Paveletskaya_Square%2C_bus_on_route_913%2C_Sept_2025_01.jpg;CC0;day
images/real/real_bdbd5c306e.jpg;H980MC777;type1;1398.7,434.6,200.3,59.0;1398.7,447.1,1597.2,434.6,1599.0,481.6,1400.2,493.6;1;0;https://commons.wikimedia.org/wiki/File%3AMoscow%2C_Paveletskaya_Square%2C_people_at_bus_stop_Sept_2025_01.jpg;CC0;day
images/real/real_0d2c189b41.jpg;AX38399;type1b;574.3,950.1,96.8,26.0;574.3,953.8,669.8,950.1,671.1,971.7,574.7,976.1;1;0;https://commons.wikimedia.org/wiki/File%3AMoscow%2C_Rogozhsky_Market_-_Setra_S515HD_bus%2C_Sept_2025_04.jpg;CC0;day
images/real/real_0d2c189b41.jpg;E661HY797;type1;1168.1,787.5,42.3,9.0;1168.4,788.2,1209.9,787.5,1210.4,795.9,1168.1,796.5;1;0;https://commons.wikimedia.org/wiki/File%3AMoscow%2C_Rogozhsky_Market_-_Setra_S515HD_bus%2C_Sept_2025_04.jpg;CC0;day
images/real/real_225f0e8551.jpg;MX61177;type1b;298.1,1237.0,128.2,28.7;298.1,1237.0,426.2,1240.2,426.3,1265.8,299.0,1264.3;1;0;https://commons.wikimedia.org/wiki/File%3AMoscow%2C_Ryazansky_27%2C_Karacharovo_bus_terminus_June_2025_04.jpg;CC0;day
images/real/real_2580313d13.jpg;CE98277;type1b;380.6,778.8,93.2,17.6;380.6,779.0,473.5,778.8,473.8,796.2,380.9,796.4;1;0;https://commons.wikimedia.org/wiki/File%3AMoscow%2C_Shchukino_bus_station%2C_Liaz-5292_July_2025_01.jpg;CC0;day
images/real/real_32f0c5c9ca.jpg;CE98277;type1b;1265.7,763.7,96.2,21.7;1265.7,767.6,1360.6,763.7,1361.8,782.8,1266.8,785.3;1;0;https://commons.wikimedia.org/wiki/File%3AMoscow%2C_Shchukino_bus_station%2C_Liaz-5292_July_2025_02.jpg;CC0;day,motion_blur
images/real/real_aed276a893.jpg;PK69077;type1b;562.0,631.4,81.2,15.6;562.0,631.4,643.0,631.4,643.2,647.0,562.7,646.9;1;0;https://commons.wikimedia.org/wiki/File%3AMoscow%2C_Shipilovsky_Proezd%2C_bus_on_route_858%2C_Aug_2025_01.jpg;CC0;day
images/real/real_c5d5d190d8.jpg;M672TC797;type1;422.7,675.1,90.0,21.9;422.7,676.8,511.0,675.1,512.7,694.1,422.7,697.0;1;0;https://commons.wikimedia.org/wiki/File%3AMoscow%2C_Shlyuzovaya_Embankment%2C_red_bus%2C_May_2025_01.jpg;CC0;day,glare
images/real/real_6b63f20108.jpg;M672TC797;type1;572.7,698.2,95.6,29.3;572.7,705.9,666.6,698.2,668.2,720.2,572.8,727.5;1;0;https://commons.wikimedia.org/wiki/File%3AMoscow%2C_Shlyuzovaya_Embankment%2C_red_bus%2C_May_2025_02.jpg;CC0;day
images/real/real_be8cde60aa.jpg;OK32177;type1b;589.2,828.0,112.2,31.2;589.2,832.2,700.1,828.0,701.3,853.3,592.1,859.2;1;0;https://commons.wikimedia.org/wiki/File%3AMoscow%2C_Stroginskoye_Highway%2C_Liaz-5292_bus_route_137_July_2025_01.jpg;CC0;day
images/real/real_9d711e40d3.jpg;CE98277;type1b;552.9,704.6,53.1,11.1;553.3,704.8,606.0,704.6,605.1,715.7,552.9,715.5;1;0;https://commons.wikimedia.org/wiki/File%3AMoscow%2C_Stroginskoye_Highway%2C_bus_route_310_July_2025_02.jpg;CC0;day
images/real/real_e58f1b2d28.jpg;E721KB977;type1;679.4,928.2,140.8,31.2;679.8,928.2,819.2,929.9,820.2,959.4,679.4,957.7;1;0;https://commons.wikimedia.org/wiki/File%3AMoscow%2C_Stroginsky_bridge%2C_Liaz-5292_bus_route_638_July_2025_01.jpg;CC0;day
images/real/real_cbb0ece7ff.jpg;E721KB977;type1;776.5,800.4,90.6,24.4;778.6,800.4,866.6,804.6,867.1,824.8,776.5,821.2;1;0;https://commons.wikimedia.org/wiki/File%3AMoscow%2C_Stroginsky_bridge%2C_Liaz-5292_bus_route_638_July_2025_02.jpg;CC0;day
images/real/real_5f84984453.jpg;E721KB977;type1;809.0,789.7,60.0,18.4;810.2,789.7,869.0,794.8,868.0,808.1,809.0,802.7;1;0;https://commons.wikimedia.org/wiki/File%3AMoscow%2C_Stroginsky_bridge%2C_Liaz-5292_bus_route_638_July_2025_03.jpg;CC0;day,dirt
images/real/real_241cbfeda3.jpg;PK89077;type1b;477.2,851.9,122.0,28.9;477.3,853.8,596.9,851.9,599.2,877.5,477.2,880.8;1;0;https://commons.wikimedia.org/wiki/File%3AMoscow%2C_Taganka%2C_Nefaz-5299_bus_on_route_766%2C_Sept_2025_01.jpg;CC0;day
images/real/real_2f2d2cde60.jpg;CK73177;type1b;918.8,885.3,168.6,39.7;918.8,885.3,1087.4,888.7,1087.1,925.0,919.8,923.6;1;0;https://commons.wikimedia.org/wiki/File%3AMoscow%2C_Taganka%2C_buses_April_2025_02.jpg;CC0;day
images/real/real_231db4375e.jpg;CK96677;type1b;950.3,774.0,133.8,32.3;950.3,774.0,1084.1,778.8,1083.2,806.3,951.3,801.4;1;0;https://commons.wikimedia.org/wiki/File%3AMoscow%2C_Taganka%2C_buses_April_2025_03.jpg;CC0;day
images/real/real_a5acfcd884.jpg;O454YE799;type1;591.7,668.1,83.6,21.7;591.7,672.2,675.3,668.1,673.8,687.6,594.0,689.8;1;0;https://commons.wikimedia.org/wiki/File%3AMoscow%2C_Taganka%2C_buses_April_2025_04.jpg;CC0;day
images/real/real_1d0a64cbeb.jpg;O454YE799;type1;505.5,816.8,113.5,27.2;505.5,816.8,614.8,817.2,619.0,840.5,506.0,844.0;1;0;https://commons.wikimedia.org/wiki/File%3AMoscow%2C_Taganka%2C_buses_April_2025_05.jpg;CC0;angle,day
images/real/real_421a2b26ff.jpg;YK93277;type1b;384.0,937.0,151.8,37.0;384.0,942.1,535.6,937.0,535.8,970.2,385.2,974.0;1;0;https://commons.wikimedia.org/wiki/File%3AMoscow%2C_Taganka%2C_buses_April_2025_06.jpg;CC0;day
images/real/real_421a2b26ff.jpg;A500MC77;type1;1276.2,911.0,136.1,32.4;1276.2,916.1,1412.2,911.0,1412.2,940.6,1277.0,943.4;1;0;https://commons.wikimedia.org/wiki/File%3AMoscow%2C_Taganka%2C_buses_April_2025_06.jpg;CC0;day
images/real/real_c0d8975116.jpg;YK93277;type1b;531.7,855.5,158.2,37.2;532.8,858.9,687.1,855.5,689.9,889.1,531.7,892.7;1;0;https://commons.wikimedia.org/wiki/File%3AMoscow%2C_Taganka%2C_buses_April_2025_07.jpg;CC0;day
images/real/real_e358480e49.jpg;C508MT777;type1;665.2,806.5,160.7,39.3;666.3,810.2,824.5,806.5,825.9,841.8,665.2,845.8;1;0;https://commons.wikimedia.org/wiki/File%3AMoscow%2C_Taganka%2C_buses_April_2025_08.jpg;CC0;day,glare
images/real/real_da70814346.jpg;PK67577;type1b;1379.0,581.2,59.6,14.3;1379.3,583.3,1438.5,581.2,1438.6,594.2,1379.0,595.5;1;0;https://commons.wikimedia.org/wiki/File%3AMoscow%2C_Taganskaya_Square%2C_buses_and_a_superbike_July_2025_01_crop.jpg;CC0;day,motion_blur
images/real/real_da70814346.jpg;H751ET977;type1;195.3,543.8,64.7,14.2;197.2,543.8,260.0,544.0,259.2,558.0,195.3,556.5;1;0;https://commons.wikimedia.org/wiki/File%3AMoscow%2C_Taganskaya_Square%2C_buses_and_a_superbike_July_2025_01_crop.jpg;CC0;angle,day
images/real/real_2211288b11.jpg;B417OM799;type1;400.2,773.0,83.9,24.3;400.2,773.0,484.1,774.8,484.0,797.3,400.4,795.2;1;0;https://commons.wikimedia.org/wiki/File%3AMoscow%2C_Volkhonka%2C_tour_buses%2C_Kinglong_white%2C_Sept_2025_01.jpg;CC0;day
images/real/real_3cf26cbd9b.jpg;K909BH550;type1;346.4,727.2,73.2,17.0;347.6,727.2,419.2,727.5,419.7,743.9,346.4,744.2;1;0;https://commons.wikimedia.org/wiki/File%3AMoscow%2C_Volkhonka%2C_tour_buses%2C_Mercedes_silver%2C_Sept_2025_01.jpg;CC0;day
images/real/real_6b7546149c.jpg;K909BH550;type1;224.3,750.9,87.6,25.3;225.9,750.9,311.8,751.8,311.9,776.2,224.3,774.2;1;0;https://commons.wikimedia.org/wiki/File%3AMoscow%2C_Volkhonka%2C_tour_buses%2C_Mercedes_silver%2C_Sept_2025_02.jpg;CC0;day,glare
images/real/real_3806839d9e.jpg;T954HY797;type1;340.5,776.0,92.5,26.2;340.5,776.0,433.0,778.6,432.1,802.2,341.6,800.0;1;0;https://commons.wikimedia.org/wiki/File%3AMoscow%2C_Volkhonka%2C_tour_buses%2C_Yutong_red%2C_Sept_2025_01.jpg;CC0;day,glare
images/real/real_cd25dfdd6a.jpg;T601YA799;type1;237.5,751.3,73.1,20.8;238.6,751.3,310.2,753.5,310.6,772.1,237.5,771.8;1;0;https://commons.wikimedia.org/wiki/File%3AMoscow%2C_Volkhonka%2C_tour_buses%2C_Yutong_red%2C_Sept_2025_02.jpg;CC0;day
images/real/real_cd25dfdd6a.jpg;T146TH69;type1;1513.2,715.2,63.4,19.8;1513.4,717.2,1575.8,715.2,1576.7,732.2,1513.2,735.1;1;0;https://commons.wikimedia.org/wiki/File%3AMoscow%2C_Volkhonka%2C_tour_buses%2C_Yutong_red%2C_Sept_2025_02.jpg;CC0;day
images/real/real_9e4732f0b8.jpg;T601YA799;type1;1489.1,687.8,63.4,15.4;1489.9,687.8,1552.5,688.0,1552.2,703.2,1489.1,703.0;1;0;https://commons.wikimedia.org/wiki/File%3AMoscow%2C_Volkhonka%2C_tour_buses%2C_Yutong_white%2C_Sept_2025_01.jpg;CC0;day
images/real/real_9e4732f0b8.jpg;T741CM797;type1;310.8,715.4,78.7,24.1;310.9,715.8,388.9,715.4,389.4,739.1,310.8,739.5;1;0;https://commons.wikimedia.org/wiki/File%3AMoscow%2C_Volkhonka%2C_tour_buses%2C_Yutong_white%2C_Sept_2025_01.jpg;CC0;day,glare
images/real/real_d708b65f6a.jpg;O454YE799;type1;931.7,760.7,102.1,28.2;931.7,768.5,1031.8,760.7,1033.8,783.8,933.2,788.8;1;0;https://commons.wikimedia.org/wiki/File%3AMoscow%2C_Yauzskie_Vorota%2C_bus_on_route_%D0%B570%2C_Sept_2025_01.jpg;CC0;day
images/real/real_5251313066.jpg;OY99177;type1b;651.7,683.8,28.1,6.7;651.7,683.8,679.4,684.9,679.8,689.8,651.8,690.5;1;0;https://commons.wikimedia.org/wiki/File%3AMoscow_Yerevanskaya_street_bus_terminus_2025-03_129.jpg;CC BY 4.0;day
images/real/real_2d99c78cbb.jpg;HT88677;type1b;220.2,577.8,37.5,16.0;221.1,577.8,257.7,583.1,256.8,593.8,220.2,589.0;1;0;https://commons.wikimedia.org/wiki/File%3AMoscow%2C_Zaryadye_bus_stop%2C_Kamaz-6282_on_route_c755%2C_Aug_2025_01.jpg;CC0;day
images/real/real_525312893c.jpg;T901EE198;type1;187.9,746.3,51.8,33.5;189.8,746.3,239.7,755.8,238.8,779.8,187.9,770.2;1;0;https://commons.wikimedia.org/wiki/File%3AMoscow%2C_ZhongTong_bus%2C_Dec_2025_02.jpg;CC0;angle,day
images/real/real_696b5924aa.jpg;PM37777;type1b;926.7,940.6,98.7,23.1;926.7,945.6,1024.9,940.6,1025.3,961.0,928.0,963.7;1;0;https://commons.wikimedia.org/wiki/File%3AMoscow_bus_011427_2025-04_Varshavskoye_Highway_NefAZ-5299-40_006.JPG;CC BY 4.0;day
images/real/real_98c12457e0.jpg;HA14477;type1b;629.0,841.2,42.8,12.6;629.5,842.7,671.4,841.2,671.8,851.8,629.0,853.8;1;0;https://commons.wikimedia.org/wiki/File%3AMoscow_bus_012108_2025-01_Chertanovskaya_Street_LiAZ-6213_108.JPG;CC BY 4.0;day,motion_blur
images/real/real_d3d04a701e.jpg;HT19077;type1b;583.2,893.7,71.6,15.9;584.2,893.7,654.8,894.8,654.0,909.6,583.2,908.4;1;0;https://commons.wikimedia.org/wiki/File%3AMoscow_bus_012219_2025-02_1738497092_Kantemirovskaya_Street_LiAZ-6213_265.tif;CC BY 4.0;day
images/real/real_d35ab45f95.jpg;HT19077;type1b;443.1,819.1,73.8,17.8;443.6,819.1,516.9,821.0,516.2,836.8,443.1,835.2;1;0;https://commons.wikimedia.org/wiki/File%3AMoscow_bus_012219_2025-03_Medikov_Street_LiAZ-6213_014.jpg;CC BY 4.0;day
images/real/real_fabfdee22d.jpg;HT39577;type1b;336.1,912.8,84.8,26.2;337.2,912.8,420.7,919.5,420.9,938.9,336.1,932.8;1;0;https://commons.wikimedia.org/wiki/File%3AMoscow_bus_012236_2025-02_1738497476_Kantemirovskaya_Street_LiAZ-6213_286.tif;CC BY 4.0;day
images/real/real_49259ef4d8.jpg;HT24777;type1b;732.2,971.2,98.7,20.3;732.2,971.9,829.8,971.2,830.8,991.2,732.3,991.6;1;0;https://commons.wikimedia.org/wiki/File%3AMoscow_bus_030317_2025-01_1737298353_Cherepovetskaya_Street_LiAZ-6213.JPG;CC BY 4.0;day
images/real/real_8ec65c57f2.jpg;K512YM799;type1;846.3,834.3,102.2,26.7;846.3,837.9,947.7,834.3,948.5,858.6,846.8,861.0;1;0;https://commons.wikimedia.org/wiki/File%3AMoscow_bus_030556_2025-01_1737301763_Altufyevskoye_Highway_NefAZ-5299-40.tif;CC BY 4.0;day
images/real/real_e1beaf2cf1.jpg;HT46777;type1b;623.2,920.2,74.9,14.7;623.2,920.2,697.8,920.2,698.2,933.9,623.4,934.9;1;0;https://commons.wikimedia.org/wiki/File%3AMoscow_bus_030887_2025-04_Bolshaya_Serpukhovskaya_Street_NefAZ-5299-40_456.JPG;CC BY 4.0;day
images/real/real_e1beaf2cf1.jpg;E200KX98;type1;1141.5,894.2,57.3,11.8;1142.0,894.2,1198.8,894.4,1197.8,905.8,1141.5,906.0;1;0;https://commons.wikimedia.org/wiki/File%3AMoscow_bus_030887_2025-04_Bolshaya_Serpukhovskaya_Street_NefAZ-5299-40_456.JPG;CC BY 4.0;day
images/real/real_588806dccd.jpg;K916XC799;type1;654.2,1052.4,129.2,30.7;655.8,1052.4,780.0,1054.9,783.3,1083.1,654.2,1082.8;1;0;https://commons.wikimedia.org/wiki/File%3AMoscow_bus_031358_2025-02_1739359031_Semyonovskaya_Embankment_LiAZ-6213.JPG;CC BY 4.0;day,glare
images/real/real_588806dccd.jpg;A398PT797;type1;340.5,834.3,67.0,14.7;340.5,836.2,407.5,834.3,406.2,848.1,340.7,849.0;1;0;https://commons.wikimedia.org/wiki/File%3AMoscow_bus_031358_2025-02_1739359031_Semyonovskaya_Embankment_LiAZ-6213.JPG;CC BY 4.0;day
images/real/real_02902e53a4.jpg;K916XC799;type1;513.7,890.2,76.7,17.7;514.0,891.7,590.3,890.2,589.3,907.8,513.7,906.7;1;0;https://commons.wikimedia.org/wiki/File%3AMoscow_bus_031358_2025-02_1739359042_Semyonovskaya_Embankment_LiAZ-6213.JPG;CC BY 4.0;day,glare
images/real/real_3142caef17.jpg;CA72077;type1b;628.8,955.2,90.3,23.3;629.4,955.2,717.8,959.2,719.1,978.5,628.8,975.3;1;0;https://commons.wikimedia.org/wiki/File%3AMoscow_bus_031563_2025-12_Novaya_Basmannaya_Street_NefAZ-5299-40_31.jpg;CC BY 4.0;day
images/real/real_bdbb912844.jpg;XX95377;type1b;796.7,1026.5,56.8,18.1;796.7,1027.3,853.0,1026.5,853.5,1044.4,797.2,1044.6;1;0;https://commons.wikimedia.org/wiki/File%3AMoscow_bus_031693_2025-01_1736696436_Budyonnogo_Prospekt_LiAZ-5292.JPG;CC BY 4.0;day
images/real/real_44a6999ef3.jpg;A961EM799;type1;932.0,789.9,60.7,18.4;932.0,790.8,990.1,789.9,992.7,801.3,933.4,808.3;1;0;https://commons.wikimedia.org/wiki/File%3AMoscow_bus_031949_2025-09_Pervomayskaya_Street_LiAZ-5292_84.jpg;CC BY 4.0;angle,day
images/real/real_47bbd331bf.jpg;PM86277;type1b;891.3,891.7,61.0,14.6;891.9,893.0,951.9,891.7,952.3,904.9,891.3,906.2;1;0;https://commons.wikimedia.org/wiki/File%3AMoscow_bus_032870_2025-04_Lyusinovskaya_Street_NefAZ-5299-40_436.JPG;CC BY 4.0;day
images/real/real_bb450b6fbe.jpg;XX97777;type1b;646.2,781.7,34.9,8.7;646.2,781.7,681.2,783.5,680.5,790.3,646.4,788.7;1;0;https://commons.wikimedia.org/wiki/File%3AMoscow_bus_032997_2025-02_Sirenevy_Boulevard_LiAZ-5292_209.JPG;CC BY 4.0;day
images/real/real_38c353f110.jpg;P254YO777;type1;748.6,806.3,86.7,17.2;748.6,806.3,834.2,807.0,835.2,823.6,748.7,822.8;1;0;https://commons.wikimedia.org/wiki/File%3AMoscow_bus_080157_2025-01_1737298085_Cherepovetskaya_Street_LiAZ-4292.JPG;CC BY 4.0;day
images/real/real_38c353f110.jpg;O261AC977;type1;1321.8,848.5,105.8,24.3;1322.2,848.5,1427.7,848.9,1427.5,872.8,1321.8,872.8;1;0;https://commons.wikimedia.org/wiki/File%3AMoscow_bus_080157_2025-01_1737298085_Cherepovetskaya_Street_LiAZ-4292.JPG;CC BY 4.0;day
images/real/real_e2f4a4f870.jpg;OK28377;type1b;962.1,885.7,94.4,26.1;962.1,890.5,1051.9,885.7,1056.5,904.6,965.2,911.7;1;0;https://commons.wikimedia.org/wiki/File%3AMoscow_bus_081600_2025-04_Dmitriya_Ulyanova_Street_LiAZ-5292_384.JPG;CC BY 4.0;angle,day
images/real/real_41252a7134.jpg;PM82577;type1b;234.2,807.7,57.6,12.4;234.9,807.7,291.8,809.2,290.5,820.1,234.2,818.5;1;0;https://commons.wikimedia.org/wiki/File%3AMoscow_bus_082946_2025-04_Danilovskaya_Manufaktura_tram_loop_NefAZ-5299-40_010.JPG;CC BY 4.0;day
images/real/real_4dc6a467a9.jpg;O909PP750;type1;578.3,878.6,56.4,15.7;578.8,881.2,634.5,878.6,634.8,890.4,578.3,894.2;1;0;https://commons.wikimedia.org/wiki/File%3AMoscow_bus_%D0%A3125%D0%A0%D0%9E790_2025-01_1737301707_Altufyevskoye_Highway_PAZ_Vector_Next.tif;CC BY 4.0;day
images/real/real_987816320f.jpg;PT32077;type1b;1054.0,1032.2,117.7,28.3;1054.0,1037.4,1170.0,1032.2,1171.7,1055.1,1055.2,1060.5;1;0;https://commons.wikimedia.org/wiki/File%3AMoscow_bus_1322026_2025-01_1737297764_Cherepovetskaya_Street_LiAZ-5292.JPG;CC BY 4.0;day
images/real/real_665b8626fa.jpg;PT35177;type1b;1067.7,768.2,84.5,25.6;1067.7,776.2,1149.7,768.2,1152.2,785.1,1069.3,793.8;1;0;https://commons.wikimedia.org/wiki/File%3AMoscow_bus_1322057_2025-01_1737299249_Ulitza_Leskova_LiAZ-5292.JPG;CC BY 4.0;day
images/real/real_22b911fbdc.jpg;H163KA790;type1;312.0,986.6,159.2,45.5;312.0,999.5,469.7,986.6,471.2,1021.0,313.4,1032.1;1;0;https://commons.wikimedia.org/wiki/File%3AMoscow_bus_1322057_2025-01_1737301623_Altufyevskoye_Highway_LiAZ-5292.tif;CC BY 4.0;day
images/real/real_22b911fbdc.jpg;PT35177;type1b;925.7,722.4,57.0,15.3;925.7,725.1,981.6,722.4,982.7,735.2,926.1,737.8;1;0;https://commons.wikimedia.org/wiki/File%3AMoscow_bus_1322057_2025-01_1737301623_Altufyevskoye_Highway_LiAZ-5292.tif;CC BY 4.0;day
images/real/real_ff0df9053f.jpg;M966TA198;type1;58.9,827.9,83.2,19.2;60.1,827.9,142.1,828.6,140.3,846.6,58.9,847.1;1;0;https://commons.wikimedia.org/wiki/File%3AMoscow_bus_1322068_2025-01_1737301748_Altufyevskoye_Highway_LiAZ-5292.tif;CC BY 4.0;day,motion_blur
images/real/real_57515c927f.jpg;PT39677;type1b;994.2,969.4,145.4,31.0;994.2,970.9,1138.5,969.4,1139.6,999.2,995.2,1000.4;1;0;https://commons.wikimedia.org/wiki/File%3AMoscow_bus_1322095_2025-01_1737297978_Cherepovetskaya_Street_LiAZ-5292.JPG;CC BY 4.0;day
images/real/real_57515c927f.jpg;O599MX797;type1;96.3,896.7,111.8,26.8;96.3,901.6,207.3,896.7,208.1,920.0,97.3,923.6;1;0;https://commons.wikimedia.org/wiki/File%3AMoscow_bus_1322095_2025-01_1737297978_Cherepovetskaya_Street_LiAZ-5292.JPG;CC BY 4.0;day
images/real/real_26a04f650c.jpg;C904EE797;type1;691.5,841.8,79.1,15.9;693.0,843.0,770.2,841.8,770.6,857.8,691.5,856.2;1;0;https://commons.wikimedia.org/wiki/File%3AMoscow_bus_1325011_2025-01_1737303910_Keramichesky_Passage_LiAZ-5292.JPG;CC BY 4.0;day
images/real/real_53c80f5dc4.jpg;OY96177;type1b;458.7,828.6,67.3,15.5;460.3,828.6,526.0,830.6,524.7,844.1,458.7,841.2;1;0;https://commons.wikimedia.org/wiki/File%3AMoscow_bus_160452_2025-04_Varshavskoye_Highway_LiAZ-6213_023.JPG;CC BY 4.0;day
images/real/real_0f9decc81c.jpg;PK34377;type1b;1149.0,876.2,62.8,16.4;1149.0,880.7,1211.0,876.2,1211.8,888.0,1149.1,892.7;1;0;https://commons.wikimedia.org/wiki/File%3AMoscow_bus_160679_2025-03_Kavkazsky_Boulevard_LiAZ-4292_478.jpg;CC BY 4.0;day,motion_blur
images/real/real_add2cfa29e.jpg;PK10577;type1b;988.4,813.2,49.1,11.8;988.4,814.8,1037.3,813.2,1037.5,823.2,989.0,824.9;1;0;https://commons.wikimedia.org/wiki/File%3AMoscow_bus_160747_2025-03_Kavkazsky_Boulevard_LiAZ-6213_508.jpg;CC BY 4.0;day,motion_blur
images/real/real_a65ac27b50.jpg;CA68377;type1b;1017.1,799.7,70.2,19.0;1017.6,806.2,1087.2,799.7,1086.8,813.5,1017.1,818.7;1;0;https://commons.wikimedia.org/wiki/File%3AMoscow_bus_160748_2025-03_Erevanskaya_street_LiAZ-6213_127.jpg;CC BY 4.0;day
images/real/real_51f15a16b1.jpg;PK13377;type1b;983.4,816.8,81.7,20.2;984.1,816.8,1065.1,818.6,1065.0,837.1,983.4,835.8;1;0;https://commons.wikimedia.org/wiki/File%3AMoscow_bus_160866_2025-03_Kavkazsky_Boulevard_LiAZ-6213_348.jpg;CC BY 4.0;day
images/real/real_d6124c7605.jpg;OY74477;type1b;613.1,806.6,55.8,17.4;613.1,806.6,668.8,812.6,668.2,824.0,613.3,819.7;1;0;https://commons.wikimedia.org/wiki/File%3AMoscow_bus_161680_2025-03_1741529534_Yunykh_Lenintsev_street_NefAZ-5299-40.jpg;CC BY 4.0;day
images/real/real_57afa860bb.jpg;AY65699;type1b;854.0,823.9,64.3,13.3;855.5,824.6,918.3,823.9,917.8,836.9,854.0,837.2;1;0;https://commons.wikimedia.org/wiki/File%3AMoscow_bus_162223_2025-04_Varshavskoye_Highway_LiAZ-5292_012.JPG;CC BY 4.0;day
images/real/real_a53badf456.jpg;M092BH550;type1;1339.6,814.3,54.5,18.6;1339.6,815.8,1391.9,814.3,1394.1,828.4,1341.6,832.9;1;0;https://commons.wikimedia.org/wiki/File%3AMoscow_bus_162257_2025-03_Kavkazsky_Boulevard_LiAZ-6213_349.jpg;CC BY 4.0;day
images/real/real_562af51009.jpg;XH67577;type1b;948.8,810.3,49.7,17.2;948.8,816.2,997.2,810.3,998.4,821.1,949.3,827.6;1;0;https://commons.wikimedia.org/wiki/File%3AMoscow_bus_162296_2025-02_1738498109_Proletarsky_Prospect_LiAZ-6213_319.tif;CC BY 4.0;day
images/real/real_b18199c585.jpg;XH94177;type1b;977.8,857.1,56.7,12.0;977.8,858.2,1034.4,857.1,1033.8,867.7,978.1,869.1;1;0;https://commons.wikimedia.org/wiki/File%3AMoscow_bus_162388_2025-03_Kavkazsky_Boulevard_LiAZ-5292_505.jpg;CC BY 4.0;day,motion_blur
images/real/real_cb36e592d9.jpg;M612KK790;type1;1041.8,832.8,60.4,16.0;1042.0,833.5,1101.8,832.8,1102.2,846.9,1041.8,848.8;1;0;https://commons.wikimedia.org/wiki/File%3AMoscow_bus_1785001_2025-03_1741543411_Ivanteyevskaya_Street_MAZ-206.jpg;CC BY 4.0;day
images/real/real_50480f32d9.jpg;M623KK790;type1;853.8,1051.5,124.0,27.0;853.9,1051.8,977.6,1051.5,977.8,1078.5,853.8,1076.9;1;0;https://commons.wikimedia.org/wiki/File%3AMoscow_bus_1785002_2025-04_Akademika_Lyulki_Square_MAZ-206_0008.JPG;CC BY 4.0;day
images/real/real_acfdfa74ad.jpg;CE87477;type1b;644.7,1161.1,56.5,15.5;644.7,1164.1,701.0,1161.1,701.2,1173.7,644.7,1176.6;1;0;https://commons.wikimedia.org/wiki/File%3AMoscow_bus_1787225_2025-03_1741530328_Yunykh_Lenintsev_street_Ford_Transit_%282013%29_buses.jpg;CC BY 4.0;day
images/real/real_cc368382a5.jpg;B800AX977;type1;1094.1,774.6,67.5,18.9;1095.4,777.7,1160.0,774.6,1161.6,791.9,1094.1,793.5;1;0;https://commons.wikimedia.org/wiki/File%3AMoscow_bus_190508_2025-01_1737299055_Altufyevskoye_Highway_LiAZ-5292.JPG;CC BY 4.0;day,motion_blur
images/real/real_81cde9dee4.jpg;OK91877;type1b;1151.2,1098.2,203.1,53.2;1151.9,1106.5,1350.5,1098.2,1354.2,1142.6,1151.2,1151.5;1;0;https://commons.wikimedia.org/wiki/File%3AMoscow_bus_191535_2025-01_1737297940_Cherepovetskaya_Street_LiAZ-5292.JPG;CC BY 4.0;day
images/real/real_6ac130a504.jpg;HT05077;type1b;971.0,803.2,79.1,22.6;971.0,806.8,1049.1,803.2,1050.1,822.6,971.4,825.8;1;0;https://commons.wikimedia.org/wiki/File%3AMoscow_bus_2158364_2025-03_1741529133_Yunykh_Lenintsev_street_LiAZ-5292.jpg;CC BY 4.0;day
images/real/real_59517bf6d2.jpg;HT90777;type1b;817.2,742.0,46.7,10.7;817.3,743.3,863.9,742.0,863.8,752.2,817.2,752.7;1;0;https://commons.wikimedia.org/wiki/File%3AMoscow_bus_400504_2025-02_Sevastopolsky_prospekt_KamAZ-6282_1042.JPG;CC BY 4.0;day
images/real/real_d052d09c1d.jpg;CB49977;type1b;669.8,895.7,97.5,24.7;669.8,896.8,766.1,895.7,767.3,919.9,670.2,920.3;1;0;https://commons.wikimedia.org/wiki/File%3AMoscow_bus_410718_2025-02_Khamovnichesky_Val_Street_KamAZ-6282_0317.JPG;CC BY 4.0;day
images/real/real_6a81d10c41.jpg;HT88977;type1b;840.9,800.9,72.9,15.8;840.9,801.6,913.3,800.9,913.8,815.0,841.7,816.7;1;0;https://commons.wikimedia.org/wiki/File%3AMoscow_bus_412529_2025-04_Dmitriya_Ulyanova_Street_KamAZ-6282_385.JPG;CC BY 4.0;day
images/real/real_b6e1ca79c1.jpg;HT89177;type1b;335.8,791.2,49.8,13.2;336.6,791.2,385.5,793.2,384.7,804.5,335.8,802.3;1;0;https://commons.wikimedia.org/wiki/File%3AMoscow_bus_412530_2025-04_Bolshaya_Cheryomushkinskaya_Street_KamAZ-6282_333.JPG;CC BY 4.0;day
images/real/real_d8cda27d8c.jpg;Y017EE799;type1;575.8,913.3,85.5,19.9;575.8,917.2,661.2,913.3,661.3,929.7,576.2,933.2;1;0;https://commons.wikimedia.org/wiki/File%3AMoscow_bus_430111_2025-01_1737298896_Altufyevskoye_Highway_LiAZ-6274.tif;CC BY 4.0;day
images/real/real_d8cda27d8c.jpg;E597KB977;type1;1137.8,823.9,60.8,13.6;1137.9,825.3,1198.6,823.9,1198.5,837.5,1137.8,837.4;1;0;https://commons.wikimedia.org/wiki/File%3AMoscow_bus_430111_2025-01_1737298896_Altufyevskoye_Highway_LiAZ-6274.tif;CC BY 4.0;day
images/real/real_d631995c5f.jpg;CB81177;type1b;831.5,744.8,40.2,12.3;831.5,748.7,871.2,744.8,871.7,752.3,831.7,757.1;1;0;https://commons.wikimedia.org/wiki/File%3AMoscow_bus_430239_2025-02_Matrossky_Bridge_LiAZ-6274_276.jpg;CC BY 4.0;day,motion_blur
images/real/real_91381589fa.jpg;M364EE799;type1;224.5,803.7,57.4,13.4;224.6,803.7,281.9,803.8,280.9,817.1,224.5,817.1;1;0;https://commons.wikimedia.org/wiki/File%3AMoscow_bus_430469_2025-01_1737301600_Altufyevskoye_Highway_KamAZ-6282.tif;CC BY 4.0;day,motion_blur
images/real/real_3aa06100fb.jpg;HT27877;type1b;1038.1,839.2,80.4,17.2;1038.3,839.2,1118.5,839.3,1118.2,856.3,1038.1,854.7;1;0;https://commons.wikimedia.org/wiki/File%3AMoscow_bus_430491_2025-01_1737299154_Altufyevskoye_Highway_KamAZ-6282.JPG;CC BY 4.0;day
images/real/real_624c7db37f.jpg;B167XT799;type1;326.8,1063.4,82.0,38.6;327.7,1063.4,408.8,1082.5,406.3,1102.0,326.8,1082.8;1;0;https://commons.wikimedia.org/wiki/File%3AMoscow_bus_430660_2025-01_1737304313_Putevoy_passage_KamAZ-6282.JPG;CC BY 4.0;angle,day
images/real/real_4114e793fe.jpg;B167XT799;type1;314.2,1060.6,123.8,26.3;315.0,1060.6,438.0,1062.1,436.6,1086.9,314.2,1084.6;1;0;https://commons.wikimedia.org/wiki/File%3AMoscow_bus_430660_2025-01_1737304319_Putevoy_passage_KamAZ-6282.JPG;CC BY 4.0;day
images/real/real_7fc060d7ab.jpg;B354XT799;type1;1187.2,828.9,71.2,19.4;1187.2,833.0,1255.8,828.9,1258.3,843.8,1187.8,848.3;1;0;https://commons.wikimedia.org/wiki/File%3AMoscow_bus_430666_2025-01_1737298599_Cherepovetskaya_Street_KamAZ-6282.JPG;CC BY 4.0;day
images/real/real_8c36c7fdf8.jpg;PB26977;type1b;957.6,760.1,75.2,17.7;957.6,765.2,1032.8,760.1,1032.2,774.7,957.8,777.8;1;0;https://commons.wikimedia.org/wiki/File%3AMoscow_bus_430803_2025-01_1737299647_Leskova_street_KamAZ-6282.tif;CC BY 4.0;day
images/real/real_74c42fc01e.jpg;PB31077;type1b;534.4,984.4,105.7,24.2;534.4,987.0,638.4,984.4,640.1,1005.5,534.8,1008.6;1;0;https://commons.wikimedia.org/wiki/File%3AMoscow_bus_430851_2025-04_Menzhinskogo_Street_LiAZ-6274_0023.JPG;CC BY 4.0;day,motion_blur
images/real/real_bced3d19f9.jpg;PB31277;type1b;944.7,908.5,104.4,22.8;944.7,911.7,1048.5,908.5,1049.2,929.7,944.7,931.3;1;0;https://commons.wikimedia.org/wiki/File%3AMoscow_bus_430853_2025-01_1737297626_Abramtsevskaya_Street_LiAZ-6274.JPG;CC BY 4.0;day
images/real/real_efec5280b3.jpg;PB31277;type1b;793.5,867.9,49.3,12.2;793.5,868.5,842.2,867.9,842.8,879.8,794.0,880.2;1;0;https://commons.wikimedia.org/wiki/File%3AMoscow_bus_430853_2025-01_1737297631_Abramtsevskaya_Street_LiAZ-6274.JPG;CC BY 4.0;day
images/real/real_ff2e94464e.jpg;K992BX977;type1;1105.7,817.0,87.8,20.8;1106.0,818.4,1191.8,817.0,1193.4,833.8,1105.7,837.8;1;0;https://commons.wikimedia.org/wiki/File%3AMoscow_bus_431410_2025-01_1737298419_Cherepovetskaya_Street_KamAZ-6282.JPG;CC BY 4.0;day
images/real/real_1b90c6911d.jpg;M284TB797;type1;524.8,950.2,120.8,28.9;525.4,954.1,643.9,950.2,645.7,974.0,524.8,979.2;1;0;https://commons.wikimedia.org/wiki/File%3AMoscow_bus_431410_2025-01_1737298451_Cherepovetskaya_Street_KamAZ-6282.JPG;CC BY 4.0;day
images/real/real_885578b973.jpg;K992BX977;type1;1146.9,1047.8,181.3,47.3;1146.9,1051.2,1322.9,1047.8,1328.2,1087.4,1148.9,1095.1;1;0;https://commons.wikimedia.org/wiki/File%3AMoscow_bus_431410_2025-01_1737298456_Cherepovetskaya_Street_KamAZ-6282.JPG;CC BY 4.0;day
images/real/real_e91c88a763.jpg;PB24577;type1b;681.4,918.0,67.4,14.2;681.4,919.5,748.8,918.0,748.6,929.8,681.8,932.2;1;0;https://commons.wikimedia.org/wiki/File%3AMoscow_bus_431624_2025-01_1737297567_Cherepovetskaya_Street_KamAZ-6282.JPG;CC BY 4.0;day
images/real/real_0542e93713.jpg;A874YT799;type1;406.5,994.1,165.9,41.8;410.2,994.1,571.8,999.6,572.4,1035.9,406.5,1030.2;1;0;https://commons.wikimedia.org/wiki/File%3AMoscow_bus_432078_2025-02_1739359717_Bakuninskaya_Street_KamAZ-6282.JPG;CC BY 4.0;day
images/real/real_0f63ab7e69.jpg;Y805EM977;type1;245.0,959.5,111.8,26.7;245.0,963.7,355.4,959.5,356.8,984.1,247.0,986.2;1;0;https://commons.wikimedia.org/wiki/File%3AMoscow_bus_433024_2025-02_1739359733_Bakuninskaya_Street_KamAZ-6282.JPG;CC BY 4.0;day
images/real/real_18e782da96.jpg;P466OC799;type1;936.1,746.7,191.0,50.2;936.7,752.6,1122.2,746.7,1127.1,787.0,936.1,796.8;1;0;https://commons.wikimedia.org/wiki/File%3AMoscow_bus_%D0%A0466%D0%9E%D0%A1799_2025-03_Medikov_Street_RAF-2203_051.jpg;CC BY 4.0;day
images/real/real_b7afa15871.jpg;XM25977;type1b;853.1,865.9,78.2,16.0;853.1,865.9,931.3,866.2,931.2,881.9,853.1,880.2;1;0;https://commons.wikimedia.org/wiki/File%3AMoscow_bus_8490914_2025-01_1737299105_Altufyevskoye_Highway_LiAZ-5292.JPG;CC BY 4.0;day,motion_blur
images/real/real_ff7c6d8734.jpg;XM25977;type1b;328.2,894.4,131.6,26.2;328.2,894.4,459.8,895.3,459.8,920.7,329.2,920.0;1;0;https://commons.wikimedia.org/wiki/File%3AMoscow_bus_8490914_2025-01_1737299130_Cherepovetskaya_Street_LiAZ-5292.JPG;CC BY 4.0;day
images/real/real_b3813fd9ef.jpg;M321EO797;type1;1278.8,911.2,111.9,25.3;1278.8,911.2,1387.9,912.8,1390.7,935.2,1279.2,936.5;1;0;https://commons.wikimedia.org/wiki/File%3AMoscow_bus_lane_2025-01_1737298229.JPG;CC BY 4.0;day
images/real/real_21d404575f.jpg;H385AY57;type1;1010.5,755.0,125.6,33.2;1010.5,759.5,1135.7,755.0,1136.1,784.8,1012.4,788.2;1;0;https://commons.wikimedia.org/wiki/File%3AMoscow%2C_old_Setra_bus_from_Oryol%2C_May_2025_01.jpg;CC0;day,glare
images/real/real_fef3cc8f39.jpg;T295CE197;type1;478.3,942.3,85.9,19.2;478.9,944.7,562.3,942.3,564.2,959.1,478.3,961.5;1;0;https://commons.wikimedia.org/wiki/File%3AMoscow_perspective_%2814573779890%29.jpg;CC BY 2.0;day
images/real/real_84affe9e69.jpg;OY97977;type1b;650.2,842.1,114.8,27.2;650.8,842.1,765.0,844.6,763.6,869.3,650.2,865.2;1;0;https://commons.wikimedia.org/wiki/File%3AMoscow%2C_prospect_Andropova%2C_buses_April_2025_01.jpg;CC0;day
images/real/real_84affe9e69.jpg;A777OT190;type1;1371.2,704.4,89.8,18.2;1371.5,704.4,1461.0,705.9,1459.8,722.6,1371.2,720.0;1;0;https://commons.wikimedia.org/wiki/File%3AMoscow%2C_prospect_Andropova%2C_buses_April_2025_01.jpg;CC0;day,glare
images/real/real_32f96b7dea.jpg;CB83177;type1b;728.2,842.0,134.4,30.7;728.2,849.8,862.7,842.0,861.4,869.7,730.9,872.7;1;0;https://commons.wikimedia.org/wiki/File%3AMoscow%2C_prospect_Andropova%2C_buses_April_2025_02.jpg;CC0;day
images/real/real_52fdb93de0.jpg;A813YH799;type1;629.3,846.2,138.7,30.8;629.3,846.2,766.9,848.7,768.0,877.0,629.3,876.7;1;0;https://commons.wikimedia.org/wiki/File%3AMoscow%2C_prospect_Andropova%2C_buses_April_2025_03.jpg;CC0;day
images/real/real_2ba1cabe2b.jpg;PK75577;type1b;1032.0,897.5,173.2,41.8;1032.2,897.5,1204.0,901.9,1205.2,939.3,1032.0,935.5;1;0;https://commons.wikimedia.org/wiki/File%3AMoscow%2C_prospect_Andropova%2C_buses_April_2025_04.jpg;CC0;day
images/real/real_bd082a5e8c.jpg;P961EO40;type1;362.2,705.1,31.9,21.5;362.8,705.1,394.1,711.7,393.6,726.6,362.2,721.4;1;0;https://commons.wikimedia.org/wiki/File%3AMoscow%2C_tour_buses%2C_Mercedes-Benz_grey%2C_Sept_2025_01.jpg;CC0;angle,day
images/real/real_b0ac712fef.jpg;M921AO123;type1;804.6,671.6,98.6,25.5;805.0,677.1,901.5,671.6,903.2,693.6,804.6,697.1;1;0;https://commons.wikimedia.org/wiki/File%3AMudan_MD_6750_Hopper.jpg;CC BY-SA 4.0;day
images/real/real_9e3db5c375.jpg;O128AK47;type1;807.8,868.1,115.7,22.0;809.0,868.2,916.6,868.1,923.4,888.1,807.8,890.1;1;0;https://commons.wikimedia.org/wiki/File%3AMurino%2C_2019-01-29-P1722665_36.jpg;CC BY-SA 4.0;angle,day
images/real/real_9f78525e13.jpg;P800MC51;type1;1024.7,802.2,98.2,25.7;1024.9,807.0,1121.6,802.2,1122.9,823.8,1024.7,828.0;1;0;https://commons.wikimedia.org/wiki/File%3AMurmansk_bus_MAZ-103_%D0%A0800%D0%9C%D0%A151_2022-05.jpg;CC0;day
images/real/real_903682a46b.jpg;T649CT116;type1;731.1,650.3,87.0,24.7;731.1,658.2,818.1,650.3,818.0,667.2,732.6,675.0;1;0;https://commons.wikimedia.org/wiki/File%3ANefAZ-5299-30-51.jpg;CC BY-SA 3.0;day
images/real/real_fa5e016a06.jpg;B740YP02;type1;916.8,710.6,90.5,27.7;916.8,717.1,1006.1,710.6,1007.3,732.4,918.2,738.2;1;0;https://commons.wikimedia.org/wiki/File%3ANefAZ-5299_CNG_bus_for_Naberezhnye_Chelny.jpg;CC BY 2.0;day
images/real/real_e86c849334.jpg;B740YP02;type1;518.2,630.2,56.2,13.3;518.6,630.2,573.9,631.8,574.5,643.6,518.2,642.3;1;0;https://commons.wikimedia.org/wiki/File%3ANefAZ-5299_CNG_bus_for_Naberezhnye_Chelny_No2.jpg;CC BY 2.0;day
images/real/real_2caee08997.jpg;AY43842;type1b;597.3,490.4,71.6,26.8;597.3,501.5,667.6,490.4,668.9,506.5,598.6,517.2;1;0;https://commons.wikimedia.org/wiki/File%3ANew_buses_in_Kemerovo_02.jpg;CC BY 4.0;day
images/real/real_89313e82d9.jpg;BB02552;type1b;1129.9,559.0,56.1,9.6;1130.9,559.5,1186.0,559.0,1184.4,568.6,1129.9,567.1;1;0;https://commons.wikimedia.org/wiki/File%3ANizhny_Novgorod_buses.jpg;CC BY 4.0;angle,day,motion_blur
images/real/real_e82507a3d0.jpg;C962YK154;type1;1261.5,930.3,188.1,73.8;1267.7,930.3,1449.6,956.4,1444.7,1004.2,1261.5,980.5;1;0;https://commons.wikimedia.org/wiki/File%3ANovosibirsk_-_190225_DSC_4038.jpg;CC BY-SA 4.0;day
images/real/real_e82507a3d0.jpg;E966PH154;type1;930.5,638.8,43.5,10.7;930.5,639.8,974.0,638.8,973.7,648.7,931.1,649.5;1;0;https://commons.wikimedia.org/wiki/File%3ANovosibirsk_-_190225_DSC_4038.jpg;CC BY-SA 4.0;day
images/real/real_7469b84881.jpg;E464MP154;type1;154.2,801.8,60.7,17.0;154.3,801.9,214.2,801.8,214.8,817.5,154.2,818.8;1;0;https://commons.wikimedia.org/wiki/File%3ANovosibirsk_-_190225_DSC_4321.jpg;CC BY-SA 4.0;day
images/real/real_3dfc7a66fa.jpg;E509OH154;type1;676.2,822.7,85.4,19.3;676.2,822.7,761.6,823.2,759.4,842.0,676.9,838.5;1;0;https://commons.wikimedia.org/wiki/File%3ANovosibirsk_-_190225_DSC_4475.jpg;CC BY-SA 4.0;day
images/real/real_750c876c69.jpg;ME26137;type1b;956.9,782.7,101.9,29.2;957.7,788.2,1057.0,782.7,1058.8,806.2,956.9,811.8;1;0;https://commons.wikimedia.org/wiki/File%3AOktyabrskiy_rayon%2C_Ivanovo%2C_Ivanovskaya_oblast%27%2C_Russia_-_panoramio_%2848%29.jpg;CC BY 3.0;day
images/real/real_9f63336434.jpg;H474EP37;type1;980.4,816.3,159.0,43.5;980.9,824.8,1138.0,816.3,1139.4,852.2,980.4,859.8;1;0;https://commons.wikimedia.org/wiki/File%3AOktyabrskiy_rayon%2C_Ivanovo%2C_Ivanovskaya_oblast%27%2C_Russia_-_panoramio_%2887%29.jpg;CC BY 3.0;day
images/real/real_75159a9381.jpg;AY20552;type1b;1426.9,907.8,106.8,35.2;1426.9,919.3,1531.0,907.8,1533.8,930.8,1428.3,943.0;1;0;https://commons.wikimedia.org/wiki/File%3AOnce_upon_a_time_-_panoramio_%281%29.jpg;CC BY 3.0;day
images/real/real_d5791c486c.jpg;C704KA102;type1;322.0,536.7,85.9,31.1;324.5,536.7,407.9,547.9,406.7,567.8,322.0,556.4;1;0;https://commons.wikimedia.org/wiki/File%3APAZ-32053_Chelyabinsk.jpg;CC BY 3.0;day
images/real/real_b4f3e5b118.jpg;AH46432;type1b;405.0,389.8,65.8,16.1;405.0,391.9,470.2,389.8,470.8,404.8,405.0,405.9;1;0;https://commons.wikimedia.org/wiki/File%3APAZ-4234_M16%2C_Bryansk.jpg;CC0;day,motion_blur
images/real/real_b4f3e5b118.jpg;T737TE32;type1;0.0,404.3,56.6,21.8;0.0,409.7,56.5,404.3,56.6,422.3,0.0,426.1;1;0;https://commons.wikimedia.org/wiki/File%3APAZ-4234_M16%2C_Bryansk.jpg;CC0;day,motion_blur
images/real/real_884360f81f.jpg;AH13232;type1b;531.6,573.9,68.6,16.8;531.9,574.1,600.2,573.9,600.2,590.7,531.6,590.5;1;0;https://commons.wikimedia.org/wiki/File%3APAZ_Vector_Next_at_the_Bryansk-2_stop.jpg;CC0;day,motion_blur
images/real/real_3bd7862f60.jpg;C317KE977;type1;946.3,883.6,62.8,17.6;947.2,883.6,1008.9,884.1,1009.1,901.2,946.3,900.6;1;0;https://commons.wikimedia.org/wiki/File%3AProletarsky_Prospect_18_k3%2C_Moscow_bus_%D0%A1317%D0%9A%D0%95977_2025-03_Proletarsky_Prospect_18_k3%2C_Moscow_UAZ-452_406.jpg;CC BY 4.0;day
images/real/real_e1a0926756.jpg;AH50950;type1b;290.4,867.5,74.9,18.3;291.9,870.3,365.3,867.5,365.2,884.2,290.4,885.8;1;0;https://commons.wikimedia.org/wiki/File%3ARamenskoye%2C_Moscow_Oblast%2C_Russia_-_panoramio_%2830%29.jpg;CC BY 3.0;day
images/real/real_27b5dff3ef.jpg;T538PP750;type1;896.1,861.5,100.0,27.5;896.7,867.5,994.8,861.5,996.1,885.0,896.1,889.0;1;0;https://commons.wikimedia.org/wiki/File%3ARamenskoye_bus_%D0%A2538%D0%A0%D0%A0750_2024-12_1735655870_Mikhalevich_street_Luidor-2250DS.jpg;CC BY 4.0;day
images/real/real_803aacace6.jpg;H970MA154;type1;543.1,970.5,48.2,17.3;544.2,970.5,591.2,972.2,591.0,987.8,543.1,987.1;1;0;https://commons.wikimedia.org/wiki/File%3ARechnoy_Vokzal_Bus_Stop%2C_Novosibirsk_02.jpg;CC BY-SA 4.0;day
images/real/real_562ef6e1b2.jpg;C676HP154;type1;156.7,721.8,44.4,10.5;157.5,722.8,201.1,721.8,200.2,732.3,156.7,732.2;1;0;https://commons.wikimedia.org/wiki/File%3ARechnoy_Vokzal_Bus_Stop%2C_Novosibirsk_04.jpg;CC BY-SA 4.0;day
images/real/real_769ce00816.jpg;AO89572;type1b;946.4,715.3,46.8,21.3;946.4,722.0,992.3,715.3,993.2,729.4,947.8,736.7;1;0;https://commons.wikimedia.org/wiki/File%3ARiparado_de_Permjakov-viadukto_01.jpg;CC BY-SA 4.0;day
images/real/real_a23d0ba781.jpg;E041OH98;type1;772.9,726.8,79.0,20.8;773.8,726.8,851.6,729.2,851.9,747.6,772.9,745.2;1;0;https://commons.wikimedia.org/wiki/File%3ASaint_Petersburg_bus_%D0%95041%D0%9E%D0%9D98_2025-03_Moscow_Square_Renault_FR1_147.JPG;CC BY 4.0;day
images/real/real_c7360f006d.jpg;C857PM198;type1;888.6,883.2,118.0,33.4;888.6,892.7,1005.7,883.2,1006.6,909.5,891.2,916.6;1;0;https://commons.wikimedia.org/wiki/File%3ASaint_Petersburg_bus_1166_2025-03_Moscow_Square_MAZ-216_149.JPG;CC BY 4.0;day
images/real/real_c7360f006d.jpg;E514MT198;type1;1242.9,760.2,70.1,20.5;1243.2,762.8,1312.3,760.2,1313.0,779.1,1242.9,780.8;1;0;https://commons.wikimedia.org/wiki/File%3ASaint_Petersburg_bus_1166_2025-03_Moscow_Square_MAZ-216_149.JPG;CC BY 4.0;day
images/real/real_87e177a693.jpg;P521HO198;type1;999.2,851.6,112.2,29.8;999.2,858.1,1110.8,851.6,1111.4,876.4,1000.8,881.4;1;0;https://commons.wikimedia.org/wiki/File%3ASaint_Petersburg_bus_38393_2025-03_Moscow_Square_MAZ-206_154.JPG;CC BY 4.0;day
images/real/real_28143123c6.jpg;B059BP147;type1;1431.9,754.4,50.9,11.2;1432.0,754.4,1482.8,754.8,1482.2,764.5,1431.9,765.6;1;0;https://commons.wikimedia.org/wiki/File%3ASaint_Petersburg_bus_6954_2025-03_Moscow_Square_Volgabus-5270_148.JPG;CC BY 4.0;day
images/real/real_e209b3c082.jpg;T164TO198;type1;862.5,828.7,76.0,18.3;863.5,828.7,938.0,830.8,938.5,847.0,862.5,844.9;1;0;https://commons.wikimedia.org/wiki/File%3ASaint_Petersburg_bus_7820_2025-03_Moscow_Square_Volgabus_CityRhythm-18_145.JPG;CC BY 4.0;day
images/real/real_48cb233812.jpg;B046BM178;type1;1019.3,795.0,42.1,11.5;1020.0,795.0,1061.4,797.2,1061.3,806.5,1019.3,805.2;1;0;https://commons.wikimedia.org/wiki/File%3ASaint_Petersburg_trolleybus_2814_2014-09_1411218732_Baltic_Rail_Terminal_Square_VMZ-5298.JPG;CC BY-SA 4.0;day,glare
images/real/real_33b78a0762.jpg;E667YC763;type1;1149.5,927.3,84.0,19.8;1151.1,927.3,1231.9,928.8,1233.5,947.2,1149.5,946.5;1;0;https://commons.wikimedia.org/wiki/File%3ASamara_bus_Belkommunmash_E420_%D0%B5667%D1%83%D1%81763_2023-09_1693641508.tiff;CC BY-SA 4.0;day
images/real/real_33b78a0762.jpg;E724YT763;type1;212.2,856.0,57.0,14.2;212.5,857.2,269.2,856.0,269.2,870.2,212.2,870.1;1;0;https://commons.wikimedia.org/wiki/File%3ASamara_bus_Belkommunmash_E420_%D0%B5667%D1%83%D1%81763_2023-09_1693641508.tiff;CC BY-SA 4.0;day
images/real/real_1cabbd6b36.jpg;E667YC763;type1;407.2,926.9,137.9,32.2;407.2,926.9,545.1,930.6,544.4,959.1,407.2,955.5;1;0;https://commons.wikimedia.org/wiki/File%3ASamara_bus_Belkommunmash_E420_%D0%B5667%D1%83%D1%81763_2023-09_1693641511.tif;CC BY-SA 4.0;day
images/real/real_1fee28a94c.jpg;E667YC763;type1;955.8,755.8,97.6,27.4;956.5,761.0,1052.6,755.8,1053.3,777.2,955.8,783.2;1;0;https://commons.wikimedia.org/wiki/File%3ASamara_bus_Belkommunmash_E420_%D0%B5667%D1%83%D1%81763_2023-09_1693641518.tif;CC BY-SA 4.0;day
images/real/real_f8f900fdd5.jpg;CA16718;type1b;1061.4,829.9,112.9,40.7;1061.4,843.1,1170.9,829.9,1174.3,856.5,1063.3,870.6;1;0;https://commons.wikimedia.org/wiki/File%3ASarapul_Buses_4.jpg;CC BY-SA 4.0;day
images/real/real_4696b5063b.jpg;CA16718;type1b;504.1,571.6,75.0,20.9;504.1,574.0,578.7,571.6,579.1,590.0,504.3,592.5;1;0;https://commons.wikimedia.org/wiki/File%3ASarapul_Buses_5.jpg;CC BY-SA 4.0;night
images/real/real_338225d8f4.jpg;KA75318;type1b;1181.1,711.3,121.3,27.3;1182.3,711.3,1302.1,714.4,1302.4,738.7,1181.1,733.3;1;0;https://commons.wikimedia.org/wiki/File%3ASarapul_buses_1.jpg;CC BY-SA 4.0;day,glare
images/real/real_67aa30f302.jpg;HA07718;type1b;696.9,882.4,189.2,42.3;698.4,882.4,884.7,883.3,886.1,924.7,696.9,923.3;1;0;https://commons.wikimedia.org/wiki/File%3ASarapul_buses_2.jpg;CC BY-SA 4.0;day
images/real/real_67aa30f302.jpg;M414YO18;type1;5.7,752.3,102.2,21.6;5.7,755.6,107.8,752.3,105.8,771.9,6.2,773.9;1;0;https://commons.wikimedia.org/wiki/File%3ASarapul_buses_2.jpg;CC BY-SA 4.0;day
images/real/real_94a09b882f.jpg;P772EP67;type1;551.8,735.3,53.4,13.8;551.8,735.3,605.1,735.6,605.2,749.2,552.0,748.1;1;0;https://commons.wikimedia.org/wiki/File%3ASaratov_bus_%D0%A0772%D0%95%D0%A067_Muzeinaya_ploshad_%2829052615335%29.jpg;CC BY 2.0;day
images/real/real_b2fd89b51f.jpg;AO92664;type1b;588.6,758.7,37.5,13.7;589.7,758.7,626.1,762.1,625.1,772.3,588.6,768.3;1;0;https://commons.wikimedia.org/wiki/File%3ASaratov_bus_Ikarus-256_%D0%90%D0%9E_926_64_%2829052603545%29.jpg;CC BY 2.0;day
images/real/real_dea4f3b8db.jpg;A211AK164;type1;487.2,641.0,52.7,16.7;487.2,646.2,539.8,641.0,539.8,652.8,488.0,657.7;1;0;https://commons.wikimedia.org/wiki/File%3ASaratov_bus_Ikarus-260_%D0%90_211_%D0%90%D0%9A_164_%2828976195731%29.jpg;CC BY 2.0;day
images/real/real_9fedf3cac1.jpg;AM45764;type1b;813.4,796.0,91.5,27.3;813.4,804.1,903.7,796.0,904.9,814.6,814.8,823.3;1;0;https://commons.wikimedia.org/wiki/File%3ASaratov_bus_Ikarus-280_cropped_%D0%90%D0%9C_457_64_%2828434733943%29.jpg;CC BY 2.0;day
images/real/real_feb053516a.jpg;AM45764;type1b;817.8,652.8,53.8,13.6;817.8,652.8,871.6,653.4,871.0,666.4,818.1,664.1;1;0;https://commons.wikimedia.org/wiki/File%3ASaratov_bus_Ikarus-280_cropped_%D0%90%D0%9C_457_64_%2828947067902%29.jpg;CC BY 2.0;day
images/real/real_9a92d109c6.jpg;AH72264;type1b;776.7,741.6,43.9,9.7;776.7,741.6,820.6,741.9,820.3,750.8,777.7,751.2;1;0;https://commons.wikimedia.org/wiki/File%3ASaratov_bus_Mercedes-Benz_O405_%D0%90%D0%9D_722_64_%28ex-Verkehrsbetriebe%2C_Z%C3%BCrich_%28VBZ%29_678%29_%2829052615965%29.jpg;CC BY 2.0;day
images/real/real_b16c159e00.jpg;A446TX82;type1;229.6,1290.3,110.4,27.5;229.6,1290.3,340.0,1293.0,339.4,1317.8,231.5,1315.4;1;0;https://commons.wikimedia.org/wiki/File%3ASimferopol_bus_BAZ-A079.14_%D0%90446%D0%A2%D0%A582.jpg;CC0;day
images/real/real_b577eb64b9.jpg;O729AA37;type1;886.2,661.6,41.7,14.1;886.5,664.2,927.8,661.6,927.5,674.3,886.2,675.7;1;0;https://commons.wikimedia.org/wiki/File%3ASovetskiy_rayon%2C_Ivanovo%2C_Ivanovskaya_oblast%27%2C_Russia_-_panoramio_%2818%29.jpg;CC BY 3.0;day,motion_blur
images/real/real_04a49ae182.jpg;AO04672;type1b;1335.9,490.5,84.9,23.1;1336.2,490.5,1420.8,497.2,1420.1,513.6,1335.9,507.2;1;0;https://commons.wikimedia.org/wiki/File%3AStrato_Komsomolskaja_%28Tjumeno%29_majo_2019_04.jpg;CC BY-SA 4.0;day
images/real/real_c27a796a1b.jpg;AO15622;type1b;214.9,729.3,35.6,9.8;215.2,730.7,250.5,729.3,250.5,738.0,214.9,739.1;1;0;https://commons.wikimedia.org/wiki/File%3AStrato_Profsojuznaja_%28Tjumeno%29_junio_2019_23.jpg;CC BY-SA 4.0;day
images/real/real_6a9714fab1.jpg;AH38232;type1b;518.6,407.0,72.4,21.4;518.6,413.3,590.0,407.0,591.0,423.2,519.1,428.4;1;0;https://commons.wikimedia.org/wiki/File%3ASuburban_bus_GAZ_group_%22Aurora%22%2C_Bryansk.jpg;CC0;day
images/real/real_20b52a6ed6.jpg;O208BH57;type1;377.0,842.2,93.1,21.8;377.4,845.0,468.8,842.2,470.1,860.4,377.0,864.0;1;0;https://commons.wikimedia.org/wiki/File%3ASyzran_bus_PAZ-3205_%D0%BE208%D0%B2%D0%BD57_2023-09_1693667133.tif;CC BY-SA 4.0;day
images/real/real_c52898755f.jpg;BY58263;type1b;644.8,829.2,82.8,17.1;645.3,829.2,727.4,830.3,727.6,846.3,644.8,845.5;1;0;https://commons.wikimedia.org/wiki/File%3ASyzran_bus_PAZ-3205_%D0%B2%D1%8358263_2023-09_1693662694.tif;CC BY-SA 4.0;day,motion_blur
images/real/real_98445fc509.jpg;A746YE763;type1;970.6,913.3,124.6,80.4;970.6,957.4,1088.0,913.3,1095.2,948.2,976.2,993.8;1;0;https://commons.wikimedia.org/wiki/File%3ASyzran_bus_PAZ-3205_746%D1%83%D0%B5763_2023-09_1693661399.tif;CC BY-SA 4.0;angle,day
images/real/real_e87c802942.jpg;C502KY70;type1;471.9,762.6,90.8,23.5;471.9,766.5,562.2,762.6,562.8,783.8,472.5,786.1;1;0;https://commons.wikimedia.org/wiki/File%3ATomsk_bus_on_route_401.JPG;CC BY-SA 4.0;day
images/real/real_a7be3c7416.jpg;K126BK142;type1;495.9,815.9,82.6,26.7;497.8,815.9,578.5,820.1,578.1,842.6,495.9,837.4;1;0;https://commons.wikimedia.org/wiki/File%3ATsentralnyy_rayon%2C_Novokuznetsk%2C_Kemerovskaya_oblast%27%2C_Russia_-_panoramio_%2826%29.jpg;CC BY 3.0;day
images/real/real_b1e3c6d67a.jpg;B521OP21;type1;1072.6,658.8,64.2,15.5;1073.4,660.4,1136.1,658.8,1136.8,672.6,1072.6,674.3;1;0;https://commons.wikimedia.org/wiki/File%3AVolgabus-5270.GH_%D0%BD%D0%B0_%D0%BF%D1%80%D0%BE%D1%81%D0%BF%D0%B5%D0%BA%D1%82%D0%B5_%D0%9B%D0%B5%D0%BD%D0%B8%D0%BD%D0%B0_%D0%B2_%D0%A7%D0%B5%D0%B1%D0%BE%D0%BA%D1%81%D0%B0%D1%80%D0%B0%D1%85.jpg;CC BY-SA 4.0;day
images/real/real_21d651aa70.jpg;A511KH;other;565.3,666.3,128.4,30.0;566.1,666.9,691.1,666.3,693.7,693.9,565.3,696.3;1;0;https://commons.wikimedia.org/wiki/File%3AVolkswagen_LT35_%D0%BD%D0%B0_%D0%BC%D0%B0%D1%80%D1%88%D1%80%D1%83%D1%82%D0%B5_155.jpg;CC BY-SA 4.0;day
images/real/real_d90e7bdfe6.jpg;AK113##;type1b;645.9,608.6,38.3,10.9;645.9,610.8,684.1,608.6,684.2,617.1,646.2,619.5;1;0;https://commons.wikimedia.org/wiki/File%3A%D0%9C%D0%90%D0%97-104_%E2%84%96_%D0%90%D0%9A_113_86.jpg;CC BY-SA 4.0;day
images/real/real_197c86bf8a.jpg;AK116##;type1b;808.7,622.8,40.4,11.6;809.0,624.7,849.1,622.8,849.1,633.0,808.7,634.4;1;0;https://commons.wikimedia.org/wiki/File%3A%D0%9C%D0%90%D0%97-104_%E2%84%96_%D0%90%D0%9A_116_86.jpg;CC BY-SA 4.0;day,motion_blur
images/real/real_6d5ff971c9.jpg;AK18086;type1b;321.4,609.7,54.0,15.2;321.9,609.7,375.4,613.1,375.2,624.9,321.4,621.9;1;0;https://commons.wikimedia.org/wiki/File%3A%D0%9C%D0%90%D0%97-104_%E2%84%96_%D0%90%D0%9A_180_86_%281%29.jpg;CC BY-SA 4.0;day,motion_blur
images/real/real_8cfdafb349.jpg;AP12621;type1b;376.4,701.0,50.5,13.7;376.4,701.0,426.9,702.9,426.9,714.7,377.0,712.8;1;0;https://commons.wikimedia.org/wiki/File%3A%D0%9C%D0%90%D0%97-206_%D0%BD%D0%B0_%D1%83%D0%BB%D0%B8%D1%86%D0%B5_%D0%9A%D0%BE%D0%BC%D0%BF%D0%BE%D0%B7%D0%B8%D1%82%D0%BE%D1%80%D0%BE%D0%B2_%D0%92%D0%BE%D1%80%D0%BE%D0%B1%D1%8C%D0%B5%D0%B2%D1%8B%D1%85_%D0%B2_%D0%A7%D0%B5%D0%B1%D0%BE%D0%BA%D1%81%D0%B0%D1%80%D0%B0%D1%85.jpg;CC BY-SA 4.0;day
images/real/real_8cfdafb349.jpg;B970YA21;type1;1063.2,665.1,41.7,10.4;1063.6,666.1,1104.9,665.1,1104.8,674.8,1063.2,675.5;1;0;https://commons.wikimedia.org/wiki/File%3A%D0%9C%D0%90%D0%97-206_%D0%BD%D0%B0_%D1%83%D0%BB%D0%B8%D1%86%D0%B5_%D0%9A%D0%BE%D0%BC%D0%BF%D0%BE%D0%B7%D0%B8%D1%82%D0%BE%D1%80%D0%BE%D0%B2_%D0%92%D0%BE%D1%80%D0%BE%D0%B1%D1%8C%D0%B5%D0%B2%D1%8B%D1%85_%D0%B2_%D0%A7%D0%B5%D0%B1%D0%BE%D0%BA%D1%81%D0%B0%D1%80%D0%B0%D1%85.jpg;CC BY-SA 4.0;day,motion_blur
images/real/real_73cb0752b8.jpg;O192AT181;type1;449.2,340.9,57.6,17.0;449.2,346.1,506.1,340.9,506.8,353.7,449.2,357.9;1;0;https://commons.wikimedia.org/wiki/File%3A%D0%9F%D0%90%D0%97-320530-04_%D0%B2_%D0%9B%D1%83%D0%B3%D0%B0%D0%BD%D1%81%D0%BA%D0%B5_%D0%BD%D0%B0_%D0%BC%D0%B0%D1%80%D1%88%D1%80%D1%83%D1%82%D0%B5_135.jpg;CC BY-SA 4.0;night
images/real/real_d3bed3893f.jpg;Y545HP116;type1;443.6,462.3,71.6,20.4;443.8,464.5,514.9,462.3,515.2,481.4,443.6,482.7;1;0;https://commons.wikimedia.org/wiki/File%3A%D0%90%D0%B2%D1%82%D0%BE%D0%B1%D1%83%D1%81_%D0%9F%D0%90%D0%97-3237_%D0%BD%D0%B0_%D1%83%D0%BB%D0%B8%D1%86%D0%B5_%D0%9A%D0%B0%D1%80%D0%BB%D0%B0_%D0%9C%D0%B0%D1%80%D0%BA%D1%81%D0%B0_%D0%B2_%D0%9A%D0%B0%D0%B7%D0%B0%D0%BD%D0%B8_DEN_7643.jpg;CC BY 4.0;day
images/real/real_a5d1104ed3.jpg;Y042KE197;type1;1026.2,774.2,124.2,31.6;1026.8,776.1,1150.4,774.2,1149.6,805.8,1026.2,805.6;1;0;https://commons.wikimedia.org/wiki/File%3A%D0%9A%D0%90%D0%B2%D0%97-3976_%D1%83042%D0%BA%D0%B5197_2021-07_%D0%9C%D0%BE%D1%81%D0%BA%D0%B2%D0%B0_2.jpg;CC0;day
images/real/real_762144eed0.jpg;Y042KE197;type1;609.7,562.2,97.2,19.8;609.7,563.2,706.9,562.2,705.6,582.0,610.3,580.9;1;0;https://commons.wikimedia.org/wiki/File%3A%D0%9A%D0%90%D0%B2%D0%97-3976_%D1%83042%D0%BA%D0%B5197_2021-07_%D0%9C%D0%BE%D1%81%D0%BA%D0%B2%D0%B0.jpg;CC0;day,motion_blur
images/real/real_1b20b4595b.jpg;T433PB790;type1;1073.8,795.8,97.7,34.1;1073.8,804.2,1169.3,795.8,1171.4,822.4,1075.1,829.9;1;0;https://commons.wikimedia.org/wiki/File%3A%D0%9F%D0%90%D0%97-422320-04_Citymax_9_%D0%A0%D0%B5%D0%B3%D0%B8%D0%BE%D0%BD_%D0%90%D0%B2%D1%82%D0%BE_1_%D1%83_%D0%90%D1%88%D0%B0%D0%BD%D0%B0_%D0%9C%D0%95%D0%93%D0%90_%D0%A5%D0%B8%D0%BC%D0%BA%D0%B8_%D0%BC%D0%B0%D1%80%D1%88%D1%80%D1%83%D1%82_%D0%9C%D0%9E_19%D0%BA_%D0%B2%D0%B8%D0%B4_2.jpg;CC BY-SA 4.0;day
images/real/real_5401880357.jpg;T433PB790;type1;485.2,726.9,102.8,27.6;485.2,727.9,587.4,726.9,588.0,753.5,485.4,754.5;1;0;https://commons.wikimedia.org/wiki/File%3A%D0%9F%D0%90%D0%97-422320-04_Citymax_9_%D0%A0%D0%B5%D0%B3%D0%B8%D0%BE%D0%BD_%D0%90%D0%B2%D1%82%D0%BE_1_%D1%83_%D0%90%D1%88%D0%B0%D0%BD%D0%B0_%D0%9C%D0%95%D0%93%D0%90_%D0%A5%D0%B8%D0%BC%D0%BA%D0%B8_%D0%BC%D0%B0%D1%80%D1%88%D1%80%D1%83%D1%82_%D0%9C%D0%9E_19%D0%BA_%D1%81%D0%B7%D0%B0%D0%B4%D0%B8.jpg;CC BY-SA 4.0;day
images/real/real_18649405e9.jpg;P253HK58;type1;817.2,567.8,71.8,20.9;817.2,574.0,887.2,567.8,889.0,582.1,818.1,588.8;1;0;https://commons.wikimedia.org/wiki/File%3A%D0%9A%D0%90%D0%B2%D0%97-4270_%D0%9C%D0%B0%D1%80%D1%88%D1%80%D1%83%D1%82_34.png;CC BY-SA 4.0;day
images/real/real_f24c4e613e.jpg;X515OY790;type1;818.0,790.8,77.5,32.2;818.0,804.0,892.8,790.8,895.5,807.8,819.6,822.9;1;0;https://commons.wikimedia.org/wiki/File%3A%D0%9B%D0%B8%D0%90%D0%97-4292_%D0%9C%D0%A2%D0%90_2023_%D0%B3%D0%BE%D0%B4%D0%B0_%D0%B2_%D0%A1%D0%B5%D1%80%D0%B3%D0%B8%D0%B5%D0%B2%D0%BE%D0%BC_%D0%9F%D0%BE%D1%81%D0%B0%D0%B4%D0%B5.jpg;CC BY-SA 4.0;day
images/real/real_4f4a6888b8.jpg;P396YB799;type1;86.9,665.2,62.8,17.4;87.4,665.2,149.8,668.6,149.1,682.6,86.9,678.8;1;0;https://commons.wikimedia.org/wiki/File%3A%D0%9B%D0%B8%D0%90%D0%97-4292_%D1%81_%D0%BF%D0%B5%D1%82%D0%B5%D1%80%D0%B1%D1%83%D1%80%D0%B3%D1%81%D0%BA%D0%B8%D0%BC_%D0%AD%D0%9C%D0%A3_%D0%B2_%D0%A1%D0%B5%D1%80%D0%BF%D1%83%D1%85%D0%BE%D0%B2%D0%B5.jpg;CC BY-SA 4.0;day
images/real/real_e4a1e1d053.jpg;A001EM;other;910.2,865.2,175.5,46.1;910.2,873.0,1082.8,865.2,1085.7,902.2,911.5,911.2;1;0;https://commons.wikimedia.org/wiki/File%3A%D0%9B%D0%B8%D0%90%D0%97-4292_%D0%B2_%D0%9B%D1%83%D0%B3%D0%B0%D0%BD%D1%81%D0%BA%D0%B5.jpg;CC BY-SA 4.0;day
images/real/real_918bd5b71d.jpg;BO02574;type1b;271.9,487.0,46.1,14.6;272.5,487.0,318.0,490.0,317.6,501.6,271.9,498.2;1;0;https://commons.wikimedia.org/wiki/File%3A%D0%9B%D0%B8%D0%90%D0%97-5256-26_%D0%B2_%D0%A7%D0%B5%D0%BB%D1%8F%D0%B1%D0%B8%D0%BD%D1%81%D0%BA%D0%B5.jpeg;CC BY 3.0;day
images/real/real_169ee01abf.jpg;BH52574;type1b;294.1,591.8,111.5,25.0;295.1,592.7,403.8,591.8,405.6,615.8,294.1,616.8;1;0;https://commons.wikimedia.org/wiki/File%3A%D0%9B%D0%B8%D0%90%D0%97-5256-53_%D0%B2_%D0%A7%D0%B5%D0%BB%D1%8F%D0%B1%D0%B8%D0%BD%D1%81%D0%BA%D0%B5.jpeg;CC BY 3.0;day
images/real/real_f7710f0f13.jpg;A702AO##;type1;278.9,494.7,68.7,21.9;280.0,494.7,347.6,500.3,347.4,516.6,278.9,511.2;1;0;https://commons.wikimedia.org/wiki/File%3A%D0%9B%D0%B8%D0%90%D0%97-5256_%D0%B2_%D0%9B%D1%83%D0%B3%D0%B0%D0%BD%D1%81%D0%BA%D0%B5_%D0%BD%D0%B0_%D0%BC%D0%B0%D1%80%D1%88%D1%80%D1%83%D1%82%D0%B5_452.jpg;CC BY-SA 4.0;day
images/real/real_e398503848.jpg;B841OP174;type1;204.4,493.5,64.2,29.7;206.9,493.5,268.6,504.6,266.3,523.2,204.4,511.5;1;0;https://commons.wikimedia.org/wiki/File%3A%D0%9B%D0%B8%D0%90%D0%97-5292-71_%D0%B2_%D0%A7%D0%B5%D0%BB%D1%8F%D0%B1%D0%B8%D0%BD%D1%81%D0%BA%D0%B5.jpeg;CC BY 3.0;day
images/real/real_f0f97d305a.jpg;O811TA124;type1;529.2,776.2,83.7,27.0;531.3,776.2,612.9,781.1,612.4,803.2,529.2,797.1;1;0;https://commons.wikimedia.org/wiki/File%3A%D0%9B%D0%B8%D0%90%D0%97-5292.65.jpg;CC BY-SA 4.0;day
images/real/real_34ffe4a32a.jpg;H591EO790;type1;283.5,925.4,108.3,51.7;287.4,925.4,391.8,945.2,388.6,977.1,283.5,956.2;1;0;https://commons.wikimedia.org/wiki/File%3A%D0%9B%D0%B8%D0%90%D0%97-5292.67_%D0%A1%D0%9F%D0%93_%D0%9C%D0%A2%D0%90_%D0%BD%D0%B0_%D0%BE%D1%81%D1%82_%D0%A1%D0%B0%D0%BD%D0%B0%D1%82%D0%BE%D1%80%D0%B8%D0%B9_%D0%9A%D0%A1%D0%94_%D0%BC%D0%B0%D1%80%D1%88%D1%80%D1%83%D1%82_11_%D1%81%D0%BF%D1%80%D0%B0%D0%B2%D0%B0_%D1%81%D0%B7%D0%B0%D0%B4%D0%B8.jpg;CC BY-SA 4.0;day
images/real/real_a274444d9e.jpg;B997XH43;type1;495.4,475.4,63.9,17.3;495.4,477.6,558.8,475.4,559.3,490.8,495.6,492.7;1;0;https://commons.wikimedia.org/wiki/File%3A%D0%9B%D0%B8%D0%90%D0%97-5292.67_%28CNG%29.jpg;CC BY 3.0;day
images/real/real_976b0a947f.jpg;KA66161;type1b;678.8,643.0,91.2,25.3;678.8,646.3,768.5,643.0,770.0,664.6,679.6,668.3;1;0;https://commons.wikimedia.org/wiki/File%3A%D0%90%D0%B2%D1%82%D0%BE%D0%B1%D1%83%D1%81%D1%8B_%D0%9B%D0%B8%D0%90%D0%97-5292_%D0%B2_%D0%A0%D0%BE%D1%81%D1%82%D0%BE%D0%B2%D0%B5-%D0%BD%D0%B0-%D0%94%D0%BE%D0%BD%D1%83.jpg;CC BY 4.0;day
images/real/real_976b0a947f.jpg;B456YA161;type1;1173.5,633.9,75.0,18.2;1174.2,634.4,1247.9,633.9,1248.5,651.7,1173.5,652.1;1;0;https://commons.wikimedia.org/wiki/File%3A%D0%90%D0%B2%D1%82%D0%BE%D0%B1%D1%83%D1%81%D1%8B_%D0%9B%D0%B8%D0%90%D0%97-5292_%D0%B2_%D0%A0%D0%BE%D1%81%D1%82%D0%BE%D0%B2%D0%B5-%D0%BD%D0%B0-%D0%94%D0%BE%D0%BD%D1%83.jpg;CC BY 4.0;day
images/real/real_68a9edce3d.jpg;B500CK;other;984.5,835.3,162.6,44.0;984.5,843.6,1142.2,835.3,1147.1,869.7,985.6,879.3;1;0;https://commons.wikimedia.org/wiki/File%3A%D0%9B%D0%B8%D0%90%D0%97-5292_%D0%B2_%D0%9B%D1%83%D0%B3%D0%B0%D0%BD%D1%81%D0%BA%D0%B5_%D0%BD%D0%B0_%D0%BC%D0%B0%D1%80%D1%88%D1%80%D1%83%D1%82%D0%B5_155.jpg;CC BY-SA 4.0;night
images/real/real_2a73cd5ebb.jpg;AM678##;type1b;660.9,618.0,44.1,11.3;660.9,621.8,704.8,618.0,705.0,626.2,661.5,629.3;1;0;https://commons.wikimedia.org/wiki/File%3A%D0%9B%D0%B8%D0%90%D0%97-5293_%E2%84%96_%D0%90%D0%9C_678_86.jpg;CC BY-SA 4.0;day,motion_blur
images/real/real_9b60a0c9be.jpg;BA35374;type1b;870.9,508.4,60.3,19.9;870.9,516.6,930.0,508.4,931.2,520.7,871.7,528.3;1;0;https://commons.wikimedia.org/wiki/File%3A%D0%9D%D0%B5%D1%84%D0%90%D0%97-5299-20-22_%285299%D0%A1%D0%90%29_%D0%B2_%D0%A7%D0%B5%D0%BB%D1%8F%D0%B1%D0%B8%D0%BD%D1%81%D0%BA%D0%B5.jpeg;CC BY 3.0;day
images/real/real_176e8c82fb.jpg;P329KC716;type1;678.1,1092.1,137.5,49.7;678.1,1109.7,814.1,1092.1,815.6,1126.5,680.0,1141.8;1;0;https://commons.wikimedia.org/wiki/File%3A%D0%90%D0%B2%D1%82%D0%BE%D0%B1%D1%83%D1%81_%D0%9D%D0%B5%D1%84%D0%90%D0%97-5299-40-57_%D0%9A%D0%9F%D0%93_%D0%BC%D0%B0%D1%80%D1%88%D1%80%D1%83%D1%82%D0%B0_10_%D0%B2_%D0%9D%D0%B0%D0%B1%D0%B5%D1%80%D0%B5%D0%B6%D0%BD%D1%8B%D1%85_%D0%A7%D0%B5%D0%BB%D0%BD%D0%B0%D1%85.jpg;CC0;day
images/real/real_dd7d14bab5.jpg;AC30716;type1b;1176.0,880.8,131.8,46.2;1176.0,897.8,1304.8,880.8,1307.8,912.9,1178.3,927.0;1;0;https://commons.wikimedia.org/wiki/File%3A%D0%90%D0%B2%D1%82%D0%BE%D0%B1%D1%83%D1%81_%D0%9D%D0%B5%D1%84%D0%90%D0%97-5299_%D0%BD%D0%B0_%D0%B0%D0%B2%D1%82%D0%BE%D0%BC%D0%BE%D0%B9%D0%BA%D0%B5_%D0%B2_%D0%B0%D0%B2%D1%82%D0%BE%D0%B1%D1%83%D1%81%D0%BD%D0%BE%D0%BC_%D0%BF%D0%B0%D1%80%D0%BA%D0%B5_%D0%9A%D0%9F%D0%90%D0%A2%D0%9F-4_MMB_1995.jpg;CC BY 4.0;day
images/real/real_084b199d3f.jpg;C583BE116;type1;1173.8,784.8,99.3,44.4;1173.8,800.9,1271.4,784.8,1273.1,812.7,1175.5,829.2;1;0;https://commons.wikimedia.org/wiki/File%3A%D0%90%D0%B2%D1%82%D0%BE%D0%B1%D1%83%D1%81_%D0%9D%D0%B5%D1%84%D0%90%D0%97-5299_%D0%B2_%D0%9A%D0%9F%D0%90%D0%A2%D0%9F-4_MMB_2007.jpg;CC BY 4.0;day
images/real/real_3ed1e5c9c4.jpg;H747TT161;type1;399.3,407.5,65.2,22.1;399.3,415.9,461.9,407.5,464.5,420.9,400.5,429.6;1;0;https://commons.wikimedia.org/wiki/File%3A%D0%90%D0%B2%D1%82%D0%BE%D0%B1%D1%83%D1%81_%D0%9D%D0%B5%D1%84%D0%90%D0%97-5299_%D0%B2_%D0%A0%D0%BE%D1%81%D1%82%D0%BE%D0%B2%D0%B5-%D0%BD%D0%B0-%D0%94%D0%BE%D0%BD%D1%83.jpg;CC BY 4.0;day
images/real/real_14429b7371.jpg;M382TP116;type1;239.7,643.7,88.0,57.1;244.5,643.7,327.7,675.8,327.0,700.8,239.7,669.3;1;0;https://commons.wikimedia.org/wiki/File%3A%D0%90%D0%B2%D1%82%D0%BE%D0%B1%D1%83%D1%81_%D0%9D%D0%B5%D1%84%D0%90%D0%97-5299_%D0%BD%D0%B0_%D0%BC%D0%B0%D1%80%D1%88%D1%80%D1%83%D1%82%D0%B5_67_%D0%B2_%D0%A0%D0%BE%D1%81%D1%82%D0%BE%D0%B2%D0%B5-%D0%BD%D0%B0-%D0%94%D0%BE%D0%BD%D1%83.jpg;CC BY 4.0;angle,day
images/real/real_77a402c8ab.jpg;C562BE116;type1;629.0,461.8,63.5,13.9;629.3,462.9,692.5,461.8,692.4,475.7,629.0,475.1;1;0;https://commons.wikimedia.org/wiki/File%3A%D0%90%D0%B2%D1%82%D0%BE%D0%B1%D1%83%D1%81_%D0%9D%D0%B5%D1%84%D0%90%D0%97-5299_%D0%B2_%D0%9A%D0%B0%D0%B7%D0%B0%D0%BD%D0%B8_MMB_0447.jpg;CC BY 4.0;day
images/real/real_0f13f98443.jpg;M060XH790;type1;892.5,818.6,68.6,28.7;892.5,829.8,959.1,818.6,961.1,837.0,894.0,847.2;1;0;https://commons.wikimedia.org/wiki/File%3A%D0%9D%D0%B5%D1%84%D0%90%D0%97-5299_%D0%9C%D0%A2%D0%90_%D0%B2_%D0%A1%D0%B5%D1%80%D0%B3%D0%B5%D0%B2%D0%BE%D0%BC_%D0%9F%D0%BE%D1%81%D0%B0%D0%B4%D0%B5.jpg;CC BY-SA 4.0;day
images/real/real_a585400706.jpg;C903TC161;type1;265.4,510.1,69.5,31.7;267.8,510.1,334.9,523.2,334.6,541.8,265.4,530.0;1;0;https://commons.wikimedia.org/wiki/File%3A%D0%9D%D0%B5%D1%84%D0%90%D0%97-5299_%D0%BD%D0%B0_%D0%BA%D0%BE%D0%BD%D0%B5%D1%87%D0%BD%D0%BE%D0%B9_%22%D0%BC%D0%B8%D0%BA%D1%80%D0%BE%D1%80%D0%B0%D0%B9%D0%BE%D0%BD_%D0%A1%D1%83%D0%B2%D0%BE%D1%80%D0%BE%D0%B2%D1%81%D0%BA%D0%B8%D0%B9%22.jpg;CC BY 4.0;angle,day
images/real/real_79e8a40f75.jpg;CO44861;type1b;841.0,463.3,61.2,19.9;841.0,469.7,900.8,463.3,902.2,477.1,842.1,483.2;1;0;https://commons.wikimedia.org/wiki/File%3A%D0%9E%D1%81%D0%BC%D0%BE%D1%82%D1%80_%D0%B0%D0%B2%D1%82%D0%BE%D0%B1%D1%83%D1%81%D0%BD%D0%BE%D0%B3%D0%BE_%D0%BF%D0%B0%D1%80%D0%BA%D0%B0_%D0%A0%D0%9C%D0%90%D0%A2%D0%9F-5_%D0%BA%D0%BE%D0%BC%D0%B8%D1%81%D1%81%D0%B8%D0%B5%D0%B9_%D0%93%D0%BE%D1%80%D0%BE%D0%B4%D1%81%D0%BA%D0%BE%D0%B9_%D0%B4%D1%83%D0%BC%D1%8B_%D0%A0%D0%BE%D1%81%D1%82%D0%BE%D0%B2%D0%B0-%D0%BD%D0%B0-%D0%94%D0%BE%D0%BD%D1%83_DSC_6579.jpg;CC BY 4.0;day
images/real/real_79e8a40f75.jpg;E569XT161;type1;52.4,482.8,59.8,15.7;52.4,484.8,112.0,482.8,112.2,496.2,52.4,498.5;1;0;https://commons.wikimedia.org/wiki/File%3A%D0%9E%D1%81%D0%BC%D0%BE%D1%82%D1%80_%D0%B0%D0%B2%D1%82%D0%BE%D0%B1%D1%83%D1%81%D0%BD%D0%BE%D0%B3%D0%BE_%D0%BF%D0%B0%D1%80%D0%BA%D0%B0_%D0%A0%D0%9C%D0%90%D0%A2%D0%9F-5_%D0%BA%D0%BE%D0%BC%D0%B8%D1%81%D1%81%D0%B8%D0%B5%D0%B9_%D0%93%D0%BE%D1%80%D0%BE%D0%B4%D1%81%D0%BA%D0%BE%D0%B9_%D0%B4%D1%83%D0%BC%D1%8B_%D0%A0%D0%BE%D1%81%D1%82%D0%BE%D0%B2%D0%B0-%D0%BD%D0%B0-%D0%94%D0%BE%D0%BD%D1%83_DSC_6579.jpg;CC BY 4.0;day
images/real/real_c559e5ce2e.jpg;AX47674;type1b;235.5,602.7,87.8,21.1;235.5,602.7,323.3,603.5,323.0,623.8,236.0,622.9;1;0;https://commons.wikimedia.org/wiki/File%3A%D0%9B%D0%B8%D0%90%D0%97-6212-00_%D0%B2_%D0%A7%D0%B5%D0%BB%D1%8F%D0%B1%D0%B8%D0%BD%D1%81%D0%BA%D0%B5.jpeg;CC BY 3.0;day
images/real/real_987388dc36.jpg;AP19474;type1b;330.6,697.0,55.3,15.5;330.8,697.0,385.2,700.3,385.9,712.5,330.6,709.5;1;0;https://commons.wikimedia.org/wiki/File%3A%D0%9B%D0%B8%D0%90%D0%97-6212_%D0%BD%D0%B0_%D1%84%D0%BE%D0%BD%D0%B5_%D0%AE%D0%A3%D1%80%D0%93%D0%A3.jpg;CC BY 3.0;day
images/real/real_573c164e13.jpg;AC02616;type1b;1204.0,977.8,120.9,56.4;1204.0,1005.8,1319.5,977.8,1324.9,1006.3,1207.2,1034.2;1;0;https://commons.wikimedia.org/wiki/File%3A%D0%9F%D1%80%D0%B5%D0%B7%D0%B5%D0%BD%D1%82%D0%B0%D1%86%D0%B8%D1%8F_%D1%8D%D0%BB%D0%B5%D0%BA%D1%82%D1%80%D0%BE%D0%B1%D1%83%D1%81%D0%B0_%D0%9A%D0%B0%D0%BC%D0%90%D0%97-6282_%D0%B2_%D0%9A%D0%B0%D0%B7%D0%B0%D0%BD%D0%B8_DEN_6000.jpg;CC BY 4.0;day
images/real/real_af7728ce55.jpg;AX55746;type1b;795.4,796.2,98.8,26.6;795.9,800.8,893.0,796.2,894.2,819.0,795.4,822.8;1;0;https://commons.wikimedia.org/wiki/File%3A%D0%9A%D1%83%D1%80%D1%81%D0%BA%D0%B8%D0%B9_%D1%8D%D0%BB%D0%B5%D0%BA%D1%82%D1%80%D0%BE%D0%B1%D1%83%D1%81_%22%D0%9A%D0%B0%D0%BC%D0%90%D0%97-6282%22.jpg;CC BY 4.0;day
images/real/real_d82a73c8e4.jpg;AX55746;type1b;530.2,530.8,63.5,19.0;530.2,534.9,593.3,530.8,593.7,546.2,530.5,549.8;1;0;https://commons.wikimedia.org/wiki/File%3A%D0%9A%D1%83%D1%80%D1%81%D0%BA%D0%B8%D0%B9_%D1%8D%D0%BB%D0%B5%D0%BA%D1%82%D1%80%D0%BE%D0%B1%D1%83%D1%81_%D0%9A%D0%B0%D0%BC%D0%90%D0%97-6282.jpg;CC BY-SA 4.0;day
images/real/real_0b6895b69c.jpg;2456TT#;other;810.8,675.7,132.1,37.4;810.8,675.7,942.8,684.4,942.1,713.1,813.3,709.5;1;0;https://commons.wikimedia.org/wiki/File%3A%D0%90%D0%B2%D1%82%D0%BE%D0%B1%D1%83%D1%81_%D0%9B%D0%90%D0%97-695%D0%9C_%D0%BD%D0%B0_%D0%BF%D0%BE%D1%81%D1%82%D0%B0%D0%BC%D0%B5%D0%BD%D1%82%D0%B5_%D0%BD%D0%B0_%D1%82%D0%B5%D1%80%D1%80%D0%B8%D1%82%D0%BE%D1%80%D0%B8%D0%B8_%D0%9A%D0%9F%D0%90%D0%A2%D0%9F-4_MMB_2055.jpg;CC BY 4.0;angle,day
images/real/real_759a16dbde.jpg;X006EP78;type1;158.9,756.8,91.3,21.8;160.2,756.8,250.2,757.5,250.0,778.7,158.9,776.4;1;0;https://commons.wikimedia.org/wiki/File%3A%D0%9B%D0%90%D0%97-699%D0%A0_%D1%83793%D0%B2%D0%BD797_2021-05.jpg;CC0;day
images/real/real_2023e00226.jpg;P888TH161;type1;995.2,1065.1,147.2,32.1;998.3,1067.1,1142.4,1065.1,1142.3,1096.8,995.2,1097.2;1;0;https://commons.wikimedia.org/wiki/File%3A%D0%A0%D0%BE%D1%81%D1%82%D0%BE%D0%B2-%D0%BD%D0%B0-%D0%94%D0%BE%D0%BD%D1%83%2C%D0%BE%D1%81%D1%82%D0%B0%D0%BD%D0%BE%D0%B2%D0%BA%D0%B0_%D0%9F%D0%BB%D0%BE%D1%89%D0%B0%D0%B4%D1%8C_%D0%9B%D0%B5%D0%BD%D0%B8%D0%BD%D0%B0.jpg;CC BY-SA 4.0;day
images/real/real_ce87fcdce0.jpg;B160AC98;type1;1158.6,724.2,79.2,19.6;1159.6,724.2,1237.7,726.2,1237.8,743.8,1158.6,741.6;1;0;https://commons.wikimedia.org/wiki/File%3A%D0%A1%D0%B0%D0%BD%D0%BA%D1%82-%D0%9F%D0%B5%D1%82%D0%B5%D1%80%D0%B1%D1%83%D1%80%D0%B3_%D0%BC%D1%83%D0%B7%D0%B5%D0%B9%D0%BD%D1%8B%D0%B9_%D0%B0%D0%B2%D1%82%D0%BE%D0%B1%D1%83%D1%81_%D0%B2160%D0%B0%D1%8198.jpg;CC0;day
images/real/real_b496e27b3c.jpg;4034T##;other;478.3,542.1,52.6,13.6;479.2,543.8,530.9,542.1,530.2,553.6,478.3,555.7;1;0;https://commons.wikimedia.org/wiki/File%3A%D0%9A%D0%B0%D0%B7%D0%B0%D0%BD%D1%8C._%D0%9F%D0%B0%D0%BC%D1%8F%D1%82%D0%BD%D0%B8%D0%BA_%D0%B0%D0%B2%D1%82%D0%BE%D0%B1%D1%83%D1%81%D1%83_%D0%9B%D0%B8%D0%90%D0%97-677_%D0%BF%D0%B5%D1%80%D0%B5%D0%B4_%D0%BE%D1%84%D0%B8%D1%81%D0%BE%D0%BC_%D0%9F%D0%90%D0%A2%D0%9F-2.jpg;CC0;day,dirt
images/real/real_7f47a14ee0.jpg;EC15750;type1b;404.9,905.6,182.2,55.6;407.4,905.6,587.1,917.5,586.7,961.2,404.9,951.5;1;0;https://commons.wikimedia.org/wiki/File%3A%D0%90%D0%B2%D1%82%D0%BE%D0%B1%D1%83%D1%81._16._%D0%95%D0%A1_157.jpg;CC BY-SA 4.0;day
images/real/real_c2a00ac6ab.jpg;KE10250;type1b;1130.5,840.6,153.0,55.1;1130.5,859.7,1280.9,840.6,1283.5,878.5,1134.4,895.7;1;0;https://commons.wikimedia.org/wiki/File%3A%D0%90%D0%B2%D1%82%D0%BE%D0%B1%D1%83%D1%81._31._%D0%9A%D0%95_102.jpg;CC BY-SA 4.0;day
images/real/real_09033720f2.jpg;H728BM10;type1;443.2,746.6,83.5,24.9;443.7,748.0,526.4,746.6,526.7,769.7,443.2,771.5;1;0;https://commons.wikimedia.org/wiki/File%3A%D0%9F%D0%B5%D1%82%D1%80%D0%BE%D0%B7%D0%B0%D0%B2%D0%BE%D0%B4%D1%81%D0%BA%2C_%D1%83%D0%BB.%D0%9F%D0%BE%D0%B3%D1%80%D0%B0%D0%BD%D0%B8%D1%87%D0%BD%D0%B0%D1%8F%2C_%D0%B0%D0%B2%D1%82%D0%BE%D0%B1%D1%83%D1%81_%E2%84%9633.jpg;CC BY-SA 4.0;day
images/real/real_4333d193ff.jpg;K291YH716;type1;1306.5,534.8,43.6,9.4;1306.9,534.8,1350.1,534.8,1348.5,544.2,1306.5,541.7;1;0;https://commons.wikimedia.org/wiki/File%3A%D0%90%D0%BB%D1%8C%D0%BC%D0%B5%D1%82%D1%8C%D0%B5%D0%B2%D1%81%D0%BA._%D0%90%D0%B2%D1%82%D0%BE%D0%B1%D1%83%D1%81_%C2%AB%D0%93%D0%90%D0%97%D0%B5%D0%BB%D1%8C_City%C2%BB_%D0%BD%D0%B0_%D1%83%D0%BB%D0%B8%D1%86%D0%B5_%D0%9B%D0%B5%D0%BD%D0%B8%D0%BD%D0%B0.jpg;CC BY-SA 4.0;angle,day
images/real/real_389ba9c4ce.jpg;M385BY154;type1;877.2,737.3,86.1,22.8;877.2,742.2,961.4,737.3,963.2,755.8,877.2,760.1;1;0;https://commons.wikimedia.org/wiki/File%3A%D0%A3%D0%BB%D0%B8%D1%86%D0%B0_%D0%97%D0%B0%D0%BB%D0%B5%D1%81%D1%81%D0%BA%D0%BE%D0%B3%D0%BE%2C_%D0%9D%D0%BE%D0%B2%D0%BE%D1%81%D0%B8%D0%B1%D0%B8%D1%80%D1%81%D0%BA_08.jpg;CC BY-SA 4.0;day
images/real/real_d5d302ac8f.jpg;EH45750;type1b;1010.0,830.6,216.2,84.3;1010.0,869.7,1219.8,830.6,1226.2,879.0,1018.2,914.9;1;0;https://commons.wikimedia.org/wiki/File%3A%D0%90%D0%B2%D1%82%D0%BE%D0%B1%D1%83%D1%81_1._%D0%95%D0%9D_457.jpg;CC BY-SA 4.0;day
images/real/real_73cdb0bae2.jpg;BP74950;type1b;154.3,740.1,193.5,92.0;159.1,740.1,347.8,771.0,341.8,832.2,154.3,797.7;1;0;https://commons.wikimedia.org/wiki/File%3A%D0%9C%D0%B0%D1%80%D1%88%D1%80%D1%83%D1%821._%D0%92%D0%A0_749.jpg;CC BY-SA 3.0;day
images/real/real_556644cbe4.jpg;AK10986;type1b;391.4,598.0,57.5,13.2;391.4,598.0,448.9,598.0,448.5,611.2,392.3,610.5;1;0;https://commons.wikimedia.org/wiki/File%3A%D0%A4%D0%BE%D1%82%D0%BE_%D0%90%D0%9A109_86.jpg;CC BY-SA 4.0;day
images/real/real_7c6420757d.jpg;AX92150;type1b;330.1,729.2,162.1,52.6;330.1,729.2,492.2,739.1,491.4,781.7,330.7,772.2;1;0;https://commons.wikimedia.org/wiki/File%3A%D0%90%D0%B2%D1%82%D0%BE%D0%B1%D1%83%D1%81_11._%D0%90%D0%A5_921.jpg;CC BY-SA 4.0;day
images/real/real_cf72d5c207.jpg;B085EY73;type1;873.7,759.0,68.0,23.3;874.0,762.0,940.9,759.0,941.7,779.3,873.7,782.3;1;0;https://commons.wikimedia.org/wiki/File%3A%D0%A3%D0%BB%D1%8C%D1%8F%D0%BD%D0%BE%D0%B2%D1%81%D0%BA%2C_%D0%BC%D0%B0%D1%80%D1%88%D1%80%D1%83%D1%82%D0%BD%D0%BE%D0%B5_%D1%82%D0%B0%D0%BA%D1%81%D0%B8_12_%D0%BC%D0%B0%D1%80%D1%88%D1%80%D1%83%D1%82%D0%B0_%D0%BD%D0%B0_%D0%BA%D0%BE%D0%BD%D0%B5%D1%87%D0%BD%D0%BE%D0%B9_%22%D0%A8%D0%BA%D0%BE%D0%BB%D0%B0%22_%28%D0%BF%D0%BE%D1%81.%D0%91%D0%B0%D1%80%D0%B0%D1%82%D0%B0%D0%B5%D0%B2%D0%BA%D0%B0%29.jpg;CC BY-SA 4.0;day
images/real/real_cbeafb79dc.jpg;H905KT10;type1;715.8,722.6,113.6,30.8;715.8,727.9,827.2,722.6,829.3,747.4,716.6,753.4;1;0;https://commons.wikimedia.org/wiki/File%3A%D0%9012_%D0%BD905%D0%BA%D1%8210_01.05.2025.png;CC BY-SA 4.0;day
images/real/real_276e086d77.jpg;KA14450;type1b;898.4,784.3,151.5,61.4;898.4,813.2,1044.0,784.3,1049.9,816.7,906.2,845.8;1;0;https://commons.wikimedia.org/wiki/File%3A%D0%90%D0%B2%D1%82%D0%BE%D0%B1%D1%83%D1%81_14._%D0%9A%D0%90_144_50.jpg;CC BY-SA 3.0;day
images/real/real_9922141b89.jpg;KA14350;type1b;918.6,878.8,167.4,69.6;918.6,913.0,1082.8,878.8,1086.0,917.2,923.8,948.3;1;0;https://commons.wikimedia.org/wiki/File%3A%D0%90%D0%B2%D1%82%D0%BE%D0%B1%D1%83%D1%81_15._%D0%BA%D0%B0_143.jpg;CC BY-SA 3.0;day
images/real/real_3d2e350d44.jpg;KB47650;type1b;1138.2,954.9,154.1,57.1;1138.2,974.4,1289.1,954.9,1292.2,993.9,1143.2,1012.0;1;0;https://commons.wikimedia.org/wiki/File%3A%D0%90%D0%B2%D1%82%D0%BE%D0%B1%D1%83%D1%8115._%D0%9A%D0%92_476.jpg;CC BY-SA 4.0;day
images/real/real_f99a21ca54.jpg;KA90950;type1b;473.9,857.5,185.8,57.0;476.8,857.5,659.8,869.8,658.8,914.5,473.9,900.8;1;0;https://commons.wikimedia.org/wiki/File%3A%D0%90%D0%B2%D1%82%D0%BE%D0%B1%D1%83%D1%81_15._%D0%9A%D0%90_909_50.jpg;CC BY-SA 3.0;day
images/real/real_d3d7017592.jpg;BM61550;type1b;1203.3,819.0,141.2,36.8;1204.2,821.4,1342.8,819.0,1344.5,853.0,1203.3,855.8;1;0;https://commons.wikimedia.org/wiki/File%3A%D0%90%D0%B2%D1%82%D0%BE%D0%B1%D1%83%D1%81_%E2%84%9615_%28%D0%92%D0%9C_615_50%29.jpg;CC BY-SA 3.0;day
images/real/real_edcc968f46.jpg;KA14050;type1b;1284.8,788.5,103.7,35.1;1284.8,799.2,1387.0,788.5,1388.5,813.2,1285.9,823.6;1;0;https://commons.wikimedia.org/wiki/File%3A%D0%90%D0%B2%D1%82%D0%BE%D0%B1%D1%83%D1%81_%E2%84%9616._%D0%9A%D0%90_140_50.jpg;CC BY-SA 3.0;day,motion_blur
images/real/real_572ffde5ac.jpg;KB47650;type1b;1085.0,772.6,103.2,39.2;1085.0,785.8,1184.6,772.6,1188.2,798.3,1087.8,811.7;1;0;https://commons.wikimedia.org/wiki/File%3A%D0%90%D0%B2%D1%82%D0%BE%D0%B1%D1%83%D1%81_16._%D0%9A%D0%92_476.jpg;CC BY-SA 4.0;day
images/real/real_d3da2369ba.jpg;BP75850;type1b;428.5,886.1,227.5,56.3;428.5,894.4,652.7,886.1,656.1,931.8,429.1,942.4;1;0;https://commons.wikimedia.org/wiki/File%3A%D0%9C%D0%B0%D1%80%D1%88%D1%80%D1%83%D1%82_16._%D0%92%D0%A0_758_50.jpg;CC BY-SA 3.0;day
images/real/real_fa8b048fc2.jpg;KA94850;type1b;1066.6,891.2,151.2,52.7;1066.6,907.9,1213.4,891.2,1217.8,929.6,1068.9,943.9;1;0;https://commons.wikimedia.org/wiki/File%3A%D0%90%D0%B2%D1%82%D0%BE%D0%B1%D1%83%D1%81_16._%D0%9A%D0%90_948.jpg;CC BY-SA 4.0;day
images/real/real_3d152fb6a2.jpg;BM63150;type1b;1172.3,796.6,140.8,34.6;1173.2,798.4,1312.0,796.6,1313.1,830.1,1172.3,831.1;1;0;https://commons.wikimedia.org/wiki/File%3A%D0%90%D0%B2%D1%82%D0%BE%D0%B1%D1%83%D1%81_%E2%84%9616.jpeg;CC BY-SA 3.0;day
images/real/real_5c5e2c8c66.jpg;H105MX10;type1;1041.8,653.3,81.5,18.8;1042.2,653.8,1123.3,653.3,1122.6,672.2,1041.8,671.9;1;0;https://commons.wikimedia.org/wiki/File%3A%D0%9B%D0%BE%D1%81%D0%BE%D1%81%D0%B8%D0%BD%D1%81%D0%BA%D0%BE%D0%B5_%D1%88%D0%BE%D1%81%D1%81%D0%B5_%D0%B0%D0%B2%D1%82%D0%BE%D0%B1%D1%83%D1%81_19.jpg;CC BY-SA 4.0;day
images/real/real_f64f5f99b1.jpg;KA93450;type1b;926.2,866.7,188.9,68.4;926.2,893.4,1112.2,866.7,1115.2,912.4,930.8,935.1;1;0;https://commons.wikimedia.org/wiki/File%3A%D0%90%D0%B2%D1%82%D0%BE%D0%B1%D1%83%D1%81_2._%D0%9A%D0%90_934.jpg;CC BY-SA 4.0;day
images/real/real_f70884ff73.jpg;P190MP30;type1;1312.4,890.9,90.4,19.8;1312.4,890.9,1402.8,891.3,1402.7,910.7,1312.4,909.0;1;0;https://commons.wikimedia.org/wiki/File%3A%D0%90%D1%81%D1%82%D1%80%D0%B0%D1%85%D0%B0%D0%BD%D1%8C%2C_%D0%BC%D0%B0%D1%80%D1%88%D1%80%D1%83%D1%82%D0%BD%D1%8B%D0%B5_%D1%82%D0%B0%D0%BA%D1%81%D0%B8_%D0%BD%D0%B0_%D1%83%D0%BB%D0%B8%D1%86%D0%B5_%D0%B3%D0%B4%D0%B5_%D1%85%D0%BE%D0%B4%D0%B8%D0%BB_%D1%82%D1%80%D0%B0%D0%BC%D0%B2%D0%B0%D0%B9_%D0%B8_%D1%82%D1%80%D0%BE%D0%BB%D0%BB%D0%B5%D0%B9%D0%B1%D1%83%D1%81_2020-02.jpg;CC0;day
images/real/real_c1fd1f6c31.jpg;EE69702;type1b;493.2,816.3,110.1,27.7;494.3,816.3,603.0,819.9,603.2,844.0,493.2,839.9;1;0;https://commons.wikimedia.org/wiki/File%3A%D0%93%D0%B0%D0%B7%D0%B5%D0%BB%D1%8C_%D0%A3%D1%84%D0%B0_2022-05.jpg;CC BY-SA 4.0;day
images/real/real_3db9439706.jpg;A219TT92;type1;1057.9,516.1,83.0,32.9;1057.9,526.6,1139.1,516.1,1140.9,538.8,1060.3,549.0;1;0;https://commons.wikimedia.org/wiki/File%3A%D0%9F%D1%80%D0%BE%D0%B2%D0%BE%D0%B4%D1%8B_%D0%BF%D1%80%D0%B8%D0%B7%D0%B2%D0%B0%D0%BD%D0%BD%D1%8B%D1%85_%D0%B2_%D1%80%D0%B0%D0%BC%D0%BA%D0%B0%D1%85_%D0%BC%D0%BE%D0%B1%D0%B8%D0%BB%D0%B8%D0%B7%D0%B0%D1%86%D0%B8%D0%B8_%D0%BD%D0%B0_%D0%BF%D0%BB%D0%BE%D1%89%D0%B0%D0%B4%D0%B8_%D0%9D%D0%B0%D1%85%D0%B8%D0%BC%D0%BE%D0%B2%D0%B0%2C_2022%2C_15.jpg;CC BY 4.0;day
images/real/real_63720e2a2c.jpg;B028MC164;type1;689.7,453.6,57.8,17.2;691.1,453.6,747.4,457.4,746.2,470.8,689.7,467.7;1;0;https://commons.wikimedia.org/wiki/File%3A%D0%92%D0%BE%D0%B4%D0%B0_%D0%BB%D1%8C%D1%91%D1%82%D1%81%D1%8F_%D0%B8%D0%B7_%D0%BB%D1%8E%D0%BA%D0%B0_2025-11-07_18-27-05.jpg;CC BY-SA 4.0;day,glare
images/real/real_e669fedc85.jpg;P879KT18;type1;992.9,803.1,108.9,45.4;992.9,821.3,1098.5,803.1,1101.8,829.9,994.6,848.5;1;0;https://commons.wikimedia.org/wiki/File%3A%D0%98%D0%B6%D0%B5%D0%B2%D1%81%D0%BA%D0%B8%D0%B9_%D0%B0%D0%B2%D1%82%D0%BE%D0%B1%D1%83%D1%81_2025.jpg;CC0;day
images/real/real_197408f4b0.jpg;KA10550;type1b;601.6,776.5,147.0,56.9;601.6,801.7,743.2,776.5,748.6,808.5,605.5,833.4;1;0;https://commons.wikimedia.org/wiki/File%3A%D0%90%D0%B2%D1%82%D0%BE%D0%B1%D1%83%D1%81_28._%D0%9A%D0%90_105.jpg;CC BY-SA 3.0;day
images/real/real_f449ccde2d.jpg;A057HX793;type1;623.4,683.0,70.7,20.7;623.5,687.8,693.0,683.0,694.1,698.6,623.4,703.7;1;0;https://commons.wikimedia.org/wiki/File%3A%D0%90%D0%B2%D1%82%D0%BE%D0%B1%D1%83%D1%81_%D0%9C2_%D0%90%D1%81%D1%82%D1%80%D0%B0%D1%85%D0%B0%D0%BD%D1%8C.jpg;CC BY 4.0;day
images/real/real_cc4177fcd1.jpg;AC22216;type1b;542.2,670.1,124.6,34.3;542.8,670.1,666.1,674.7,666.8,704.4,542.2,699.2;1;0;https://commons.wikimedia.org/wiki/File%3A%D0%90%D0%B2%D1%82%D0%BE%D0%B1%D1%83%D1%81_%D0%B2_%D0%9B%D0%B5%D0%BD%D0%B8%D0%BD%D0%BE%D0%B3%D0%BE%D1%80%D1%81%D0%BA%D0%B5_%282%29.jpg;CC BY-SA 4.0;day
images/real/real_3d7da68607.jpg;AX94950;type1b;996.7,811.2,177.4,54.2;996.7,822.8,1170.2,811.2,1174.2,855.2,998.3,865.4;1;0;https://commons.wikimedia.org/wiki/File%3A%D0%90%D0%B2%D1%82%D0%BE%D0%B1%D1%83%D1%81_3._%D0%90%D0%A5_949.jpg;CC BY-SA 4.0;day
images/real/real_9ef92afdb9.jpg;BM60850;type1b;1172.4,735.1,99.8,44.7;1172.4,755.0,1270.1,735.1,1272.2,761.0,1175.6,779.8;1;0;https://commons.wikimedia.org/wiki/File%3A%D0%90%D0%B2%D1%82%D0%BE%D0%B1%D1%83%D1%81_31._%D0%92%D0%9C_608_50.jpg;CC BY-SA 3.0;day
images/real/real_f145f2836d.jpg;KA10650;type1b;964.0,899.7,159.4,60.5;964.0,924.6,1117.8,899.7,1123.4,935.2,967.7,960.2;1;0;https://commons.wikimedia.org/wiki/File%3A%D0%90%D0%B2%D1%82%D0%BE%D0%B1%D1%83%D1%81_392._%D0%9A%D0%90_106.jpg;CC BY-SA 4.0;day
images/real/real_238ba29be0.jpg;Y255HC797;type1;131.5,611.8,49.3,17.7;133.0,611.8,180.6,617.5,180.8,629.5,131.5,624.4;1;0;https://commons.wikimedia.org/wiki/File%3A%D0%90%D0%B2%D1%82%D0%BE%D0%B1%D1%83%D1%81_%D0%9C4_%D0%90%D1%81%D1%82%D1%80%D0%B0%D1%85%D0%B0%D0%BD%D1%8C.jpg;CC0;day
images/real/real_cd9abcaffc.jpg;EO20474;type1b;1268.0,563.2,50.3,14.7;1268.7,564.0,1318.3,563.2,1318.1,575.9,1268.0,577.9;1;0;https://commons.wikimedia.org/wiki/File%3A%D0%9B%D0%B8%D0%90%D0%97_5256_53.jpeg;CC BY-SA 3.0;day
images/real/real_cd9abcaffc.jpg;O992OK174;type1;1012.4,577.5,88.4,29.1;1012.4,583.6,1099.3,577.5,1100.8,601.3,1013.3,606.6;1;0;https://commons.wikimedia.org/wiki/File%3A%D0%9B%D0%B8%D0%90%D0%97_5256_53.jpeg;CC BY-SA 3.0;day
images/real/real_d07b3b5206.jpg;BA17474;type1b;199.3,454.0,64.5,21.7;199.6,454.0,263.8,458.6,263.6,475.7,199.3,470.8;1;0;https://commons.wikimedia.org/wiki/File%3A%D0%9D%D0%B5%D1%84%D0%90%D0%97_5299_20_22.jpg;CC BY-SA 3.0;day
images/real/real_f1c8197e15.jpg;T508XB161;type1;1236.1,1068.2,72.7,25.1;1236.1,1075.9,1307.4,1068.2,1308.8,1085.8,1236.1,1093.3;1;0;https://commons.wikimedia.org/wiki/File%3A%D0%9C%D0%B0%D1%80%D1%88%D1%80%D1%83%D1%82_%D0%B0%D0%B2%D1%82%D0%BE%D0%B1%D1%83%D1%81%D0%B0_%E2%84%965_%D0%B3._%D0%A0%D0%BE%D1%81%D1%82%D0%BE%D0%B2-%D0%BD%D0%B0-%D0%94%D0%BE%D0%BD%D1%83.jpg;CC BY-SA 4.0;day
images/real/real_f1c8197e15.jpg;K630YO161;type1;87.8,967.0,63.9,18.3;87.8,970.4,150.6,967.0,151.7,979.4,89.3,985.3;1;0;https://commons.wikimedia.org/wiki/File%3A%D0%9C%D0%B0%D1%80%D1%88%D1%80%D1%83%D1%82_%D0%B0%D0%B2%D1%82%D0%BE%D0%B1%D1%83%D1%81%D0%B0_%E2%84%965_%D0%B3._%D0%A0%D0%BE%D1%81%D1%82%D0%BE%D0%B2-%D0%BD%D0%B0-%D0%94%D0%BE%D0%BD%D1%83.jpg;CC BY-SA 4.0;day
images/real/real_17e6b64f47.jpg;C571KX124;type1;1365.8,1045.1,52.6,10.7;1366.6,1046.5,1418.4,1045.1,1417.8,1053.4,1365.8,1055.8;1;0;https://commons.wikimedia.org/wiki/File%3A%D0%9A%D1%83%D0%BF%D0%B5%D1%87%D0%B5%D1%81%D0%BA%D0%B8%D0%B9_%D0%BA%D0%BB%D1%83%D0%B1%2C_%D0%BF%D1%80%D0%BE%D1%81%D0%BF%D0%B5%D0%BA%D1%82_%D0%9C%D0%B8%D1%80%D0%B0%2C_71%2C_%D0%9A%D1%80%D0%B0%D1%81%D0%BD%D0%BE%D1%8F%D1%80%D1%81%D0%BA%2C_%D0%9A%D1%80%D0%B0%D1%81%D0%BD%D0%BE%D1%8F%D1%80%D1%81%D0%BA%D0%B8%D0%B9_%D0%BA%D1%80%D0%B0%D0%B9.jpg;CC BY-SA 4.0;day
images/real/real_599b7734af.jpg;H690OA124;type1;452.7,546.1,91.2,55.1;452.7,575.1,538.3,546.1,543.9,571.3,456.9,601.2;1;0;https://commons.wikimedia.org/wiki/File%3A%D0%90%D0%B2%D1%82%D0%BE%D0%B1%D1%83%D1%81_9.jpg;CC0;angle,day
images/real/real_1445d1a8c5.jpg;EE42450;type1b;1022.1,847.7,172.1,49.9;1022.1,856.9,1190.5,847.7,1194.3,888.0,1025.0,897.6;1;0;https://commons.wikimedia.org/wiki/File%3A%D0%90%D0%B2%D1%82%D0%BE%D0%B1%D1%83%D1%81_%E2%84%969.jpg;CC BY-SA 3.0;day
images/real/real_0efb3c2495.jpg;YE33277;type1b;1475.4,826.2,99.3,51.3;1475.4,843.6,1572.8,826.2,1574.7,860.5,1477.1,877.6;1;0;https://commons.wikimedia.org/wiki/File%3A%D0%9C%D0%B0%D1%80%D1%88%D1%80%D1%83%D1%82%D0%BA%D0%B0_Ford_Transit_%D0%B2_%D0%9C%D0%BE%D1%81%D0%BA%D0%B2%D0%B5_%D0%B1%D0%B5%D0%B7_%D0%BD%D0%BE%D0%BC%D0%B5%D1%80%D0%B0.jpg;CC BY-SA 4.0;day,motion_blur
images/real/real_5f2edef48d.jpg;Y858AH181;type1;497.8,616.8,124.6,28.0;497.8,616.8,620.8,617.1,622.4,642.1,498.5,644.8;1;0;https://commons.wikimedia.org/wiki/File%3A%D0%93%D0%90%D0%97%D0%B5%D0%BB%D1%8C_NEXT_%D0%BD%D0%B0_110_%28%D0%BA%D0%BE%D0%BB%D1%8C%D1%86%D0%B5%D0%B2%D0%BE%D0%BC%29_%D0%BC%D0%B0%D1%80%D1%88%D1%80%D1%83%D1%82%D0%B5.jpg;CC BY-SA 4.0;night
images/real/real_726f443a9b.jpg;C487YC55;type1;1137.2,495.8,43.4,27.3;1137.2,508.2,1179.2,495.8,1180.6,511.7,1139.2,523.1;1;0;https://commons.wikimedia.org/wiki/File%3A%D0%A1%D0%B8%D1%82%D1%80%D0%BE%D0%B5%D0%BD_%D0%9C%D0%B0%D1%80%D1%88%D1%80%D1%83%D1%82%D0%BD%D0%BE%D0%B5_%D1%82%D0%B0%D0%BA%D1%81%D0%B8_%D0%B2_%D0%9E%D0%BC%D1%81%D0%BA%D0%B5.jpg;CC0;angle,day
images/real/real_fbb6ac068c.jpg;EH01777;type1b;284.8,952.2,50.8,12.6;285.8,952.2,335.6,955.2,335.2,964.7,284.8,963.6;1;0;https://commons.wikimedia.org/wiki/File%3A%D0%9C%D1%8F%D1%87%D0%BA%D0%BE%D0%B2%D1%81%D0%BA%D0%B8%D0%B9_%D0%B1%D1%83%D0%BB%D1%8C%D0%B2%D0%B0%D1%80_%28%D0%9C%D0%BE%D1%81%D0%BA%D0%B2%D0%B0%29.jpg;CC BY-SA 3.0;day
images/real/real_fbb6ac068c.jpg;X511CY777;type1;969.4,932.5,57.5,17.5;969.4,936.7,1026.4,932.5,1026.9,945.7,969.9,950.0;1;0;https://commons.wikimedia.org/wiki/File%3A%D0%9C%D1%8F%D1%87%D0%BA%D0%BE%D0%B2%D1%81%D0%BA%D0%B8%D0%B9_%D0%B1%D1%83%D0%BB%D1%8C%D0%B2%D0%B0%D1%80_%28%D0%9C%D0%BE%D1%81%D0%BA%D0%B2%D0%B0%29.jpg;CC BY-SA 3.0;day
images/real/real_9daa5868cd.jpg;Y679MT30;type1;741.7,838.4,91.1,38.2;741.7,850.3,831.6,838.4,832.8,864.2,743.5,876.6;1;0;https://commons.wikimedia.org/wiki/File%3A%D0%9C%D0%B0%D1%80%D1%88%D1%80%D1%83%D1%82%D0%BA%D0%B8_%D0%B2_%D0%90%D1%81%D1%82%D1%80%D0%B0%D1%85%D0%B0%D0%BD%D0%B8.jpg;CC0;day
images/real/real_d1e913c9cc.jpg;AH06148;type1b;668.5,429.8,32.5,9.0;668.5,432.5,701.0,429.8,700.7,436.2,668.9,438.8;1;0;https://commons.wikimedia.org/wiki/File%3A%D0%9F%D1%80%D0%BE%D0%B3%D1%80%D0%B0%D0%BC%D0%BC%D0%B0_%D0%BE%D0%B1%D0%BD%D0%BE%D0%B2%D0%BB%D0%B5%D0%BD%D0%B8%D1%8F_%D0%B3%D0%BE%D1%80_%D1%82%D1%80%D0%B0%D0%BD%D1%81%D0%BF%D0%BE%D1%80%D1%82%D0%B0.jpg;CC BY-SA 4.0;day,motion_blur
images/real/real_138d40ff19.jpg;AX56046;type1b;824.3,700.4,42.9,17.8;824.3,707.9,866.0,700.4,867.2,710.3,826.1,718.2;1;0;https://commons.wikimedia.org/wiki/File%3A%D0%AD%D0%BB%D0%B5%D0%BA%D1%82%D1%80%D0%BE%D0%B1%D1%83%D1%81_%D0%9A%D0%90%D0%9C%D0%90%D0%97_%D0%9A%D1%83%D1%80%D1%81%D0%BA.jpg;CC BY-SA 4.0;day
images/real/real_db61b380c0.jpg;HE29325;type1b;1022.8,814.2,44.8,11.8;1023.5,814.2,1067.6,816.1,1067.2,825.9,1022.8,824.5;1;0;https://commons.wikimedia.org/wiki/File%3A%D0%9E%D1%81%D1%82%D0%B0%D0%BD%D0%BE%D0%B2%D0%BA%D0%B0_%D0%9C%D0%BE%D1%80%D1%83%D1%87%D0%B8%D0%BB%D0%B8%D1%89%D0%B5_%D0%B2_%D0%9D%D0%B0%D1%85%D0%BE%D0%B4%D0%BA%D0%B5.jpg;CC BY-SA 2.0;day,motion_blur
images/real/real_93d8b3d64e.jpg;E530MA67;type1;1414.3,762.9,62.4,17.8;1415.0,762.9,1476.8,766.7,1475.3,780.7,1414.3,776.3;1;0;https://commons.wikimedia.org/wiki/File%3A%D0%A1%D0%BC%D0%BE%D0%BB%D0%B5%D0%BD%D1%81%D0%BA%D0%B8%D0%B9_%D0%B0%D0%B2%D1%82%D0%BE%D0%B1%D1%83%D1%81.jpg;CC BY-SA 4.0;day
images/real/real_93d8b3d64e.jpg;Y772MH67;type1;260.0,735.7,60.1,18.0;260.8,735.7,320.1,736.1,318.7,753.3,260.0,753.7;1;0;https://commons.wikimedia.org/wiki/File%3A%D0%A1%D0%BC%D0%BE%D0%BB%D0%B5%D0%BD%D1%81%D0%BA%D0%B8%D0%B9_%D0%B0%D0%B2%D1%82%D0%BE%D0%B1%D1%83%D1%81.jpg;CC BY-SA 4.0;day
images/real/real_33322f154b.jpg;K757PT35;type1;1222.8,750.1,75.7,26.1;1223.2,756.4,1298.2,750.1,1298.5,769.8,1222.8,776.2;1;0;https://commons.wikimedia.org/wiki/File%3A%D0%A7%D0%B5%D1%80%D0%B5%D0%BF%D0%BE%D0%B2%D0%B5%D1%86%2C_%D0%B0%D0%B2%D1%82%D0%BE%D0%B1%D1%83%D1%81_%D0%9A%D0%B0%D0%BC%D0%90%D0%97_%D0%BD%D0%B0_%D0%9E%D0%BA%D1%82%D1%8F%D0%B1%D1%80%D1%8C%D1%81%D0%BA%D0%BE%D0%BC_%D0%BC%D0%BE%D1%81%D1%82%D1%83_%D0%B7%D0%B8%D0%BC%D0%BE%D0%B9.jpg;CC BY-SA 4.0;day
images/real/real_33322f154b.jpg;K593YP35;type1;674.2,765.5,78.0,23.2;674.2,772.7,751.4,765.5,752.2,782.2,675.6,788.7;1;0;https://commons.wikimedia.org/wiki/File%3A%D0%A7%D0%B5%D1%80%D0%B5%D0%BF%D0%BE%D0%B2%D0%B5%D1%86%2C_%D0%B0%D0%B2%D1%82%D0%BE%D0%B1%D1%83%D1%81_%D0%9A%D0%B0%D0%BC%D0%90%D0%97_%D0%BD%D0%B0_%D0%9E%D0%BA%D1%82%D1%8F%D0%B1%D1%80%D1%8C%D1%81%D0%BA%D0%BE%D0%BC_%D0%BC%D0%BE%D1%81%D1%82%D1%83_%D0%B7%D0%B8%D0%BC%D0%BE%D0%B9.jpg;CC BY-SA 4.0;day
images/real/real_3e3f054f00.jpg;AY29746;type1b;808.0,650.5,55.9,21.1;808.0,661.4,862.5,650.5,863.9,659.8,809.1,671.6;1;0;https://commons.wikimedia.org/wiki/File%3A%D0%90%D0%B2%D1%82%D0%BE%D0%B1%D1%83%D1%81_%D0%92%D0%BE%D0%BB%D0%B3%D0%B0%D0%B1%D0%B0%D1%81_%D0%9A%D1%83%D1%80%D1%81%D0%BA.jpg;CC BY-SA 4.0;day
images/real/real_b2f4b7a010.jpg;A444AM134;type1;612.6,824.9,119.9,34.9;612.6,830.8,729.7,824.9,732.5,852.0,613.7,859.8;1;0;https://commons.wikimedia.org/wiki/File%3A%D0%97%D0%B0%D1%81%D1%83%D0%BD%D1%8C%D1%82%D0%B5_%D1%81%D0%B2%D0%BE%D0%B8_%D1%81%D0%B0%D0%BD%D0%BA%D1%86%D0%B8%D0%B8_%D1%81%D0%B5%D0%B1%D0%B5_%D0%B2_%D0%95%D0%B2%D1%80%D0%BE%D0%BF%D1%83.jpg;CC BY-SA 4.0;day
images/real/real_b2f4b7a010.jpg;T550TT34;type1;207.8,1081.6,268.3,106.0;207.8,1123.6,463.8,1081.6,476.2,1142.9,220.2,1187.6;1;0;https://commons.wikimedia.org/wiki/File%3A%D0%97%D0%B0%D1%81%D1%83%D0%BD%D1%8C%D1%82%D0%B5_%D1%81%D0%B2%D0%BE%D0%B8_%D1%81%D0%B0%D0%BD%D0%BA%D1%86%D0%B8%D0%B8_%D1%81%D0%B5%D0%B1%D0%B5_%D0%B2_%D0%95%D0%B2%D1%80%D0%BE%D0%BF%D1%83.jpg;CC BY-SA 4.0;day,motion_blur
images/real/real_f3b468807b.jpg;Y825XA27;type1;862.5,809.7,218.6,79.8;865.0,809.7,1081.1,835.8,1078.7,889.4,862.5,867.0;1;0;https://commons.wikimedia.org/wiki/File%3AAuto_Mitsubishi_Minicab_Khabarovsk_Seryshev_street_1_825%D0%A5%D0%90_27_2024-08_1724850039_09.jpg;CC BY 4.0;day
images/real/real_3992000768.jpg;O387OP77;type1;378.8,830.8,99.2,27.7;380.1,830.8,478.0,834.0,477.3,858.5,378.8,853.2;1;0;https://commons.wikimedia.org/wiki/File%3AAuto_Nissan_Caravan_Lyublino_District_Kubanskaya_Street%2C_Moscow_%D0%9E387%D0%9E%D0%A077_2024-11_1730730648.jpg;CC BY 4.0;day
images/real/real_6f64ba2bbb.jpg;P398MC797;type1;335.6,823.4,167.1,55.8;336.5,823.4,502.7,837.7,501.7,879.2,335.6,868.2;1;0;https://commons.wikimedia.org/wiki/File%3AAuto_Toyota_Crown_Moscow_Buzheninova_Street_%D0%A0398%D0%9C%D0%A1797_2026-03_41.JPG;CC BY 4.0;day
images/real/real_59d1715ef8.jpg;H726PY99;type1;326.9,894.2,243.5,61.9;329.2,894.2,570.4,903.0,567.2,956.2,326.9,947.9;1;0;https://commons.wikimedia.org/wiki/File%3AAuto_Toyota_Previa_Moscow_Bibip-Bibop_2026_2026-07_200.JPG;CC BY 4.0;day
images/real/real_9cbf4375dd.jpg;Y524KA197;type1;699.2,806.6,132.8,37.8;699.3,806.6,829.8,810.1,832.0,844.3,699.2,842.0;1;0;https://commons.wikimedia.org/wiki/File%3AAuto_Toyota_bB_Moscow_Sayanskaya_Street_%D0%A3524%D0%9A%D0%90197_2025-09_202.jpg;CC BY 4.0;day
images/real/real_74e099a8a5.jpg;B296YY28;type1;1240.5,971.3,40.7,27.0;1242.7,971.3,1281.2,979.5,1280.8,998.3,1240.5,991.0;1;0;https://commons.wikimedia.org/wiki/File%3ABlagoveshchensk_Kalinina_street_2_drob_2_2024-08_1724523061.tif;CC BY 4.0;angle,day,motion_blur
images/real/real_246b3450e6.jpg;M884KP28;type1;141.8,817.2,40.5,11.7;142.2,817.7,182.2,817.2,182.2,828.2,141.8,828.9;1;0;https://commons.wikimedia.org/wiki/File%3ABlagoveshchensk_Lenina_Street_157_2024-08_1724445146.tif;CC BY 4.0;day,motion_blur
images/real/real_8cc5fe2d34.jpg;M395KE28;type1a;816.7,942.5,77.0,42.5;819.8,942.5,893.8,949.2,892.6,985.0,816.7,976.2;1;0;https://commons.wikimedia.org/wiki/File%3ABlagoveshchensk_Pionerskaya_street_32_right_building_2024-08_1724514162.tif;CC BY 4.0;day,motion_blur
images/real/real_32a3eb0ca4.jpg;A406CK28;type1;696.3,986.9,70.9,19.0;697.6,990.5,767.0,986.9,767.2,1004.2,696.3,1005.9;1;0;https://commons.wikimedia.org/wiki/File%3ABlagoveshchensk_Shevchenko_street_11_drob_1_2024-08_1724444483.tif;CC BY 4.0;day
images/real/real_32a3eb0ca4.jpg;E836CX28;type1;1079.9,975.3,72.9,17.2;1081.0,979.3,1152.8,975.3,1152.8,990.2,1079.9,992.6;1;0;https://commons.wikimedia.org/wiki/File%3ABlagoveshchensk_Shevchenko_street_11_drob_1_2024-08_1724444483.tif;CC BY 4.0;day
images/real/real_c82598c652.jpg;P636PE27;type1;655.8,742.7,28.2,15.9;656.7,742.7,683.9,745.3,682.7,758.6,655.8,754.3;1;0;https://commons.wikimedia.org/wiki/File%3AKhabarovsk_Dzerzhinsky_street_36_2024-08_1724689424.jpg;CC BY 4.0;day
images/real/real_b557dd408d.jpg;M014HO27;type1;354.4,665.1,83.9,27.5;354.4,675.5,435.6,665.1,438.3,681.9,356.5,692.6;1;0;https://commons.wikimedia.org/wiki/File%3AKhabarovsk_Frunze_Street_50_2024-08_1724691133.jpg;CC BY 4.0;day
images/real/real_83fa7a5fcd.jpg;A813KE27;type1a;303.7,724.3,51.6,34.7;303.7,728.9,355.2,724.3,354.6,756.0,305.3,759.0;1;0;https://commons.wikimedia.org/wiki/File%3AKhabarovsk_Gogol_Street_23_2024-08_1724688067.jpg;CC BY 4.0;day
images/real/real_44cd15a2a7.jpg;P173YP27;type1;723.4,998.8,130.7,31.5;723.8,999.5,852.7,998.8,854.1,1029.2,723.4,1030.2;1;0;https://commons.wikimedia.org/wiki/File%3AKhabarovsk_Komsomolskaya_street_2024-08_1724850039.jpg;CC BY 4.0;day
images/real/real_834d348ddd.jpg;Y052XP27;type1;894.3,913.6,58.2,13.6;895.0,913.6,952.5,914.7,951.5,927.2,894.3,926.2;1;0;https://commons.wikimedia.org/wiki/File%3AKhabarovsk_bus_%D0%A3052%D0%A5%D0%A027_2024-08_Muravyov-Amursky_Street_Daewoo_BS106_009.jpg;CC BY 4.0;day
images/real/real_ddda262559.jpg;P296BO27;type1;1204.5,908.0,45.8,16.6;1204.5,908.0,1249.9,908.5,1250.2,924.6,1205.2,923.6;1;0;https://commons.wikimedia.org/wiki/File%3AKhabarovsk_bus_%D0%A0296%D0%92%D0%9E27_2024-08_Muravyov-Amursky_Street_Daewoo_BS106_008.jpg;CC BY 4.0;day
images/real/real_66e037562a.jpg;AB83227;type1b;1039.6,841.2,56.0,12.4;1039.6,841.3,1095.6,841.2,1094.7,852.4,1039.8,853.7;1;0;https://commons.wikimedia.org/wiki/File%3AKhabarovsk_bus_%D0%90%D0%9283227_2024-08_Muravyov-Amursky_Street_Zhongtong_LCK6105HG_010.jpg;CC BY 4.0;day
images/real/real_66e938c932.jpg;AB84227;type1b;841.2,866.9,56.7,12.2;841.2,867.8,897.9,866.9,897.7,877.3,841.7,879.1;1;0;https://commons.wikimedia.org/wiki/File%3AKhabarovsk_bus_%D0%90%D0%9284227_2024-08_Leningradsky_lane_Zhongtong_LCK6105HG_118.jpg;CC BY 4.0;day
images/real/real_1306747aa8.jpg;Y963YB27;type1;856.9,927.2,104.7,29.8;857.0,933.8,960.1,927.2,961.6,952.6,856.9,957.0;1;0;https://commons.wikimedia.org/wiki/File%3AKhabarovsk_bus_%D0%A3963%D0%A3%D0%9227_2024-08_Amursky_boulevard_Daewoo_BS106_86.jpg;CC BY 4.0;day
images/real/real_1306747aa8.jpg;O737MK27;type1a;1491.9,811.9,37.3,21.2;1491.9,812.4,1529.2,811.9,1528.7,833.2,1492.2,832.9;1;0;https://commons.wikimedia.org/wiki/File%3AKhabarovsk_bus_%D0%A3963%D0%A3%D0%9227_2024-08_Amursky_boulevard_Daewoo_BS106_86.jpg;CC BY 4.0;day
images/real/real_a3220a7ae4.jpg;AB79427;type1b;251.6,886.7,83.2,21.2;252.4,886.7,334.8,888.2,334.6,907.9,251.6,906.7;1;0;https://commons.wikimedia.org/wiki/File%3AKhabarovsk_tram_370_2024-08_1724850039_Tikhookeanskaya_Street_71-605.jpg;CC BY 4.0;day
images/real/real_057b4a4813.jpg;E628MK777;type1;1239.8,683.4,126.7,39.5;1239.8,689.1,1360.8,683.4,1366.5,713.3,1240.2,722.9;1;0;https://commons.wikimedia.org/wiki/File%3AMoscow%2C_Kia_Sorento%2C_Toyota_Camry%2C_2023-05-26.jpg;CC0;angle,day
images/real/real_2033c3f3bb.jpg;Y190HX177;type1;1016.1,610.2,137.5,38.4;1016.1,615.1,1152.7,610.2,1153.6,640.7,1017.1,648.6;1;0;https://commons.wikimedia.org/wiki/File%3AMoscow%2C_Novokuznetskaya_Street%2C_Toyota_FJ_Cruiser_04.jpg;CC0;day
images/real/real_7b0830c880.jpg;O474EH793;type1;194.2,714.0,52.1,53.3;194.2,729.4,240.2,714.0,246.3,748.8,197.7,767.3;1;0;https://commons.wikimedia.org/wiki/File%3AMoscow%2C_Toyota_Alphard_%28AH30%29_Aug_2025_01.jpg;CC0;angle,day
images/real/real_c61d75db9b.jpg;M153BK799;type1;1375.4,399.3,94.6,22.4;1377.6,399.3,1470.0,401.8,1469.2,421.8,1375.4,420.2;1;0;https://commons.wikimedia.org/wiki/File%3AMoscow%2C_Toyota_C-HR%2C_Aug_2025_04.jpg;CC0;day
images/real/real_142d2c0469.jpg;H381BB750;type1a;280.8,594.1,110.2,87.3;283.8,594.1,390.9,602.3,386.8,681.4,280.8,667.8;1;0;https://commons.wikimedia.org/wiki/File%3AMoscow%2C_Toyota_Chaser_%28X90%29_rusty%2C_July_2026_02.jpg;CC0;day
images/real/real_754aa72664.jpg;T704YK05;type1;1110.1,793.4,147.5,35.2;1110.2,793.4,1255.9,795.6,1257.6,828.6,1110.1,826.9;1;0;https://commons.wikimedia.org/wiki/File%3AMoscow%2C_Toyota_HiAce_%28H200%29_Sept_2025_01.jpg;CC0;day
images/real/real_6fa21d9164.jpg;X919AC64;type1;1088.7,670.2,126.3,56.7;1088.7,695.4,1212.2,670.2,1215.0,703.6,1095.8,726.9;1;0;https://commons.wikimedia.org/wiki/File%3AMoscow%2C_Toyota_Hiace%2C_Sept_2025_01.jpg;CC0;day
images/real/real_b5ceb602ec.jpg;A120TC197;type1;1392.8,743.2,102.0,79.3;1392.8,755.3,1492.8,743.2,1494.8,802.2,1397.6,822.5;1;0;https://commons.wikimedia.org/wiki/File%3AMoscow%2C_Toyota_IQ_with_Thule_top%2C_Aug_2025_01.jpg;CC0;angle,day
images/real/real_63cc2e91c6.jpg;A120TC197;type1;1274.2,671.2,82.5,68.0;1274.2,683.9,1356.7,671.2,1355.3,727.9,1277.3,739.2;1;0;https://commons.wikimedia.org/wiki/File%3AMoscow%2C_Toyota_IQ_with_Thule_top%2C_Aug_2025_02.jpg;CC0;angle,day
images/real/real_094a420d0a.jpg;A120TC197;type1;996.3,714.8,234.8,76.8;996.3,718.2,1229.2,714.8,1231.2,786.5,997.7,791.6;1;0;https://commons.wikimedia.org/wiki/File%3AMoscow%2C_Toyota_IQ_with_Thule_top%2C_Aug_2025_04.jpg;CC0;day
images/real/real_cb26bc5098.jpg;T617EO977;type1;1046.0,604.2,29.9,17.0;1046.9,604.2,1075.9,605.7,1075.9,621.2,1046.0,619.8;1;0;https://commons.wikimedia.org/wiki/File%3AMoscow%2C_Toyota_Noah_%28R80%29_hybrid%2C_Aug_2025_02.jpg;CC0;day
images/real/real_3d015d182a.jpg;X223AX777;type1;1137.9,291.2,77.7,18.8;1137.9,291.2,1215.6,291.5,1215.4,310.0,1138.9,309.2;1;0;https://commons.wikimedia.org/wiki/File%3AMoscow%2C_Toyota_Probox_blue%2C_Aug_2025_01.jpg;CC0;day
images/real/real_dee01a0ab4.jpg;P651KY797;type1;176.8,665.4,88.5,36.1;181.2,665.4,264.8,674.4,265.2,701.5,176.8,693.0;1;0;https://commons.wikimedia.org/wiki/File%3AMoscow%2C_Toyota_RAV4_Delimobil%2C_Aug_2025_01.jpg;CC0;day
images/real/real_fba3e7e667.jpg;Y077BO799;type1;531.7,530.0,115.8,28.3;531.7,534.1,647.4,530.0,644.7,555.3,531.9,558.3;1;0;https://commons.wikimedia.org/wiki/File%3AMoscow%2C_Toyota_RAV4%2C_Mitsubishi_ASX_2022-05-11.jpg;CC0;angle,day
images/real/real_b326275731.jpg;A198YB799;type1a;163.2,595.2,140.6,103.1;168.5,595.2,303.8,603.9,297.9,698.3,163.2,683.2;1;0;https://commons.wikimedia.org/wiki/File%3AMoscow%2C_Toyota_Starlet_Glanza%2C_June_2026_04.jpg;CC0;day,glare
images/real/real_3b594ee56e.jpg;C775KH799;type1;42.7,509.4,101.8,29.3;42.7,514.2,142.8,509.4,144.4,535.6,44.6,538.7;1;0;https://commons.wikimedia.org/wiki/File%3AMoscow%2C_Toyota_Tundra_%28XK50%2C_2013%29_black%2C_Oct_2025_03.jpg;CC0;day
images/real/real_892c23029b.jpg;1444XX07;other;860.6,956.0,341.1,88.5;860.6,961.0,1201.7,956.0,1201.6,1036.8,861.9,1044.5;1;0;https://commons.wikimedia.org/wiki/File%3AMoscow%2C_Toyota_Voxy%2C_Aug_2025_01.jpg;CC0;day
images/real/real_6e86928988.jpg;B261PB799;type1;276.9,674.7,189.7,76.3;281.0,674.7,466.6,690.3,465.2,751.0,276.9,735.3;1;0;https://commons.wikimedia.org/wiki/File%3AMoscow%2C_Toyota_Yaris%2C_Aug_2025_01.jpg;CC0;day
images/real/real_2eb7c6549a.jpg;06670AQN;other;1436.3,564.1,70.0,44.4;1437.5,564.1,1506.3,571.3,1504.1,608.5,1436.3,601.0;1;0;https://commons.wikimedia.org/wiki/File%3AMoscow%2C_Toyota_van_with_KG_plates%2C_Aug_2025_02.jpg;CC0;day
images/real/real_42930c4757.jpg;P945XY26;type1;1071.2,718.8,114.7,32.8;1071.2,723.2,1184.0,718.8,1185.8,747.6,1071.3,751.5;1;0;https://commons.wikimedia.org/wiki/File%3AMoscow%2C_Volkhonka_X_Kolymazhny%2C_Toyota_Cresta_%28X90%29_Sept_2025_02.jpg;CC0;day
images/real/real_283a3f4dfc.jpg;P878PB799;type1;100.4,716.1,140.8,54.4;103.7,716.1,241.2,726.2,236.3,770.5,100.4,757.0;1;0;https://commons.wikimedia.org/wiki/File%3AMoscow%2C_Yandex_self-driving_Toyota_Prius%2C_Dec_2025_01.jpg;CC0;day
images/real/real_45b1462dc0.jpg;P878PB799;type1;377.9,651.7,156.8,42.8;380.0,651.7,532.6,652.6,534.8,694.6,377.9,694.1;1;0;https://commons.wikimedia.org/wiki/File%3AMoscow%2C_Yandex_self-driving_Toyota_Prius%2C_Oct_2025_01.jpg;CC0;day
images/real/real_d31928777e.jpg;C393BC750;type1;540.7,809.8,315.8,68.5;540.7,813.3,852.2,809.8,856.4,875.3,545.5,878.2;1;0;https://commons.wikimedia.org/wiki/File%3AMoscow_car_meet_2025-07-12_Toyota_Crown_01.jpg;CC0;day
images/real/real_54fd2e78e4.jpg;H600MY761;type1;649.1,855.6,408.3,108.3;649.1,878.2,1047.4,855.6,1057.3,942.7,656.2,963.9;1;0;https://commons.wikimedia.org/wiki/File%3AMoscow_car_show_2026-07-31_Toyota_Crown_01.jpg;CC0;day,glare
images/real/real_2acc93d21a.jpg;H600MY761;type1;1088.8,732.2,314.7,115.1;1088.8,763.8,1399.1,732.2,1403.5,811.6,1094.3,847.3;1;0;https://commons.wikimedia.org/wiki/File%3AMoscow_car_show_2026-07-31_Toyota_Crown_02.jpg;CC0;day,glare
images/real/real_8f4431044c.jpg;H976YX190;type1;1373.2,554.4,99.4,50.8;1373.2,574.6,1469.0,554.4,1472.6,587.6,1375.1,605.2;1;0;https://commons.wikimedia.org/wiki/File%3AMoscow_car_show_2026-08-01_1974_Toyota_Sera%2C_Renault_5_01.jpg;CC0;angle,day
images/real/real_f18a81678f.jpg;P911OA125;type1;417.7,883.2,100.1,25.9;417.7,889.2,515.4,883.2,517.8,903.8,418.5,909.1;1;0;https://commons.wikimedia.org/wiki/File%3ANakhodka_Astafyeva_Street_2022-08_1660804281.tif;CC BY 4.0;day
images/real/real_56b3dadd17.jpg;X939XH25;type1;353.6,757.8,61.1,12.7;354.3,758.4,413.2,757.8,414.7,768.6,353.6,770.5;1;0;https://commons.wikimedia.org/wiki/File%3ANakhodka_Central_Square_2022-08_1660713257.jpg;CC BY 4.0;day
images/real/real_9226e588b9.jpg;H972AC125;type1;558.0,835.2,77.0,17.8;558.0,837.2,635.0,835.2,634.3,851.6,558.5,853.1;1;0;https://commons.wikimedia.org/wiki/File%3ANakhodka_Sportivnaya_street_2022-08_1660713878.jpg;CC BY 4.0;day
images/real/real_dd2efc89ab.jpg;P396AE125;type1;586.8,721.2,65.5,20.7;587.8,721.2,652.3,727.9,650.7,741.9,586.8,734.7;1;0;https://commons.wikimedia.org/wiki/File%3ANakhodka_Sportivnaya_street_2022-08_1660797797.tif;CC BY 4.0;day
images/real/real_62ae9bb471.jpg;PN2958;other;1071.8,795.3,131.1,71.6;1071.8,800.7,1197.2,795.3,1202.9,860.9,1074.7,866.9;1;0;https://commons.wikimedia.org/wiki/File%3AToyota_Probox_%2853525377417%29.jpg;CC BY 2.0;day
images/real/real_5e589f7218.jpg;PL6017;other;920.2,800.5,113.8,65.7;920.7,810.8,1033.7,800.5,1034.0,856.4,920.2,866.2;1;0;https://commons.wikimedia.org/wiki/File%3AToyota_Probox_%2853526276501%29.jpg;CC BY 2.0;day
images/real/real_d482aafabc.jpg;PM0184;other;276.1,742.8,105.9,65.7;278.1,742.8,382.0,742.9,378.2,808.5,276.1,802.8;1;0;https://commons.wikimedia.org/wiki/File%3AToyota_Probox_%2853526453623%29.jpg;CC BY 2.0;day
images/real/real_c16ed1f810.jpg;8967KN;other;38.8,651.7,60.9,35.4;40.6,655.0,99.7,651.7,98.8,687.2,38.8,686.8;1;0;https://commons.wikimedia.org/wiki/File%3AToyota_Probox_%2853526709225%29.jpg;CC BY 2.0;day
images/real/real_284bc2deb7.jpg;PM5214;other;1138.9,797.4,137.8,84.3;1138.9,797.4,1276.0,799.3,1276.8,878.8,1140.0,881.7;1;0;https://commons.wikimedia.org/wiki/File%3AToyota_Probox_%2853526709285%29.jpg;CC BY 2.0;day
images/real/real_60a6807a2e.jpg;PN2769;other;1342.3,760.9,78.7,49.7;1343.8,763.4,1421.0,760.9,1417.9,810.6,1342.3,810.1;1;0;https://commons.wikimedia.org/wiki/File%3AToyota_Probox_%2853526709295%29.jpg;CC BY 2.0;day
images/real/real_b623d9fd7d.jpg;B042HM125;type1;1025.5,886.8,90.4,22.4;1027.1,888.0,1115.9,886.8,1114.9,909.2,1025.5,907.1;1;0;https://commons.wikimedia.org/wiki/File%3AVladivostok_1st_Morskaya_street_2022-08.jpg;CC0;day
images/real/real_58ae10d820.jpg;H836EE125;type1;494.1,990.5,86.2,23.3;494.1,997.3,579.8,990.5,580.2,1009.8,495.8,1013.8;1;0;https://commons.wikimedia.org/wiki/File%3AVladivostok_Gora_Krestovaya_2024-09_1725292877.tif;CC BY 4.0;day
images/real/real_bf93a820ae.jpg;K115KH125;type1;948.2,899.2,121.3,32.7;950.0,901.7,1069.5,899.2,1068.2,929.8,948.2,931.8;1;0;https://commons.wikimedia.org/wiki/File%3AVladivostok_Posietskaya_street_2022-08.jpg;CC0;day
images/real/real_ecba8add8a.jpg;K472MC125;type1;1430.6,995.6,71.3,17.4;1431.2,995.6,1501.9,996.6,1501.8,1013.0,1430.6,1012.6;1;0;https://commons.wikimedia.org/wiki/File%3AVladivostok_Praporschika_Komarova_Street_2024-08_1725114628.jpg;CC BY 4.0;day
images/real/real_af2d3e5c63.jpg;H653AC125;type1;864.7,1006.7,95.6,27.9;865.1,1006.7,960.3,1010.0,960.0,1034.7,864.7,1031.1;1;0;https://commons.wikimedia.org/wiki/File%3AVladivostok_Praporschika_Komarova_Street_21_2024-08_1725122541.JPG;CC BY 4.0;day
images/real/real_664d7d7e43.jpg;Y963KX125;type1;284.0,920.2,144.9,29.8;284.0,932.2,428.1,920.2,428.9,948.2,284.9,950.0;1;0;https://commons.wikimedia.org/wiki/File%3AVladivostok_Pushkinskaya_Street_37_2024-09_1725381336.tif;CC BY 4.0;day
images/real/real_9f1557868d.jpg;H968BM125;type1;1.2,973.1,154.9,36.0;1.4,976.1,155.0,973.1,156.2,1002.9,1.2,1009.1;1;0;https://commons.wikimedia.org/wiki/File%3AVladivostok_Pushkinskaya_Street_73_2024-09_1725380637.tif;CC BY 4.0;day
images/real/real_0d8703a464.jpg;P438XA125;type1;160.2,439.6,69.4,19.8;160.2,447.8,229.7,439.6,229.2,455.0,161.8,459.4;1;0;https://commons.wikimedia.org/wiki/File%3AVladivostok_Snegovaya_Pad_2022-08_2.jpg;CC0;angle,day,glare
images/real/real_0d8703a464.jpg;K950PO25;type1;876.4,675.8,114.4,35.7;876.4,687.6,990.5,675.8,990.8,701.4,878.4,711.5;1;0;https://commons.wikimedia.org/wiki/File%3AVladivostok_Snegovaya_Pad_2022-08_2.jpg;CC0;day,glare
images/real/real_e396fa7699.jpg;T969HM125;type1;320.6,773.8,55.0,15.6;321.9,773.8,375.6,777.8,373.8,789.3,320.6,785.0;1;0;https://commons.wikimedia.org/wiki/File%3AVladivostok_Uborevicha_street_2024-08_1725033629.jpg;CC BY 4.0;day
images/real/real_af6867efcc.jpg;M961TM65;type1;988.2,884.0,47.0,11.9;988.2,884.0,1034.2,884.2,1035.2,894.6,988.4,895.9;1;0;https://commons.wikimedia.org/wiki/File%3AYuzhno-Sakhalinsk_bus_MAZ-206_2022-08.tiff;CC0;day
images/real/real_af6867efcc.jpg;K451HM65;type1;1465.4,830.2,50.8,10.9;1466.8,830.2,1516.2,831.2,1514.7,841.2,1465.4,840.3;1;0;https://commons.wikimedia.org/wiki/File%3AYuzhno-Sakhalinsk_bus_MAZ-206_2022-08.tiff;CC0;day
images/real/real_32ba9d639b.jpg;O304AM772;type1;411.2,415.1,83.8,20.5;412.3,415.1,493.7,418.7,495.0,435.6,411.2,434.4;1;0;https://www.flickr.com/photos/74862889@N06/12385478134;CC BY 2.0;day
images/real/real_52466ae784.jpg;O462KC99;type1;249.9,381.4,55.7,34.1;249.9,388.9,304.7,381.4,305.6,407.6,250.6,415.5;1;0;https://www.flickr.com/photos/78124518@N00/1445556768;CC BY 2.0;day
images/real/real_ba4e5c614c.jpg;C418KX77;type1;561.3,575.4,64.3,23.9;561.3,581.8,625.3,575.4,625.6,594.1,561.9,599.3;1;0;https://www.flickr.com/photos/21162417@N07/14488732049;CC BY 2.0;day
images/real/real_9d763c5513.jpg;AE79277;type1b;580.8,524.4,86.0,21.2;580.8,526.2,665.6,524.4,666.8,543.1,581.4,545.6;1;0;https://www.flickr.com/photos/24415554@N04/11520795464;CC BY 2.0;day
images/real/real_0c11a5c74a.jpg;E304MM97;type1;749.4,374.4,105.3,26.1;750.2,375.6,853.6,374.4,854.7,398.8,749.4,400.5;1;0;https://www.flickr.com/photos/74862889@N06/8237734441;CC BY 2.0;day
images/real/real_0c11a5c74a.jpg;M801XO197;type1;179.2,370.0,104.2,24.9;179.4,370.2,283.3,370.0,283.4,394.0,179.2,394.9;1;0;https://www.flickr.com/photos/74862889@N06/8237734441;CC BY 2.0;day
images/real/real_4a286aed55.jpg;M523KE177;type1;116.8,405.0,122.5,32.2;116.8,411.4,238.3,405.0,239.3,429.4,118.5,437.2;1;0;https://www.flickr.com/photos/28447277@N06/2907268186;CC BY-SA 2.0;day
images/real/real_0c2da85b8c.jpg;AY32777;type1b;603.0,480.4,40.4,8.1;603.5,480.4,643.4,480.8,642.9,488.4,603.0,488.5;1;0;https://www.flickr.com/photos/24415554@N04/9564233855;CC BY 2.0;day
images/real/real_3e9fc50feb.jpg;A908CA13;type1;104.1,389.2,47.0,15.1;104.1,392.4,149.6,389.2,151.1,400.3,104.1,404.3;1;0;https://www.flickr.com/photos/28447277@N06/2907267650;CC BY-SA 2.0;day,glare
images/real/real_6a00e5bb58.jpg;M194BM777;type1;819.3,580.8,74.7,16.3;819.3,580.9,893.0,580.8,894.0,597.1,819.7,597.0;1;0;https://www.flickr.com/photos/61166315@N04/15300476582;CC BY 2.0;day
images/real/real_6264988c14.jpg;E304MM97;type1;620.3,337.0,144.2,66.9;620.3,372.0,755.6,337.0,764.5,366.0,627.4,403.9;1;0;https://www.flickr.com/photos/74862889@N06/8693067721;CC BY 2.0;day
images/real/real_48c8b8cc75.jpg;T616PO150;type1;206.9,482.8,51.2,13.8;206.9,485.4,258.1,482.8,257.9,495.2,207.0,496.6;1;0;https://www.flickr.com/photos/91808882@N00/3967208876;CC BY 2.0;day
images/real/real_374788c1f1.jpg;B526PX197;type1;730.0,386.6,93.4,43.6;730.0,408.2,821.8,386.6,823.4,410.7,733.4,430.2;1;0;https://www.flickr.com/photos/74862889@N06/8665921410;CC BY 2.0;angle,day
images/real/real_f43ccccb0d.jpg;B526PX197;type1;361.2,450.9,243.7,57.1;361.2,450.9,604.9,452.9,604.6,508.0,362.5,500.7;1;0;https://www.flickr.com/photos/74862889@N06/8664822531;CC BY 2.0;day
images/real/real_208d4408e8.jpg;M801XO197;type1;730.2,350.3,91.4,41.2;730.2,369.5,816.6,350.3,821.6,370.7,733.2,391.5;1;0;https://www.flickr.com/photos/74862889@N06/8540647257;CC BY 2.0;day
images/real/real_b4fad36b6d.jpg;M801XO197;type1;446.7,381.7,133.6,30.6;446.9,381.7,578.2,383.1,580.3,411.9,446.7,412.3;1;0;https://www.flickr.com/photos/74862889@N06/8540647261;CC BY 2.0;day
images/real/real_927a888e7d.jpg;M801XO197;type1;121.7,196.1,70.0,29.3;123.3,196.1,191.7,204.8,190.2,225.4,121.7,216.7;1;0;https://www.flickr.com/photos/74862889@N06/7991612509;CC BY 2.0;glare,night
images/real/real_4f66820bc5.jpg;P077PK97;type1;158.8,531.7,169.7,48.1;160.4,531.7,328.1,537.3,328.5,579.8,158.8,573.6;1;0;https://www.flickr.com/photos/8414198@N04/3487833159;CC BY 2.0;day
images/real/real_697bd90734.jpg;B526PX197;type1;285.5,420.6,107.0,24.8;287.2,420.6,391.1,421.5,392.5,445.4,285.5,444.9;1;0;https://www.flickr.com/photos/74862889@N06/8664821125;CC BY 2.0;day
images/real/real_2ac3ec2828.jpg;B526PX197;type1;681.5,477.8,83.9,34.8;683.8,477.8,765.4,495.7,763.6,512.6,681.5,496.5;1;0;https://www.flickr.com/photos/74862889@N06/8664821143;CC BY 2.0;day
images/real/real_9336fdf628.jpg;Y337PC97;type1;354.1,258.9,92.4,46.7;354.1,283.5,443.1,258.9,446.5,279.0,359.7,305.6;1;0;https://www.flickr.com/photos/76264217@N00/18149915;CC BY 2.0;day,dirt,glare
images/real/real_81587999d3.jpg;Y023CC199;type1;466.6,610.8,45.6,13.5;467.0,611.6,511.9,610.8,512.2,622.5,466.6,624.3;1;0;https://www.flickr.com/photos/24415554@N04/11420132004;CC BY 2.0;day,motion_blur
images/real/real_bc678a2268.jpg;O777EY97;type1;171.4,214.8,63.2,14.6;171.4,217.6,234.6,214.8,234.5,226.6,171.6,229.4;1;0;https://www.flickr.com/photos/21983356@N00/45516868;CC BY 2.0;day
images/real/real_f784104b6e.jpg;Y337PC97;type1;180.3,172.6,69.8,14.4;180.3,172.6,249.8,172.7,250.1,186.4,180.6,187.0;1;0;https://www.flickr.com/photos/76264217@N00/18149929;CC BY 2.0;day
images/real/real_d491c763d1.jpg;E168YO177;type1;259.6,418.8,35.5,8.5;259.9,418.8,295.1,419.7,294.8,427.3,259.6,426.0;1;0;https://www.flickr.com/photos/28447277@N06/2907267288;CC BY-SA 2.0;day
images/real/real_9b2ee21354.jpg;H517XE777;type1;613.0,456.7,47.6,11.2;613.0,457.5,660.4,456.7,660.6,467.1,613.5,467.9;1;0;https://www.flickr.com/photos/24415554@N04/14016419966;CC BY 2.0;day
images/real/real_8faa9d630a.jpg;A908CA13;type1;162.2,355.7,91.2,24.7;162.2,359.0,251.8,355.7,253.4,376.4,164.0,380.4;1;0;https://www.flickr.com/photos/28447277@N06/2906421381;CC BY-SA 2.0;day
images/real/real_0048839a97.jpg;Y622EM177;type1;766.9,692.2,44.0,13.0;766.9,694.9,810.1,692.2,810.9,702.0,767.1,705.2;1;0;https://www.flickr.com/photos/8414198@N04/850407429;CC BY 2.0;night
images/real/real_e3d78cc32d.jpg;X378PT197;type1;358.7,595.2,45.1,14.5;358.7,600.6,402.8,595.2,403.8,604.9,360.4,609.7;1;0;https://www.flickr.com/photos/74862889@N06/8402034799;CC BY 2.0;day
images/real/real_e00e14f5a7.jpg;A131EB97;type1;169.1,325.6,162.7,48.4;169.1,345.6,327.0,325.6,331.8,367.1,169.1,374.0;1;0;https://www.flickr.com/photos/21983356@N00/45516867;CC BY 2.0;day,dirt
images/real/real_411f59f035.jpg;AY09577;type1b;631.0,531.7,73.1,17.1;631.1,532.6,703.9,531.7,704.1,547.6,631.0,548.8;1;0;https://www.flickr.com/photos/24415554@N04/8817183400;CC BY 2.0;day
images/real/real_3d68fdb2d4.jpg;M801XO197;type1;390.3,405.0,92.8,20.4;390.3,405.0,483.0,405.5,483.1,425.3,390.7,425.4;1;0;https://www.flickr.com/photos/74862889@N06/7991479512;CC BY 2.0;day
images/real/real_f23c33f081.jpg;X914CX90;type1;9.7,321.5,33.4,7.2;9.7,322.0,42.1,321.5,43.1,327.5,9.9,328.7;1;0;https://www.flickr.com/photos/21983356@N00/45501248;CC BY 2.0;angle,day
images/real/real_f75b59abf4.jpg;M480PB99;type1;212.2,834.3,261.0,57.0;212.2,847.3,471.0,834.3,473.2,880.1,216.3,891.3;1;0;https://www.flickr.com/photos/62146734@N08/10900907995;CC BY 2.0;day
images/real/real_0f28b83b65.jpg;P444TM177;type1;270.4,462.4,118.7,33.9;270.4,465.2,385.3,462.4,389.1,491.7,271.5,496.3;1;0;https://www.flickr.com/photos/31679151@N00/3040398341;CC BY-SA 2.0;day
images/real/real_0f28b83b65.jpg;B444EY199;type1;500.4,522.5,138.7,38.8;501.1,522.5,637.2,523.0,639.1,561.0,500.4,561.3;1;0;https://www.flickr.com/photos/31679151@N00/3040398341;CC BY-SA 2.0;day
images/real/real_e20d0fb57c.jpg;E582##72;type1;1222.4,765.2,76.7,25.7;1222.9,765.2,1299.1,768.0,1299.1,790.9,1222.4,786.9;1;0;https://commons.wikimedia.org/wiki/File%3A2014.03.27_maz-5551-023.jpg;CC BY-SA 4.0;day
images/real/real_dc3accd3e1.jpg;A777ME72;type1;1418.5,764.8,57.2,19.4;1418.5,769.8,1475.7,764.8,1475.2,780.9,1418.8,784.2;1;0;https://commons.wikimedia.org/wiki/File%3A2014.05.26_maz-54322.JPG;CC BY-SA 4.0;day
images/real/real_fb1927007d.jpg;7212IK4;other;1109.0,542.4,140.7,48.8;1109.0,558.2,1249.7,542.4,1249.3,578.1,1110.0,591.2;1;0;https://commons.wikimedia.org/wiki/File%3A20180812_154823_August_2018_in_Belarus.jpg;CC0;day,glare
images/real/real_544200deae.jpg;7212IK4;other;849.2,438.2,236.7,81.0;849.2,460.9,1076.4,438.2,1085.8,494.2,856.2,519.2;1;0;https://commons.wikimedia.org/wiki/File%3A20180812_164832_August_2018_in_Hrodna.jpg;CC0;day,glare
images/real/real_f29d1c17b8.jpg;BB10950;other;863.5,735.4,92.8,23.3;863.5,737.0,955.5,735.4,956.2,756.7,863.6,758.7;1;0;https://commons.wikimedia.org/wiki/File%3A2020_Belarusian_protests_%E2%80%94_Minsk%2C_30_August_p0001.jpg;CC BY-SA 3.0;day
images/real/real_e2e4ff7212.jpg;053AC;other;405.2,41.3,682.8,177.0;405.2,76.1,1085.2,41.3,1087.9,175.3,426.9,218.3;1;0;https://commons.wikimedia.org/wiki/File%3A2021._%D0%A1%D0%B5%D0%B4%D1%8C%D0%BC%D0%B0%D1%8F_%D0%B3%D0%BE%D0%B4%D0%BE%D0%B2%D1%89%D0%B8%D0%BD%D0%B0_%D1%81%D0%BE%D0%B7%D0%B4%D0%B0%D0%BD%D0%B8%D1%8F_%D0%9C%D0%A7%D0%A1_%D0%94%D0%9D%D0%A0_IMG_20210926_085636.jpg;CC BY-SA 4.0;day,dirt
images/real/real_f5e9c58e37.jpg;B047YC;other;310.8,296.8,723.2,274.3;322.4,296.8,1034.0,401.0,1013.3,571.2,310.8,472.7;1;0;https://commons.wikimedia.org/wiki/File%3A2022._%D0%94%D0%BE%D0%BD%D0%B5%D1%86%D0%BA_IMG_20220113_110358.jpg;CC BY-SA 4.0;day
images/real/real_414b138164.jpg;A214AE;other;297.5,287.0,501.5,117.3;299.7,287.0,799.0,287.4,790.8,401.3,297.5,404.3;1;0;https://commons.wikimedia.org/wiki/File%3A2022._%D0%94%D0%BE%D0%BD%D0%B5%D1%86%D0%BA_IMG_20220121_123333.jpg;CC BY-SA 4.0;day
images/real/real_094b5718b1.jpg;A214AE;other;408.2,359.1,415.2,179.2;425.2,359.1,823.4,447.6,812.1,538.3,408.2,451.7;1;0;https://commons.wikimedia.org/wiki/File%3A2022._%D0%94%D0%BE%D0%BD%D0%B5%D1%86%D0%BA_IMG_20220121_123603.jpg;CC BY-SA 4.0;day
images/real/real_1d33b9ac47.jpg;E610CT47;type1;391.8,1017.1,156.0,66.8;391.8,1035.4,542.6,1017.1,547.8,1061.0,395.1,1083.9;1;0;https://commons.wikimedia.org/wiki/File%3A20220426_142247_April_2022_in_Bia%C5%82ystok.jpg;CC0;day
images/real/real_e569816eb2.jpg;AK81001;other;426.5,922.7,116.0,30.6;427.3,924.2,541.3,922.7,542.5,951.3,426.5,953.3;1;0;https://commons.wikimedia.org/wiki/File%3A20220709_140515_July_2022_in_Warsaw.jpg;CC0;day
images/real/real_dcbea938b8.jpg;AC7068ET;other;612.7,1108.5,156.7,49.3;613.3,1108.5,769.4,1119.0,767.2,1157.8,612.7,1148.2;1;0;https://commons.wikimedia.org/wiki/File%3A20220709_140707_July_2022_in_Warsaw.jpg;CC0;day
images/real/real_7961ad572e.jpg;7516HC5;other;1074.6,969.7,36.5,23.8;1074.6,976.6,1109.2,969.7,1111.1,987.5,1077.3,993.4;1;0;https://commons.wikimedia.org/wiki/File%3A2023.04.22_Lu%C4%8Dajskaja_Street_24_Minsk_Belarus_Vintage_Cars.jpg;CC BY-SA 4.0;day
images/real/real_09754643f3.jpg;7516HC5;other;1233.4,1003.2,142.8,40.8;1234.2,1003.7,1374.8,1003.2,1376.2,1039.5,1233.4,1044.0;1;0;https://commons.wikimedia.org/wiki/File%3A2023.04.22_Collection_Vintage_Automobiles_Volga_GAZ_M_21_Lu%C4%8Dajskaja_Street_Minsk_Belarus.jpg;CC BY-SA 4.0;day,glare
images/real/real_09754643f3.jpg;7515HC5;other;545.5,918.9,85.0,21.4;545.5,920.9,630.5,918.9,630.3,937.5,546.7,940.3;1;0;https://commons.wikimedia.org/wiki/File%3A2023.04.22_Collection_Vintage_Automobiles_Volga_GAZ_M_21_Lu%C4%8Dajskaja_Street_Minsk_Belarus.jpg;CC BY-SA 4.0;day,glare
images/real/real_09754643f3.jpg;5552HP;other;250.7,883.4,50.5,12.3;250.9,883.4,301.2,883.7,300.5,895.8,250.7,893.7;1;0;https://commons.wikimedia.org/wiki/File%3A2023.04.22_Collection_Vintage_Automobiles_Volga_GAZ_M_21_Lu%C4%8Dajskaja_Street_Minsk_Belarus.jpg;CC BY-SA 4.0;day,glare
images/real/real_5ed5fc49e3.jpg;8888XI5;other;545.4,1103.4,89.9,23.9;545.4,1107.7,635.3,1103.4,633.8,1125.5,546.8,1127.3;1;0;https://commons.wikimedia.org/wiki/File%3A2023.06.22_Black_BMW_parking_on_grass_in_Minsk_Belarus.jpg;CC0;day
images/real/real_8078626a25.jpg;6666KA4;other;76.8,819.2,176.1,57.6;77.0,826.0,251.4,819.2,252.9,869.2,76.8,876.7;1;0;https://commons.wikimedia.org/wiki/File%3A2023.09.28_Pryvalki_Go%C5%BEa_Gozha_District_Hrodna_Grodno_Region.jpg;CC BY-SA 4.0;day
images/real/real_8078626a25.jpg;E617BK##;type1;1456.3,873.2,132.1,35.4;1456.9,878.4,1588.4,873.2,1588.2,904.7,1456.3,908.7;1;0;https://commons.wikimedia.org/wiki/File%3A2023.09.28_Pryvalki_Go%C5%BEa_Gozha_District_Hrodna_Grodno_Region.jpg;CC BY-SA 4.0;day,glare
images/real/real_6e5c929f45.jpg;0100KX4;other;781.9,624.8,128.2,27.0;782.2,625.2,910.2,624.8,909.2,651.7,781.9,651.1;1;0;https://commons.wikimedia.org/wiki/File%3A2023.11.03_Queue_Belarus_Lithuania_Border_Privalka_Pryvalki_Grodno_Hrodna_Region_01.jpg;CC BY-SA 4.0;day
images/real/real_bc30c750f3.jpg;6395MM4;other;768.5,655.9,86.5,22.4;768.5,657.8,852.6,655.9,855.0,676.0,769.5,678.3;1;0;https://commons.wikimedia.org/wiki/File%3A2023.11.03_Queue_Belarus_Lithuania_Border_Privalka_Pryvalki_Grodno_Hrodna_Region_03.jpg;CC BY-SA 4.0;day
images/real/real_bc30c750f3.jpg;0256HB4;other;104.2,608.0,60.3,10.3;104.2,608.2,164.5,608.0,163.7,618.2,104.2,618.2;1;0;https://commons.wikimedia.org/wiki/File%3A2023.11.03_Queue_Belarus_Lithuania_Border_Privalka_Pryvalki_Grodno_Hrodna_Region_03.jpg;CC BY-SA 4.0;day
images/real/real_c7d041e42f.jpg;0256HB4;other;38.3,614.4,65.2,15.0;39.2,615.3,102.8,614.4,103.5,628.2,38.3,629.4;1;0;https://commons.wikimedia.org/wiki/File%3A2023.11.03_Queue_Belarus_Lithuania_Border_Privalka_Pryvalki_Grodno_Hrodna_Region_02.jpg;CC BY-SA 4.0;day,dirt
images/real/real_c7d041e42f.jpg;0100KX4;other;731.4,680.0,137.1,30.8;732.9,680.0,868.5,681.6,867.3,710.8,731.4,709.2;1;0;https://commons.wikimedia.org/wiki/File%3A2023.11.03_Queue_Belarus_Lithuania_Border_Privalka_Pryvalki_Grodno_Hrodna_Region_02.jpg;CC BY-SA 4.0;day
images/real/real_d806cfcd29.jpg;5683CT7;other;385.6,733.6,128.1,31.8;385.6,739.2,512.6,733.6,513.6,761.6,386.6,765.4;1;0;https://commons.wikimedia.org/wiki/File%3A20230904_164348_September_2023_in_Bia%C5%82ystok.jpg;CC0;day
images/real/real_b5ec262fa4.jpg;9899PM7;other;1206.2,700.3,123.0,102.5;1206.2,756.9,1325.8,700.3,1329.2,744.9,1216.5,802.8;1;0;https://commons.wikimedia.org/wiki/File%3A2024.04.16_Pink_Toyota_Sport_Car_at_Piatra_Mscisla%C5%ADca_Street_in_Minsk_Belarus.jpg;CC BY-SA 4.0;angle,day
images/real/real_5a78f3e47f.jpg;1980M#M;other;592.4,566.4,106.7,28.6;593.8,566.4,698.1,571.2,699.2,595.0,592.4,593.8;1;0;https://commons.wikimedia.org/wiki/File%3A2024.07.13_Exhibition_of_Vintage_Police_Cars_in_Salihorsk_Kazlova_Street_64_Minsk_Region_Belarus_04.jpg;CC BY-SA 4.0;day,glare
images/real/real_53b1ae7ab9.jpg;1958MOC;other;1100.1,899.2,223.6,41.2;1101.6,899.5,1323.7,899.2,1323.3,938.7,1100.1,940.4;1;0;https://commons.wikimedia.org/wiki/File%3A2024.07.13_Exhibition_of_Vintage_Police_Cars_in_Salihorsk_Kazlova_Street_64_Minsk_Region_Belarus_09.jpg;CC BY-SA 4.0;day,dirt
images/real/real_7f29a3fb06.jpg;2002M#M;other;1080.8,780.1,196.8,128.8;1080.8,856.5,1260.4,780.1,1277.5,825.2,1093.2,908.8;1;0;https://commons.wikimedia.org/wiki/File%3A2024.07.13_Exhibition_of_Vintage_Police_Cars_in_Salihorsk_Kazlova_Street_64_Minsk_Region_Belarus_08.jpg;CC BY-SA 4.0;angle,day
images/real/real_eb5d92b105.jpg;1980M#M;other;666.7,738.8,150.2,53.7;666.7,754.0,810.4,738.8,816.9,772.3,669.8,792.4;1;0;https://commons.wikimedia.org/wiki/File%3A2024.07.13_Exhibition_of_Vintage_Police_Cars_in_Salihorsk_Kazlova_Street_64_Minsk_Region_Belarus_03.jpg;CC BY-SA 4.0;day,glare
images/real/real_eb5d92b105.jpg;2007MO;other;1439.0,712.8,60.3,31.0;1439.0,717.8,1497.9,712.8,1499.3,737.4,1440.5,743.8;1;0;https://commons.wikimedia.org/wiki/File%3A2024.07.13_Exhibition_of_Vintage_Police_Cars_in_Salihorsk_Kazlova_Street_64_Minsk_Region_Belarus_03.jpg;CC BY-SA 4.0;day
images/real/real_ceaddf9b97.jpg;1958MOC;other;1154.6,821.5,179.4,163.6;1154.6,924.2,1328.5,821.5,1334.0,899.3,1163.4,985.1;1;0;https://commons.wikimedia.org/wiki/File%3A2024.07.13_Exhibition_of_Vintage_Police_Cars_in_Salihorsk_Kazlova_Street_64_Minsk_Region_Belarus_10.jpg;CC BY-SA 4.0;angle,day,glare
images/real/real_554603109e.jpg;AE80001;other;1061.8,699.7,154.8,41.1;1062.7,706.9,1212.5,699.7,1216.7,732.0,1061.8,740.8;1;0;https://commons.wikimedia.org/wiki/File%3A2024.12.23_Green_Bus_License_Plates_8000_Baranovichi_Brest_Region_Belarus.jpg;CC BY-SA 4.0;day,glare
images/real/real_922a17e72f.jpg;3512EX4;other;342.6,933.3,126.0,47.9;344.9,933.3,468.6,939.1,465.9,981.2,342.6,972.6;1;0;https://commons.wikimedia.org/wiki/File%3A20240114_114446_January_2024_in_Bia%C5%82ystok.jpg;CC0;day
images/real/real_07d8753d3a.jpg;T188599;other;50.0,573.2,42.2,32.8;50.0,573.2,92.2,573.2,92.2,604.2,50.2,606.0;1;0;https://commons.wikimedia.org/wiki/File%3A2025-09-21_Moscow_marathon%2C_police_and_safety_01.jpg;CC0;day
images/real/real_301c55a20f.jpg;T171699;other;1073.6,766.1,178.8,67.5;1073.6,793.4,1245.2,766.1,1252.3,804.8,1080.9,833.6;1;0;https://commons.wikimedia.org/wiki/File%3A2025-09-21_Moscow_marathon%2C_police_and_safety_17.jpg;CC0;day
images/real/real_20663f54ea.jpg;X901OO790;type1;229.6,733.2,113.6,29.5;229.6,733.2,341.4,737.8,343.2,762.7,229.8,759.9;1;0;https://commons.wikimedia.org/wiki/File%3A2025-09-21_filming_location%2C_caravan_02.jpg;CC0;day
images/real/real_4c3fff522d.jpg;TB175177;other;1314.9,794.5,174.1,40.7;1314.9,797.2,1486.4,794.5,1489.0,831.6,1315.2,835.2;1;0;https://commons.wikimedia.org/wiki/File%3A2025-09-21_filming_location%2C_caravan_03.jpg;CC0;day
images/real/real_a99e2a7418.jpg;2912MT5;other;481.7,786.2,88.8,67.1;488.2,786.2,570.5,817.8,568.1,853.2,481.7,820.5;1;0;https://commons.wikimedia.org/wiki/File%3A2025.05.21_Vintage_automobiles_in_Sluck%2C_Minsk_Region%2C_Belarus_01.jpg;CC BY-SA 4.0;angle,day
images/real/real_ee5bd02014.jpg;4528HT5;other;94.8,709.2,108.4,58.0;97.5,709.2,203.2,739.8,200.7,767.2,94.8,739.2;1;0;https://commons.wikimedia.org/wiki/File%3A2025.05.21_Vintage_automobiles_in_Sluck%2C_Minsk_Region%2C_Belarus_02.jpg;CC BY-SA 4.0;angle,day
images/real/real_ee5bd02014.jpg;2099KO7;other;655.2,830.2,196.5,91.6;660.3,830.2,851.7,870.8,848.8,921.7,655.2,884.7;1;0;https://commons.wikimedia.org/wiki/File%3A2025.05.21_Vintage_automobiles_in_Sluck%2C_Minsk_Region%2C_Belarus_02.jpg;CC BY-SA 4.0;angle,day
images/real/real_2d8156a6ba.jpg;2099KO7;other;865.6,864.7,229.8,90.3;871.3,864.7,1095.3,896.0,1093.5,955.1,865.6,923.8;1;0;https://commons.wikimedia.org/wiki/File%3A2025.05.21_Vintage_automobiles_in_Sluck%2C_Minsk_Region%2C_Belarus_03.jpg;CC BY-SA 4.0;day
images/real/real_088419bd9a.jpg;2099KO7;other;1180.8,871.2,211.7,51.2;1183.1,871.2,1392.4,877.7,1391.6,922.5,1180.8,917.2;1;0;https://commons.wikimedia.org/wiki/File%3A2025.05.21_Vintage_automobiles_in_Sluck%2C_Minsk_Region%2C_Belarus_04.jpg;CC BY-SA 4.0;day
images/real/real_088419bd9a.jpg;4528HT5;other;309.4,873.8,206.7,44.2;311.3,873.8,515.8,875.1,516.1,917.5,309.4,918.0;1;0;https://commons.wikimedia.org/wiki/File%3A2025.05.21_Vintage_automobiles_in_Sluck%2C_Minsk_Region%2C_Belarus_04.jpg;CC BY-SA 4.0;day
images/real/real_eedbe11452.jpg;2912MT5;other;1471.2,757.8,66.7,32.7;1471.2,771.9,1535.8,757.8,1537.9,776.4,1474.9,790.5;1;0;https://commons.wikimedia.org/wiki/File%3A2025.05.21_Vintage_automobiles_in_Sluck%2C_Minsk_Region%2C_Belarus_05.jpg;CC BY-SA 4.0;day
images/real/real_eedbe11452.jpg;2099KO7;other;1062.0,801.6,88.1,41.5;1064.4,818.6,1146.2,801.6,1150.1,823.6,1062.0,843.1;1;0;https://commons.wikimedia.org/wiki/File%3A2025.05.21_Vintage_automobiles_in_Sluck%2C_Minsk_Region%2C_Belarus_05.jpg;CC BY-SA 4.0;angle,day
images/real/real_d074a471b4.jpg;9227MI3;other;144.1,649.6,142.8,50.8;147.6,649.6,286.4,655.4,286.9,700.3,144.1,695.1;1;0;https://commons.wikimedia.org/wiki/File%3A2025.11.02_Geely_Coolray_in_Mahilio%C5%AD_Mogilev_Region_Belarus.jpg;CC BY-SA 4.0;day
images/real/real_2c166aacb2.jpg;1577CC7;other;487.9,608.1,243.6,83.2;491.3,608.1,731.5,626.9,731.3,691.2,487.9,672.7;1;0;https://commons.wikimedia.org/wiki/File%3A2025.11.27_Gasoline_Station_OrshaGAZ_Viciebsk_Region_Belarus_03.jpg;CC BY-SA 4.0;day
images/real/real_28b1d026a2.jpg;A522599;other;710.2,929.9,283.9,63.5;710.2,932.9,992.9,929.9,994.1,990.5,710.8,993.4;1;0;https://commons.wikimedia.org/wiki/File%3A2026-05-16_Moscow_motorcycle_parade%2C_escort_02.jpg;CC0;day
images/real/real_0d2bb650ec.jpg;A185799;other;728.9,842.9,245.7,64.2;728.9,856.0,971.4,842.9,974.7,894.9,732.2,907.2;1;0;https://commons.wikimedia.org/wiki/File%3A2026-05-16_Moscow_motorcycle_parade%2C_escort_09.jpg;CC0;day
images/real/real_9f85f98f3d.jpg;A053CE177;type1;1519.5,1027.7,66.5,15.8;1521.2,1027.7,1586.0,1029.3,1585.4,1043.4,1519.5,1041.4;1;0;https://commons.wikimedia.org/wiki/File%3A2026-05-16_Moscow_motorcycle_parade%2C_group_03.jpg;CC0;day
images/real/real_c225e22e6e.jpg;P765CK790;type1;1501.9,732.1,74.7,15.9;1502.2,732.1,1576.6,732.7,1574.7,748.0,1501.9,746.3;1;0;https://commons.wikimedia.org/wiki/File%3A2026-05-16_Moscow_motorcycle_parade%2C_group_43.jpg;CC0;day
images/real/real_2d0ccc5b6d.jpg;K073YY95;type1;1299.5,609.2,55.8,14.6;1299.5,609.8,1354.4,609.2,1355.3,620.1,1300.5,623.8;1;0;https://commons.wikimedia.org/wiki/File%3A2026-05-16_Moscow_motorcycle_parade%2C_group_49.jpg;CC0;day
images/real/real_2d0ccc5b6d.jpg;H458EO777;type1;1532.0,753.8,64.2,19.4;1532.8,753.8,1596.2,755.4,1595.9,773.2,1532.0,770.7;1;0;https://commons.wikimedia.org/wiki/File%3A2026-05-16_Moscow_motorcycle_parade%2C_group_49.jpg;CC0;day
images/real/real_eb0f13a75f.jpg;A920B#77;type1;1409.9,671.7,114.1,39.2;1409.9,674.3,1523.0,671.7,1524.0,707.3,1411.8,710.8;1;0;https://commons.wikimedia.org/wiki/File%3A2026-05-16_Moscow_motorcycle_parade%2C_roadblocks_GW_01.jpg;CC0;day
images/real/real_885c641359.jpg;A384399;other;896.3,735.7,150.7,42.2;896.3,740.2,1044.2,735.7,1047.1,771.2,897.5,777.8;1;0;https://commons.wikimedia.org/wiki/File%3A2026-05-16_Moscow_motorcycle_parade%2C_roadblocks_Hyundai_01.jpg;CC0;day
images/real/real_0267d66c09.jpg;T341EM977;type1;316.4,727.5,154.6,46.5;317.2,727.5,469.8,731.0,471.0,773.8,316.4,774.0;1;0;https://commons.wikimedia.org/wiki/File%3A2026-05-16_Moscow_motorcycle_parade%2C_roadblocks_Moskvich_3_01.jpg;CC0;day
images/real/real_8700605f9d.jpg;K865HK977;type1;787.3,465.9,302.2,64.9;787.3,472.7,1087.1,465.9,1089.5,522.0,790.2,530.8;1;0;https://commons.wikimedia.org/wiki/File%3A2026-05-16_Moscow_motorcycle_parade%2C_roadblocks_Moskvich_8_02.jpg;CC0;day
images/real/real_0294753a32.jpg;K865HK977;type1;1046.7,418.8,246.2,69.7;1046.7,436.4,1286.2,418.8,1292.9,472.0,1049.7,488.5;1;0;https://commons.wikimedia.org/wiki/File%3A2026-05-16_Moscow_motorcycle_parade%2C_roadblocks_Moskvich_8_03.jpg;CC0;day
images/real/real_ee2ed306ec.jpg;K865HK977;type1;1081.0,497.2,241.5,66.6;1081.5,500.7,1320.7,497.2,1322.5,562.3,1081.0,563.8;1;0;https://commons.wikimedia.org/wiki/File%3A2026-05-16_Moscow_motorcycle_parade%2C_roadblocks_Moskvich_8_04.jpg;CC0;day
images/real/real_a8d8056d1b.jpg;K851HK977;type1;153.6,669.0,93.7,60.2;158.8,669.0,247.2,687.1,244.0,729.2,153.6,708.9;1;0;https://commons.wikimedia.org/wiki/File%3A2026-05-16_Moscow_motorcycle_parade%2C_roadblocks_Moskvich_8_06.jpg;CC0;angle,day
images/real/real_dc861bfde1.jpg;T184399;other;180.6,723.2,153.1,44.1;181.8,723.2,333.6,728.5,333.7,767.3,180.6,762.2;1;0;https://commons.wikimedia.org/wiki/File%3A2026-05-16_Moscow_motorcycle_parade%2C_roadblocks_VW_01.jpg;CC0;day
images/real/real_5fdb4751c4.jpg;A185799;other;1152.2,632.7,61.1,15.2;1152.2,634.4,1212.4,632.7,1213.2,646.3,1152.2,647.9;1;0;https://commons.wikimedia.org/wiki/File%3A2026-06-27_Moscow_electric_vehicle_parade%2C_display_02_police%2C_Kamaz-52222.jpg;CC0;day
images/real/real_d2d5235859.jpg;XC13277;type1b;932.6,709.2,57.0,14.5;932.8,709.2,989.6,709.4,988.9,723.8,932.6,723.1;1;0;https://commons.wikimedia.org/wiki/File%3A2026-06-27_Moscow_electric_vehicle_parade%2C_display_04_police%2C_Kamaz-52222.jpg;CC0;day
images/real/real_d2d5235859.jpg;A185799;other;1318.0,743.6,77.0,19.3;1319.2,743.8,1395.0,743.6,1394.7,762.9,1318.0,762.5;1;0;https://commons.wikimedia.org/wiki/File%3A2026-06-27_Moscow_electric_vehicle_parade%2C_display_04_police%2C_Kamaz-52222.jpg;CC0;day
images/real/real_15a67bdc98.jpg;6951PM7;other;604.3,823.8,215.3,91.6;609.2,823.8,819.7,853.1,818.0,915.4,604.3,885.4;1;0;https://commons.wikimedia.org/wiki/File%3A2026.01.13_After_Snowfall_near_Groshik_Shop_Chmarynskaja_Street_in_Tsna_Minsk_Belarus.jpg;CC BY-SA 4.0;day
images/real/real_15a67bdc98.jpg;8748CX7;other;497.1,602.8,75.4,33.7;499.1,602.8,572.5,611.4,571.4,636.4,497.1,628.2;1;0;https://commons.wikimedia.org/wiki/File%3A2026.01.13_After_Snowfall_near_Groshik_Shop_Chmarynskaja_Street_in_Tsna_Minsk_Belarus.jpg;CC BY-SA 4.0;day
images/real/real_c80829b2dc.jpg;5376OC5;other;328.7,795.1,188.6,51.3;329.6,800.4,517.2,795.1,516.9,842.0,328.7,846.4;1;0;https://commons.wikimedia.org/wiki/File%3A2026.02.28_Automobile_accident_on_the_Road_M6_Grodno_%E2%80%93_Minsk_near_Iuje_01.jpg;CC BY-SA 4.0;day
images/real/real_51fda375b8.jpg;AK89364;other;1360.2,914.9,149.0,50.1;1363.8,914.9,1508.4,921.8,1509.2,965.0,1360.2,958.0;1;0;https://commons.wikimedia.org/wiki/File%3A2026.02.28_Automobile_accident_on_the_Road_M6_Grodno_%E2%80%93_Minsk_near_Iuje_08.jpg;CC BY-SA 4.0;day
images/real/real_a5ea632b48.jpg;2701HK1;other;1260.4,356.2,118.8,27.1;1260.9,356.2,1377.8,358.8,1379.2,383.3,1260.4,382.5;1;0;https://commons.wikimedia.org/wiki/File%3A2026.03.16_IZH_2125_Kombi_%D0%98%D0%96_2125_%D0%9A%D0%BE%D0%BC%D0%B1%D0%B8_%D0%90%D0%B2%D1%82%D0%BE%D1%81%D1%82%D0%BE%D1%8F%D0%BD%D0%BA%D0%B0_%D0%9A%D0%BE%D1%80%D0%BE%D0%BD%D0%B0_%D0%A3%D1%80%D1%83%D1%87%D1%8C%D0%B5_%D0%9C%D0%B0%D1%82%D0%B5%D1%80%D0%B8%D0%BA_1756.jpg;CC BY-SA 4.0;day
images/real/real_c25873c9f8.jpg;2974CE7;other;569.0,1188.2,307.4,98.4;569.0,1209.7,874.6,1188.2,876.4,1264.4,571.2,1286.6;1;0;https://commons.wikimedia.org/wiki/File%3A2026.03.16_Moskvich_412_in_Minsk_Belarus_%D0%9C%D0%BE%D1%81%D0%BA%D0%B2%D0%B8%D1%87_412_%D0%90%D0%B2%D1%82%D0%BE%D1%81%D1%82%D0%BE%D1%8F%D0%BD%D0%BA%D0%B0_%D0%9A%D0%BE%D1%80%D0%BE%D0%BD%D0%B0_%D0%A3%D1%80%D1%83%D1%87%D1%8C%D0%B5_%D0%9C%D0%B0%D1%82%D0%B5%D1%80%D0%B8%D0%BA.jpg;CC BY-SA 4.0;day
images/real/real_2af6615cb3.jpg;4164XC7;other;0.0,618.6,46.4,11.2;0.0,619.4,46.4,618.6,44.4,629.8,0.0,627.7;1;0;https://commons.wikimedia.org/wiki/File%3A2026.07.05_Lilac_Dongfeng_Automobile_in_Minsk_Belarus_02.jpg;CC0;angle,day
images/real/real_cf084a24d6.jpg;P514OK198;type1;349.7,825.0,96.8,30.2;351.5,825.0,445.7,831.5,446.4,855.2,349.7,849.8;1;0;https://commons.wikimedia.org/wiki/File%3A203_%D0%B4%D1%82%D0%B0_%D0%BF%D0%BE_68.jpg;CC BY-SA 4.0;day
images/real/real_e7ecacafef.jpg;4085H5;other;473.3,641.5,77.9,17.8;473.3,643.0,551.2,641.5,550.6,659.3,473.6,659.1;1;0;https://commons.wikimedia.org/wiki/File%3A9K51_%22Grad%22_launcher_on_KrAZ_chassis.jpg;CC BY 3.0;day,dirt
images/real/real_d533e643fd.jpg;A3733##;other;819.1,409.2,49.5,31.0;819.1,420.8,866.7,409.2,868.6,428.9,819.6,440.2;1;0;https://commons.wikimedia.org/wiki/File%3AA_Car_of_Russian_Police_is_in_a_rainy_day.jpg;CC BY 2.0;angle,day,glare
images/real/real_369251aa2b.jpg;AX0939BO;other;558.1,663.8,224.7,83.8;558.1,696.6,775.6,663.8,782.8,717.2,565.4,747.6;1;0;https://commons.wikimedia.org/wiki/File%3AAbarth_500_Sport_%28163454223%29.jpeg;CC BY 3.0;day
images/real/real_0025e6ec88.jpg;191AVO02;other;222.1,776.7,155.6,38.9;225.9,776.9,377.4,776.7,377.7,815.2,222.1,815.7;1;0;https://commons.wikimedia.org/wiki/File%3AAlley%2C_Almaly%2C_Almaty_%28P1180141%29.jpg;CC BY-SA 4.0;day,dirt
images/real/real_436349c986.jpg;43761KA;other;926.0,984.0,131.3,43.6;926.0,992.2,1054.4,984.0,1057.3,1018.3,926.7,1027.6;1;0;https://commons.wikimedia.org/wiki/File%3AAn_ambulance_in_Kiev.jpg;CC BY-SA 2.0;day
images/real/real_436349c986.jpg;AA2529IM;other;1390.7,909.7,122.9,34.4;1390.7,911.8,1508.9,909.7,1513.6,939.5,1390.7,944.2;1;0;https://commons.wikimedia.org/wiki/File%3AAn_ambulance_in_Kiev.jpg;CC BY-SA 2.0;day
images/real/real_880fe3d12b.jpg;H300EPM;other;1057.4,1116.8,53.6,14.8;1057.8,1117.6,1111.0,1116.8,1109.7,1131.6,1057.4,1129.9;1;0;https://commons.wikimedia.org/wiki/File%3AApartment_building_01_%28Almaty%2C_2001%29.jpg;CC BY 2.0;day
images/real/real_d0e7a58e6c.jpg;0242#1;other;298.6,665.4,104.6,43.3;300.8,665.4,403.2,668.1,402.5,708.8,298.6,704.3;1;0;https://commons.wikimedia.org/wiki/File%3AAssistant_Secretary_of_State_Victoria_Nuland_at_a_Ukrainian_State_Border_Guard_Service_%28SBGS%29_Base_in_Kyiv%2C_Oct._8%2C_2014_13.jpg;Public domain;day
images/real/real_ef68b16e4b.jpg;1555KI7;other;1117.8,865.1,211.2,83.0;1117.8,892.4,1323.8,865.1,1329.1,921.5,1123.2,948.1;1;0;https://commons.wikimedia.org/wiki/File%3ABMW_X5_Xdrive30d_Dakar_2013_%2810637349935%29.jpg;CC BY-SA 2.0;day
images/real/real_d6fee8e61a.jpg;3310BE5;other;1027.8,795.3,74.0,24.1;1029.2,795.3,1101.8,799.1,1100.2,819.4,1027.8,813.6;1;0;https://commons.wikimedia.org/wiki/File%3ABelarus-Minsk-2007-03-25-Militia-4.jpg;CC BY-SA 4.0;day
images/real/real_f227b212d9.jpg;5354AK5;other;177.9,1029.0,134.0,69.2;177.9,1063.1,304.1,1029.0,311.9,1064.2,184.9,1098.2;1;0;https://commons.wikimedia.org/wiki/File%3ABelarus-Minsk-Central_General_Store.jpg;CC BY-SA 3.0;day
images/real/real_fadccbc0b7.jpg;0229#H;other;357.8,1533.0,55.5,13.3;358.6,1535.0,413.2,1533.0,413.1,1546.1,357.8,1546.2;1;0;https://commons.wikimedia.org/wiki/File%3ABelarus-Minsk-Revolutionary_street_10.jpg;CC BY-SA 4.0;day
images/real/real_9f85df8d18.jpg;3409MH;other;1391.9,657.6,135.7,65.6;1391.9,669.8,1523.3,657.6,1527.6,709.9,1392.8,723.2;1;0;https://commons.wikimedia.org/wiki/File%3ABelarusian_police_Geely_Emgrand_%28P718%2C_Minsk%29.jpg;CC BY-SA 3.0;day
images/real/real_68dee21d76.jpg;B231YH178;type1;1079.4,876.5,118.3,30.6;1079.4,884.2,1194.8,876.5,1197.7,899.6,1080.4,907.1;1;0;https://commons.wikimedia.org/wiki/File%3ABus_MAZ-203-085_in_SPB_%28img1%29.jpg;CC BY-SA 4.0;day
images/real/real_8bfa1955df.jpg;T826BK178;type1;1023.2,843.4,114.7,36.2;1023.2,854.2,1137.8,843.4,1136.9,869.7,1025.7,879.7;1;0;https://commons.wikimedia.org/wiki/File%3ABus_MAZ-203-085_on_Nevsky_Avenue.jpg;CC BY-SA 4.0;day
images/real/real_f8ccc84958.jpg;H471OXM;other;658.8,879.4,60.3,16.8;658.8,879.4,719.1,881.1,718.6,896.2,659.2,892.4;1;0;https://commons.wikimedia.org/wiki/File%3ACars_in_Snow_%285604546449%29.jpg;CC BY 2.0;day
images/real/real_6ef01f84ee.jpg;AX0883BX;other;395.1,830.5,275.4,76.1;395.1,844.6,664.4,830.5,670.5,890.3,397.2,906.6;1;0;https://commons.wikimedia.org/wiki/File%3AChery_Amulet%2C_WAW%2C_UA_%28II%29.jpg;CC BY-SA 4.0;day
images/real/real_9a8f1f47c2.jpg;AX0883BX;other;291.0,614.4,287.1,67.2;291.0,617.2,577.5,614.4,578.1,679.1,291.6,681.6;1;0;https://commons.wikimedia.org/wiki/File%3AChery_Amulet%2C_WAW%2C_UA_%28I%29.jpg;CC BY-SA 4.0;day,glare
images/real/real_8531db0312.jpg;AM7423CB;other;857.4,586.4,188.5,86.5;857.4,624.1,1037.8,586.4,1045.9,634.9,862.3,672.9;1;0;https://commons.wikimedia.org/wiki/File%3AChery_Eastar%2C_WAW%2C_UA_%281%29.jpg;CC BY-SA 4.0;day
images/real/real_951aa38e0d.jpg;AX3758CA;other;242.3,932.8,248.7,84.4;243.4,932.8,491.1,955.4,487.5,1017.2,242.3,992.2;1;0;https://commons.wikimedia.org/wiki/File%3AChery_Kimo%2C_WAW%2C_UA%281%29.jpg;CC BY-SA 4.0;day
images/real/real_49652463be.jpg;1663PC7;other;98.6,508.2,114.9,44.2;98.6,517.2,211.9,508.2,213.5,542.3,100.0,552.3;1;0;https://commons.wikimedia.org/wiki/File%3AChery_car_in_Minsk%2C_Belarus_-_1.jpg;CC BY-SA 3.0;day
images/real/real_352409355b.jpg;1663PC7;other;452.9,735.3,216.2,82.2;455.3,735.3,669.1,755.0,663.7,817.6,452.9,796.5;1;0;https://commons.wikimedia.org/wiki/File%3AChery_car_in_Minsk%2C_Belarus_-_2.jpg;CC BY-SA 3.0;day
images/real/real_352409355b.jpg;6577HB5;other;1428.0,451.3,70.6,25.9;1429.7,451.3,1498.6,459.5,1497.2,477.2,1428.0,467.8;1;0;https://commons.wikimedia.org/wiki/File%3AChery_car_in_Minsk%2C_Belarus_-_2.jpg;CC BY-SA 3.0;day
images/real/real_c53a9c8fde.jpg;AE2536BP;other;1111.4,700.4,97.1,72.4;1111.4,734.8,1203.7,700.4,1208.5,731.9,1118.8,772.8;1;0;https://commons.wikimedia.org/wiki/File%3ACitroen_Nemo_-_AE_2536_VR%2C_back.jpg;CC BY-SA 4.0;angle,day
images/real/real_b074cb20b5.jpg;M380NCM;other;1156.9,1045.2,76.7,25.4;1158.0,1045.2,1233.6,1053.4,1231.7,1070.7,1156.9,1062.4;1;0;https://commons.wikimedia.org/wiki/File%3ACity_Mall_-_panoramio.jpg;CC BY-SA 3.0;day
images/real/real_66620cea42.jpg;AB7045BC;other;630.1,745.3,181.3,40.3;632.4,745.5,807.9,745.3,811.4,784.4,630.1,785.7;1;0;https://commons.wikimedia.org/wiki/File%3ACommunists_Mariupol.JPG;CC BY-SA 3.0;day
images/real/real_a916cf7bbd.jpg;AM20863;other;460.4,1227.0,166.5,89.1;467.3,1227.0,626.9,1278.2,624.4,1316.1,460.4,1267.8;1;0;https://commons.wikimedia.org/wiki/File%3ADAF_XF_in_Loskutovo.jpg;CC BY-SA 4.0;angle,day
images/real/real_a916cf7bbd.jpg;H874OO174;type1;54.2,845.8,95.9,32.0;54.2,856.6,147.5,845.8,150.1,866.9,55.8,877.8;1;0;https://commons.wikimedia.org/wiki/File%3ADAF_XF_in_Loskutovo.jpg;CC BY-SA 4.0;day,glare
images/real/real_52ef05fe77.jpg;585#113;other;237.1,480.9,155.2,96.7;237.1,480.9,387.1,488.8,392.2,577.6,237.9,574.0;1;0;https://commons.wikimedia.org/wiki/File%3ADaihatsu_Wake%2C_Washinomiya%2C_Saitama%2C_Japan_%28rear%29.jpg;CC BY-SA 2.0;day
images/real/real_7fe29ba633.jpg;M3534;other;448.6,563.8,80.1,29.1;448.6,568.1,528.4,563.8,528.7,590.6,450.0,592.9;1;0;https://commons.wikimedia.org/wiki/File%3ADan_Kopnene_Vojske_2021_u_%C5%A0apcu_-_TTZ_43_-_MAZ-537G.jpg;CC BY-SA 4.0;day
images/real/real_5b2707a1a0.jpg;M3534;other;497.2,507.9,71.7,20.3;498.2,508.8,568.1,507.9,568.9,526.7,497.2,528.2;1;0;https://commons.wikimedia.org/wiki/File%3ADan_Kopnene_Vojske_2021_u_%C5%A0apcu_-_TTZ_48_-_MAZ-537G.jpg;CC BY-SA 4.0;day
images/real/real_62e1828e9e.jpg;M3534;other;484.1,623.4,86.7,31.6;488.2,623.4,570.8,626.0,567.3,655.0,484.1,649.5;1;0;https://commons.wikimedia.org/wiki/File%3ADan_Kopnene_Vojske_2021_u_%C5%A0apcu_-_TTZ_51_-_MAZ-537G_i_M-84.jpg;CC BY-SA 4.0;day
images/real/real_83be15e8c1.jpg;M3534;other;428.3,407.7,47.4,22.3;428.3,410.7,474.6,407.7,475.8,427.7,429.5,430.0;1;0;https://commons.wikimedia.org/wiki/File%3ADan_Kopnene_Vojske_2021_u_%C5%A0apcu_-_TTZ_54_-_MAZ-537G.jpg;CC BY-SA 4.0;day,glare
images/real/real_b68bf791b5.jpg;CBAA9805;other;268.8,761.6,124.9,119.8;268.8,778.4,391.0,761.6,393.7,868.1,269.8,881.4;1;0;https://commons.wikimedia.org/wiki/File%3ADelta_ex_50_qt-b%3B_mena%2C_ukraine%3B_13.08.19.jpg;CC BY-SA 4.0;day
images/real/real_6923ebcc59.jpg;T089PE177;type1;204.8,126.1,108.3,21.5;205.2,127.4,313.1,126.1,312.4,147.3,204.8,147.6;1;0;https://commons.wikimedia.org/wiki/File%3ADiplomatic_license_plate.JPG;CC BY-SA 3.0;day,motion_blur
images/real/real_6923ebcc59.jpg;167D00177;other;497.6,655.6,307.9,87.0;497.6,655.6,805.6,669.3,802.3,742.6,500.8,730.8;1;0;https://commons.wikimedia.org/wiki/File%3ADiplomatic_license_plate.JPG;CC BY-SA 3.0;day
images/real/real_e4041ee6b8.jpg;H317FMM;other;841.9,725.8,90.0,21.8;841.9,728.7,931.9,725.8,931.1,744.8,842.2,747.6;1;0;https://commons.wikimedia.org/wiki/File%3AE8398-Korday-entering-KZ.jpg;CC BY-SA 3.0;day
images/real/real_6024398f33.jpg;427MCB;other;1344.0,765.2,182.8,139.4;1344.0,835.9,1511.7,765.2,1526.8,833.8,1355.8,904.6;1;0;https://commons.wikimedia.org/wiki/File%3AEstonian_police_car%2C_September_2003.jpg;CC BY-SA 3.0;angle,day
images/real/real_8416c8652e.jpg;A37NDM;other;983.3,888.5,120.1,26.0;983.7,888.5,1103.4,889.5,1102.9,914.5,983.3,911.6;1;0;https://commons.wikimedia.org/wiki/File%3AEvrika_Book_Store_%28Almaty%2C_2001%29.jpg;CC BY 2.0;day
images/real/real_87192e6b13.jpg;7TEX8707;other;1093.8,661.0,124.2,32.1;1093.8,665.5,1217.9,661.0,1217.3,691.0,1093.8,693.1;1;0;https://commons.wikimedia.org/wiki/File%3AFirst-cycling-road-on-carriageway-in-minsk.jpg;CC BY-SA 4.0;day
images/real/real_4df90dcbe8.jpg;H113MP177;type1;1418.2,845.5,59.3,24.2;1420.5,845.5,1477.5,853.8,1475.6,869.7,1418.2,861.5;1;0;https://commons.wikimedia.org/wiki/File%3AFlatbed_tow_truck_Moscow.JPG;CC BY-SA 3.0;day
images/real/real_dc2f8a7649.jpg;0842#1;other;952.8,843.4,265.0,106.3;952.8,889.9,1209.7,843.4,1217.8,907.3,963.1,949.7;1;0;https://commons.wikimedia.org/wiki/File%3AFord_Transit_%D0%A1%D0%BB%D1%83%D0%B6%D0%B1%D0%B8_%D0%BD%D0%B0%D0%B4%D0%B7%D0%B2%D0%B8%D1%87%D0%B0%D0%B9%D0%BD%D0%B8%D1%85_%D1%81%D0%B8%D1%82%D1%83%D0%B0%D1%86%D1%96%D0%B9_%D0%BD%D0%B0_%D0%B2%D0%B8%D1%81%D1%82%D0%B0%D0%B2%D1%86%D1%96_%D1%83_%D0%9C%D0%B5%D0%BB%D1%96%D1%82%D0%BE%D0%BF%D0%BE%D0%BB%D1%96.jpg;CC BY-SA 4.0;night
images/real/real_8c3f6e6b57.jpg;1439MHH;other;297.7,723.3,141.7,79.8;304.1,723.3,439.3,760.0,438.9,803.1,297.7,767.1;1;0;https://commons.wikimedia.org/wiki/File%3AGAZ-21_%283rd_series%29_%22Volga%22_in_Minsk.jpg;CC BY-SA 2.0;angle,day
images/real/real_c245a97e24.jpg;7298AA7;other;1161.2,761.9,105.2,65.2;1161.2,796.9,1262.7,761.9,1266.3,793.1,1166.2,827.2;1;0;https://commons.wikimedia.org/wiki/File%3AGAZ-24_Volga_parked_in_the_Street_at_Azizava_4_in_Minsk_19_April_2016.jpg;CC BY-SA 4.0;angle,day
images/real/real_b2837a75cf.jpg;193652;other;716.4,849.8,101.3,27.8;716.4,856.8,817.4,849.8,817.8,873.2,718.4,877.5;1;0;https://commons.wikimedia.org/wiki/File%3AGAZ-24_%22Volga%22_police_edition_monument.jpg;CC BY-SA 3.0;day
images/real/real_6290db97eb.jpg;9197AC7;other;113.2,535.3,170.0,79.5;116.7,535.3,283.2,568.4,278.4,614.8,113.2,582.0;1;0;https://commons.wikimedia.org/wiki/File%3AGAZ-31_%22Volga%22_in_Minsk.jpg;CC BY-SA 2.0;day
images/real/real_33504fc3eb.jpg;AE1841BB;other;330.8,882.4,168.0,75.3;338.3,882.4,498.8,905.8,494.3,957.8,330.8,935.4;1;0;https://commons.wikimedia.org/wiki/File%3AGAZ-51_truck_in_Ukraine_%D0%93%D1%80%D1%83%D0%B7%D0%BE%D0%B2%D0%B8%D0%BA_%D0%93%D0%90%D0%97-51_%D0%B2_%D0%A3%D0%BA%D1%80%D0%B0%D0%B8%D0%BD%D0%B5.jpg;CC0;day
images/real/real_3717ce7ede.jpg;8016EM2;other;541.9,781.3,556.6,138.8;541.9,781.3,1098.1,786.6,1098.5,920.1,551.2,910.6;1;0;https://commons.wikimedia.org/wiki/File%3AGAZ_-_Vitebsk.jpg;CC BY 2.0;day
images/real/real_6c2267cbc7.jpg;CA2356II;other;230.2,620.2,168.5,119.1;241.2,620.2,398.7,673.4,391.8,739.2,230.2,682.7;1;0;https://commons.wikimedia.org/wiki/File%3AGdansk_ZAZ_Slavuta_1.jpg;CC BY-SA 4.0;angle,day
images/real/real_009e4941e2.jpg;880APE01;other;865.3,615.3,262.0,72.2;867.0,622.8,1119.8,615.3,1127.3,679.2,865.3,687.5;1;0;https://commons.wikimedia.org/wiki/File%3AGeely_Atlas%2C_Astana_%28P1190678%29.jpg;CC BY-SA 4.0;day
images/real/real_94eacb6e66.jpg;342AOH01;other;255.7,624.0,258.3,83.2;259.4,624.0,512.1,640.7,514.0,707.2,255.7,690.8;1;0;https://commons.wikimedia.org/wiki/File%3AGeely_Emgrand%2C_Astana_%28P1190778%29.jpg;CC BY-SA 4.0;day
images/real/real_a3b6ebc0cf.jpg;1564AT77;other;67.2,493.9,202.6,202.2;67.2,535.2,258.4,493.9,269.8,652.6,86.8,696.1;1;0;https://commons.wikimedia.org/wiki/File%3AHarley_%2814258725852%29.jpg;CC BY 2.0;angle,day
images/real/real_836effcb10.jpg;LND485CB;other;869.7,716.8,165.5,116.8;878.8,716.8,1035.2,748.6,1027.8,833.6,869.7,795.9;1;0;https://commons.wikimedia.org/wiki/File%3AHeadlight_restoring_in_Lokogoma%2C_Abuja.jpg;CC BY-SA 4.0;angle,day
images/real/real_8e4eb22def.jpg;6042MX4;other;1093.5,1136.8,100.7,29.0;1094.1,1136.8,1194.2,1139.6,1193.9,1165.8,1093.5,1161.4;1;0;https://commons.wikimedia.org/wiki/File%3AHoradnia_%28Hrodna%29%2C_Chara%C4%BAnaja_sinahoha._%D0%93%D0%BE%D1%80%D0%B0%D0%B4%D0%BD%D1%8F%2C_%D0%A5%D0%B0%D1%80%D0%B0%D0%BB%D1%8C%D0%BD%D0%B0%D1%8F_%D1%81%D1%96%D0%BD%D0%B0%D0%B3%D0%BE%D0%B3%D0%B0_%282021%29_01.jpg;CC BY-SA 4.0;day,glare
images/real/real_888b225ace.jpg;9671MI7;other;1149.2,832.2,194.3,83.7;1149.2,863.8,1339.1,832.2,1343.5,885.6,1152.7,915.9;1;0;https://commons.wikimedia.org/wiki/File%3AHummer_in_Minsk%2C_Belarus.jpg;CC BY-SA 2.0;day
images/real/real_b1d05bca40.jpg;928ATX02;other;1081.8,849.2,125.2,76.7;1081.8,876.1,1204.2,849.2,1207.0,896.9,1086.4,925.9;1;0;https://commons.wikimedia.org/wiki/File%3AHyundai_Avante_N%2C_Almaty_%28LRM_20240403_095759%29.jpg;CC BY-SA 4.0;angle,day
images/real/real_b1d05bca40.jpg;225APT02;other;1218.9,700.3,77.2,36.2;1218.9,710.3,1293.8,700.3,1296.2,726.7,1222.4,736.5;1;0;https://commons.wikimedia.org/wiki/File%3AHyundai_Avante_N%2C_Almaty_%28LRM_20240403_095759%29.jpg;CC BY-SA 4.0;day,glare
images/real/real_80d592ffc5.jpg;919AXR02;other;224.7,401.3,61.7,19.1;224.7,401.3,286.4,403.1,285.4,420.4,225.8,418.5;1;0;https://commons.wikimedia.org/wiki/File%3AHyundai_Staria%2C_Almaty_%28P1180230%29.jpg;CC BY-SA 4.0;day
images/real/real_80d592ffc5.jpg;495EBA05;other;59.6,397.7,50.2,15.1;60.4,398.8,109.6,397.7,109.8,411.2,59.6,412.8;1;0;https://commons.wikimedia.org/wiki/File%3AHyundai_Staria%2C_Almaty_%28P1180230%29.jpg;CC BY-SA 4.0;day
images/real/real_3c95b96199.jpg;BB9923AM;other;348.6,625.8,257.3,92.7;354.8,625.8,605.9,657.0,602.5,718.5,348.6,687.5;1;0;https://commons.wikimedia.org/wiki/File%3AIZh-2715_2014-07-30_War_in_Donbass_08.jpg;CC BY 3.0;day
images/real/real_5844e1b6e7.jpg;2007B1;other;595.8,995.6,325.4,82.1;598.7,995.6,921.2,998.7,919.5,1077.7,595.8,1076.8;1;0;https://commons.wikimedia.org/wiki/File%3AIndependence_Day_in_Kyiv%2C_2015_42.JPG;CC BY-SA 4.0;day,glare
images/real/real_0349452062.jpg;TS12EE3777;other;772.6,582.2,67.8,17.5;773.0,582.2,840.4,585.2,839.2,599.8,772.6,596.1;1;0;https://commons.wikimedia.org/wiki/File%3AInnova_Crysta_car_near_Janampeta.jpg;CC BY-SA 4.0;day
images/real/real_20ff272be8.jpg;1934BA15;other;111.5,627.3,36.8,27.2;111.5,627.3,148.3,631.8,147.5,654.6,111.8,649.3;1;0;https://commons.wikimedia.org/wiki/File%3AInternal_troops_special_units_counter-terror_tactical_exercises_%2815%29.jpg;CC BY-SA 4.0;angle,day
images/real/real_6b5a5fb32a.jpg;BG1842UX;other;441.2,683.7,99.2,25.8;441.2,685.9,540.3,683.7,540.2,709.5,442.7,709.5;1;0;https://commons.wikimedia.org/wiki/File%3AKamion_MAZ-6501_kompanije_PB_Kolubara_02.jpg;CC0;day
images/real/real_e1ae69194c.jpg;021BNA09;other;364.6,691.7,148.8,39.4;364.6,700.2,513.2,691.7,513.4,725.8,365.3,731.1;1;0;https://commons.wikimedia.org/wiki/File%3AKaraganda_-_190216_DSC_2879.jpg;CC BY-SA 4.0;day
images/real/real_8ff7306c17.jpg;854FBA09;other;342.4,818.3,71.8,16.8;346.5,818.3,414.2,819.3,412.6,835.2,342.4,833.8;1;0;https://commons.wikimedia.org/wiki/File%3AKaraganda_-_190216_DSC_2886.jpg;CC BY-SA 4.0;angle,day
images/real/real_b20287f334.jpg;037EWA09;other;589.8,379.6,103.0,22.7;590.4,379.6,691.1,379.8,692.8,402.2,589.8,401.9;1;0;https://commons.wikimedia.org/wiki/File%3AKaraganda_-_190216_DSC_2897.jpg;CC BY-SA 4.0;day
images/real/real_b20287f334.jpg;685VBA01;other;1453.4,391.7,63.1,19.1;1454.6,393.8,1516.5,391.7,1516.2,410.8,1453.4,410.7;1;0;https://commons.wikimedia.org/wiki/File%3AKaraganda_-_190216_DSC_2897.jpg;CC BY-SA 4.0;day
images/real/real_d1097204bb.jpg;082AH09;other;336.8,567.9,88.2,22.1;336.8,570.7,423.5,567.9,425.1,586.9,337.4,590.0;1;0;https://commons.wikimedia.org/wiki/File%3AKaraganda_-_190216_DSC_2907.jpg;CC BY-SA 4.0;day
images/real/real_e551b5f95d.jpg;027CMA09;other;990.0,769.6,77.2,32.8;993.8,769.6,1067.2,783.5,1065.5,802.4,990.0,788.2;1;0;https://commons.wikimedia.org/wiki/File%3AKaraganda_-_190216_DSC_2914.jpg;CC BY-SA 4.0;day
images/real/real_e551b5f95d.jpg;M250YBM;other;578.2,685.5,78.8,25.6;578.2,691.0,656.2,685.5,657.0,706.4,579.0,711.1;1;0;https://commons.wikimedia.org/wiki/File%3AKaraganda_-_190216_DSC_2914.jpg;CC BY-SA 4.0;day
images/real/real_b2355b2fbf.jpg;854VVA09;other;449.1,837.1,88.7,24.2;449.6,843.6,536.9,837.1,537.8,856.7,449.1,861.3;1;0;https://commons.wikimedia.org/wiki/File%3AKaraganda_-_190216_DSC_3077.jpg;CC BY-SA 4.0;day
images/real/real_912cbde981.jpg;584FHA09;other;466.1,731.8,76.1,27.9;466.1,743.2,540.7,731.8,542.2,748.6,467.0,759.8;1;0;https://commons.wikimedia.org/wiki/File%3AKaraganda_-_190216_DSC_3081.jpg;CC BY-SA 4.0;day
images/real/real_912cbde981.jpg;M706ARN;other;682.2,726.1,60.2,12.1;682.2,726.6,742.3,726.1,741.6,736.9,682.5,738.2;1;0;https://commons.wikimedia.org/wiki/File%3AKaraganda_-_190216_DSC_3081.jpg;CC BY-SA 4.0;day
images/real/real_b91a2b0245.jpg;H772YO86;type1;655.0,902.8,428.0,98.9;655.0,918.0,1079.4,902.8,1083.0,988.2,660.0,1001.7;1;0;https://commons.wikimedia.org/wiki/File%3AKarakoga_150000%2C_Kazakhstan_-_panoramio.jpg;CC BY 3.0;day
images/real/real_aaa4efdefd.jpg;890AOV01;other;575.7,471.5,80.7,19.1;575.7,473.2,656.2,471.5,656.3,488.3,576.5,490.6;1;0;https://commons.wikimedia.org/wiki/File%3AKazakh_cars_cross_from_Kyrgyzstan_into_Kazakhstan.jpg;CC BY 4.0;day
images/real/real_4d77b5162e.jpg;4553AM76;other;387.0,472.2,94.2,38.3;389.5,472.2,481.2,483.0,479.5,510.5,387.0,499.1;1;0;https://commons.wikimedia.org/wiki/File%3AKirasita_kamiono_Tajfun-K_surbaze_de_KamAZ-63968_dum_la_Operaco_Glacio_%28Tjumeno%2C_2024%29_01.jpg;CC BY 4.0;day
images/real/real_1ed20795fa.jpg;2530K5;other;647.9,430.7,104.9,31.7;647.9,436.3,752.5,430.7,752.8,455.5,647.9,462.4;1;0;https://commons.wikimedia.org/wiki/File%3AKrAZ-6510_Armed_Forces_of_Ukraine.jpg;CC BY-SA 4.0;day
images/real/real_0997d20c8d.jpg;H488FBM;other;749.8,806.4,156.0,40.1;750.2,806.4,902.2,809.8,905.8,845.5,749.8,846.5;1;0;https://commons.wikimedia.org/wiki/File%3ALada_%285613698034%29.jpg;CC BY 2.0;day
images/real/real_67af2d758b.jpg;2276MP99;other;1191.8,672.8,254.5,66.8;1191.8,685.7,1444.7,672.8,1446.3,729.1,1193.0,739.7;1;0;https://commons.wikimedia.org/wiki/File%3ALada_Priora_in_Military_Vehicles_Inspection_%28VAI%29_service.jpg;CC BY-SA 2.0;day
images/real/real_65f310f6bc.jpg;O087470;other;260.4,711.6,91.7,39.8;263.8,711.6,352.1,712.9,350.9,751.4,260.4,747.4;1;0;https://commons.wikimedia.org/wiki/File%3ALada_Vesta_police_car_in_Tomsk_01.jpg;CC BY-SA 4.0;day
images/real/real_b3d05ea973.jpg;077TII02;other;154.3,645.2,106.4,64.9;161.4,645.2,260.8,670.2,257.0,710.1,154.3,683.2;1;0;https://commons.wikimedia.org/wiki/File%3ALi_L7%2C_Almaty_%28P1180149%29.jpg;CC BY-SA 4.0;angle,day
images/real/real_13529c3c3a.jpg;005SAM02;other;215.2,642.7,109.8,69.2;219.0,642.7,325.0,662.8,322.4,711.9,215.2,691.6;1;0;https://commons.wikimedia.org/wiki/File%3ALi_L9%2C_Almaty_%28P1180247%29.jpg;CC BY-SA 4.0;day
images/real/real_eb1eebd0e4.jpg;5493BP6;other;1407.7,780.7,103.3,21.3;1407.7,781.0,1509.8,780.7,1511.0,801.2,1408.1,802.0;1;0;https://commons.wikimedia.org/wiki/File%3ALieninski_District%2C_Mogilev%2C_Belarus_-_panoramio_%28506%29.jpg;CC BY 3.0;day
images/real/real_eb1eebd0e4.jpg;1601AC6;other;950.8,882.9,123.8,32.3;950.8,883.2,1072.3,882.9,1074.5,915.2,951.2,915.2;1;0;https://commons.wikimedia.org/wiki/File%3ALieninski_District%2C_Mogilev%2C_Belarus_-_panoramio_%28506%29.jpg;CC BY 3.0;day
images/real/real_eb1eebd0e4.jpg;6TAX2514;other;57.5,770.2,118.5,25.9;57.5,771.2,175.1,770.2,176.0,792.6,58.4,796.1;1;0;https://commons.wikimedia.org/wiki/File%3ALieninski_District%2C_Mogilev%2C_Belarus_-_panoramio_%28506%29.jpg;CC BY 3.0;day,motion_blur
images/real/real_4f2e2a54b5.jpg;431AFN01;other;290.8,742.0,80.3,18.8;290.8,745.4,369.8,742.0,371.2,757.9,292.0,760.8;1;0;https://commons.wikimedia.org/wiki/File%3ALight_metro%2C_Astana_%28P1190708%29.jpg;CC BY-SA 4.0;day
images/real/real_7c69c52ae2.jpg;AA5455AC;other;840.8,371.3,614.0,265.6;840.8,387.1,1448.8,371.3,1454.7,621.6,856.3,636.9;1;0;https://commons.wikimedia.org/wiki/File%3ALuxembourg%2C_-_UA_-_AA5455AC.jpg;CC BY-SA 4.0;day
images/real/real_e816cda0cc.jpg;AX142##;type1b;1036.8,878.6,70.6,22.0;1037.8,878.6,1107.4,881.2,1106.9,900.6,1036.8,896.6;1;0;https://commons.wikimedia.org/wiki/File%3AMAZ-103_in_Chanti-Mansiisk.jpg;CC BY-SA 4.0;day
images/real/real_8b2b93001c.jpg;P505OK198;type1;1119.6,799.7,85.2,32.1;1119.6,812.1,1201.9,799.7,1204.7,819.8,1121.8,831.7;1;0;https://commons.wikimedia.org/wiki/File%3AMAZ-203.945_SPB_%28img2%29.jpg;CC BY-SA 4.0;day
images/real/real_10349f99a1.jpg;M327PH198;type1;1187.3,796.9,81.8,59.3;1187.3,824.7,1255.5,796.9,1269.1,821.7,1192.7,856.2;1;0;https://commons.wikimedia.org/wiki/File%3AMAZ-203.C46_SPB_%28img1%29.jpg;CC BY-SA 4.0;angle,day
images/real/real_1a599d4303.jpg;KH1795;other;600.2,773.2,88.2,41.9;600.2,787.6,685.3,773.2,688.5,801.2,604.8,815.1;1;0;https://commons.wikimedia.org/wiki/File%3AMAZ-203_and_MAZ-206.JPG;Public domain;day
images/real/real_265631fc35.jpg;AT04207;other;1260.1,677.4,97.3,25.1;1260.1,682.5,1355.9,677.4,1357.3,698.8,1260.7,702.5;1;0;https://commons.wikimedia.org/wiki/File%3AMAZ-203_in_Minsk_%28May_2021%29_5.jpg;CC BY-SA 3.0;day
images/real/real_265631fc35.jpg;8294KT7;other;27.8,591.7,86.3,21.8;28.2,593.7,113.2,591.7,114.2,611.3,27.8,613.4;1;0;https://commons.wikimedia.org/wiki/File%3AMAZ-203_in_Minsk_%28May_2021%29_5.jpg;CC BY-SA 3.0;day
images/real/real_e868143410.jpg;0094MT7;other;73.8,834.2,73.0,16.6;74.8,834.8,146.5,834.2,146.8,850.8,73.8,850.3;1;0;https://commons.wikimedia.org/wiki/File%3AMAZ-215_and_MAZ-203_buses_%28routes_106_and_43d%29_in_Minsk%2C_Belarus.jpg;CC BY-SA 4.0;day
images/real/real_b79cf43c13.jpg;E472XT198;type1;988.1,851.7,130.0,57.9;988.1,874.2,1115.4,851.7,1118.1,885.9,992.2,909.6;1;0;https://commons.wikimedia.org/wiki/File%3AMAZ-216.066_SPB_%28img1%29.jpg;CC BY-SA 4.0;day
images/real/real_c709a2614a.jpg;AI88555;other;309.4,798.6,53.4,24.3;309.4,798.6,362.8,800.2,362.1,822.9,309.7,821.0;1;0;https://commons.wikimedia.org/wiki/File%3AMAZ-251_photo1.jpg;CC BY 3.0;day,glare
images/real/real_45c0c63e4a.jpg;AI88555;other;1173.3,835.0,72.5,31.1;1173.3,840.0,1239.2,835.0,1245.8,855.8,1176.3,866.1;1;0;https://commons.wikimedia.org/wiki/File%3AMAZ-251_photo4.jpg;CC BY 3.0;angle,day,glare
images/real/real_309de1480a.jpg;AC0053AA;other;294.8,930.8,122.4,54.3;298.3,930.8,417.2,950.6,414.8,985.2,294.8,966.0;1;0;https://commons.wikimedia.org/wiki/File%3AMAZ-256_in_Lviv.jpg;CC BY-SA 3.0;day
images/real/real_b376c4d96a.jpg;O180MK70;type1;588.5,846.8,88.0,30.2;591.1,846.8,676.5,853.3,675.1,877.1,588.5,870.7;1;0;https://commons.wikimedia.org/wiki/File%3AMAZ-256_in_Tomsk.JPG;CC BY-SA 4.0;day
images/real/real_2d5d43a161.jpg;Y007KT33;type1;844.5,1149.6,180.6,39.0;847.4,1151.4,1025.1,1149.6,1024.6,1187.3,844.5,1188.6;1;0;https://commons.wikimedia.org/wiki/File%3AMAZ-4370.jpg;CC BY-SA 3.0;day
images/real/real_cfd71648e7.jpg;E164CP197;type1;786.0,613.5,152.9,37.9;786.0,617.2,935.8,613.5,938.9,645.2,786.3,651.4;1;0;https://commons.wikimedia.org/wiki/File%3AMAZ-4380_Moscow_%2831149356795%29.jpg;CC BY-SA 2.0;night
images/real/real_208ed504cd.jpg;24130001;other;425.0,646.0,121.2,31.9;425.0,649.7,544.8,646.0,546.2,673.7,426.0,677.9;1;0;https://commons.wikimedia.org/wiki/File%3AMAZ-500A-Kranwagen.jpg;CC BY-SA 4.0;day
images/real/real_c0381db310.jpg;5#99BX02;other;516.0,826.2,186.0,46.4;519.0,826.2,700.1,833.1,702.0,872.7,516.0,868.9;1;0;https://commons.wikimedia.org/wiki/File%3AMAZ-503A.jpg;CC BY-SA 4.0;day
images/real/real_2955e1be7a.jpg;P541CC47;type1;535.8,805.5,115.4,29.0;537.4,805.5,651.2,810.2,649.6,834.5,535.8,827.8;1;0;https://commons.wikimedia.org/wiki/File%3AMAZ-5336.jpg;CC BY-SA 3.0;day
images/real/real_4f0ad439aa.jpg;T337BB35;type1;784.2,875.3,125.2,31.4;784.2,881.6,909.0,875.3,909.3,903.2,785.1,906.7;1;0;https://commons.wikimedia.org/wiki/File%3AMAZ-5432-Rost.jpg;CC BY-SA 3.0;night
images/real/real_79eb125167.jpg;H005CH47;type1;879.5,873.6,131.2,30.7;882.2,873.6,1010.8,876.2,1009.5,904.3,879.5,901.4;1;0;https://commons.wikimedia.org/wiki/File%3AMAZ-5432-silber.jpg;CC BY-SA 3.0;day
images/real/real_7fb47a1e3d.jpg;H180CK40;type1;1022.2,773.2,86.2,24.5;1023.2,776.4,1107.4,773.2,1108.5,795.5,1022.2,797.7;1;0;https://commons.wikimedia.org/wiki/File%3AMAZ-5432_Kaluga_%2830607169671%29.jpg;CC BY-SA 2.0;day
images/real/real_0bd935d82e.jpg;M096MK178;type1;1126.5,732.6,117.8,27.8;1128.1,732.6,1243.0,733.9,1244.2,760.3,1126.5,758.0;1;0;https://commons.wikimedia.org/wiki/File%3AMAZ-5432_truck.jpg;CC BY 3.0;day
images/real/real_0f049ac240.jpg;Y089OA34;type1;667.7,890.9,175.2,43.6;669.8,890.9,842.9,895.5,842.2,934.5,667.7,930.7;1;0;https://commons.wikimedia.org/wiki/File%3AMAZ-5432_truck_in_Russia.jpg;CC BY 3.0 de;day,glare
images/real/real_888a87ccad.jpg;MAA9990;other;1206.4,992.4,160.2,48.7;1206.4,1003.8,1362.8,992.4,1366.6,1030.8,1207.5,1041.2;1;0;https://commons.wikimedia.org/wiki/File%3AMAZ-5440M7.jpg;CC BY-SA 3.0;night
images/real/real_aef1ccfed7.jpg;AC05867;other;969.3,1336.3,186.7,68.3;969.3,1361.3,1152.7,1336.3,1155.9,1380.3,974.3,1404.5;1;0;https://commons.wikimedia.org/wiki/File%3AMAZ-5440M9_fifth-wheel_truck_with_MAZ-930011_semitrailer.jpg;CC BY-SA 3.0;day
images/real/real_8b69907ac2.jpg;AA28477;other;944.2,943.4,133.5,37.3;946.3,948.3,1077.7,943.4,1074.1,978.2,944.2,980.7;1;0;https://commons.wikimedia.org/wiki/File%3AMAZ-5440.JPG;CC BY-SA 3.0;angle,day
images/real/real_6d9870cb4a.jpg;CA5398AH;other;386.0,880.9,81.6,29.2;388.1,880.9,467.6,884.1,466.8,910.1,386.0,904.9;1;0;https://commons.wikimedia.org/wiki/File%3AMAZ-5516.png;CC0;day,glare
images/real/real_af5407e873.jpg;AK94557;other;253.5,746.4,125.3,34.0;254.1,747.8,378.8,746.4,378.8,778.5,253.5,780.4;1;0;https://commons.wikimedia.org/wiki/File%3AMAZ-5516_dump_truck_in_Belarus_07.jpg;CC BY-SA 3.0;day
images/real/real_23eb1fa06d.jpg;9371CH02;other;240.4,736.4,129.5,43.6;243.0,736.4,369.9,746.5,369.9,780.0,240.4,770.9;1;0;https://commons.wikimedia.org/wiki/File%3AMAZ-5549.jpg;CC BY-SA 4.0;day
images/real/real_ebb8788161.jpg;BCBP9326;other;256.1,785.0,118.1,26.1;256.1,785.0,371.8,785.4,374.2,811.0,257.1,811.1;1;0;https://commons.wikimedia.org/wiki/File%3AMAZ-643028_truck_and_MAZ-3650_LCV.jpg;CC BY-SA 3.0;day
images/real/real_3fc3b215a9.jpg;AK90577;other;1292.2,819.8,97.1,35.8;1292.2,832.8,1388.8,819.8,1389.3,846.0,1294.7,855.6;1;0;https://commons.wikimedia.org/wiki/File%3AMAZ-6440.jpg;CC BY-SA 3.0;day
images/real/real_5a6bc619cb.jpg;9408MK7;other;860.4,1009.6,76.0,20.3;860.8,1011.9,935.2,1009.6,936.4,1027.9,860.4,1029.8;1;0;https://commons.wikimedia.org/wiki/File%3AMAZ-Kupava_factory_1.jpg;CC BY-SA 3.0;day
images/real/real_4c5d51e837.jpg;MAA0288;other;1211.7,622.4,126.4,40.8;1212.1,631.1,1336.2,622.4,1338.1,657.1,1211.7,663.2;1;0;https://commons.wikimedia.org/wiki/File%3AMAZ-MAN_truck_%28crop%29.jpg;CC BY-SA 3.0;day
images/real/real_36f168dae3.jpg;BG960CA;other;992.8,751.1,91.2,21.4;993.1,754.9,1082.8,751.1,1084.0,768.9,992.8,772.5;1;0;https://commons.wikimedia.org/wiki/File%3AMAZ_203_C%26LC_group.jpg;CC BY-SA 4.0;day
images/real/real_7921f67929.jpg;BG1842UX;other;1136.6,668.2,102.9,36.5;1136.6,678.0,1236.2,668.2,1239.5,693.8,1139.1,704.8;1;0;https://commons.wikimedia.org/wiki/File%3AMAZ_203_LDM_Group_P42702.jpg;CC BY-SA 4.0;day
images/real/real_05785e4401.jpg;O014MR;other;931.7,884.2,84.2,25.2;932.2,889.6,1014.2,884.2,1015.8,905.0,931.7,909.4;1;0;https://commons.wikimedia.org/wiki/File%3AMAZ_206_Nakhchivan_city.png;CC BY 4.0;day
images/real/real_adef8f5b07.jpg;AE84733;other;514.8,583.8,84.1,21.6;514.8,585.5,598.3,583.8,598.9,603.2,515.3,605.4;1;0;https://commons.wikimedia.org/wiki/File%3AMAZ_226_in_Dobrush.jpg;CC BY-SA 4.0;day
images/real/real_fd5238ef4d.jpg;022299;other;942.8,925.8,181.9,63.7;942.8,945.6,1120.2,925.8,1124.7,969.2,944.6,989.5;1;0;https://commons.wikimedia.org/wiki/File%3AMAZ_5316_-_VSJ_%C5%A0abac_-_01.jpg;CC BY-SA 4.0;day
images/real/real_585a6b2156.jpg;022299;other;562.5,804.8,183.2,49.8;562.5,812.6,745.7,804.8,745.4,843.8,563.1,854.5;1;0;https://commons.wikimedia.org/wiki/File%3AMAZ_5316_-_VSJ_%C5%A0abac_-_03.jpg;CC BY-SA 4.0;day
images/real/real_c896fe71b1.jpg;021700;other;970.4,661.2,92.8,27.3;970.8,664.0,1061.2,661.2,1063.2,685.3,970.4,688.5;1;0;https://commons.wikimedia.org/wiki/File%3AMAZ_5316_VSJ_Jagodina_2.jpg;CC BY-SA 4.0;day
images/real/real_878079ecea.jpg;021977;other;1068.8,803.1,159.0,50.6;1070.7,812.2,1227.5,803.1,1227.8,843.0,1068.8,853.7;1;0;https://commons.wikimedia.org/wiki/File%3AMAZ_5316_VSJ_Sur%C4%8Din.jpg;CC BY-SA 4.0;day
images/real/real_4550226c95.jpg;MAA9991;other;1358.2,805.9,65.6,31.2;1358.2,811.7,1422.8,805.9,1423.8,832.6,1360.4,837.1;1;0;https://commons.wikimedia.org/wiki/File%3AMAZ_5516.JPG;CC BY-SA 3.0;day
images/real/real_28641f8ecc.jpg;MAA9992;other;1002.3,742.0,113.7,42.5;1003.0,754.2,1112.2,742.0,1116.0,772.2,1002.3,784.5;1;0;https://commons.wikimedia.org/wiki/File%3AMAZ_5551_2.jpg;Public domain;day,glare
images/real/real_40a91534b1.jpg;B751OY178;type1;509.7,748.1,114.2,24.6;509.7,748.4,623.4,748.1,623.8,772.7,510.7,771.1;1;0;https://commons.wikimedia.org/wiki/File%3AMAZ_6312.jpg;CC BY-SA 3.0;day
images/real/real_49e39db3e3.jpg;022341;other;1315.2,726.5,80.9,31.6;1316.5,731.7,1396.2,726.5,1394.0,753.7,1315.2,758.1;1;0;https://commons.wikimedia.org/wiki/File%3AMAZ_6317_VSJ_Ni%C5%A1_1.jpg;CC BY-SA 4.0;angle,day
images/real/real_a92b9c94b1.jpg;022343;other;100.3,603.7,74.4,19.9;100.4,603.7,173.3,603.7,174.8,623.6,100.3,622.3;1;0;https://commons.wikimedia.org/wiki/File%3AMAZ_6317_VSJ_Smederevo.jpg;CC BY-SA 4.0;day
images/real/real_a92b9c94b1.jpg;022337;other;1311.0,691.2,96.0,37.6;1311.0,701.6,1404.2,691.2,1407.0,719.4,1311.7,728.8;1;0;https://commons.wikimedia.org/wiki/File%3AMAZ_6317_VSJ_Smederevo.jpg;CC BY-SA 4.0;day
images/real/real_ed33b1e211.jpg;022337;other;1234.0,519.2,98.0,22.8;1234.5,521.0,1331.2,519.2,1332.0,541.7,1234.0,541.9;1;0;https://commons.wikimedia.org/wiki/File%3AMAZ_6317_VSJ_Smederevo_i_MAZ_5316_VSJ_Prokuplje.jpg;CC BY-SA 4.0;day
images/real/real_0a13bf81f6.jpg;022345;other;1426.9,583.8,52.2,29.5;1426.9,592.5,1478.2,583.8,1479.2,606.5,1427.6,613.3;1;0;https://commons.wikimedia.org/wiki/File%3AMAZ_6317_VSJ_Sremska_Mitrovica_2.jpg;CC BY-SA 4.0;day
images/real/real_aee6e53187.jpg;022345;other;1201.4,744.5,108.5,38.7;1201.4,754.1,1307.7,744.5,1309.9,772.3,1204.4,783.2;1;0;https://commons.wikimedia.org/wiki/File%3AMAZ_6317_VSJ_Sremska_Mitrovica.jpg;CC BY-SA 4.0;day
images/real/real_d902ad6eab.jpg;29B19132;other;143.8,590.3,80.2,37.6;147.3,590.3,224.0,604.3,223.4,627.9,143.8,615.0;1;0;https://commons.wikimedia.org/wiki/File%3AMAZ_B80.jpg;CC BY-SA 4.0;angle,day
images/real/real_6d0b2bfcb2.jpg;B171269;other;626.1,731.9,78.8,28.4;627.6,731.9,704.9,735.7,702.8,760.3,626.1,754.8;1;0;https://commons.wikimedia.org/wiki/File%3AMAZ%2C_Cuba.jpg;CC BY 2.0;day
images/real/real_2aca7edac1.jpg;B192619;other;1051.2,628.2,92.8,35.9;1051.2,638.1,1143.0,628.2,1144.1,655.1,1051.3,664.1;1;0;https://commons.wikimedia.org/wiki/File%3AMAZ%2C_Kuba.jpg;CC BY-SA 4.0;day
images/real/real_973016a01f.jpg;B165855;other;857.4,678.3,89.2,23.7;857.8,680.0,946.5,678.3,946.6,700.6,857.4,702.0;1;0;https://commons.wikimedia.org/wiki/File%3AMAZ%2C_Vi%C3%B1ales.jpg;CC BY-SA 4.0;day
images/real/real_e773302690.jpg;BCBP8864;other;1229.7,654.7,103.3,43.6;1229.7,664.5,1325.9,654.7,1333.1,685.2,1230.4,698.2;1;0;https://commons.wikimedia.org/wiki/File%3AMAZ_dump_truck_1.jpg;CC BY-SA 3.0;day
images/real/real_1c54c3a6ca.jpg;BCBP8864;other;1103.8,877.3,131.1,49.2;1103.8,888.7,1231.7,877.3,1234.8,914.9,1103.9,926.5;1;0;https://commons.wikimedia.org/wiki/File%3AMAZ_dump_truck_2.jpg;CC BY-SA 3.0;day
images/real/real_9e82f97eeb.jpg;AM35007;other;1287.4,804.5,102.4,36.7;1287.4,812.4,1389.2,804.5,1389.8,834.8,1287.8,841.2;1;0;https://commons.wikimedia.org/wiki/File%3AMAZ_factory_%28Minsk%2C_Belarus%29_p4_-_MAZ-182.jpg;CC BY-SA 4.0;day
images/real/real_a257fb1c6c.jpg;AE88927;other;1224.5,682.7,102.8,40.1;1224.5,691.9,1327.3,682.7,1327.0,715.2,1224.7,722.8;1;0;https://commons.wikimedia.org/wiki/File%3AMAZ_fire_truck_1.jpg;CC BY-SA 3.0;day
images/real/real_11c9236dab.jpg;B324XC98;type1;671.5,880.8,123.0,30.0;673.2,880.8,794.5,882.2,794.5,910.8,671.5,910.0;1;0;https://commons.wikimedia.org/wiki/File%3AMAZ_geschnitten.jpg;CC BY-SA 3.0;day
images/real/real_a226a8e9d0.jpg;PCH0751;other;1226.2,814.0,110.6,42.8;1226.2,827.8,1334.1,814.0,1336.8,843.7,1230.2,856.8;1;0;https://commons.wikimedia.org/wiki/File%3AMAZ_truck%2C_Ribnitz-Damgarten_%28P1060834%29.jpg;CC BY-SA 4.0;day,glare
images/real/real_9b5a69270d.jpg;AA28477;other;504.8,636.0,70.6,19.1;505.0,639.6,574.3,636.0,575.4,653.3,504.8,655.1;1;0;https://commons.wikimedia.org/wiki/File%3AMAZ_trucks.JPG;CC BY-SA 3.0;day,dirt
images/real/real_b53b066228.jpg;MAKS;other;269.6,221.8,121.0,28.2;269.6,222.5,390.6,221.8,390.5,247.4,270.7,250.0;1;0;https://commons.wikimedia.org/wiki/File%3AMaks_nomer.jpg;CC BY 3.0;day
images/real/real_e8934c4747.jpg;AA13475;other;837.9,737.9,113.9,30.9;837.9,744.8,948.8,737.9,951.8,761.5,839.5,768.8;1;0;https://commons.wikimedia.org/wiki/File%3AMaladzyechna%2C_Belarus_-_panoramio_%2885%29.jpg;CC BY 3.0;day
images/real/real_3f8d09bbed.jpg;#2389M#;other;284.8,836.4,212.1,58.8;284.8,851.7,490.7,836.4,496.9,877.5,286.0,895.2;1;0;https://commons.wikimedia.org/wiki/File%3AMaladzyechna%2C_Belarus_-_panoramio_%2893%29.jpg;CC BY 3.0;day,dirt
images/real/real_ff379cf315.jpg;8198KK5;other;877.8,695.3,272.2,104.3;877.8,728.2,1146.6,695.3,1150.0,772.5,881.8,799.7;1;0;https://commons.wikimedia.org/wiki/File%3AMaladzyechna%2C_Belarus_-_panoramio_%2897%29.jpg;CC BY 3.0;day
images/real/real_6ab9079a15.jpg;T821102;other;1168.6,964.8,70.6,13.7;1168.6,964.8,1239.2,964.8,1238.7,978.5,1168.9,978.0;1;0;https://commons.wikimedia.org/wiki/File%3AMangilik_El_avenue_in_Astana_%28July_2026%29_-_1.jpg;CC BY-SA 4.0;day
images/real/real_122be26628.jpg;M657AY196;type1;1544.4,481.4,49.5,14.6;1545.5,481.4,1593.9,482.6,1592.6,496.0,1544.4,491.3;1;0;https://commons.wikimedia.org/wiki/File%3AMarine_rescue_service_truck_%28Russia%29_%2801%29.jpg;CC0;day
images/real/real_53188b471c.jpg;A216CRM;other;27.8,728.8,74.0,17.4;28.0,732.6,100.8,728.8,101.8,742.5,27.8,746.2;1;0;https://commons.wikimedia.org/wiki/File%3AMarket_parking_lot_01_%28Almaty%2C_1995%29.jpg;CC0;day
images/real/real_955a62afeb.jpg;AA66247;other;409.4,940.2,185.2,65.6;414.2,940.2,594.6,960.9,594.3,1005.8,409.4,985.6;1;0;https://commons.wikimedia.org/wiki/File%3AMaz_truck_mims_2006.JPG;Public domain;day
images/real/real_135ee613f0.jpg;HDWT723;other;841.4,856.8,140.4,34.7;841.7,861.2,979.1,856.8,981.8,887.8,841.4,891.5;1;0;https://commons.wikimedia.org/wiki/File%3AMeckesheim_-_MAZ-001.JPG;CC BY-SA 4.0;day
images/real/real_ea8f3445ff.jpg;2507K5;other;1192.2,736.8,57.3,13.8;1192.2,737.2,1249.5,736.8,1249.1,750.6,1192.2,749.5;1;0;https://commons.wikimedia.org/wiki/File%3AMilitary_trucks_of_Ukraine_%28Odessa%29-03.jpg;CC BY-SA 4.0;day
images/real/real_4af0da54da.jpg;H535YT197;type1;552.4,836.9,165.3,49.3;552.9,852.6,715.5,836.9,717.7,867.1,552.4,886.2;1;0;https://commons.wikimedia.org/wiki/File%3AMinsk_%2833771644314%29.jpg;CC BY 2.0;day
images/real/real_0bc5800f40.jpg;P5351M#;other;505.0,787.2,517.9,117.7;505.0,793.8,1022.9,787.2,1022.2,894.7,513.1,904.9;1;0;https://commons.wikimedia.org/wiki/File%3AMinsk%2C_Belarus_-_panoramio_%28260%29.jpg;CC BY 3.0;night
images/real/real_3672867297.jpg;E725TK47;type1;267.7,735.6,63.4,32.9;267.7,751.7,328.8,735.6,331.2,752.1,271.3,768.5;1;0;https://commons.wikimedia.org/wiki/File%3AMinsk%2C_Belarus_-_panoramio_%2830%29.jpg;CC BY 3.0;day
images/real/real_6b705e2774.jpg;7TBX3810;other;1002.7,905.9,73.3,25.0;1002.7,913.2,1075.0,905.9,1076.0,923.2,1003.5,930.9;1;0;https://commons.wikimedia.org/wiki/File%3AMinsk%2C_Belarus_-_panoramio_%2862%29.jpg;CC BY 3.0;day,motion_blur
images/real/real_72f159e944.jpg;AA4688TB;other;196.9,388.9,184.1,52.9;200.3,388.9,381.0,390.2,378.4,439.7,196.9,441.8;1;0;https://commons.wikimedia.org/wiki/File%3AMitsubishi_Pajero_Sport_%283rd_generation%29_1X7A0326.jpg;CC BY-SA 4.0;day
images/real/real_9ea663690f.jpg;AA4688TB;other;134.1,562.4,186.2,62.9;139.2,562.4,320.3,565.1,319.9,625.3,134.1,620.8;1;0;https://commons.wikimedia.org/wiki/File%3AMitsubishi_Pajero_Sport_%283rd_generation%29_1X7A0409.jpg;CC BY-SA 4.0;day
images/real/real_4231d4f6e7.jpg;AA4688TB;other;1271.4,376.0,152.4,55.7;1271.4,389.9,1420.4,376.0,1423.8,420.2,1272.7,431.7;1;0;https://commons.wikimedia.org/wiki/File%3AMitsubishi_Pajero_Sport_%283rd_generation%29_1X7A0410.jpg;CC BY-SA 4.0;day
images/real/real_ae98c8b994.jpg;K337ME750;type1;1158.9,279.4,55.8,17.4;1158.9,279.4,1214.7,281.9,1214.4,296.8,1158.9,295.1;1;0;https://commons.wikimedia.org/wiki/File%3AMoscow._Police_car%2C_Okhotny_Ryad-Mokhovaya.jpg;CC BY 4.0;day
images/real/real_6804c2d767.jpg;1843BK50;other;802.5,989.7,190.9,135.8;802.5,995.4,993.4,989.7,993.4,1113.2,808.8,1125.5;1;0;https://commons.wikimedia.org/wiki/File%3AMoscow_2025-08-10_bicycle_race%2C_motorcycle_escort_02.jpg;CC0;day
images/real/real_60705c3245.jpg;4141AE69;other;508.1,596.7,97.1,89.8;508.1,614.6,598.4,596.7,605.2,665.7,516.0,686.6;1;0;https://commons.wikimedia.org/wiki/File%3AMoscow_2025-08-10_bicycle_race%2C_motorcycle_escort_14.jpg;CC0;day
images/real/real_6ce989a4d1.jpg;A309599;other;1294.7,680.6,141.8,53.2;1294.7,691.6,1432.5,680.6,1436.5,722.0,1296.7,733.8;1;0;https://commons.wikimedia.org/wiki/File%3AMoscow_2025-08-10_bicycle_race%2C_police_and_ambulances_02.jpg;CC0;day
images/real/real_2c2b3d5be2.jpg;A296399;other;1162.8,750.2,215.1,67.7;1162.8,762.7,1375.6,750.2,1377.8,805.8,1165.9,817.9;1;0;https://commons.wikimedia.org/wiki/File%3AMoscow_2025-08-10_bicycle_race%2C_police_and_ambulances_06.jpg;CC0;day
images/real/real_feae9dc951.jpg;A313499;other;1310.4,696.2,152.8,40.2;1310.8,696.2,1463.2,698.2,1463.0,736.4,1310.4,736.1;1;0;https://commons.wikimedia.org/wiki/File%3AMoscow_2025-08-10_bicycle_race%2C_police_and_ambulances_09.jpg;CC0;day,glare
images/real/real_555d8d8f0b.jpg;A355399;other;1245.4,501.3,162.2,49.8;1245.4,511.7,1405.7,501.3,1407.7,540.0,1248.7,551.1;1;0;https://commons.wikimedia.org/wiki/File%3AMoscow_2025-08-10_bicycle_race%2C_police_and_ambulances_11.jpg;CC0;day
images/real/real_8c08f3a8cc.jpg;BE498677;other;1202.6,610.5,97.8,94.7;1202.6,652.9,1298.8,610.5,1300.3,664.6,1211.7,705.2;1;0;https://commons.wikimedia.org/wiki/File%3AMoscow%2C_Akademicheskiy_district_-_%D0%9C%D0%BE%D1%81%D0%BA%D0%B2%D0%B0%2C_%D0%90%D0%BA%D0%B0%D0%B4%D0%B5%D0%BC%D0%B8%D1%87%D0%B5%D1%81%D0%BA%D0%B8%D0%B9_%D1%80%D0%B0%D0%B9%D0%BE%D0%BD_-_panoramio_%2819%29.jpg;CC BY 3.0;angle,day
images/real/real_0617e1849e.jpg;BE498677;other;283.6,640.4,624.3,158.7;289.2,640.4,907.4,657.2,907.9,799.1,283.6,765.3;1;0;https://commons.wikimedia.org/wiki/File%3AMoscow%2C_Akademicheskiy_district_-_%D0%9C%D0%BE%D1%81%D0%BA%D0%B2%D0%B0%2C_%D0%90%D0%BA%D0%B0%D0%B4%D0%B5%D0%BC%D0%B8%D1%87%D0%B5%D1%81%D0%BA%D0%B8%D0%B9_%D1%80%D0%B0%D0%B9%D0%BE%D0%BD_-_panoramio_%2824%29.jpg;CC BY 3.0;day
images/real/real_7568713406.jpg;T454EC977;type1;609.2,275.7,119.5,31.8;611.0,275.7,728.7,282.5,727.9,307.5,609.2,300.0;1;0;https://commons.wikimedia.org/wiki/File%3AMoscow%2C_BMW_R1200_GS%2C_July_2026_01.jpg;CC0;day
images/real/real_571e88ef7d.jpg;M218TA797;type1;1233.0,249.2,252.1,64.2;1237.1,249.2,1483.2,249.7,1485.1,311.2,1233.0,313.4;1;0;https://commons.wikimedia.org/wiki/File%3AMoscow%2C_BMW_S_1000_R%2C_May_2026_02.jpg;CC0;day
images/real/real_b40080ddd1.jpg;T339401;other;1125.3,637.0,237.8,75.2;1125.3,653.4,1357.3,637.0,1363.2,695.7,1126.5,712.2;1;0;https://commons.wikimedia.org/wiki/File%3AMoscow%2C_BYD_Song_Plus_EV_with_KZ_plates%2C_June_2026_01.jpg;CC0;day
images/real/real_b126204cfc.jpg;T339401;other;344.2,582.2,262.9,67.6;344.8,582.2,596.2,595.7,607.1,649.8,344.2,646.2;1;0;https://commons.wikimedia.org/wiki/File%3AMoscow%2C_BYD_Song_Plus_EV_with_KZ_plates%2C_June_2026_02.jpg;CC0;angle,day
images/real/real_2da01df37a.jpg;3268HB77;other;868.2,769.7,79.2,62.5;868.2,785.3,946.9,769.7,947.4,816.7,872.3,832.2;1;0;https://commons.wikimedia.org/wiki/File%3AMoscow%2C_B_Kharitonyevsky_14_Aug_2024_21.jpg;CC0;angle,day
images/real/real_bad3d32faf.jpg;1558PE77;other;942.1,832.1,92.9,93.8;942.1,845.2,1027.2,832.1,1035.0,905.9,946.6,925.9;1;0;https://commons.wikimedia.org/wiki/File%3AMoscow%2C_B_Kharitonyevsky_14_Aug_2024_22.jpg;CC0;angle,day
images/real/real_4cd374c9bb.jpg;1558PE77;other;496.5,757.9,62.7,47.4;496.5,768.8,558.1,757.9,559.2,796.1,497.3,805.3;1;0;https://commons.wikimedia.org/wiki/File%3AMoscow%2C_B_Kharitonyevsky_14_Aug_2024_23.jpg;CC0;angle,day
images/real/real_933f14cd6c.jpg;0398MH77;other;1077.4,459.0,64.0,53.4;1077.4,467.1,1140.2,459.0,1141.4,506.7,1080.0,512.4;1;0;https://commons.wikimedia.org/wiki/File%3AMoscow%2C_Belarus_tractor_with_salt-spreader_trailer%2C_Feb_2026_01.jpg;CC0;day
images/real/real_3a5934692e.jpg;TH024654;other;1161.6,704.8,169.1,47.4;1161.8,710.6,1327.7,704.8,1330.7,745.9,1161.6,752.2;1;0;https://commons.wikimedia.org/wiki/File%3AMoscow%2C_Can-Am_Maverick_XRS_ATV_on_trailer%2C_May_2026_02.jpg;CC0;day,glare
images/real/real_57b74f79b5.jpg;P075MM977;type1;1141.7,753.7,153.5,45.5;1144.1,762.6,1294.2,753.7,1295.2,791.9,1141.7,799.2;1;0;https://commons.wikimedia.org/wiki/File%3AMoscow%2C_GW_Poer_in_MTCC_green_with_information_screen_trailer%2C_May_2026_03.jpg;CC0;day,glare
images/real/real_ccfcf0e11d.jpg;P075MM977;type1;724.2,904.6,221.4,55.8;724.8,911.2,940.8,904.6,945.6,952.3,724.2,960.3;1;0;https://commons.wikimedia.org/wiki/File%3AMoscow%2C_GW_Poer_in_MTCC_green_with_information_screen_trailer%2C_May_2026_05.jpg;CC0;day
images/real/real_e4140c3f2d.jpg;P075MM977;type1;1087.2,785.2,174.5,53.8;1087.2,792.7,1256.8,785.2,1261.7,831.1,1087.8,839.0;1;0;https://commons.wikimedia.org/wiki/File%3AMoscow%2C_GW_Poer_in_MTCC_green_with_information_screen_trailer%2C_May_2026_06.jpg;CC0;day,glare
images/real/real_9c5e4591e8.jpg;7867MO77;other;1399.9,692.8,53.0,33.7;1400.0,697.5,1452.0,692.8,1452.9,724.4,1399.9,726.4;1;0;https://commons.wikimedia.org/wiki/File%3AMoscow%2C_Gazelle_Next_ambulance_with_black_plates%2C_Sept_2025_01.jpg;CC0;day
images/real/real_bf66abff9d.jpg;K433BY977;type1;348.6,659.5,81.3,25.8;349.0,665.1,429.4,659.5,429.9,683.5,348.6,685.3;1;0;https://commons.wikimedia.org/wiki/File%3AMoscow%2C_Gazon_Next_cherrypicker%2C_Gazelle_next_crew_truck_Gormost_livery_Mar_2026_01.jpg;CC0;day,glare
images/real/real_9d5663ee11.jpg;A548899;other;151.1,754.3,135.9,55.3;155.4,754.3,287.0,768.1,282.0,809.7,151.1,795.9;1;0;https://commons.wikimedia.org/wiki/File%3AMoscow%2C_Haval_F7_police%2C_June_2026_02.jpg;CC0;day
images/real/real_48aeb7dcf5.jpg;A536399;other;1332.9,665.8,91.9,45.2;1335.2,665.8,1424.8,667.1,1424.7,711.0,1332.9,705.8;1;0;https://commons.wikimedia.org/wiki/File%3AMoscow%2C_Haval_F7_police%2C_Sept_2025_02.jpg;CC0;day,dirt,glare
images/real/real_efcf435c72.jpg;1219AT64;other;91.4,547.5,152.0,132.8;93.9,553.8,243.4,547.5,233.8,667.4,91.4,680.3;1;0;https://commons.wikimedia.org/wiki/File%3AMoscow%2C_Honda_CBR650R_July_2025_01.jpg;CC0;angle,day,glare
images/real/real_efa2100800.jpg;9192BC77;other;387.0,595.1,126.2,108.2;387.0,609.3,503.2,595.1,513.2,673.8,396.5,703.3;1;0;https://commons.wikimedia.org/wiki/File%3AMoscow%2C_Honda_Goldwing%2C_May_2025_03.jpg;CC0;angle,day,dirt
images/real/real_605d0443fd.jpg;099CD177;other;1262.2,633.7,91.2,29.6;1262.2,637.8,1351.8,633.7,1353.5,660.0,1264.0,663.2;1;0;https://commons.wikimedia.org/wiki/File%3AMoscow%2C_Hongqi_sedan%2C_ambassador_of_Malaysia%2C_July_2025_01.jpg;CC0;day
images/real/real_39f8f1805d.jpg;B605EX977;type1;182.8,260.1,106.3,25.6;182.8,263.6,289.1,260.1,287.4,285.7,183.8,285.7;1;0;https://commons.wikimedia.org/wiki/File%3AMoscow%2C_Husqvarna_901_Norden%2C_April_2025_01.jpg;CC0;day
images/real/real_3df50f3187.jpg;A355399;other;421.9,584.8,259.3,48.8;423.1,584.8,679.3,584.8,681.2,631.4,421.9,633.6;1;0;https://commons.wikimedia.org/wiki/File%3AMoscow%2C_Hyundai_Solaris_police%2C_Sept_2025_01.jpg;CC0;day
images/real/real_7ce0732abd.jpg;5674MH77;other;879.6,676.2,84.2,44.7;879.6,680.8,962.6,676.2,963.8,716.9,880.2,720.9;1;0;https://commons.wikimedia.org/wiki/File%3AMoscow%2C_Kadashevskaya_Embankment%2C_people%2C_tractor%2C_May_2026_03.jpg;CC0;day
images/real/real_85f48d4454.jpg;E339YY797;type1;171.8,619.6,176.6,47.6;172.5,619.6,347.5,623.8,348.4,667.2,171.8,663.2;1;0;https://commons.wikimedia.org/wiki/File%3AMoscow%2C_Kaiyi_X3%2C_Aug_2025_04.jpg;CC0;day
images/real/real_6dad9acf8a.jpg;4110BP77;other;96.7,610.2,106.1,101.9;96.7,623.8,197.0,610.2,202.8,688.9,101.8,712.1;1;0;https://commons.wikimedia.org/wiki/File%3AMoscow%2C_Kawasaki_blue_and_Kawasaki_yellow-black%2C_July_2026_04.jpg;CC0;angle,day,glare
images/real/real_6dad9acf8a.jpg;0608BB50;other;371.2,757.1,118.2,136.9;371.2,757.2,486.4,757.1,489.4,889.2,371.5,894.0;1;0;https://commons.wikimedia.org/wiki/File%3AMoscow%2C_Kawasaki_blue_and_Kawasaki_yellow-black%2C_July_2026_04.jpg;CC0;day
images/real/real_3e0a72d671.jpg;1221HE77;other;648.4,736.6,58.8,35.2;648.4,740.3,707.0,736.6,707.2,770.0,648.5,771.7;1;0;https://commons.wikimedia.org/wiki/File%3AMoscow%2C_Klenovy_Bulvar_metro_station%2C_surface_infrastructure_May_2025_01.jpg;CC0;day,glare
images/real/real_dc8f42c8ea.jpg;T339EA977;type1;570.5,1156.2,120.7,27.0;570.5,1156.2,689.4,1156.4,691.2,1182.6,573.7,1183.2;1;0;https://commons.wikimedia.org/wiki/File%3AMoscow%2C_Korovy_Val_5%2C_The_Oasis%2C_May_2025_06.jpg;CC0;day
images/real/real_52e2477a82.jpg;T477KB977;type1;107.2,718.3,78.7,22.7;108.6,719.6,185.4,718.3,185.9,739.8,107.2,741.0;1;0;https://commons.wikimedia.org/wiki/File%3AMoscow%2C_Krasnye_Kholmy%2C_Belarus_street_sprinklers%2C_Apr_2026_01.jpg;CC0;day,glare
images/real/real_b05aad1eb0.jpg;EC651450;other;1153.5,695.1,67.0,16.6;1154.6,695.1,1220.0,696.2,1220.5,711.7,1153.5,710.4;1;0;https://commons.wikimedia.org/wiki/File%3AMoscow%2C_Krestyanskaya_Square%2C_Sany_and_Shacman_trucks_with_Specpricep_trailers%2C_June_2026_02.jpg;CC0;day
images/real/real_b05aad1eb0.jpg;KK085850;other;440.2,726.4,95.0,20.6;440.2,727.3,534.0,726.4,535.2,746.4,440.8,747.0;1;0;https://commons.wikimedia.org/wiki/File%3AMoscow%2C_Krestyanskaya_Square%2C_Sany_and_Shacman_trucks_with_Specpricep_trailers%2C_June_2026_02.jpg;CC0;day
images/real/real_5c598174db.jpg;KK085850;other;325.4,880.8,111.2,25.2;325.4,880.8,436.7,882.2,434.7,905.9,325.9,903.9;1;0;https://commons.wikimedia.org/wiki/File%3AMoscow%2C_Krestyanskaya_Square%2C_Shacman_truck_with_Specpricep_trailer%2C_June_2026_01.jpg;CC0;day
images/real/real_4bf2d56ede.jpg;X707PX799;type1;272.7,676.4,62.0,17.7;272.9,679.8,334.0,676.4,334.8,691.4,272.7,694.1;1;0;https://commons.wikimedia.org/wiki/File%3AMoscow%2C_Krzhizhanovskogo_23%2C_MAZ-Prostor_with_Specpricep_9942L4_trailer%2C_Apr_2026_05.jpg;CC0;day
images/real/real_dd2a9891a3.jpg;X707PX799;type1;280.3,642.2,60.8,21.6;280.3,644.3,340.8,642.2,341.2,659.5,280.3,663.8;1;0;https://commons.wikimedia.org/wiki/File%3AMoscow%2C_Krzhizhanovskogo_23%2C_MAZ-Prostor_with_Specpricep_9942L4_trailer%2C_Apr_2026_04.jpg;CC0;day
images/real/real_63b8ee7c7a.jpg;EO116777;other;736.7,731.1,113.9,23.4;737.7,731.1,849.8,732.1,850.6,754.5,736.7,752.4;1;0;https://commons.wikimedia.org/wiki/File%3AMoscow%2C_Krzhizhanovskogo_23%2C_MAZ-Prostor_with_Specpricep_9942L4_trailer%2C_Apr_2026_14.jpg;CC0;day
images/real/real_133d148f5c.jpg;9038HA77;other;408.7,1277.0,49.1,39.3;408.7,1285.9,457.7,1277.0,457.6,1310.6,409.9,1316.2;1;0;https://commons.wikimedia.org/wiki/File%3AMoscow%2C_Krzhizhanovskogo_24-35k1_Apr_2026_02.jpg;CC0;angle,day,dirt
images/real/real_2eb9106330.jpg;XY639677;other;357.6,743.0,124.4,42.9;357.7,743.0,482.0,752.2,477.7,785.9,357.6,773.5;1;0;https://commons.wikimedia.org/wiki/File%3AMoscow%2C_Lunar_Quasar_caravan_trailer%2C_Sept_2025_01.jpg;CC0;day
images/real/real_ebc00de946.jpg;5981BH50;other;978.2,562.2,137.2,93.2;981.5,562.2,1115.2,571.6,1115.4,655.4,978.2,645.2;1;0;https://commons.wikimedia.org/wiki/File%3AMoscow%2C_Mira_Prospect%2C_bikes_May_2025_01.jpg;CC0;day
images/real/real_c9c70edf4e.jpg;0302BT77;other;314.2,990.7,193.4,146.7;314.2,1019.5,492.9,990.7,507.5,1100.8,327.7,1137.4;1;0;https://commons.wikimedia.org/wiki/File%3AMoscow%2C_Mira_Prospect%2C_bikes_May_2025_03.jpg;CC0;day
images/real/real_4bb6aeb27a.jpg;T517EM977;type1;240.7,782.7,282.8,61.7;241.9,784.0,523.5,782.7,520.2,844.3,240.7,842.5;1;0;https://commons.wikimedia.org/wiki/File%3AMoscow%2C_Moskvich_3_parking_police_car_April_2026_02.jpg;CC0;day
images/real/real_cac8c8a7ff.jpg;Y577BM977;type1;518.6,788.9,259.8,60.2;518.6,788.9,778.1,793.4,778.3,849.1,519.9,845.7;1;0;https://commons.wikimedia.org/wiki/File%3AMoscow%2C_Moskvich_3_parking_police_car_April_2026_03.jpg;CC0;day
images/real/real_02a9e9fbbc.jpg;AB00015;other;378.8,822.6,102.0,24.2;378.8,822.6,479.8,825.8,480.8,846.8,379.1,844.9;1;0;https://commons.wikimedia.org/wiki/File%3AMoscow%2C_Neoplan_tour_bus_with_BY_plates%2C_May_2026_01.jpg;CC0;day
images/real/real_c6e2995a07.jpg;0418BT77;other;314.6,798.4,121.2,82.5;317.7,798.7,435.8,798.4,430.3,880.9,314.6,876.9;1;0;https://commons.wikimedia.org/wiki/File%3AMoscow%2C_Paveletskaya_Square%2C_biker_group%2C_Sept_2025_02.jpg;CC0;day,glare
images/real/real_7ff920327e.jpg;4630XC77;other;1096.0,594.9,54.8,44.2;1096.0,599.5,1150.8,594.9,1150.2,636.2,1098.1,639.1;1;0;https://commons.wikimedia.org/wiki/File%3AMoscow%2C_Paveletskaya_Square%2C_biker_group%2C_Sept_2025_03.jpg;CC0;day,glare,motion_blur
images/real/real_7ff920327e.jpg;0444AC89;other;218.0,638.5,68.0,46.2;218.0,648.8,286.0,638.5,285.8,678.8,220.7,684.8;1;0;https://commons.wikimedia.org/wiki/File%3AMoscow%2C_Paveletskaya_Square%2C_biker_group%2C_Sept_2025_03.jpg;CC0;angle,day,glare
images/real/real_7ff920327e.jpg;8808BO50;other;666.9,699.2,75.4,50.2;666.9,705.2,738.0,699.2,742.3,740.1,667.4,749.4;1;0;https://commons.wikimedia.org/wiki/File%3AMoscow%2C_Paveletskaya_Square%2C_biker_group%2C_Sept_2025_03.jpg;CC0;day,glare
images/real/real_39ed73149b.jpg;1945AA08;other;174.2,651.2,118.8,116.8;177.2,660.8,292.9,651.2,283.2,768.0,174.2,762.5;1;0;https://commons.wikimedia.org/wiki/File%3AMoscow%2C_Paveletskaya_Square_closed_to_traffic_July_2025_%28090%29.jpg;CC0;angle,day
images/real/real_5ca28dd949.jpg;5224BC777;other;185.7,676.2,75.7,68.4;187.2,677.9,261.4,676.2,259.9,740.4,185.7,744.7;1;0;https://commons.wikimedia.org/wiki/File%3AMoscow%2C_Paveletskaya_Square%2C_tricycle%2C_May_2026_01.jpg;CC0;day
images/real/real_85111742c9.jpg;5756MO77;other;535.8,790.1,75.2,55.2;535.8,803.7,609.2,790.1,611.0,830.5,540.0,845.2;1;0;https://commons.wikimedia.org/wiki/File%3AMoscow%2C_Pyatnitskaya_5%2C_Belarus_82.1_tractor_as_sprinkler%2C_July_2025_03.jpg;CC0;angle,day
images/real/real_82d77185fb.jpg;B038077;other;245.2,791.7,263.7,65.1;245.9,791.7,508.9,796.9,508.4,856.7,245.2,851.9;1;0;https://commons.wikimedia.org/wiki/File%3AMoscow%2C_Renault_Logan_II_police%2C_Sept_2025_01.jpg;CC0;day,dirt,glare
images/real/real_7d5f176d15.jpg;C272HK799;type1;97.6,801.9,116.4,33.5;98.8,801.9,213.8,810.9,214.0,835.4,97.6,828.1;1;0;https://commons.wikimedia.org/wiki/File%3AMoscow%2C_Sadovnicheskaya_73_May_2022_12.jpg;CC0;day
images/real/real_7d5f176d15.jpg;E734KB797;type1;810.9,758.7,96.1,28.2;811.9,758.7,907.0,764.6,905.2,786.8,810.9,780.9;1;0;https://commons.wikimedia.org/wiki/File%3AMoscow%2C_Sadovnicheskaya_73_May_2022_12.jpg;CC0;day
images/real/real_e47846835c.jpg;B520OE197;type1;49.9,494.8,144.0,41.2;49.9,503.8,192.3,494.8,193.9,527.7,50.2,536.0;1;0;https://commons.wikimedia.org/wiki/File%3AMoscow%2C_Skoda_Octavia_police%2C_Aug_2025_01.jpg;CC0;day
images/real/real_7d7b850e68.jpg;M412OT797;type1;1306.7,350.0,231.8,98.5;1309.5,350.0,1538.5,386.3,1536.8,448.5,1306.7,420.8;1;0;https://commons.wikimedia.org/wiki/File%3AMoscow%2C_Suzuki_V-Strom_with_a_puppet%2C_Aug_2026_03.jpg;CC0;day
images/real/real_5fabd5211b.jpg;E490AI5;other;310.8,651.7,269.1,80.4;312.0,651.7,579.9,663.2,578.5,732.1,310.8,725.1;1;0;https://commons.wikimedia.org/wiki/File%3AMoscow%2C_Taganka%2C_cars_April_2025_09.jpg;CC0;day
images/real/real_b7e10cf5d9.jpg;C859OX190;type1;726.6,233.2,59.8,20.0;727.1,233.2,786.4,235.8,786.1,253.2,726.6,250.6;1;0;https://commons.wikimedia.org/wiki/File%3AMoscow%2C_Triumph_motorcycle_04%28DXO%29.jpg;CC0;day
images/real/real_b7e10cf5d9.jpg;M127HK799;type1;100.4,257.1,73.8,31.2;101.2,257.1,174.2,264.6,174.2,288.2,100.4,281.8;1;0;https://commons.wikimedia.org/wiki/File%3AMoscow%2C_Triumph_motorcycle_04%28DXO%29.jpg;CC0;day
images/real/real_a08bd5aa66.jpg;T188499;other;874.6,651.2,262.9,60.1;874.6,658.4,1137.5,651.2,1137.1,703.9,877.2,711.2;1;0;https://commons.wikimedia.org/wiki/File%3AMoscow%2C_VW_Amarok_police%2C_Sept_2025_01.jpg;CC0;day
images/real/real_16332c51c0.jpg;T188499;other;885.7,698.2,219.2,46.6;886.2,699.9,1102.9,698.2,1104.9,741.2,885.7,744.8;1;0;https://commons.wikimedia.org/wiki/File%3AMoscow%2C_VW_Amarok_police%2C_Sept_2025_02.jpg;CC0;day
images/real/real_bfa6bc58b0.jpg;T188499;other;846.3,708.8,197.7,55.5;846.3,721.7,1042.6,708.8,1044.0,752.8,847.9,764.3;1;0;https://commons.wikimedia.org/wiki/File%3AMoscow%2C_VW_Amarok_police%2C_Sept_2025_03.jpg;CC0;day
images/real/real_4434421c5a.jpg;O077MA71;type1;371.9,35.0,186.8,50.1;371.9,42.8,556.7,35.0,558.7,76.5,372.8,85.1;1;0;https://commons.wikimedia.org/wiki/File%3AMoscow%2C_Voge_CU625_%28578cc%29_motorcycle%2C_June_2026_04.jpg;CC0;day
images/real/real_9129a881c5.jpg;T601YA799;type1;201.2,645.8,68.9,19.1;201.8,646.1,269.5,645.8,270.2,664.9,201.2,664.9;1;0;https://commons.wikimedia.org/wiki/File%3AMoscow%2C_Volkhonka%2C_Belarus_82.1_sprinkler_tractor%2C_Sept_2025_01.jpg;CC0;day
images/real/real_41bb09990f.jpg;8987BH50;other;591.8,775.8,106.5,71.7;592.6,778.8,698.1,775.8,698.3,842.3,591.8,847.4;1;0;https://commons.wikimedia.org/wiki/File%3AMoscow%2C_bike_season_open%2C_May_2026_01_-_Royal_Enfield_club_ride.jpg;CC0;day,glare
images/real/real_41bb09990f.jpg;0230BT77;other;152.6,708.9,91.8,63.7;153.7,708.9,243.0,710.7,244.4,768.7,152.6,772.6;1;0;https://commons.wikimedia.org/wiki/File%3AMoscow%2C_bike_season_open%2C_May_2026_01_-_Royal_Enfield_club_ride.jpg;CC0;day,glare,motion_blur
images/real/real_0490f6d5e4.jpg;5049BT77;other;173.1,775.3,114.6,85.2;174.5,781.4,287.7,775.3,286.6,860.5,173.1,860.2;1;0;https://commons.wikimedia.org/wiki/File%3AMoscow%2C_bike_season_open%2C_May_2026_03_-_Royal_Enfield_club_ride.jpg;CC0;day,glare
images/real/real_f98e7b943e.jpg;2880BO50;other;365.2,779.8,109.9,85.6;370.8,779.8,475.1,792.0,471.7,865.3,365.2,854.8;1;0;https://commons.wikimedia.org/wiki/File%3AMoscow%2C_bike_season_open%2C_May_2026_04_-_Royal_Enfield_club_ride.jpg;CC0;day,glare
images/real/real_a4e7e49eb4.jpg;4797AT77;other;306.5,838.5,140.8,90.6;306.5,839.0,447.3,838.5,439.3,929.1,307.4,922.7;1;0;https://commons.wikimedia.org/wiki/File%3AMoscow%2C_bike_season_open%2C_May_2026_05_-_Orange_Harley.jpg;CC0;day
images/real/real_1fc8a54462.jpg;BA17717;other;948.3,676.0,138.2,40.2;948.3,679.8,1086.5,676.0,1086.2,711.4,949.7,716.2;1;0;https://commons.wikimedia.org/wiki/File%3AMoscow_car_show_2026-07-31_MAZ_racetrucks_08.jpg;CC0;day
images/real/real_8c332b7599.jpg;BA17717;other;160.0,816.3,126.6,52.9;164.9,816.3,286.6,834.9,282.8,869.2,160.0,852.0;1;0;https://commons.wikimedia.org/wiki/File%3AMoscow_car_show_2026-07-31_MAZ_racetrucks_09.jpg;CC0;day,glare
images/real/real_fffddae2c6.jpg;6543BT77;other;1272.6,606.6,173.3,160.8;1272.6,644.8,1445.8,606.6,1445.9,732.4,1272.7,767.4;1;0;https://commons.wikimedia.org/wiki/File%3AMoscow_car_show_2026-08-01_Harley_red_02.jpg;CC0;angle,day,glare
images/real/real_fffddae2c6.jpg;7925BH50;other;155.3,776.2,152.3,164.4;155.3,814.8,295.7,776.2,307.6,903.0,165.4,940.6;1;0;https://commons.wikimedia.org/wiki/File%3AMoscow_car_show_2026-08-01_Harley_red_02.jpg;CC0;angle,day
images/real/real_3962c809bf.jpg;3108HB77;other;197.4,662.6,65.6,57.6;198.4,662.6,262.0,669.8,263.0,720.2,197.4,713.1;1;0;https://commons.wikimedia.org/wiki/File%3AMoscow%2C_east_end_of_Kozhevnicheskaya_Street_%2830302701353%29.jpg;CC BY 2.0;day,dirt
images/real/real_b0174a3fcc.jpg;M010TH02;type1;337.7,994.5,115.7,43.2;338.6,994.5,453.3,1011.3,451.2,1037.7,337.7,1019.6;1;0;https://commons.wikimedia.org/wiki/File%3AMoscow_historical_car_Volga_-_road_police_livery_1960-s_%2825817135414%29.jpg;CC BY 2.0;motion_blur,night
images/real/real_33cf0f7f50.jpg;EO029977;other;317.5,1327.4,232.9,51.9;317.5,1330.0,547.8,1327.4,550.5,1373.2,320.4,1379.4;1;0;https://commons.wikimedia.org/wiki/File%3AMoscow%2C_mobile_text_info_screen%2C_July_2026_07.jpg;CC0;day
images/real/real_a076ac6fcd.jpg;P468EK977;type1;362.2,716.4,277.1,61.9;364.8,716.4,638.8,721.8,639.3,778.3,362.2,771.9;1;0;https://commons.wikimedia.org/wiki/File%3AMoscow%2C_respawn_point_overload%2C_May_2026_10.jpg;CC0;day
images/real/real_24af1374f9.jpg;P468EK977;type1;316.5,761.7,237.9,55.0;316.5,761.7,554.3,765.1,554.4,816.7,316.9,813.2;1;0;https://commons.wikimedia.org/wiki/File%3AMoscow%2C_respawn_point_overload%2C_May_2026_17.jpg;CC0;day
images/real/real_affd1c749d.jpg;P468EK977;type1;883.2,768.0,214.8,51.6;883.2,773.4,1093.9,768.0,1098.0,812.2,884.4,819.6;1;0;https://commons.wikimedia.org/wiki/File%3AMoscow%2C_respawn_point_overload%2C_May_2026_18.jpg;CC0;day
images/real/real_b709969b72.jpg;T281EM977;type1;743.6,516.2,52.2,18.8;743.9,516.2,795.8,520.8,795.3,534.9,743.6,529.2;1;0;https://commons.wikimedia.org/wiki/File%3AMoscow%2C_respawn_point_overload%2C_May_2026_19.jpg;CC0;day
images/real/real_b3c8ed45ef.jpg;5502BP50;other;223.2,843.2,155.2,105.0;223.9,843.2,376.6,849.0,378.4,948.2,223.2,944.8;1;0;https://commons.wikimedia.org/wiki/File%3AMoscow%2C_small_motorcycle%2C_May_2026_01.jpg;CC0;day,glare
images/real/real_8bb4cd3973.jpg;H454MH777;type1;804.5,820.8,150.6,37.5;804.8,820.8,955.1,824.2,954.2,858.3,804.5,855.2;1;0;https://commons.wikimedia.org/wiki/File%3AMoscow%2C_towing_motorcycle_with_a_MAN_TGL_tractor%2C_Aug_2025_03.jpg;CC0;day,glare
images/real/real_efe3ee5ea2.jpg;8988BK6;other;223.5,642.8,222.5,58.6;230.5,642.8,446.0,652.2,444.3,701.4,223.5,691.6;1;0;https://commons.wikimedia.org/wiki/File%3AMoscow%2C_white_Mustang_convertible%2C_Aug_2025_01.jpg;CC0;day
images/real/real_eb0629a966.jpg;8988BK6;other;1126.5,613.9,195.2,49.5;1128.2,613.9,1320.8,613.9,1321.8,663.4,1126.5,661.2;1;0;https://commons.wikimedia.org/wiki/File%3AMoscow%2C_white_Mustang_convertible%2C_Aug_2025_02.jpg;CC0;day
images/real/real_8962c23da1.jpg;6454#BK;other;669.2,567.1,154.8,93.2;669.2,574.4,817.3,567.1,823.9,648.2,672.0,660.2;1;0;https://commons.wikimedia.org/wiki/File%3AMoskvitch-412_in_Lviv.jpg;CC0;day
images/real/real_ac81190dda.jpg;AICT2846;other;753.2,567.5,151.2,95.2;753.2,579.0,901.4,567.5,904.4,656.0,756.3,662.7;1;0;https://commons.wikimedia.org/wiki/File%3ANissan_200sx_%28Unsplash%29.jpg;CC0;day
images/real/real_67c54da2b4.jpg;7421PI7;other;378.4,788.4,249.6,74.2;381.0,788.4,627.9,795.5,628.0,862.7,378.4,851.9;1;0;https://commons.wikimedia.org/wiki/File%3ANissan_Qashqai_from_Belarus.jpg;CC BY 2.0;day,glare
images/real/real_7bb5e68896.jpg;BH2401IX;other;944.4,721.8,223.9,97.5;944.4,771.6,1160.3,721.8,1168.3,772.2,954.2,819.3;1;0;https://commons.wikimedia.org/wiki/File%3AOdesa_auto_7.jpg;CC BY-SA 4.0;day
images/real/real_d4e5ab9544.jpg;34343AB;other;172.7,391.6,168.4,36.3;173.5,391.6,339.5,392.0,341.1,427.0,172.7,427.9;1;0;https://commons.wikimedia.org/wiki/File%3AOld_Ukraine_license_plate_in_FL.jpg;CC BY-SA 4.0;day
images/real/real_1ffb9b8148.jpg;AE5100TK;other;332.4,743.0,92.4,27.2;335.0,743.0,424.8,747.3,424.3,770.2,332.4,765.2;1;0;https://commons.wikimedia.org/wiki/File%3AOld_maz._Dnipro.jpg;CC BY-SA 4.0;motion_blur,night
images/real/real_007e256025.jpg;0507HO50;other;714.8,794.6,124.6,30.4;714.9,794.6,838.2,798.5,839.3,825.0,714.8,823.1;1;0;https://commons.wikimedia.org/wiki/File%3AParad2014NN-07.jpg;CC BY-SA 4.0;day
images/real/real_29b8e99968.jpg;0812HO50;other;1183.8,581.3,88.6,22.8;1183.8,583.3,1271.5,581.3,1272.4,601.3,1184.9,604.2;1;0;https://commons.wikimedia.org/wiki/File%3AParad2014NN-31.jpg;CC BY-SA 4.0;day
images/real/real_29b8e99968.jpg;0824HO50;other;485.0,640.1,110.8,25.3;485.0,641.4,594.5,640.1,595.8,663.9,486.4,665.4;1;0;https://commons.wikimedia.org/wiki/File%3AParad2014NN-31.jpg;CC BY-SA 4.0;day
images/real/real_c6faf71d30.jpg;0821HO50;other;397.2,654.5,131.1,30.0;397.2,655.3,528.2,654.5,527.4,683.3,398.2,684.5;1;0;https://commons.wikimedia.org/wiki/File%3AParad2014NN-32.jpg;CC BY-SA 4.0;day
images/real/real_bf396f0587.jpg;2072HO50;other;375.3,595.7,94.2,25.3;375.9,597.5,469.4,595.7,469.6,619.3,375.3,621.0;1;0;https://commons.wikimedia.org/wiki/File%3AParad2014NN-35.jpg;CC BY-SA 4.0;day
images/real/real_05f9b27f6f.jpg;0660HO50;other;353.3,642.7,105.1,29.8;353.3,647.8,456.5,642.7,458.4,667.4,353.5,672.5;1;0;https://commons.wikimedia.org/wiki/File%3AParad2014NN-37.jpg;CC BY-SA 4.0;day
images/real/real_bdc2793fe8.jpg;6494AK54;other;1243.8,611.6,33.2,18.1;1244.0,611.6,1276.8,612.2,1277.0,629.7,1243.8,627.9;1;0;https://commons.wikimedia.org/wiki/File%3APlanovaya_street%2C_Novosibirsk_01.jpg;CC BY-SA 4.0;day
images/real/real_728a23d020.jpg;7847AC54;other;57.6,438.4,44.2,27.6;57.6,441.7,99.7,438.4,101.8,462.1,58.2,466.0;1;0;https://commons.wikimedia.org/wiki/File%3APlenty_of_bikes_%286066239764%29.jpg;CC BY 2.0;day,glare
images/real/real_f23b4dc6e1.jpg;O222178;other;1095.8,734.4,234.5,59.4;1095.8,739.2,1326.0,734.4,1330.2,785.8,1098.5,793.8;1;0;https://commons.wikimedia.org/wiki/File%3APolice_Car_in_SPB_02.jpg;CC BY-SA 4.0;day
images/real/real_4157d4f13f.jpg;3135MH;other;1335.3,750.6,86.4,63.8;1335.3,770.4,1417.1,750.6,1421.8,790.8,1339.1,814.4;1;0;https://commons.wikimedia.org/wiki/File%3APolice_car_in_Minsk%2C_Belarus_190915_2.jpg;CC BY-SA 4.0;angle,day
images/real/real_81555acd4d.jpg;HWAA334;other;1052.8,892.9,167.6,73.3;1052.8,925.9,1215.4,892.9,1220.3,937.1,1054.9,966.2;1;0;https://commons.wikimedia.org/wiki/File%3APolish_Border_Guard_at_Polish-Russian_state_border.jpg;CC BY-SA 4.0;angle,day
images/real/real_365644a576.jpg;A571066;other;307.7,741.1,184.3,64.9;310.2,741.1,492.0,762.4,486.8,806.0,307.7,790.7;1;0;https://commons.wikimedia.org/wiki/File%3ARE1-86GwGBc.jpg;CC BY-SA 4.0;day
images/real/real_6079176460.jpg;7174AO50;other;699.7,601.7,37.8,32.6;699.7,606.7,737.5,601.7,736.7,632.1,700.5,634.3;1;0;https://commons.wikimedia.org/wiki/File%3ARamenki_District%2C_Moscow%2C_Russia_-_panoramio_%2891%29.jpg;CC BY 3.0;angle,day
images/real/real_0daaac03c4.jpg;#8678M#;other;328.4,539.0,173.6,45.3;331.1,539.0,502.0,543.6,499.3,584.3,328.4,580.9;1;0;https://commons.wikimedia.org/wiki/File%3ARetro-Minsk_2009.jpg;CC BY-SA 3.0;day,glare
images/real/real_bd0b31da96.jpg;1961KX7;other;314.6,583.6,204.3,75.6;319.3,583.6,518.9,607.8,516.2,659.2,314.6,634.8;1;0;https://commons.wikimedia.org/wiki/File%3ARetro-Minsk_2010.jpg;CC BY-SA 3.0;night
images/real/real_5509e60a35.jpg;P924KT98;type1;78.4,586.2,153.1,40.2;78.4,595.4,228.8,586.2,231.5,616.8,79.6,626.5;1;0;https://commons.wikimedia.org/wiki/File%3ARussia_2822_%284123872343%29.jpg;CC BY-SA 2.0;day,glare
images/real/real_76973b92f4.jpg;1200MP99;other;60.5,378.7,58.8,63.2;65.4,378.7,119.2,394.4,115.7,441.9,60.5,420.5;1;0;https://commons.wikimedia.org/wiki/File%3ARussia_police_car_01.JPG;CC BY-SA 3.0;angle,day
images/real/real_0a767883fe.jpg;O059878;other;1042.1,590.0,141.2,34.8;1042.2,590.5,1181.6,590.0,1183.3,624.2,1042.1,624.8;1;0;https://commons.wikimedia.org/wiki/File%3ARussia_police_car_03.JPG;CC BY-SA 3.0;day
images/real/real_d12f7cf62a.jpg;O381CA98;type1;1379.1,822.4,109.2,86.0;1379.1,863.4,1483.5,822.4,1488.3,864.8,1386.8,908.4;1;0;https://commons.wikimedia.org/wiki/File%3ARussia_police_car_05.JPG;CC BY-SA 3.0;angle,day
images/real/real_7f59eb37d9.jpg;O039978;other;1409.0,730.2,90.5,53.7;1409.0,737.9,1498.5,730.2,1499.5,773.8,1412.1,783.8;1;0;https://commons.wikimedia.org/wiki/File%3ARussia_police_car_11.JPG;CC BY-SA 3.0;day
images/real/real_3f64b862f5.jpg;DH103LT;other;1137.1,503.1,58.3,17.0;1137.6,503.1,1195.4,504.8,1194.3,520.1,1137.1,516.7;1;0;https://commons.wikimedia.org/wiki/File%3ARussia_v_Slovakia_%282016-06-15%29_1.jpg;CC0;day
images/real/real_bf61bb138c.jpg;A020039;other;293.9,681.2,219.8,115.2;299.8,681.2,513.8,730.1,508.1,796.4,293.9,744.3;1;0;https://commons.wikimedia.org/wiki/File%3ARussian_police_car_12.JPG;CC BY-SA 3.0;angle,day
images/real/real_f66bf402b1.jpg;AA9142BH;other;1444.7,456.0,128.3,139.0;1444.7,509.0,1559.7,456.0,1573.0,531.6,1457.0,595.0;1;0;https://commons.wikimedia.org/wiki/File%3ASLAVUTA_F.JPG;CC BY-SA 3.0;angle,day,glare
images/real/real_ce7c0d53c2.jpg;BI1266CH;other;922.0,981.1,329.2,79.5;923.1,995.3,1251.1,981.1,1251.2,1050.4,922.0,1060.6;1;0;https://commons.wikimedia.org/wiki/File%3ASoviet-Era_Automobile_-_Podil_District_-_Poltava_-_Ukraine_%2842920317105%29.jpg;CC BY-SA 2.0;day
images/real/real_73a5df40d4.jpg;AX1951BC;other;344.8,550.8,110.1,32.0;346.1,552.0,448.5,550.8,454.8,576.2,344.8,582.8;1;0;https://commons.wikimedia.org/wiki/File%3ASpeedy_Niva.JPG;CC BY-SA 3.0;angle,day
images/real/real_b161795e7a.jpg;O218BO78;type1;233.8,457.9,72.1,22.8;235.4,457.9,305.9,464.3,304.4,480.7,233.8,472.6;1;0;https://commons.wikimedia.org/wiki/File%3ASt._Petersburg_-_Police_Car.jpg;CC BY-SA 2.0;day
images/real/real_fc9730c18f.jpg;2207#1;other;1263.0,866.0,201.3,45.7;1263.0,871.1,1462.2,866.0,1464.3,904.0,1264.0,911.7;1;0;https://commons.wikimedia.org/wiki/File%3AState_Border_Guard_Service_of_Ukraine_10th_Mobile_Detachment_Kozak_armored_vehicle.jpg;Public domain;day
images/real/real_9e471ae41c.jpg;FGW55H5;other;705.2,20.8,79.1,30.4;708.1,20.8,784.3,26.3,782.8,51.2,705.2,44.7;1;0;https://commons.wikimedia.org/wiki/File%3AStiopa-Moskwicz_408.jpg;CC BY-SA 4.0;day
images/real/real_76e80e2ecf.jpg;Y725MY72;type1;87.3,691.7,67.9,13.9;87.3,692.9,155.2,691.7,154.3,705.7,88.2,705.2;1;0;https://commons.wikimedia.org/wiki/File%3AStrateto_Voro%C5%9Dilov_en_Zavodoukovsko.jpg;CC BY-SA 4.0;day
images/real/real_d3ce712cb1.jpg;C355CO72;type1;138.7,684.6,107.8,25.2;138.7,684.6,245.4,686.6,246.5,709.8,139.3,707.8;1;0;https://commons.wikimedia.org/wiki/File%3AStrato_Solne%C4%89nij_%28Tjumeno%29_02.jpg;CC BY 4.0;day
images/real/real_937a4e6f66.jpg;MCFLY87;other;870.6,664.3,173.5,80.2;870.6,675.8,1041.4,664.3,1044.1,735.9,873.4,744.6;1;0;https://commons.wikimedia.org/wiki/File%3ATacoma_Back_To_The_Future.jpg;CC BY-SA 4.0;day
images/real/real_760dba04ad.jpg;E088AA7;other;216.1,809.2,271.7,101.5;220.2,809.2,487.7,836.7,484.8,910.8,216.1,882.6;1;0;https://commons.wikimedia.org/wiki/File%3ATesla_car_with_EV_plates_charging_in_Minsk.jpg;CC BY-SA 3.0;day
images/real/real_882464e19e.jpg;DYK68;other;601.1,675.1,157.7,62.8;601.1,676.3,757.1,675.1,758.8,737.9,601.5,735.4;1;0;https://commons.wikimedia.org/wiki/File%3AToyota_Grand_Highlander_%28AS10%29_Washington_DC_Metro_Area%2C_USA_%281%29.jpg;CC BY 4.0;day
images/real/real_4358d8cb3b.jpg;6960YB48;other;105.8,750.5,68.2,53.0;105.8,750.5,173.9,754.7,174.0,803.5,105.8,801.3;1;0;https://commons.wikimedia.org/wiki/File%3ATractor_with_trailer.JPG;CC BY-SA 4.0;day
images/real/real_9b8deda7e0.jpg;H691MH15;type1;46.9,946.3,90.2,22.8;47.7,951.6,136.6,946.3,137.1,966.6,46.9,969.1;1;0;https://commons.wikimedia.org/wiki/File%3ATraffic_jam_at_the_exit_from_Vladikavkaz_during_the_September_2022_mobilization_wave_02.jpg;CC BY-SA 4.0;night
images/real/real_4c3f801501.jpg;H691MH15;type1;77.5,918.2,87.5,23.0;78.8,921.9,163.6,918.2,165.0,938.9,77.5,941.2;1;0;https://commons.wikimedia.org/wiki/File%3ATraffic_jam_at_the_exit_from_Vladikavkaz_during_the_September_2022_mobilization_wave_01.jpg;CC BY-SA 4.0;night
images/real/real_2fd310f3b8.jpg;BM6848BC;other;547.7,1036.8,187.4,74.5;552.1,1036.8,735.1,1073.5,731.7,1111.3,547.7,1078.1;1;0;https://commons.wikimedia.org/wiki/File%3ATrostianec_-_Round_Yard_with_old_cars.jpg;CC BY-SA 4.0;day
images/real/real_bd6f5d48d4.jpg;X424AW;other;1124.1,930.3,108.3,31.3;1125.1,930.3,1232.4,937.9,1231.7,961.6,1124.1,954.9;1;0;https://commons.wikimedia.org/wiki/File%3ATruckstop_with_Police_Caravan%2C_Kazakhstan_Sept_2002_%283554323909%29.jpg;CC BY-SA 2.0;day
images/real/real_1b19b13d18.jpg;AI68347;other;1023.3,825.1,181.6,87.7;1023.3,862.7,1194.2,825.1,1204.9,873.5,1032.1,912.8;1;0;https://commons.wikimedia.org/wiki/File%3ATypical_Chinese_car_in_Minsk.jpg;CC BY-SA 2.0;day,glare
images/real/real_d98d558b6c.jpg;BO6243EB;other;899.8,619.4,189.2,58.6;899.8,630.9,1085.7,619.4,1089.1,657.6,903.2,678.0;1;0;https://commons.wikimedia.org/wiki/File%3AUAZ-452_in_Florange%2C_France_%281%29.jpg;CC0;day
images/real/real_1d21ea8f24.jpg;1767EA;other;1248.1,519.4,91.5,49.6;1248.1,533.8,1336.5,519.4,1339.6,556.2,1249.5,569.0;1;0;https://commons.wikimedia.org/wiki/File%3AUAZ-469_handcraft_modification_%28Minsk%2C_Belarus%29_1.jpg;CC BY-SA 4.0;day
images/real/real_4a77325c7a.jpg;T008MM67;type1;1490.8,538.9,89.3,24.2;1492.9,538.9,1580.2,542.9,1580.0,563.2,1490.8,556.2;1;0;https://commons.wikimedia.org/wiki/File%3AUAZ-469_handcraft_modification_%28Minsk%2C_Belarus%29_2.jpg;CC BY-SA 4.0;day
images/real/real_4a77325c7a.jpg;1767EA;other;349.0,543.5,189.8,56.3;351.3,543.5,538.8,549.8,537.0,599.8,349.0,594.3;1;0;https://commons.wikimedia.org/wiki/File%3AUAZ-469_handcraft_modification_%28Minsk%2C_Belarus%29_2.jpg;CC BY-SA 4.0;day
images/real/real_420b17ce88.jpg;O017PH22;type1;312.6,788.8,118.2,32.7;312.6,793.2,428.7,788.8,430.8,816.4,313.7,821.5;1;0;https://commons.wikimedia.org/wiki/File%3AUAZ_with_kvas_barrels_in_Barnaul.JPG;CC BY-SA 4.0;day
images/real/real_24774aba14.jpg;AT7548CT;other;106.9,333.8,579.1,383.2;120.9,333.8,686.0,421.4,666.8,717.0,106.9,623.1;1;0;https://commons.wikimedia.org/wiki/File%3AUkraine_license_plate_AT7548CT.jpg;CC BY-SA 4.0;day,dirt
images/real/real_9e6797045f.jpg;CE6758EE;other;606.8,455.1,291.8,116.6;606.8,493.6,895.6,455.1,898.6,516.2,620.6,571.7;1;0;https://commons.wikimedia.org/wiki/File%3AUkraine_license_plate_on_a_Citro%C3%ABn_C5_in_Azay-le-Rideau%2C_France.jpg;CC0;angle,day
images/real/real_a63d5b69e8.jpg;5065A8;other;772.8,708.5,207.8,48.2;773.6,714.2,980.3,708.5,980.6,751.2,772.8,756.7;1;0;https://commons.wikimedia.org/wiki/File%3AUkrainian_BM-21_Grad_Bastion-02_in_Kyiv%2C_Ukraine_on_22_of_August%2C_2014_IMG_7655_04.jpg;CC BY-SA 4.0;day
images/real/real_5d134ebfc3.jpg;1634P3;other;415.4,849.5,42.2,42.9;416.1,849.5,457.6,853.8,457.1,892.4,415.4,887.4;1;0;https://commons.wikimedia.org/wiki/File%3AUkrainian_BM-27_Uragan.JPG;CC BY 3.0;day
images/real/real_0ba00befd7.jpg;F405AAN;other;640.5,748.3,153.1,55.9;645.3,748.3,793.6,768.9,793.2,804.2,640.5,784.1;1;0;https://commons.wikimedia.org/wiki/File%3AUlan_District%2C_070000%2C_Kazakhstan_-_panoramio_%282%29.jpg;CC BY 3.0;day
images/real/real_ca5dd6074f.jpg;7942AT50;other;1347.8,463.4,85.2,30.2;1347.8,472.6,1431.6,463.4,1433.0,485.4,1349.1,493.6;1;0;https://commons.wikimedia.org/wiki/File%3AUral-4320-trailer-Russian_Army.jpg;CC BY-SA 3.0;day,glare
images/real/real_eac4ddf039.jpg;T100299;other;702.2,485.0,48.2,13.7;702.2,485.9,750.4,485.0,749.6,497.6,703.2,498.7;1;0;https://commons.wikimedia.org/wiki/File%3AUral-43203_as_a_police_car_in_Russia.jpg;CC BY-SA 2.0;night
images/real/real_74eed8203e.jpg;6225EE43;other;328.8,515.9,60.9,18.4;329.3,517.1,388.8,515.9,389.8,533.7,328.8,534.3;1;0;https://commons.wikimedia.org/wiki/File%3AUral-43206%2C_Koryazhma.jpg;CC0;day
images/real/real_d71eb28122.jpg;O397378;other;1330.5,757.0,152.3,44.3;1330.5,760.6,1482.8,757.0,1482.5,801.3,1330.6,801.1;1;0;https://commons.wikimedia.org/wiki/File%3AVAZ-2106_police_car_in_Saint_Petersburg%2C_Russia.jpg;CC BY 2.0;day
images/real/real_4c0b9ad4a7.jpg;211ATS02;other;257.3,597.0,124.2,79.0;266.8,597.0,381.5,632.7,381.4,676.0,257.3,637.6;1;0;https://commons.wikimedia.org/wiki/File%3AVW_ID.3%2C_Almaty_%28P1180213%29.jpg;CC BY-SA 4.0;angle,day
images/real/real_4c0b9ad4a7.jpg;723AZS02;other;1381.3,255.5,109.2,31.4;1384.0,255.5,1490.6,260.8,1489.8,286.9,1381.3,279.8;1;0;https://commons.wikimedia.org/wiki/File%3AVW_ID.3%2C_Almaty_%28P1180213%29.jpg;CC BY-SA 4.0;day
images/real/real_0f3acbf8b9.jpg;187MHB02;other;1127.2,742.6,243.0,108.2;1127.2,782.8,1362.8,742.6,1370.2,813.2,1131.2,850.8;1;0;https://commons.wikimedia.org/wiki/File%3AVW_Polo_CK%2C_Almaty_%28LRM_20240331_130451%29.jpg;CC BY-SA 4.0;day
images/real/real_7f14a9de5a.jpg;047PFA02;other;387.2,648.1,192.1,58.4;391.9,648.1,579.3,661.1,577.6,706.5,387.2,692.8;1;0;https://commons.wikimedia.org/wiki/File%3AVW_Teramont_R-Line%2C_Almaty_%28P1180145%29.jpg;CC BY-SA 4.0;day
images/real/real_9f07b6f953.jpg;GV291WX;other;422.7,663.2,170.4,58.0;427.1,663.2,592.5,682.0,593.1,721.2,422.7,704.3;1;0;https://commons.wikimedia.org/wiki/File%3AV%C3%A9hicule_officiel_des_JO_2024.jpg;CC BY 4.0;day
images/real/real_4629978f24.jpg;6025EA15;other;1334.9,765.8,141.7,107.7;1334.9,815.7,1466.0,765.8,1476.6,818.0,1345.9,873.5;1;0;https://commons.wikimedia.org/wiki/File%3AVai_auto_%2801%29.jpg;CC0;angle,day
images/real/real_0a502131c2.jpg;6266OP7;other;1228.8,627.2,114.6,45.2;1228.8,643.8,1339.7,627.2,1343.3,656.6,1231.3,672.4;1;0;https://commons.wikimedia.org/wiki/File%3AWartburg_car_in_Minsk%2C_Belarus.jpg;CC BY-SA 3.0;day
images/real/real_80a981da92.jpg;5031EA4;other;566.3,872.0,273.5,110.3;572.1,872.0,838.9,908.7,839.8,982.3,566.3,949.7;1;0;https://commons.wikimedia.org/wiki/File%3AWhite-red-white_license_plate_of_BY.jpg;CC BY-SA 4.0;angle,day
images/real/real_32da7e590e.jpg;P2989;other;514.1,684.4,104.8,77.5;521.8,684.4,618.8,724.4,613.9,761.9,514.1,721.2;1;0;https://commons.wikimedia.org/wiki/File%3AZastava_2024_-_Toyota_-_02.jpg;CC BY-SA 4.0;angle,day,glare
images/real/real_10aa129743.jpg;020EZZ02;other;240.7,725.0,58.4,32.4;241.8,725.0,299.2,730.8,298.2,757.4,240.7,752.8;1;0;https://commons.wikimedia.org/wiki/File%3AZeekr%2C_Almaly%2C_Almaty_%28P1180230%29.jpg;CC BY-SA 4.0;day
images/real/real_1dc959344a.jpg;K1484KI;other;743.7,987.2,351.9,100.8;743.7,1015.8,1095.3,987.2,1095.6,1066.0,743.9,1088.0;1;0;https://commons.wikimedia.org/wiki/File%3A%D0%A0%D0%BE%D0%B7%D0%BE%D0%B2%D1%8B%D0%B9_%D0%93%D0%90%D0%97-21._%D0%92%D0%B8%D0%B4_%D1%81%D0%BF%D0%B5%D1%80%D0%B5%D0%B4%D0%B8.jpg;CC BY-SA 2.5;day
images/real/real_cedfb143be.jpg;484ANU08;other;117.8,659.8,87.7,66.3;125.2,659.8,205.5,678.4,201.0,726.1,117.8,702.3;1;0;https://commons.wikimedia.org/wiki/File%3A%D0%A8%D1%8B%D0%B3%D0%B0%D0%BD%D0%B0%D0%BA%2C_%D0%98%D0%B6-2125.jpg;CC BY-SA 4.0;angle,day
images/real/real_54abfe48ef.jpg;449UYB05;other;78.8,767.4,81.2,52.1;83.3,767.4,160.0,775.8,156.6,819.5,78.8,807.2;1;0;https://commons.wikimedia.org/wiki/File%3A%D0%91%D0%BE%D0%BA%D1%82%D0%B5%D1%80%2C_%D0%90%D0%97%D0%9B%D0%9A-2140_%281%29.jpg;CC BY-SA 4.0;day,glare
images/real/real_b1b3013994.jpg;449UYB05;other;237.5,779.2,244.2,78.2;240.7,779.2,481.7,793.2,481.3,857.3,237.5,844.0;1;0;https://commons.wikimedia.org/wiki/File%3A%D0%91%D0%BE%D0%BA%D1%82%D0%B5%D1%80%2C_%D0%90%D0%97%D0%9B%D0%9A-2140_%282%29.jpg;CC BY-SA 4.0;day,glare
images/real/real_617c8e4ef8.jpg;058WZA01;other;749.1,629.4,150.4,42.4;749.1,636.5,897.2,629.4,899.5,661.3,750.2,671.8;1;0;https://commons.wikimedia.org/wiki/File%3A%D0%90%D1%81%D1%82%D0%B0%D0%BD%D0%B0%2C_%D0%93%D0%90%D0%97-21_%D0%BD%D0%B0_%D0%A1%D0%B0%D1%82%D0%BF%D0%B0%D0%B5%D0%B2%D0%B0.jpg;CC BY-SA 4.0;day
images/real/real_dc624b6136.jpg;3313BO25;other;1202.3,740.3,197.2,66.7;1202.3,756.7,1397.2,740.3,1399.6,794.4,1204.6,807.0;1;0;https://commons.wikimedia.org/wiki/File%3A%D0%A3%D0%90%D0%97-3151_%D0%A5%D0%B0%D0%B1%D0%B0%D1%80%D0%BE%D0%B2%D1%81%D0%BA_%D1%841.JPG;CC BY-SA 4.0;day,glare
images/real/real_cff922fd07.jpg;8909BM25;other;1316.8,675.8,108.7,53.3;1316.8,695.7,1423.0,675.8,1425.5,710.4,1317.8,729.1;1;0;https://commons.wikimedia.org/wiki/File%3A%D0%A3%D0%90%D0%97-3151_%D0%A5%D0%B0%D0%B1%D0%B0%D1%80%D0%BE%D0%B2%D1%81%D0%BA_%D1%842.JPG;CC BY-SA 4.0;angle,day,dirt,glare
images/real/real_7e25106323.jpg;6381BM25;other;1263.6,683.5,75.8,60.0;1263.6,708.8,1330.6,683.5,1339.4,712.8,1269.1,743.5;1;0;https://commons.wikimedia.org/wiki/File%3A%D0%A3%D0%90%D0%97-3151_%D0%A5%D0%B0%D0%B1%D0%B0%D1%80%D0%BE%D0%B2%D1%81%D0%BA_%D1%844.JPG;CC BY-SA 4.0;angle,day,glare
images/real/real_819a566c38.jpg;2200EO25;other;733.5,782.9,160.9,46.1;735.8,790.2,892.9,782.9,894.4,821.7,733.5,829.0;1;0;https://commons.wikimedia.org/wiki/File%3A%D0%A3%D0%90%D0%97-3151_%D0%A5%D0%B0%D0%B1%D0%B0%D1%80%D0%BE%D0%B2%D1%81%D0%BA_%D1%845.JPG;CC BY-SA 4.0;day,glare
images/real/real_6aa1682de7.jpg;8265BP25;other;992.9,705.2,176.8,51.2;994.8,712.1,1169.5,705.2,1169.7,749.0,992.9,756.4;1;0;https://commons.wikimedia.org/wiki/File%3A%D0%A3%D0%90%D0%97-3151_%D0%A5%D0%B0%D0%B1%D0%B0%D1%80%D0%BE%D0%B2%D1%81%D0%BA_%D1%846.JPG;CC BY-SA 4.0;day,glare
images/real/real_3a0dea3fcf.jpg;5720BO25;other;131.2,648.9,132.7,74.3;137.4,648.9,264.0,676.6,261.3,723.2,131.2,694.8;1;0;https://commons.wikimedia.org/wiki/File%3A%D0%A3%D0%90%D0%97-3151_%D0%92%D0%BE%D1%81%D1%82%D0%BE%D1%87%D0%BD%D1%8B%D0%B9_%D0%B2%D0%BE%D0%B5%D0%BD%D0%BD%D1%8B%D0%B9_%D0%BE%D0%BA%D1%80%D1%83%D0%B3.JPG;CC BY-SA 3.0;angle,day
images/real/real_25f2dec343.jpg;B548HM750;type1;1064.0,539.4,198.9,72.6;1064.0,561.8,1260.2,539.4,1262.9,588.4,1068.7,612.0;1;0;https://commons.wikimedia.org/wiki/File%3A%D0%91%D0%B0%D0%B9%D0%BA%D0%BE%D0%BD%D1%83%D1%80%2C_%D0%9C%D0%BE%D1%81%D0%BA%D0%B2%D0%B8%D1%87-412_%D0%B2%D0%BE_%D0%B4%D0%B2%D0%BE%D1%80%D0%B5_8_%D0%9C%D0%B0%D1%80%D1%82%D0%B0_5.jpg;CC BY-SA 4.0;day
images/real/real_ab8ec5874b.jpg;056AF11;other;175.2,585.8,141.2,63.6;180.9,585.8,316.3,596.6,315.4,649.3,175.2,635.8;1;0;https://commons.wikimedia.org/wiki/File%3A%D0%91%D0%B0%D0%B9%D0%BA%D0%BE%D0%BD%D1%83%D1%80%2C_%D0%A3%D0%90%D0%97-452_%D0%B2%D0%BE_%D0%B4%D0%B2%D0%BE%D1%80%D0%B5_8_%D0%9C%D0%B0%D1%80%D1%82%D0%B0_1.jpg;CC BY-SA 4.0;day,glare
images/real/real_94624e308b.jpg;749AQT09;other;927.5,576.5,93.8,28.2;929.8,576.7,1021.3,576.5,1021.0,604.8,927.5,602.9;1;0;https://commons.wikimedia.org/wiki/File%3A%D0%91%D0%B0%D0%BB%D1%85%D0%B0%D1%88%2C_%D0%A3%D0%90%D0%97-469_%D0%BD%D0%B0_%D0%90%D0%B3%D1%8B%D0%B1%D0%B0%D0%B9_%D0%B1%D0%B0%D1%82%D1%8B%D1%80%D0%B0_%282%29.jpg;CC BY-SA 4.0;day
images/real/real_3845c009c7.jpg;020MC05;other;303.6,939.2,318.3,97.8;307.1,939.2,621.9,967.2,615.6,1037.0,303.6,1014.7;1;0;https://commons.wikimedia.org/wiki/File%3A%D0%9A%D0%BE%D0%BD%D0%B0%D0%B5%D0%B2%2C_%D0%BC%D1%83%D0%B7%D0%B5%D0%B9_%D1%80%D0%B5%D1%82%D1%80%D0%BE-%D0%B0%D0%B2%D1%82%D0%BE%D0%BC%D0%BE%D0%B1%D0%B8%D0%BB%D0%B5%D0%B9%2C_%D0%93%D0%90%D0%97_%D0%9C-20_%282%29.jpg;CC BY-SA 4.0;day
images/real/real_a1ee3e7e9a.jpg;029MC05;other;209.5,807.7,199.5,123.2;221.2,807.7,409.0,868.5,406.7,930.9,209.5,868.5;1;0;https://commons.wikimedia.org/wiki/File%3A%D0%9A%D0%BE%D0%BD%D0%B0%D0%B5%D0%B2%2C_%D0%BC%D1%83%D0%B7%D0%B5%D0%B9_%D1%80%D0%B5%D1%82%D1%80%D0%BE-%D0%B0%D0%B2%D1%82%D0%BE%D0%BC%D0%BE%D0%B1%D0%B8%D0%BB%D0%B5%D0%B9%2C_%D0%93%D0%90%D0%97-3110.jpg;CC BY-SA 4.0;angle,day,glare
images/real/real_bef5f1b9b0.jpg;BK3666AA;other;1146.4,587.8,178.2,171.0;1146.4,604.3,1299.5,587.8,1324.6,713.8,1163.3,758.8;1;0;https://commons.wikimedia.org/wiki/File%3A%D0%9A%D1%96%D0%BD%D0%B5%D1%86%D1%8C_%D0%BC%D0%BE%D1%82%D0%BE%D1%81%D0%B5%D0%B7%D0%BE%D0%BD%D1%83_-%28_-_panoramio.jpg;CC BY 3.0;angle,day
images/real/real_8b54f91251.jpg;1425XA74;other;805.0,748.9,58.7,38.2;805.1,748.9,863.6,750.1,863.7,787.2,805.0,784.2;1;0;https://commons.wikimedia.org/wiki/File%3A%D0%A2%D1%80%D0%B0%D0%BA%D1%82%D0%BE%D1%80_%D0%9C%D0%A2%D0%97_-_80_%D1%81_%D0%BF%D1%80%D0%B8%D1%86%D0%B5%D0%BF%D0%BE%D0%BC_%D0%B4%D0%BB%D1%8F_%D1%81%D0%B8%D0%BB%D0%BE%D1%81%D0%B0._%D0%A2%D1%80%D1%83%D0%B4%D0%BE%D0%B2%D1%8B%D0%B5_%D0%B1%D1%83%D0%B4%D0%BD%D0%B8_%D0%BC%D0%BE%D0%BB%D0%BE%D1%87%D0%BD%D0%BE_-_%D1%82%D0%BE%D0%B2%D0%B0%D1%80%D0%BD%D0%BE%D0%B9_%D1%84%D0%B5%D1%80%D0%BC%D1%8B.jpg;CC BY 4.0;day,motion_blur
images/real/real_fda3929b5a.jpg;O224099;other;338.7,235.0,79.9,25.7;338.7,241.5,416.2,235.0,418.6,252.8,340.7,260.7;1;0;https://commons.wikimedia.org/wiki/File%3A%D0%90%D0%B2%D1%82%D0%BE%D0%BC%D0%BE%D0%B1%D0%B8%D0%BB%D1%8C_%D0%A0%D0%BE%D1%81%D0%B3%D0%B2%D0%B0%D1%80%D0%B4%D0%B8%D0%B8_-_National_Guard_of_Russia_car.png;CC BY-SA 4.0;day
images/real/real_654d514eec.jpg;M960PKM;other;737.5,895.6,52.9,13.9;737.5,895.6,788.7,901.7,790.4,908.3,739.2,909.5;1;0;https://commons.wikimedia.org/wiki/File%3A%D0%9A%D0%B0%D0%B9%D0%BD%D0%B0%D1%80_-_panoramio.jpg;CC BY-SA 3.0;angle,day
images/real/real_b5b486ea43.jpg;CA7551AX;other;866.0,1090.3,52.6,17.1;866.7,1090.3,918.6,1093.8,918.3,1107.4,866.0,1103.2;1;0;https://commons.wikimedia.org/wiki/File%3A%D0%9C%D1%83%D0%B7%D0%B5%D0%B9_%D0%9A%D0%BE%D0%B1%D0%B7%D0%B0%D1%80%D1%8F_%D0%A2.%D0%93.%D0%A8%D0%B5%D0%B2%D1%87%D0%B5%D0%BD%D0%BA%D0%B0_%D0%B2_%D0%A7%D0%B5%D1%80%D0%BA%D0%B0%D1%81%D0%B0%D1%85.jpg;Public domain;day
images/real/real_a22206748e.jpg;9440BH1;other;50.8,501.0,46.7,11.0;51.1,502.3,96.2,501.0,97.5,511.0,50.8,512.0;1;0;https://commons.wikimedia.org/wiki/File%3A%D0%9F%D1%96%D0%BD%D1%81%D0%BA._%D0%93%D0%B0%D1%80%D0%B0%D0%B4%D1%81%D0%BA%D1%96_%D0%B4%D0%B7%D1%96%D1%86%D1%8F%D1%87%D1%8B_%D0%BF%D0%B0%D1%80%D0%BA_4.JPG;CC BY-SA 3.0;day
images/real/real_dcf5a2524d.jpg;6227EE1;other;155.7,815.9,77.7,32.1;156.5,815.9,233.4,827.4,230.5,848.0,155.7,837.1;1;0;https://commons.wikimedia.org/wiki/File%3A%D0%91%D0%B5%D1%80%D0%B0%D0%B6%D0%BD%D0%BE%D0%B5._%D0%A6%D0%B0%D1%80%D0%BA%D0%B2%D0%B0.jpg;CC BY-SA 3.0;day
images/real/real_c7f2674223.jpg;8666MP4;other;334.5,977.0,73.2,19.9;335.0,977.2,407.7,977.0,406.6,996.9,334.5,995.3;1;0;https://commons.wikimedia.org/wiki/File%3A%D0%A2%D0%B0%D1%80%D0%BD%D0%BE%D0%B2%D0%BE%2C_%D0%9B%D0%B8%D0%B4%D1%81%D0%BA%D0%B8%D0%B9_%D1%80%D0%B0%D0%B9%D0%BE%D0%BD%2C_%D0%93%D1%80%D0%BE%D0%B4%D0%BD%D0%B5%D0%BD%D1%81%D0%BA%D0%B0%D1%8F_%D0%BE%D0%B1%D0%BB%D0%B0%D1%81%D1%82%D1%8C%2C_%D0%91%D0%B5%D0%BB%D0%B0%D1%80%D1%83%D1%81%D1%8C_07.jpg;CC BY-SA 4.0;day
images/real/real_8e00ceedd8.jpg;AA23797;other;773.4,618.7,94.9,22.1;774.5,621.2,868.3,618.7,867.7,639.7,773.4,640.8;1;0;https://commons.wikimedia.org/wiki/File%3A%D0%9C%D0%90%D0%97_103_%D0%B4%D0%BE_%D1%80%D0%B5%D1%81%D1%82%D0%B0%D0%B9%D0%BB%D0%B8%D0%BD%D0%B3%D0%B0.jpg;CC0;day
images/real/real_f49c02da54.jpg;K214HB13;type1b;609.4,596.6,52.1,17.9;609.4,601.3,660.6,596.6,661.5,610.0,609.7,614.5;1;0;https://commons.wikimedia.org/wiki/File%3A%D0%9C%D0%90%D0%97_103_%D0%BF%D0%BE%D1%81%D0%BB%D0%B5_%D1%80%D0%B5%D1%81%D1%82%D0%B0%D0%B9%D0%BB%D0%B8%D0%BD%D0%B3%D0%B0.jpg;CC BY-SA 4.0;day
images/real/real_239a1e1135.jpg;999AMR19;other;1031.3,596.8,170.5,76.8;1031.3,630.6,1196.2,596.8,1201.8,639.6,1033.5,673.6;1;0;https://commons.wikimedia.org/wiki/File%3A%D0%9C%D0%B5%D0%B4%D0%B5%D0%BE%2C_%D1%8D%D0%BB%D0%B5%D0%BA%D1%82%D1%80%D0%BE%D0%BC%D0%BE%D0%B1%D0%B8%D0%BB%D1%8C_%D0%BD%D0%B0_%D0%BF%D0%BB%D0%BE%D1%82%D0%B8%D0%BD%D0%B5_%281%29.jpg;CC BY-SA 4.0;angle,day
images/real/real_0f4bc405db.jpg;777NDZ02;other;877.9,601.0,116.7,34.0;877.9,608.8,992.2,601.0,994.6,629.1,878.2,635.0;1;0;https://commons.wikimedia.org/wiki/File%3A%D0%9C%D0%B5%D0%B4%D0%B5%D0%BE%2C_%D1%8D%D0%BB%D0%B5%D0%BA%D1%82%D1%80%D0%BE%D0%BC%D0%BE%D0%B1%D0%B8%D0%BB%D1%8C_%D0%BD%D0%B0_%D0%BF%D0%BB%D0%BE%D1%82%D0%B8%D0%BD%D0%B5_%282%29.jpg;CC BY-SA 4.0;day
images/real/real_e1c9337793.jpg;AH0201ET;other;494.4,886.6,300.6,91.8;497.2,886.6,795.0,907.3,793.4,978.4,494.4,959.4;1;0;https://commons.wikimedia.org/wiki/File%3A%D0%9F%D0%B0%D1%80%D0%B0%D0%B4_%D0%BD%D0%B5%D0%B2%D0%B5%D1%81%D1%82_315.JPG;CC BY-SA 3.0;day
images/real/real_fa21721395.jpg;179AWR02;other;757.3,599.2,60.9,15.4;757.6,601.1,817.8,599.2,818.2,611.4,757.3,614.6;1;0;https://commons.wikimedia.org/wiki/File%3A%D0%9C%D0%B5%D0%B4%D0%B5%D0%BE%2C_%D1%8D%D0%BB%D0%B5%D0%BA%D1%82%D1%80%D0%BE%D0%BC%D0%BE%D0%B1%D0%B8%D0%BB%D1%8C_%D0%BD%D0%B0_%D0%BF%D0%BB%D0%BE%D1%82%D0%B8%D0%BD%D0%B5_%283%29.jpg;CC BY-SA 4.0;day
images/real/real_422256d8e5.jpg;C787702;other;182.8,679.8,174.3,70.0;185.2,679.8,354.7,697.2,357.2,749.8,182.8,732.5;1;0;https://commons.wikimedia.org/wiki/File%3A%D0%90%D0%B2%D1%82%D0%BE_Anytime_Kazakhstan.jpg;CC BY-SA 4.0;angle,day
images/real/real_fd49d3c23c.jpg;015ADM02;other;1017.1,671.1,278.7,103.1;1017.1,702.9,1280.9,671.1,1295.8,735.0,1023.5,774.2;1;0;https://commons.wikimedia.org/wiki/File%3A%D0%90%D0%BB%D0%BC%D0%B0%D1%82%D1%8B%2C_Bentley_Continental_Flying_Spur_%D0%BD%D0%B0_%D0%9A%D0%B0%D1%80%D0%B8%D0%BC%D0%BE%D0%B2%D0%B0.jpg;CC BY-SA 4.0;day
images/real/real_fd49d3c23c.jpg;476ARE02;other;1120.5,242.1,65.8,18.4;1120.9,245.2,1185.3,242.1,1186.3,257.6,1120.5,260.5;1;0;https://commons.wikimedia.org/wiki/File%3A%D0%90%D0%BB%D0%BC%D0%B0%D1%82%D1%8B%2C_Bentley_Continental_Flying_Spur_%D0%BD%D0%B0_%D0%9A%D0%B0%D1%80%D0%B8%D0%BC%D0%BE%D0%B2%D0%B0.jpg;CC BY-SA 4.0;day
images/real/real_8c8a8a2590.jpg;879BHN05;other;239.0,569.9,155.8,66.8;245.5,569.9,394.8,584.1,391.2,636.7,239.0,620.2;1;0;https://commons.wikimedia.org/wiki/File%3A%D0%9A%D0%BE%D0%BD%D0%B0%D0%B5%D0%B2%2C_Changan_CS55_Plus_%D1%83_%D0%90%D0%B1%D0%B0%D1%8F_18%D0%B0.jpg;CC BY-SA 4.0;day
images/real/real_a3c609550c.jpg;A914CM122;type1;147.8,333.7,46.4,18.9;148.2,333.7,194.2,333.8,193.5,352.6,147.8,352.2;1;0;https://commons.wikimedia.org/wiki/File%3A%D0%91%D0%B0%D0%B9%D0%BA%D0%BE%D0%BD%D1%83%D1%80%2C_Chevrolet_Niva_%D0%B2%D0%BE_%D0%B4%D0%B2%D0%BE%D1%80%D0%B5_%D0%93%D0%BE%D1%80%D1%8C%D0%BA%D0%BE%D0%B3%D0%BE_16%D0%B0.jpg;CC BY-SA 4.0;day
images/real/real_79823523ab.jpg;AP6455CH;other;220.9,599.5,237.2,48.2;220.9,599.5,458.1,600.9,456.2,645.5,223.3,647.7;1;0;https://commons.wikimedia.org/wiki/File%3A%D0%9C%D1%96%D0%B9_Daewoo_%D1%87%D1%83%D0%B4%D0%BE%D0%B2%D0%B8%D0%B9.jpg;CC BY-SA 4.0;night
images/real/real_e557289725.jpg;887BVM02;other;163.5,633.2,82.1,50.1;168.2,633.2,245.0,643.0,245.6,683.3,163.5,672.4;1;0;https://commons.wikimedia.org/wiki/File%3A%D0%90%D0%BB%D0%BC%D0%B0%D1%82%D1%8B%2C_Deepal_S07_%D0%B2%D0%BE_%D0%B4%D0%B2%D0%BE%D1%80%D0%B5_%D0%9F%D0%B0%D0%BD%D1%84%D0%B8%D0%BB%D0%BE%D0%B2%D0%B0_114.jpg;CC BY-SA 4.0;angle,day,dirt
images/real/real_ad3a8a2707.jpg;969BCC02;other;1195.5,577.3,54.8,32.7;1195.5,587.8,1248.1,577.3,1250.2,600.9,1197.7,610.0;1;0;https://commons.wikimedia.org/wiki/File%3A%D0%90%D0%BB%D0%BC%D0%B0%D1%82%D1%8B%2C_Jetour_Dashing_%D0%BD%D0%B0_%D0%A2%D0%BE%D0%BB%D0%B5_%D0%B1%D0%B8-%D0%91%D1%80%D1%83%D1%81%D0%B8%D0%BB%D0%BE%D0%B2%D1%81%D0%BA%D0%BE%D0%B3%D0%BE.jpg;CC BY-SA 4.0;day
images/real/real_d887c588a1.jpg;713AJP11;other;1318.7,647.5,138.5,86.1;1318.7,684.9,1453.6,647.5,1457.2,697.0,1323.5,733.6;1;0;https://commons.wikimedia.org/wiki/File%3A%D0%A2%D0%BE%D1%80%D0%B5%D1%82%D0%B0%D0%BC%2C_Jetour_X50_%D0%BD%D0%B0_%D0%92%D0%BE%D0%BA%D0%B7%D0%B0%D0%BB%D1%8C%D0%BD%D0%BE%D0%B9_%D0%BF%D0%BB%D0%BE%D1%89%D0%B0%D0%B4%D0%B8.jpg;CC BY-SA 4.0;angle,day
images/real/real_3f32218a62.jpg;416AEP02;other;241.9,607.1,156.4,70.8;247.7,607.1,398.3,626.3,394.9,677.8,241.9,656.5;1;0;https://commons.wikimedia.org/wiki/File%3A%D0%90%D0%BB%D0%BC%D0%B0%D1%82%D1%8B%2C_Lada_Vesta_%D0%BD%D0%B0_%D0%9A%D0%B0%D1%80%D0%B8%D0%BC%D0%BE%D0%B2%D0%B0.jpg;CC BY-SA 4.0;day
images/real/real_7445a5906f.jpg;013ATJ17;other;293.0,581.3,120.3,33.2;293.0,581.4,411.4,581.3,413.3,613.0,293.5,614.5;1;0;https://commons.wikimedia.org/wiki/File%3A%D0%90%D0%BB%D0%BC%D0%B0%D1%82%D1%8B%2C_Mazda_RX-8_%D0%BD%D0%B0_%D0%9A%D0%B0%D1%80%D0%B8%D0%BC%D0%BE%D0%B2%D0%B0.jpg;CC BY-SA 4.0;day
images/real/real_218039975a.jpg;666ALD02;other;1191.7,616.1,149.5,63.5;1191.7,637.8,1340.5,616.1,1341.2,658.0,1192.1,679.6;1;0;https://commons.wikimedia.org/wiki/File%3A%D0%90%D0%BB%D0%BC%D0%B0%D1%82%D1%8B%2C_Mercedes-AMG_GT3_%D0%BD%D0%B0_%D0%9A%D1%83%D0%BB%D1%8B%D0%BC%D0%B1%D0%B5%D1%82%D0%BE%D0%B2%D0%B0_%281%29.jpg;CC BY-SA 4.0;day
images/real/real_f149922273.jpg;666ALD02;other;173.7,682.1,133.0,65.8;178.6,682.1,306.7,704.7,301.9,747.9,173.7,723.6;1;0;https://commons.wikimedia.org/wiki/File%3A%D0%90%D0%BB%D0%BC%D0%B0%D1%82%D1%8B%2C_Mercedes-AMG_GT3_%D0%BD%D0%B0_%D0%9A%D1%83%D0%BB%D1%8B%D0%BC%D0%B1%D0%B5%D1%82%D0%BE%D0%B2%D0%B0_%282%29.jpg;CC BY-SA 4.0;day
images/real/real_ca3c1f781f.jpg;624BTV02;other;263.1,617.6,216.5,63.4;263.1,622.8,478.3,617.6,479.6,680.0,263.8,681.0;1;0;https://commons.wikimedia.org/wiki/File%3A%D0%90%D0%BB%D0%BC%D0%B0%D1%82%D1%8B%2C_Mitsubishi_Eclipse_%D0%B2%D0%BE_%D0%B4%D0%B2%D0%BE%D1%80%D0%B5_%D0%9F%D0%B0%D0%BD%D1%84%D0%B8%D0%BB%D0%BE%D0%B2%D0%B0_114.jpg;CC BY-SA 4.0;day
images/real/real_25634a23dd.jpg;A175EHO;other;232.1,613.8,124.3,70.6;238.0,613.8,356.3,636.2,356.3,684.4,232.1,662.7;1;0;https://commons.wikimedia.org/wiki/File%3A%D0%90%D0%BB%D0%BC%D0%B0%D1%82%D1%8B%2C_Mitsubishi_Pajero_%D0%B2%D0%BE_%D0%B4%D0%B2%D0%BE%D1%80%D0%B5_%D0%9A%D0%B0%D0%B7%D1%8B%D0%B1%D0%B5%D0%BA_%D0%B1%D0%B8-%D0%9D%D0%B0%D1%83%D1%80%D1%8B%D0%B7%D0%B1%D0%B0%D0%B9_%D0%B1%D0%B0%D1%82%D1%8B%D1%80%D0%B0.jpg;CC BY-SA 4.0;angle,day
images/real/real_c73374b9b0.jpg;516BF05;other;550.2,617.6,133.2,38.7;550.9,617.6,683.3,620.6,683.4,656.2,550.2,652.2;1;0;https://commons.wikimedia.org/wiki/File%3A%D0%9C%D0%B5%D0%B4%D0%B5%D0%BE%2C_%D0%A3%D0%90%D0%97_Patriot_%D0%BD%D0%B0_%D0%BF%D0%BB%D0%BE%D1%82%D0%B8%D0%BD%D0%B5.jpg;CC BY-SA 4.0;day
images/real/real_ad7cf526c7.jpg;187ALS01;other;328.8,676.7,255.1,87.8;333.8,676.7,581.4,688.5,583.8,764.5,328.8,746.5;1;0;https://commons.wikimedia.org/wiki/File%3A%D0%90%D0%BB%D0%BC%D0%B0%D1%82%D1%8B%2C_Tank_300_%D0%BD%D0%B0_%D0%9A%D0%B0%D1%80%D0%B8%D0%BC%D0%BE%D0%B2%D0%B0.jpg;CC BY-SA 4.0;day
images/real/real_2f62641ddd.jpg;960AVK02;other;1236.3,558.3,128.6,60.8;1236.3,579.3,1358.6,558.3,1364.9,598.4,1236.9,619.1;1;0;https://commons.wikimedia.org/wiki/File%3A%D0%90%D0%BB%D0%BC%D0%B0%D1%82%D1%8B%2C_Tesla_Model_3_%D0%BD%D0%B0_%D0%9A%D0%B0%D1%80%D0%B8%D0%BC%D0%BE%D0%B2%D0%B0.jpg;CC BY-SA 4.0;angle,day
images/real/real_d9a860d47e.jpg;639APU02;other;1308.2,536.8,109.7,58.5;1308.2,554.1,1412.7,536.8,1417.8,577.2,1310.2,595.3;1;0;https://commons.wikimedia.org/wiki/File%3A%D0%90%D0%BB%D0%BC%D0%B0%D1%82%D1%8B%2C_Tesla_Model_Y_%D0%BD%D0%B0_%D0%9A%D0%B0%D1%80%D0%B8%D0%BC%D0%BE%D0%B2%D0%B0.jpg;CC BY-SA 4.0;day
images/real/real_c6d52af015.jpg;681AHN02;other;148.8,635.3,56.8,44.8;153.5,635.3,205.6,651.7,203.7,680.2,148.8,662.5;1;0;https://commons.wikimedia.org/wiki/File%3A%D0%90%D0%BB%D0%BC%D0%B0%D1%82%D1%8B%2C_Toyota_Land_Cruiser_78_%D0%BD%D0%B0_%D0%9A%D1%83%D0%BB%D1%8B%D0%BC%D0%B1%D0%B5%D1%82%D0%BE%D0%B2%D0%B0-%D0%9A%D0%B0%D1%80%D0%B8%D0%BC%D0%BE%D0%B2%D0%B0.jpg;CC BY-SA 4.0;angle,day
images/real/real_7b933558e5.jpg;A370TE799;type1;472.1,525.8,194.1,65.1;475.2,525.8,666.2,542.3,663.9,590.8,472.1,575.4;1;0;https://commons.wikimedia.org/wiki/File%3A%D0%90%D0%BB%D0%BC%D0%B0%D1%82%D1%8B%2C_Toyota_Land_Cruiser_Prado_%D0%BD%D0%B0_%D0%BF%D0%BB%D0%BE%D1%89%D0%B0%D0%B4%D0%B8_%D0%90%D0%B1%D0%B0%D1%8F.jpg;CC BY-SA 4.0;day
images/real/real_7b933558e5.jpg;235AWF05;other;1448.8,417.3,83.4,22.3;1457.0,417.3,1527.0,421.0,1532.2,439.7,1448.8,435.8;1;0;https://commons.wikimedia.org/wiki/File%3A%D0%90%D0%BB%D0%BC%D0%B0%D1%82%D1%8B%2C_Toyota_Land_Cruiser_Prado_%D0%BD%D0%B0_%D0%BF%D0%BB%D0%BE%D1%89%D0%B0%D0%B4%D0%B8_%D0%90%D0%B1%D0%B0%D1%8F.jpg;CC BY-SA 4.0;angle,day
images/real/real_9824e2b3af.jpg;608ARQ02;other;456.1,627.4,243.5,65.4;456.1,627.4,699.6,636.4,696.5,692.8,458.3,686.9;1;0;https://commons.wikimedia.org/wiki/File%3A%D0%90%D0%BB%D0%BC%D0%B0%D1%82%D1%8B%2C_Volkswagen_ID.6_%D0%BD%D0%B0_%D0%9C%D0%B0%D0%BA%D0%B0%D1%82%D0%B0%D0%B5%D0%B2%D0%B0.jpg;CC BY-SA 4.0;day
images/real/real_97311f6d57.jpg;888CVA02;other;1176.6,488.3,165.4,66.9;1176.6,502.2,1337.8,488.3,1342.0,541.5,1178.6,555.2;1;0;https://commons.wikimedia.org/wiki/File%3A%D0%90%D0%BB%D0%BC%D0%B0%D1%82%D1%8B%2C_Zeekr_007_%D0%BD%D0%B0_%D0%9C%D0%B0%D0%BA%D0%B0%D1%82%D0%B0%D0%B5%D0%B2%D0%B0.jpg;CC BY-SA 4.0;day
images/real/real_e7ae449c80.jpg;A426AA94;type1;866.9,740.0,342.9,249.7;879.4,740.0,1209.8,878.8,1185.8,989.7,866.9,841.0;1;0;https://commons.wikimedia.org/wiki/File%3A%D0%90%D0%B2%D1%82%D0%BE%D0%BC%D0%BE%D0%B1%D0%B8%D0%BB%D0%B8_%D0%B2_%D0%91%D0%B0%D0%B9%D0%BA%D0%BE%D0%BD%D1%83%D1%80%D0%B5.jpg;CC BY-SA 4.0;angle,day
images/real/real_e7ae449c80.jpg;E711AA94;type1;265.9,392.3,181.2,51.9;265.9,392.3,442.7,396.9,447.1,444.2,266.6,444.2;1;0;https://commons.wikimedia.org/wiki/File%3A%D0%90%D0%B2%D1%82%D0%BE%D0%BC%D0%BE%D0%B1%D0%B8%D0%BB%D0%B8_%D0%B2_%D0%91%D0%B0%D0%B9%D0%BA%D0%BE%D0%BD%D1%83%D1%80%D0%B5.jpg;CC BY-SA 4.0;day
images/real/real_b2d19203da.jpg;276APJ05;other;1174.7,584.8,93.5,54.4;1174.7,593.2,1267.1,584.8,1268.2,630.4,1175.7,639.2;1;0;https://commons.wikimedia.org/wiki/File%3A%D0%A2%D0%B0%D0%BB%D0%B3%D0%B0%D1%80%2C_%D0%B0%D0%B2%D1%82%D0%BE%D0%B1%D1%83%D1%81_%D0%BD%D0%B0_%D0%9A%D1%83%D0%BD%D0%B0%D0%B5%D0%B2%D0%B0.jpg;CC BY-SA 4.0;day
images/real/real_fee2b6e0a5.jpg;7736#1;other;319.5,300.8,62.7,18.9;320.2,300.8,381.4,304.9,382.2,319.7,319.5,316.6;1;0;https://commons.wikimedia.org/wiki/File%3A%D0%9F%D0%BE%D0%B6%D0%B5%D0%B6%D0%B0_%D0%B2_%D0%9E%D0%B4%D0%B5%D1%81%D1%8C%D0%BA%D1%96%D0%B9_%D0%BF%D1%81%D0%B8%D1%85%D0%BB%D1%96%D0%BA%D0%B0%D1%80%D0%BD%D1%96.jpg;CC BY-SA 4.0;day,dirt
images/real/real_c36f205edd.jpg;30W274VA;other;836.3,772.2,72.2,17.7;836.3,772.2,908.5,773.8,908.5,789.8,837.2,789.4;1;0;https://commons.wikimedia.org/wiki/File%3A%D0%A1%D0%B0%D0%BC%D0%B0%D1%80%D0%BA%D0%B0%D0%BD%D0%B4%2C_%D0%9C%D0%90%D0%97_%D0%BD%D0%B0_%D0%91%D0%B5%D1%80%D1%83%D0%BD%D0%B8.jpg;CC BY-SA 4.0;day
images/real/real_8ace89df85.jpg;846BA09;other;931.0,1139.7,171.5,89.4;931.0,1185.3,1091.1,1139.7,1102.5,1184.7,937.1,1229.1;1;0;https://commons.wikimedia.org/wiki/File%3A%D0%A0%D0%B5%D0%B0%D0%BD%D0%B8%D0%BC%D0%B0%D1%86%D0%B8%D0%BE%D0%BD%D0%BD%D1%8B%D0%B9_%D0%B0%D0%B2%D1%82%D0%BE%D0%BC%D0%BE%D0%B1%D0%B8%D0%BB%D1%8C.jpg;CC0;day,dirt
images/real/real_a939fd039f.jpg;T969MH790;type1;658.0,659.2,146.3,38.0;658.0,663.8,801.2,659.2,804.3,692.0,658.7,697.2;1;0;https://commons.wikimedia.org/wiki/File%3A%D0%90%D0%BB%D0%BC%D0%B0%D1%82%D1%8B%2C_%D0%A2%D0%B0%D0%B3%D0%90%D0%97%D1%8B_%D0%BD%D0%B0_%D0%A8%D0%B0%D0%B3%D0%B0%D0%B1%D1%83%D1%82%D0%B4%D0%B8%D0%BD%D0%BE%D0%B2%D0%B0.jpg;CC BY-SA 4.0;day,glare
images/real/real_a939fd039f.jpg;K025PM198;type1;1344.5,631.6,108.7,40.2;1344.5,640.8,1449.7,631.6,1453.2,659.3,1345.8,671.8;1;0;https://commons.wikimedia.org/wiki/File%3A%D0%90%D0%BB%D0%BC%D0%B0%D1%82%D1%8B%2C_%D0%A2%D0%B0%D0%B3%D0%90%D0%97%D1%8B_%D0%BD%D0%B0_%D0%A8%D0%B0%D0%B3%D0%B0%D0%B1%D1%83%D1%82%D0%B4%D0%B8%D0%BD%D0%BE%D0%B2%D0%B0.jpg;CC BY-SA 4.0;day,glare
images/real/real_1812271465.jpg;M231NRM;other;1203.2,864.0,54.5,16.1;1203.8,866.7,1257.4,864.0,1257.8,877.1,1203.2,880.1;1;0;https://commons.wikimedia.org/wiki/File%3A%D0%9A%D0%B8%D0%BD%D0%BE%D1%82%D0%B5%D0%B0%D1%82%D1%80_%D0%9B%D0%B5%D0%BD%D0%B8%D0%BD%D0%B0.JPG;CC BY-SA 3.0;day
images/real/real_1812271465.jpg;M233PRM;other;929.8,846.2,58.5,11.8;929.8,846.8,988.2,846.2,988.3,855.1,929.8,858.0;1;0;https://commons.wikimedia.org/wiki/File%3A%D0%9A%D0%B8%D0%BD%D0%BE%D1%82%D0%B5%D0%B0%D1%82%D1%80_%D0%9B%D0%B5%D0%BD%D0%B8%D0%BD%D0%B0.JPG;CC BY-SA 3.0;day,motion_blur
images/real/real_1812271465.jpg;M716PTM;other;585.6,852.0,59.8,11.8;585.6,854.1,645.3,852.0,644.6,862.3,585.9,863.8;1;0;https://commons.wikimedia.org/wiki/File%3A%D0%9A%D0%B8%D0%BD%D0%BE%D1%82%D0%B5%D0%B0%D1%82%D1%80_%D0%9B%D0%B5%D0%BD%D0%B8%D0%BD%D0%B0.JPG;CC BY-SA 3.0;day,motion_blur
images/real/real_a0778f703e.jpg;T969MH790;type1;1192.3,699.2,188.1,161.4;1197.7,816.7,1369.0,699.2,1380.4,765.9,1192.3,860.6;1;0;https://commons.wikimedia.org/wiki/File%3A%D0%90%D0%BB%D0%BC%D0%B0%D1%82%D1%8B%2C_%D0%A2%D0%B0%D0%B3%D0%90%D0%97_%D0%BD%D0%B0_%D0%A8%D0%B0%D0%B3%D0%B0%D0%B1%D1%83%D1%82%D0%B4%D0%B8%D0%BD%D0%BE%D0%B2%D0%B0.jpg;CC BY-SA 4.0;angle,day
images/real/real_19b40fc152.jpg;464AT;other;669.8,512.5,179.0,141.5;669.8,517.8,843.2,512.5,848.8,635.8,675.5,654.0;1;0;https://commons.wikimedia.org/wiki/File%3A%D0%9D%D0%BE%D0%BC%D0%B5%D1%80_%D0%94%D0%9D%D0%A0_%D0%B4%D0%BB%D1%8F_%D0%B0%D0%B2%D1%82%D0%BE%D0%BC%D0%BE%D0%B1%D0%B8%D0%BB%D1%8C%D0%BD%D0%BE%D0%B3%D0%BE_%D0%BF%D1%80%D0%B8%D1%86%D0%B5%D0%BF%D0%B0.jpg;CC BY-SA 4.0;day
images/real/real_d30c95eab6.jpg;704FA02;other;876.7,678.5,101.8,27.0;876.7,678.5,978.6,680.2,976.5,705.5,876.8,703.4;1;0;https://commons.wikimedia.org/wiki/File%3A%D0%9C%D0%B5%D0%B4%D0%B5%D0%BE%2C_%D1%8D%D0%BB%D0%B5%D0%BA%D1%82%D1%80%D0%BE%D0%BC%D0%BE%D0%B1%D0%B8%D0%BB%D0%B8_%D0%BD%D0%B0_%D0%BF%D0%BB%D0%BE%D1%82%D0%B8%D0%BD%D0%B5.jpg;CC BY-SA 4.0;day
images/real/real_d70f98b809.jpg;T001116;other;494.0,334.5,575.8,438.0;512.0,334.5,1069.8,377.7,1054.7,772.5,494.0,723.0;1;0;https://commons.wikimedia.org/wiki/File%3A%D0%9D%D0%BE%D0%BC%D0%B5%D1%80_%D0%BC%D0%B0%D1%88%D0%B8%D0%BD%D1%8B_%D0%B4%D0%B8%D0%BF%D0%BF%D1%80%D0%B5%D0%B4%D1%81%D1%82%D0%B0%D0%B2%D0%B8%D1%82%D0%B5%D0%BB%D1%8C%D1%81%D1%82%D0%B2%D0%B0_%D0%B2_%D0%A0%D0%B5%D1%81%D0%BF%D1%83%D0%B1%D0%BB%D0%B8%D0%BA%D0%B5_%D0%9A%D0%B0%D0%B7%D0%B0%D1%85%D1%81%D1%82%D0%B0%D0%BD_%D0%B7%D0%B0%D0%BA%D1%80%D0%B5%D0%BF%D0%BB%D1%91%D0%BD%D0%BD%D0%BE%D0%B3%D0%BE_%D0%B7%D0%B0_%D1%82%D0%B5%D1%85%D0%BD%D0%B8%D1%87%D0%B5%D1%81%D0%BA%D0%B8%D0%BC_%D0%BF%D0%B5%D1%80%D1%81%D0%BE%D0%BD%D0%B0%D0%BB%D0%BE%D0%BC.JPG;CC0;day
images/real/real_c35c085995.jpg;H783497;other;452.7,483.3,800.4,174.6;452.7,483.3,1240.2,491.5,1253.1,657.9,461.3,630.7;1;0;https://commons.wikimedia.org/wiki/File%3A%D0%9D%D0%BE%D0%BC%D0%B5%D1%80_%D0%BC%D0%B0%D1%88%D0%B8%D0%BD%D1%8B_%D0%BF%D1%80%D0%B8%D0%BD%D0%B0%D0%B4%D0%BB%D0%B5%D0%B6%D0%B0%D1%89%D0%B5%D0%B9_%D1%81%D0%BE%D0%B2%D0%BC%D0%B5%D1%81%D1%82%D0%BD%D1%8B%D0%BC_%D0%BF%D1%80%D0%B5%D0%B4%D0%BF%D1%80%D0%B8%D1%8F%D1%82%D0%B8%D1%8F%D0%BC_%D0%B8%D0%BB%D0%B8_%D0%B8%D0%BD%D0%BE%D1%81%D1%82%D1%80%D0%B0%D0%BD%D0%BD%D1%8B%D0%BC_%D0%B3%D1%80%D0%B0%D0%B6%D0%B4%D0%B0%D0%BD%D0%B0%D0%BC.JPG;CC0;night
images/real/real_7a9e9516ef.jpg;976BVH02;other;610.5,774.5,118.8,28.2;610.5,774.5,729.2,775.7,728.3,802.8,610.6,799.6;1;0;https://commons.wikimedia.org/wiki/File%3A%D0%96%D0%B0%D0%BD%D0%B0%D1%82%D1%83%D1%80%D0%BC%D1%8B%D1%81%2C_%D1%83%D0%BB%D0%B8%D1%86%D0%B0_%D0%91%D0%B0%D0%B9%D1%81%D0%B5%D0%B8%D1%82%D0%BE%D0%B2%D0%BE%D0%B9.jpg;CC BY-SA 4.0;day
images/real/real_0837d0030d.jpg;T969MH790;type1;1020.2,660.7,90.4,36.2;1024.0,660.7,1110.6,675.5,1109.4,696.8,1020.2,681.5;1;0;https://commons.wikimedia.org/wiki/File%3A%D0%90%D0%BB%D0%BC%D0%B0%D1%82%D1%8B%2C_%D0%A2%D0%B0%D0%B3%D0%90%D0%97%D1%8B_%D0%BD%D0%B0_%D0%A0%D0%B0%D0%B9%D1%8B%D0%BC%D0%B1%D0%B5%D0%BA%D0%B0.jpg;CC BY-SA 4.0;day
images/real/real_0837d0030d.jpg;K025PM198;type1;123.8,643.6,134.4,49.5;129.5,643.6,256.7,658.2,258.2,693.1,123.8,680.8;1;0;https://commons.wikimedia.org/wiki/File%3A%D0%90%D0%BB%D0%BC%D0%B0%D1%82%D1%8B%2C_%D0%A2%D0%B0%D0%B3%D0%90%D0%97%D1%8B_%D0%BD%D0%B0_%D0%A0%D0%B0%D0%B9%D1%8B%D0%BC%D0%B1%D0%B5%D0%BA%D0%B0.jpg;CC BY-SA 4.0;angle,day
images/real/real_452a72e8cf.jpg;10N495YA;other;870.5,767.7,77.8,19.2;871.7,767.7,948.2,768.9,947.9,786.9,870.5,784.9;1;0;https://commons.wikimedia.org/wiki/File%3A%D0%A2%D0%B0%D1%88%D0%BA%D0%B5%D0%BD%D1%82%2C_%D0%9C%D0%B0%D0%BB%D0%B0%D1%8F_%D0%BA%D0%BE%D0%BB%D1%8C%D1%86%D0%B5%D0%B2%D0%B0%D1%8F_%D1%83_%D0%B2%D0%BE%D0%BA%D0%B7%D0%B0%D0%BB%D0%B0%2C_%D0%9C%D0%90%D0%97.jpg;CC BY-SA 4.0;day,glare
images/real/real_cabb5ee4b6.jpg;WE6245E;other;725.8,604.6,78.2,21.7;725.8,608.1,804.0,604.6,803.6,624.3,726.5,626.2;1;0;https://commons.wikimedia.org/wiki/File%3A%C5%81ada_2106_UA2.jpg;CC BY-SA 4.0;day
images/real/real_190a68c42a.jpg;AH4340BI;other;858.6,699.7,243.8,56.4;858.6,706.8,1096.9,699.7,1102.4,744.5,858.8,756.1;1;0;https://commons.wikimedia.org/wiki/File%3A%D0%9F%D0%B5%D1%80%D0%B5%D1%85%D1%96%D0%B4_%D1%86%D0%B8%D0%B2%D1%96%D0%BB%D1%8C%D0%BD%D0%B8%D1%85_%D0%BE%D1%81%D1%96%D0%B1_%D1%87%D0%B5%D1%80%D0%B5%D0%B7_%D0%BB%D1%96%D0%BD%D1%96%D1%8E_%D1%84%D1%80%D0%BE%D0%BD%D1%82%D1%83_copyright-_UNICEF_Ukraine-2015-A.Filippov_%2824700273601%29.jpg;CC BY 2.0;day
images/real/real_541326c2da.jpg;O956BB777;type1;171.8,717.1,59.5,13.9;171.8,718.5,231.3,717.1,230.7,730.2,172.2,731.0;1;0;https://commons.wikimedia.org/wiki/File%3A20160803_112638_August_2016_in_Moscow.jpg;CC0;day,dirt
images/real/real_ed25b6214e.jpg;H799TB797;type1;689.6,890.9,109.6,24.5;690.6,890.9,798.3,893.7,799.2,915.4,689.6,913.4;1;0;https://commons.wikimedia.org/wiki/File%3A2025-09-21_Moscow_marathon%2C_roadblocks%2C_trucks_41.jpg;CC0;day
images/real/real_ed25b6214e.jpg;Y319BC977;type1;1151.6,879.7,114.0,23.7;1151.9,879.9,1265.4,879.7,1265.6,903.4,1151.6,902.4;1;0;https://commons.wikimedia.org/wiki/File%3A2025-09-21_Moscow_marathon%2C_roadblocks%2C_trucks_41.jpg;CC0;day
images/real/real_297508caab.jpg;O921XA797;type1;480.9,601.1,83.6,22.8;481.7,604.8,564.0,601.1,564.5,618.8,480.9,623.8;1;0;https://commons.wikimedia.org/wiki/File%3A2026-06-27_Moscow_electric_vehicle_parade%2C_riding_41_UMO_5.jpg;CC0;day
images/real/real_297508caab.jpg;O177XT797;type1;1056.4,716.0,126.8,33.4;1056.4,720.1,1176.1,716.0,1183.2,743.7,1062.1,749.4;1;0;https://commons.wikimedia.org/wiki/File%3A2026-06-27_Moscow_electric_vehicle_parade%2C_riding_41_UMO_5.jpg;CC0;angle,day
images/real/real_9dee2b5b0d.jpg;K605CK797;type1;1248.9,713.5,144.6,35.4;1248.9,720.3,1390.8,713.5,1393.5,743.6,1251.9,748.9;1;0;https://commons.wikimedia.org/wiki/File%3A2026-06-27_Moscow_electric_vehicle_parade%2C_riding_42_UMO_5.jpg;CC0;day
images/real/real_9dee2b5b0d.jpg;K843YX797;type1;795.9,579.8,88.1,22.8;796.5,582.8,883.2,579.8,884.0,599.6,795.9,602.5;1;0;https://commons.wikimedia.org/wiki/File%3A2026-06-27_Moscow_electric_vehicle_parade%2C_riding_42_UMO_5.jpg;CC0;day
images/real/real_9dee2b5b0d.jpg;P157YK797;type1;507.2,516.1,55.5,15.5;507.2,520.7,562.2,516.1,562.7,528.2,507.6,531.6;1;0;https://commons.wikimedia.org/wiki/File%3A2026-06-27_Moscow_electric_vehicle_parade%2C_riding_42_UMO_5.jpg;CC0;day
images/real/real_1b758f64f0.jpg;K605CK797;type1;893.5,657.4,243.7,69.3;893.5,672.2,1134.7,657.4,1137.2,712.8,895.4,726.7;1;0;https://commons.wikimedia.org/wiki/File%3A2026-06-27_Moscow_electric_vehicle_parade%2C_riding_43_UMO_5.jpg;CC0;day
images/real/real_4d848608e6.jpg;K843YX797;type1;927.6,644.8,222.3,66.4;927.6,657.2,1143.8,644.8,1149.8,697.6,928.9,711.2;1;0;https://commons.wikimedia.org/wiki/File%3A2026-06-27_Moscow_electric_vehicle_parade%2C_riding_44_UMO_5.jpg;CC0;day
images/real/real_89072883b8.jpg;K774YX797;type1;790.2,638.0,183.3,46.3;790.3,640.8,970.2,638.0,973.6,679.8,790.2,684.3;1;0;https://commons.wikimedia.org/wiki/File%3A2026-06-27_Moscow_electric_vehicle_parade%2C_riding_45_UMO_5.jpg;CC0;day
images/real/real_89072883b8.jpg;C840MT977;type1;1460.8,585.9,138.2,41.1;1461.1,589.2,1596.4,585.9,1599.0,622.1,1460.8,627.0;1;0;https://commons.wikimedia.org/wiki/File%3A2026-06-27_Moscow_electric_vehicle_parade%2C_riding_45_UMO_5.jpg;CC0;day
images/real/real_89072883b8.jpg;K832CE797;type1;98.5,506.7,79.3,25.2;98.9,513.0,177.2,506.7,177.8,525.9,98.5,531.9;1;0;https://commons.wikimedia.org/wiki/File%3A2026-06-27_Moscow_electric_vehicle_parade%2C_riding_45_UMO_5.jpg;CC0;day
images/real/real_e468f5dc31.jpg;M778EB977;type1;498.2,816.2,81.6,25.9;498.6,818.7,579.2,816.2,579.8,838.1,498.2,842.2;1;0;https://commons.wikimedia.org/wiki/File%3AAuto_Chery_Tiggo_7_Moscow_Bolotnikovskaya_Street_2025-02_1135.JPG;CC BY 4.0;day
images/real/real_f6e0796921.jpg;M778EB977;type1;329.3,779.2,213.3,60.1;329.3,787.8,537.7,779.2,542.7,826.7,335.5,839.2;1;0;https://commons.wikimedia.org/wiki/File%3AAuto_Chery_Tiggo_7_Moscow_Bolotnikovskaya_Street_2025-02_1136.JPG;CC BY 4.0;day
images/real/real_caa9810ec0.jpg;C473OM797;type1;1345.8,846.7,128.0,40.8;1345.8,852.2,1472.8,846.7,1473.8,882.3,1345.9,887.5;1;0;https://commons.wikimedia.org/wiki/File%3AAuto_Haval_Jolion_Moscow_Bolotnikovskaya_Street_%D0%9C473%D0%9E%D0%9C797_2025-02_1116.jpg;CC BY 4.0;day
images/real/real_a6161724ce.jpg;T751KO799;type1;205.4,850.2,144.2,55.7;207.2,850.2,348.7,861.7,349.7,905.9,205.4,897.1;1;0;https://commons.wikimedia.org/wiki/File%3ACargo_taxi.jpg;CC BY-SA 3.0;day
images/real/real_032d33394a.jpg;O434OB797;type1;388.7,718.3,153.2,76.6;393.8,718.3,541.9,742.4,538.3,794.9,388.7,766.5;1;0;https://commons.wikimedia.org/wiki/File%3AChery_Tiggo_Pro_7_Taxi.jpg;CC BY-SA 4.0;day
images/real/real_032d33394a.jpg;C323TM150;type1;1367.0,454.2,105.9,27.8;1367.6,454.2,1472.2,458.5,1472.9,482.0,1367.0,477.7;1;0;https://commons.wikimedia.org/wiki/File%3AChery_Tiggo_Pro_7_Taxi.jpg;CC BY-SA 4.0;day
images/real/real_032d33394a.jpg;H655XT799;type1;255.8,494.5,81.2,30.4;257.0,494.5,336.2,499.0,337.1,524.9,255.8,521.4;1;0;https://commons.wikimedia.org/wiki/File%3AChery_Tiggo_Pro_7_Taxi.jpg;CC BY-SA 4.0;day
images/real/real_8e29caa1c0.jpg;#607YM702;type1;11.9,557.9,44.9,11.8;12.2,560.1,56.8,557.9,56.2,568.1,11.9,569.7;1;0;https://commons.wikimedia.org/wiki/File%3AFord_Transit_%D0%9C%D0%93%D0%A2_%D1%81%D0%BE%D1%86%D0%B8%D0%B0%D0%BB%D1%8C%D0%BD%D0%BE%D0%B5_%D1%82%D0%B0%D0%BA%D1%81%D0%B8_%D0%9E%D1%81%D1%82%D1%80%D0%BE%D0%B2_%D0%9C%D0%B5%D1%87%D1%82%D1%8B_01.jpg;CC BY-SA 4.0;day,motion_blur
images/real/real_ceed640724.jpg;P593AA50;type1;1465.8,711.1,115.0,45.1;1468.4,711.1,1580.8,732.3,1579.7,756.2,1465.8,736.2;1;0;https://commons.wikimedia.org/wiki/File%3AFord_Transit_%D0%9C%D0%93%D0%A2_%D1%81%D0%BE%D1%86%D0%B8%D0%B0%D0%BB%D1%8C%D0%BD%D0%BE%D0%B5_%D1%82%D0%B0%D0%BA%D1%81%D0%B8_%D0%9E%D1%81%D1%82%D1%80%D0%BE%D0%B2_%D0%9C%D0%B5%D1%87%D1%82%D1%8B_05.jpg;CC BY-SA 4.0;angle,day
images/real/real_9ac6a22250.jpg;E402YB77;type1;491.6,1012.2,411.5,80.2;491.6,1012.2,903.1,1025.9,901.2,1092.4,501.3,1078.4;1;0;https://commons.wikimedia.org/wiki/File%3AGAZ-24-10_as_Moscow_taxi_02.jpg;CC BY-SA 4.0;angle,day
images/real/real_994d0d2297.jpg;O808EY72;type1;776.1,587.1,83.4,37.4;778.2,587.1,859.5,599.3,857.8,624.5,776.1,612.3;1;0;https://commons.wikimedia.org/wiki/File%3AHipodromo_en_Tjumeno_01.jpg;CC BY 4.0;day
images/real/real_864221df0a.jpg;P576KX178;type1;1315.2,773.9,139.8,73.6;1315.2,799.1,1450.7,773.9,1455.0,824.4,1318.9,847.5;1;0;https://commons.wikimedia.org/wiki/File%3ALada_VAZ-2105_Taxi_in_Sankt_Petersburg_05.08.2019.jpg;CC BY-SA 4.0;day
images/real/real_16fae07aa5.jpg;O150HY799;type1;684.0,542.5,80.6,31.7;684.0,556.2,762.5,542.5,764.6,559.1,685.2,574.2;1;0;https://commons.wikimedia.org/wiki/File%3ALiAZ-6274_electrobus_and_%C5%A0koda_Rapid_as_Taxi.jpg;CC BY-SA 4.0;day
images/real/real_2c4635422f.jpg;K817HP797;type1;211.2,588.2,165.5,68.9;215.8,588.2,376.8,606.4,376.6,657.1,211.2,641.5;1;0;https://commons.wikimedia.org/wiki/File%3AMoscow_-_2025_-_White-orange_CityDrive_carsharing.jpg;CC BY 4.0;day,glare
images/real/real_3cc7708a2c.jpg;B383CB797;type1;1072.8,740.8,236.7,61.2;1073.2,747.8,1307.2,740.8,1309.5,795.9,1072.8,802.1;1;0;https://commons.wikimedia.org/wiki/File%3AMoscow_-_2026_-_Taxi_on_Sofiyskaya_embankment.jpg;CC BY 4.0;day,glare
images/real/real_3cc7708a2c.jpg;H542EY797;type1;1290.9,428.6,113.1,29.3;1290.9,433.7,1404.0,428.6,1403.9,455.1,1291.4,457.9;1;0;https://commons.wikimedia.org/wiki/File%3AMoscow_-_2026_-_Taxi_on_Sofiyskaya_embankment.jpg;CC BY 4.0;day,glare
images/real/real_ad7dc3ef8d.jpg;A904HM62;type1;213.6,592.3,264.1,77.0;214.5,592.3,477.7,607.8,474.6,669.3,213.6,654.0;1;0;https://commons.wikimedia.org/wiki/File%3AMoscow_-_June_2026_-_Yellow_KIA_Taxi.jpg;CC BY 4.0;day
images/real/real_1ce4582b93.jpg;B010MT199;type1;1015.8,882.0,303.0,89.2;1015.8,900.4,1313.2,882.0,1318.8,951.1,1020.8,971.2;1;0;https://commons.wikimedia.org/wiki/File%3AMoscow%2C_1st_Novokuznetsky%2C_Kia_Ceed_SW_taxi_2022-05-08.jpg;CC0;day
images/real/real_ce46a03fd9.jpg;EA267H;other;659.8,1262.0,103.6,106.5;663.8,1262.0,763.4,1272.7,759.0,1368.5,659.8,1354.6;0;0;https://commons.wikimedia.org/wiki/File%3AMoscow_2025-08-10_bicycle_race%2C_sidewalk_05.jpg;CC0;day
images/real/real_79606f2a33.jpg;E218BB797;type1;370.0,1348.9,108.3,35.1;371.6,1348.9,478.2,1354.0,477.4,1384.0,370.0,1377.0;1;0;https://commons.wikimedia.org/wiki/File%3AMoscow%2C_A.Solzhenitsyna_31%2C33_Hyundai_Solaris_taxi_2022-05-12.jpg;CC0;day
images/real/real_fec8f3ec0e.jpg;KA483T;other;118.1,1295.4,30.6,27.8;118.1,1297.3,148.7,1295.4,147.6,1322.2,119.5,1323.3;0;0;https://commons.wikimedia.org/wiki/File%3AMoscow%2C_Avtozavodskaya_18%2C_April_2025_02.jpg;CC0;day,motion_blur
images/real/real_174e709706.jpg;A757HH977;type1;95.4,667.5,66.4,55.5;99.7,667.5,161.8,677.1,160.1,723.0,95.4,707.9;1;0;https://commons.wikimedia.org/wiki/File%3AMoscow%2C_BYD_Atto_3_taxi%2C_Sept_2026_03.jpg;CC0;angle,day,glare
images/real/real_909731329c.jpg;O043YP799;type1;616.2,1296.8,67.1,15.0;617.0,1296.8,683.3,1297.4,683.3,1311.2,616.2,1311.8;1;0;https://commons.wikimedia.org/wiki/File%3AMoscow%2C_Bakhrushina_10_July_2022_01.jpg;CC0;day
images/real/real_c2b6fd50cd.jpg;O043YP799;type1;534.6,1203.2,59.1,14.2;536.4,1203.2,593.7,1203.9,593.0,1217.4,534.6,1217.3;1;0;https://commons.wikimedia.org/wiki/File%3AMoscow%2C_Bakhrushina_10_July_2022_02.jpg;CC0;day
images/real/real_c2b6fd50cd.jpg;H475AY772;type1;907.6,1154.7,37.5,11.0;907.8,1155.8,945.0,1154.7,945.1,1164.8,907.6,1165.8;1;0;https://commons.wikimedia.org/wiki/File%3AMoscow%2C_Bakhrushina_10_July_2022_02.jpg;CC0;day
images/real/real_631290aa3b.jpg;E439KM164;type1;194.0,1112.2,123.7,27.4;194.5,1112.2,316.4,1113.0,317.7,1138.2,194.0,1139.5;1;0;https://commons.wikimedia.org/wiki/File%3AMoscow%2C_Bakhrushina_11-48_May_2022_01.jpg;CC0;day
images/real/real_3b8f0d5475.jpg;C838CK797;type1;1370.4,688.5,119.4,65.8;1370.4,715.9,1486.2,688.5,1489.8,724.8,1372.5,754.3;1;0;https://commons.wikimedia.org/wiki/File%3AMoscow%2C_Beijing_X7_taxi%2C_Mar_2026_01.jpg;CC0;angle,day
images/real/real_e934f6718e.jpg;A750CA797;type1;352.5,686.8,163.0,39.5;352.5,687.8,515.0,686.8,515.5,725.2,354.4,726.3;1;0;https://commons.wikimedia.org/wiki/File%3AMoscow%2C_Belgee_Coolray_taxi%2C_Feb_2026_0.jpg;CC0;day
images/real/real_1b096e06ab.jpg;T520CE797;type1;1182.5,524.7,164.6,61.5;1182.5,537.0,1343.3,524.7,1347.1,571.9,1184.5,586.2;1;0;https://commons.wikimedia.org/wiki/File%3AMoscow%2C_Belgee_Coolray_taxi%2C_Oct_2025_01.jpg;CC0;day
images/real/real_c421c134de.jpg;A123XM797;type1;1205.7,657.0,192.8,51.3;1208.2,660.1,1396.5,657.0,1398.4,706.7,1205.7,708.3;1;0;https://commons.wikimedia.org/wiki/File%3AMoscow%2C_Belgee_Coolray_taxi%2C_Sept_2025_01.jpg;CC0;day
images/real/real_5d16f0f61c.jpg;M776KC977;type1;1427.6,313.9,158.5,38.8;1431.8,313.9,1583.2,317.3,1586.1,352.7,1427.6,351.1;1;0;https://commons.wikimedia.org/wiki/File%3AMoscow%2C_Belgee_Coolray_taxi%2C_Sept_2025_02.jpg;CC0;day
images/real/real_5d16f0f61c.jpg;H668YE797;type1;371.3,508.4,205.0,58.5;371.3,508.4,575.7,512.6,576.3,566.9,372.5,564.8;1;0;https://commons.wikimedia.org/wiki/File%3AMoscow%2C_Belgee_Coolray_taxi%2C_Sept_2025_02.jpg;CC0;day
images/real/real_63ecc12a0e.jpg;E983TA797;type1;181.6,685.4,147.3,49.3;183.0,685.4,328.8,693.0,326.8,734.8,181.6,726.7;1;0;https://commons.wikimedia.org/wiki/File%3AMoscow%2C_Bestune_B70_taxi%2C_Aug_2025_01.jpg;CC0;day,glare
images/real/real_72210b2bed.jpg;T412TY797;type1;364.6,533.1,207.4,52.2;364.6,534.3,572.0,533.1,571.4,583.5,365.6,585.3;1;0;https://commons.wikimedia.org/wiki/File%3AMoscow%2C_Bestune_T77_as_taxi%2C_July_2025_01.jpg;CC0;day
images/real/real_53196849c7.jpg;PA14777;type1b;1063.7,1156.6,187.8,63.2;1063.7,1177.9,1245.0,1156.6,1251.4,1199.9,1067.6,1219.8;1;0;https://commons.wikimedia.org/wiki/File%3AMoscow%2C_Botkin_Hospital_-_social_taxi_April_2025_22.jpg;CC0;day,dirt
images/real/real_53196849c7.jpg;K503KB777;type1;84.3,1005.9,102.8,29.3;84.3,1012.4,185.4,1005.9,187.1,1028.2,85.2,1035.2;1;0;https://commons.wikimedia.org/wiki/File%3AMoscow%2C_Botkin_Hospital_-_social_taxi_April_2025_22.jpg;CC0;day
images/real/real_0676b4fa9c.jpg;X802BK550;type1;310.3,648.8,181.9,41.8;310.3,652.4,489.4,648.8,492.2,687.2,310.4,690.6;1;0;https://commons.wikimedia.org/wiki/File%3AMoscow%2C_Changan_SUV_taxi%2C_Sept_2025_01-1.jpg;CC0;day
images/real/real_11fb0a9ee6.jpg;P491PO797;type1;1375.4,659.4,145.1,76.6;1375.4,678.4,1513.2,659.4,1520.5,715.7,1379.3,736.0;1;0;https://commons.wikimedia.org/wiki/File%3AMoscow%2C_Chery_7pro_taxi%2C_Aug_2025_01.jpg;CC0;day
images/real/real_1335e9d83d.jpg;P802KE977;type1;1095.3,627.8,196.7,58.1;1095.8,634.2,1288.4,627.8,1292.0,678.8,1095.3,685.8;1;0;https://commons.wikimedia.org/wiki/File%3AMoscow%2C_Chery_Arrizo_8_taxi%2C_Aug_2025_01.jpg;CC0;day
images/real/real_a136595a39.jpg;E321MH977;type1;223.0,666.2,144.2,66.2;227.6,666.2,367.2,697.1,362.6,732.5,223.0,702.3;1;0;https://commons.wikimedia.org/wiki/File%3AMoscow%2C_Chery_Arrizo_8_taxi%2C_Mar_2026_01.jpg;CC0;day,glare
images/real/real_f2e0a9defe.jpg;H396ET550;type1;167.2,687.2,117.2,59.7;171.4,687.2,284.4,709.9,279.2,746.8,167.2,720.9;1;0;https://commons.wikimedia.org/wiki/File%3AMoscow%2C_Chery_Tiggo7pro_taxi%2C_Aug_2025_02.jpg;CC0;day
images/real/real_0e4e21177d.jpg;KM34350;type1b;382.2,736.2,267.6,100.1;382.2,736.2,649.8,771.6,642.9,836.2,382.2,800.7;1;0;https://commons.wikimedia.org/wiki/File%3AMoscow%2C_Chery_Tiggo_4_taxi%2C_July_2025_01.jpg;CC0;day
images/real/real_8ae85fca5a.jpg;P257YK790;type1;1060.0,658.5,268.1,62.2;1060.0,663.2,1328.1,658.5,1325.6,717.2,1061.8,720.8;1;0;https://commons.wikimedia.org/wiki/File%3AMoscow%2C_Chery_Tiggo_7_taxi%2C_Sept_2025_01.jpg;CC0;day
images/real/real_1bb7036412.jpg;Y461EP550;type1a;413.0,766.7,60.6,47.2;413.0,766.7,472.2,770.7,473.6,813.9,414.0,810.2;1;0;https://commons.wikimedia.org/wiki/File%3AMoscow%2C_Chevrolet_Equinox_taxi%2C_May_2026_01.jpg;CC0;day
images/real/real_1bb7036412.jpg;A740TK199;type1;1413.3,707.1,104.8,29.1;1417.3,707.1,1517.6,710.8,1518.1,736.2,1413.3,731.2;1;0;https://commons.wikimedia.org/wiki/File%3AMoscow%2C_Chevrolet_Equinox_taxi%2C_May_2026_01.jpg;CC0;day
images/real/real_83880f27cc.jpg;Y461EP550;type1a;84.1,626.3,57.5,69.5;87.8,626.3,141.6,630.2,135.6,695.8,84.1,686.7;1;0;https://commons.wikimedia.org/wiki/File%3AMoscow%2C_Chevrolet_Equinox_taxi%2C_May_2026_02.jpg;CC0;day,dirt
images/real/real_bcfa2124bc.jpg;Y934KB44;type1;1075.9,595.8,233.9,52.2;1075.9,595.8,1307.9,598.8,1309.8,646.4,1077.5,647.9;1;0;https://commons.wikimedia.org/wiki/File%3AMoscow%2C_Citroen_C4_Picasso_%282nd_gen%29_taxi%2C_Aug_2025_01.jpg;CC0;day
images/real/real_15cfcab35d.jpg;H032CC40;type1;20.7,756.0,42.2,12.8;21.3,756.0,62.9,757.3,62.7,768.5,20.7,768.8;1;0;https://commons.wikimedia.org/wiki/File%3AMoscow%2C_Danilovsky_Val_13a_June_2024_09_%28DXO%29.jpg;CC0;day
images/real/real_18d7ebc7e0.jpg;X696BP550;type1;929.1,623.1,215.1,58.7;929.1,630.4,1142.0,623.1,1144.2,672.1,930.2,681.7;1;0;https://commons.wikimedia.org/wiki/File%3AMoscow%2C_Dongfeng_Aeolus_Shine_Max%2C_Aug_2025_04.jpg;CC0;day
images/real/real_d7051b79e1.jpg;X696BP550;type1;1162.7,576.7,115.4,36.2;1165.8,576.7,1270.8,578.0,1278.1,605.8,1162.7,613.0;1;0;https://commons.wikimedia.org/wiki/File%3AMoscow%2C_Dongfeng_Aeolus_Shine_Max%2C_Aug_2025_05.jpg;CC0;angle,day
images/real/real_fd437cfb08.jpg;X696BP550;type1;585.0,533.8,320.8,58.0;585.5,537.0,905.0,533.8,905.8,585.5,585.0,591.7;1;0;https://commons.wikimedia.org/wiki/File%3AMoscow%2C_Dongfeng_Aeolus_Shine_Max%2C_Aug_2025_06.jpg;CC0;day
images/real/real_549375d40c.jpg;X696BP550;type1;792.2,715.6,301.7,82.2;792.2,726.7,1092.4,715.6,1093.8,780.0,797.5,797.8;1;0;https://commons.wikimedia.org/wiki/File%3AMoscow%2C_Dongfeng_Aeolus_Shine_Max%2C_Aug_2025_08.jpg;CC0;day
images/real/real_1670d56e3f.jpg;C681TY69;type1;422.3,877.1,89.3,22.5;422.3,879.0,510.3,877.1,511.6,896.7,422.4,899.6;1;0;https://commons.wikimedia.org/wiki/File%3AMoscow%2C_Dubininskaya_11_tram_May_2022_01.jpg;CC0;day
images/real/real_b355d741dc.jpg;K588BM799;type1;924.1,805.4,96.2,26.4;925.8,805.4,1020.0,810.6,1020.3,831.8,924.1,826.3;1;0;https://commons.wikimedia.org/wiki/File%3AMoscow%2C_Dubininskaya_25_May_2022_03.jpg;CC0;day
images/real/real_c636943dcc.jpg;M793HB977;type1;1289.0,579.4,113.0,53.4;1289.0,588.0,1398.8,579.4,1402.0,622.4,1289.2,632.8;1;0;https://commons.wikimedia.org/wiki/File%3AMoscow%2C_Evolute_I-joy_new_taxi%2C_July_2026_01.jpg;CC0;day
images/real/real_f9b60568a5.jpg;M793HB977;type1;1273.6,593.7,121.5,46.1;1273.6,600.9,1391.9,593.7,1395.1,631.7,1276.4,639.8;1;0;https://commons.wikimedia.org/wiki/File%3AMoscow%2C_Evolute_I-joy_new_taxi%2C_July_2026_02.jpg;CC0;day
images/real/real_cf84a01427.jpg;E996YT797;type1;147.8,587.3,80.3,75.1;156.2,587.3,228.1,616.6,220.2,662.4,147.8,626.7;1;0;https://commons.wikimedia.org/wiki/File%3AMoscow%2C_Evolute_i-Pro_taxi_july_2025_01.jpg;CC0;angle,day
images/real/real_5925335cbe.jpg;M759BY250;type1;145.7,557.9,60.4,48.3;148.4,557.9,206.2,567.0,203.7,606.2,145.7,596.5;1;0;https://commons.wikimedia.org/wiki/File%3AMoscow%2C_Evolute_i-Space_taxi%2C_July_2026_01.jpg;CC0;day
images/real/real_f36d1717ce.jpg;B289PB797;type1;954.5,652.4,219.1,55.0;954.5,657.4,1169.8,652.4,1173.6,700.7,955.8,707.4;1;0;https://commons.wikimedia.org/wiki/File%3AMoscow%2C_Exeed_LX_taxi%2C_April_2025_01.jpg;CC0;day
images/real/real_3da19a7710.jpg;X702YX797;type1;187.9,753.2,215.7,61.3;190.0,753.2,403.6,765.2,402.0,814.5,187.9,802.2;1;0;https://commons.wikimedia.org/wiki/File%3AMoscow%2C_Exeed_VX_taxi%2C_June_2026_01.jpg;CC0;day
images/real/real_e9cdef69cd.jpg;E291CH08;type1;390.3,596.1,295.1,75.8;390.8,596.1,685.4,604.5,683.0,671.9,390.3,663.8;1;0;https://commons.wikimedia.org/wiki/File%3AMoscow%2C_FAW_Bestune_B70_taxi_with_Kalmykia_plates%2C_Aug_2025_01.jpg;CC0;day
images/real/real_4e20306a32.jpg;A219CM60;type1;246.0,548.5,179.5,44.8;251.9,548.5,424.2,556.0,425.5,593.2,246.0,587.3;1;0;https://commons.wikimedia.org/wiki/File%3AMoscow%2C_Ford_Galaxy_II_minivan_taxi_old%2C_May_2026_01.jpg;CC0;day
images/real/real_f94477a9f0.jpg;E738HM156;type1;237.3,650.0,156.8,51.8;237.3,659.9,393.3,650.0,394.2,695.6,238.2,701.8;1;0;https://commons.wikimedia.org/wiki/File%3AMoscow%2C_Ford_S-Max_%281st_gen%29_taxi%2C_Aug_2025_01.jpg;CC0;day
images/real/real_a80aa1a04b.jpg;C809EP550;type1;485.0,402.5,91.5,23.2;485.2,403.5,576.5,402.5,575.4,424.6,485.0,425.8;1;0;https://commons.wikimedia.org/wiki/File%3AMoscow%2C_Ford_Thunderbird_%28eleventh_gen%29_Oct_2025_02-1.jpg;CC0;day,glare
images/real/real_ac6b9d8e0a.jpg;E613YA777;type1;36.3,768.2,51.8,23.2;36.5,768.8,88.2,768.2,88.2,791.1,36.3,791.4;1;0;https://commons.wikimedia.org/wiki/File%3AMoscow%2C_Ford_Transit_Nizhegorodets_social_taxi%2C_Sept_2026_01.jpg;CC0;day,glare
images/real/real_ac6b9d8e0a.jpg;PA14977;type1b;1298.8,830.8,53.7,47.6;1298.8,843.5,1351.2,830.8,1352.5,866.7,1301.2,878.3;1;0;https://commons.wikimedia.org/wiki/File%3AMoscow%2C_Ford_Transit_Nizhegorodets_social_taxi%2C_Sept_2026_01.jpg;CC0;angle,day
images/real/real_d79c0e534d.jpg;X625MH37;type1;331.5,602.3,162.5,57.6;334.8,602.3,494.0,614.0,491.6,659.9,331.5,647.2;1;0;https://commons.wikimedia.org/wiki/File%3AMoscow%2C_Friedricha_Engelsa_23%2C_Chery_taxi%2C_Mar_2026_05.jpg;CC0;day,glare
images/real/real_0435fa3541.jpg;PT75477;type1b;1153.1,652.7,114.4,32.1;1153.1,653.6,1266.8,652.7,1267.5,683.6,1153.5,684.8;1;0;https://commons.wikimedia.org/wiki/File%3AMoscow%2C_Gazelle_Next_in_%27Social_Taxi%27_livery%2C_June_2025_01.jpg;CC0;day
images/real/real_e17408d9bd.jpg;PT74977;type1b;912.2,689.2,135.5,30.6;912.2,690.8,1047.8,689.2,1047.6,719.4,912.9,719.8;1;0;https://commons.wikimedia.org/wiki/File%3AMoscow%2C_Gazelle_Next_in_%27Social_Taxi%27_livery%2C_Sept_2025_01.jpg;CC0;day
images/real/real_217c54a3ed.jpg;E685KA977;type1;116.2,681.6,140.2,66.8;122.7,681.6,256.4,701.4,254.8,748.3,116.2,726.2;1;0;https://commons.wikimedia.org/wiki/File%3AMoscow%2C_Geely_Atlas_Pro_taxi%2C_Aug_2025_01.jpg;CC0;day
images/real/real_6dc492ed47.jpg;HE49877;type1b;263.3,514.9,155.6,47.0;263.3,514.9,418.9,519.7,418.4,561.9,264.5,557.2;1;0;https://commons.wikimedia.org/wiki/File%3AMoscow%2C_Geely_Atlas_Pro_taxi%2C_Aug_2025_03.jpg;CC0;day
images/real/real_c94506e972.jpg;E700OA77;type1;78.2,655.8,39.4,46.5;80.1,655.8,117.6,662.0,117.6,702.2,78.2,696.9;1;0;https://commons.wikimedia.org/wiki/File%3AMoscow%2C_Geely_Atlas_Pro_taxi%2C_Mar_2026_01.jpg;CC0;angle,day
images/real/real_30bf066f6c.jpg;C519KO40;type1;204.9,719.5,237.6,66.5;205.0,719.5,438.2,733.7,442.5,786.0,204.9,777.1;1;0;https://commons.wikimedia.org/wiki/File%3AMoscow%2C_Geely_Atlas_Pro_taxi%2C_Sept_2025_01.jpg;CC0;angle,day
images/real/real_e67ad6847e.jpg;E806OK77;type1;1383.8,404.8,64.9,43.8;1383.8,416.9,1446.0,404.8,1448.8,436.4,1387.0,448.7;1;0;https://commons.wikimedia.org/wiki/File%3AMoscow%2C_Geely_Emgrand_taxi%2C_Oct_2025_01.jpg;CC0;day
images/real/real_2e0b6db032.jpg;O200MK977;type1;1028.0,559.8,162.0,48.2;1029.2,561.0,1188.9,559.8,1190.0,608.0,1028.0,607.2;1;0;https://commons.wikimedia.org/wiki/File%3AMoscow%2C_Geely_Monjaro_taxi%2C_Sept_2025_01.jpg;CC0;day
images/real/real_39c0974998.jpg;H060PY797;type1;262.8,466.6,268.5,60.1;264.2,470.8,530.2,466.6,531.3,519.7,262.8,526.7;1;0;https://commons.wikimedia.org/wiki/File%3AMoscow%2C_Haval_F7_taxi%2C_Apr_2026_01.jpg;CC0;day,glare
images/real/real_63e3517ee9.jpg;H060PY797;type1;164.7,494.5,188.1,46.1;167.6,494.8,350.7,494.5,352.7,538.9,164.7,540.6;1;0;https://commons.wikimedia.org/wiki/File%3AMoscow%2C_Haval_F7_taxi%2C_Apr_2026_02.jpg;CC0;day,glare
images/real/real_90c1e97f35.jpg;C270TP797;type1;1067.7,698.5,199.9,65.5;1067.7,709.1,1266.9,698.5,1267.6,751.7,1070.3,764.0;1;0;https://commons.wikimedia.org/wiki/File%3AMoscow%2C_Haval_Jolion%2C_April_2025_20.jpg;CC0;day,glare
images/real/real_62ce4927c4.jpg;P252XH774;type1a;1310.6,507.1,62.7,35.9;1310.8,507.1,1373.2,508.0,1372.4,543.0,1310.6,541.7;1;0;https://commons.wikimedia.org/wiki/File%3AMoscow%2C_Haval_Jolion_taxi%2C_Mar_2026_01.jpg;CC0;day,glare
images/real/real_62ce4927c4.jpg;B798TT797;type1;249.3,613.0,142.5,61.4;253.2,613.0,391.8,627.0,383.9,674.4,249.3,659.1;1;0;https://commons.wikimedia.org/wiki/File%3AMoscow%2C_Haval_Jolion_taxi%2C_Mar_2026_01.jpg;CC0;day,glare
images/real/real_a275cbe7e9.jpg;P884TH797;type1;990.8,596.7,268.8,71.6;990.8,610.7,1258.8,596.7,1259.7,658.8,993.5,668.3;1;0;https://commons.wikimedia.org/wiki/File%3AMoscow%2C_Haval_Jolion_taxi%2C_May_2026_01.jpg;CC0;day
images/real/real_41bb75ac4e.jpg;A490BY797;type1;1442.5,444.2,87.0,29.6;1442.5,449.5,1528.2,444.2,1529.5,468.8,1442.9,473.8;1;0;https://commons.wikimedia.org/wiki/File%3AMoscow%2C_Hiphi_Z%2C_Skoda_Octavia_taxi%2C_Aug_2025_01.jpg;CC0;day
images/real/real_9d64d51f10.jpg;C681TY69;type1;941.1,617.9,257.9,75.4;941.1,636.5,1191.9,617.9,1199.0,669.4,945.4,693.3;1;0;https://commons.wikimedia.org/wiki/File%3AMoscow%2C_Hyndai_Solaris_taxi%2C_2022-05-15.jpg;CC0;day
images/real/real_7df735b2b9.jpg;E369YE193;type1;1021.9,607.7,223.0,56.7;1021.9,614.3,1241.6,607.7,1244.9,656.0,1024.5,664.3;1;0;https://commons.wikimedia.org/wiki/File%3AMoscow%2C_Hyundai_Kona_taxi%2C_Sept_2025_01.jpg;CC0;day
images/real/real_c0ae640ac8.jpg;A512EE799;type1;986.3,489.2,233.2,65.7;986.3,495.8,1218.0,489.2,1219.6,544.5,992.3,554.8;1;0;https://commons.wikimedia.org/wiki/File%3AMoscow%2C_Hyundai_Solaris_taxi%2C_Sept_2025_04.jpg;CC0;day
images/real/real_b31a6acf43.jpg;T989AA550;type1;243.9,761.3,201.7,76.3;248.3,761.3,445.7,779.6,444.9,837.7,243.9,816.1;1;0;https://commons.wikimedia.org/wiki/File%3AMoscow%2C_Hyundai_Sonata_%28LF%29_taxi%2C_Aug_2025_03.jpg;CC0;day
images/real/real_42b09dfcbe.jpg;A541YT797;type1;1052.6,592.9,129.3,47.7;1052.6,603.0,1178.8,592.9,1181.9,631.3,1054.0,640.6;1;0;https://commons.wikimedia.org/wiki/File%3AMoscow%2C_Hyundai_and_Chery_taxis%2C_Sept_2025_01.jpg;CC0;day
images/real/real_42b09dfcbe.jpg;C965YC790;type1;1382.2,623.4,120.5,42.3;1382.2,629.9,1500.5,623.4,1502.7,654.9,1384.1,665.8;1;0;https://commons.wikimedia.org/wiki/File%3AMoscow%2C_Hyundai_and_Chery_taxis%2C_Sept_2025_01.jpg;CC0;day
images/real/real_56621cd3a8.jpg;K588BM799;type1;343.6,473.8,315.2,80.3;346.7,473.8,658.8,482.5,652.3,554.2,343.6,541.4;1;0;https://commons.wikimedia.org/wiki/File%3AMoscow%2C_Hyundai_taxi%2C_2022-05-15.jpg;CC0;day
images/real/real_262c46d67c.jpg;H611MK797;type1;1271.0,728.5,181.7,48.1;1272.2,737.0,1452.7,728.5,1451.8,770.8,1271.0,776.6;1;0;https://commons.wikimedia.org/wiki/File%3AMoscow%2C_JAC_J7_sedan_as_taxi%2C_Aug_2025_02.jpg;CC0;day,glare
images/real/real_3637f0be78.jpg;T435TY790;type1;1008.2,840.1,172.4,52.5;1008.9,846.1,1175.4,840.1,1180.6,886.6,1008.2,892.6;1;0;https://commons.wikimedia.org/wiki/File%3AMoscow%2C_JAC_J7_sedan_as_taxi%2C_July_2025_01.jpg;CC0;day,dirt
images/real/real_85d55beaa0.jpg;E738HB797;type1;219.1,734.9,255.8,61.4;219.1,736.3,473.6,734.9,474.9,793.2,220.9,796.3;1;0;https://commons.wikimedia.org/wiki/File%3AMoscow%2C_JAC_J7_sedan_as_taxi%2C_Sept_2025_01.jpg;CC0;day
images/real/real_36c5032713.jpg;K347HH797;type1;137.7,699.2,112.0,42.7;138.8,700.1,246.7,699.2,249.7,736.8,137.7,741.9;1;0;https://commons.wikimedia.org/wiki/File%3AMoscow%2C_JAC_Sunray_as_Yandex_Go_taxi_for_disabled_people%2C_Aug_2025_01.jpg;CC0;day
images/real/real_3227dd4210.jpg;A074HO797;type1;399.0,765.2,68.4,34.8;399.8,765.2,467.4,778.2,466.5,800.1,399.0,786.7;1;0;https://commons.wikimedia.org/wiki/File%3AMoscow%2C_JAC_Sunray_as_Yandex_Go_taxi_for_disabled_people%2C_July_2025_01.jpg;CC0;angle,day
images/real/real_415fac476d.jpg;C236MO977;type1;322.8,628.2,147.3,38.7;324.8,629.9,468.8,628.2,470.2,665.3,322.8,666.8;1;0;https://commons.wikimedia.org/wiki/File%3AMoscow%2C_Jetour_Dashing_taxi%2C_Feb_2026_03.jpg;CC0;day
images/real/real_5fdb7858a7.jpg;Y958YP33;type1;496.4,495.0,249.6,50.5;496.4,495.0,744.8,496.7,746.0,544.9,498.6,545.5;1;0;https://commons.wikimedia.org/wiki/File%3AMoscow%2C_Jetour_X70_Plus_taxi%2C_Sept_2025_01.jpg;CC0;day
images/real/real_673e01ac18.jpg;504897;other;540.3,393.1,56.2,79.5;540.3,404.8,591.3,393.1,596.5,454.8,545.3,472.6;0;0;https://commons.wikimedia.org/wiki/File%3AMoscow%2C_Kadashevskaya_Embankment%2C_Ninebot_rental_bicycle_02.jpg;CC0;angle,day,glare
images/real/real_673e01ac18.jpg;PC9920;other;420.7,465.7,85.1,95.8;420.7,477.3,491.2,465.7,505.8,533.1,431.7,561.5;0;0;https://commons.wikimedia.org/wiki/File%3AMoscow%2C_Kadashevskaya_Embankment%2C_Ninebot_rental_bicycle_02.jpg;CC0;angle,day
images/real/real_673e01ac18.jpg;409966;other;1120.7,870.8,44.1,15.4;1121.8,870.8,1164.7,871.3,1164.6,886.2,1120.7,885.5;0;0;https://commons.wikimedia.org/wiki/File%3AMoscow%2C_Kadashevskaya_Embankment%2C_Ninebot_rental_bicycle_02.jpg;CC0;day
images/real/real_72b8dca94f.jpg;C833OM62;type1;1058.8,626.0,240.3,58.0;1058.8,628.5,1297.4,626.0,1299.1,681.0,1058.9,684.0;1;0;https://commons.wikimedia.org/wiki/File%3AMoscow%2C_Kadashevskaya_Embankment%2C_taxi%2C_Aug_2025_01.jpg;CC0;day
images/real/real_48c3cb5aea.jpg;E930TP799;type1;1330.2,671.8,68.1,29.6;1332.6,671.8,1398.2,680.8,1396.3,701.4,1330.2,691.1;1;0;https://commons.wikimedia.org/wiki/File%3AMoscow%2C_Kadashevskaya_Embankment%2C_taxi%2C_Aug_2025_03.jpg;CC0;day
images/real/real_2b3adb94c1.jpg;P684CT126;type1;318.8,666.0,220.8,63.0;318.8,666.0,539.6,674.8,538.2,729.0,319.4,719.9;1;0;https://commons.wikimedia.org/wiki/File%3AMoscow%2C_Kaiyi_E5_taxi%2C_Sept_2025_01.jpg;CC0;day,glare
images/real/real_f13ef009c5.jpg;Y537TK790;type1;209.8,609.2,176.4,49.4;210.2,609.2,386.2,616.2,386.2,658.7,209.8,652.8;1;0;https://commons.wikimedia.org/wiki/File%3AMoscow%2C_Kia_Ceed_estate_taxi%2C_Apr_2026_01.jpg;CC0;day,glare
images/real/real_5754ef6ba9.jpg;B051KB790;type1;151.8,677.1,115.0,47.7;151.8,677.1,266.8,677.2,263.8,724.8,152.9,718.4;1;0;https://commons.wikimedia.org/wiki/File%3AMoscow%2C_Kia_K5_%28DL3%29_taxi%2C_Aug_2025_01.jpg;CC0;day
images/real/real_24be29ce0b.jpg;MP00577;type1b;286.9,651.2,141.4,42.8;286.9,656.0,424.8,651.2,428.3,687.5,289.1,694.0;1;0;https://commons.wikimedia.org/wiki/File%3AMoscow%2C_Kia_K5_taxi%2C_2022-05-15.jpg;CC0;day
images/real/real_3e9d7c1029.jpg;B300EX797;type1;305.6,768.6,206.2,55.4;305.6,768.6,511.8,778.1,511.2,824.0,305.8,816.1;1;0;https://commons.wikimedia.org/wiki/File%3AMoscow%2C_Kia_K5_taxi%2C_Aug_2025_01.jpg;CC0;day,glare
images/real/real_801ae6bc1e.jpg;YY75777;type1b;934.8,455.3,208.2,53.8;934.8,458.8,1137.6,455.3,1143.0,502.7,936.6,509.2;1;0;https://commons.wikimedia.org/wiki/File%3AMoscow%2C_Kia_K5_taxi%2C_May_2026_01.jpg;CC0;day
images/real/real_bc724bad4c.jpg;O043YP799;type1;1076.6,886.7,136.3,32.4;1077.2,886.7,1212.8,889.6,1212.9,919.1,1076.6,917.2;1;0;https://commons.wikimedia.org/wiki/File%3AMoscow%2C_Kia_Rio%2C_Skoda_Rapid_taxis%2C_2022-07-24.jpg;CC0;day
images/real/real_bc724bad4c.jpg;O121EK797;type1;244.0,949.7,179.5,38.4;244.0,949.7,421.2,951.5,423.5,986.7,246.2,988.2;1;0;https://commons.wikimedia.org/wiki/File%3AMoscow%2C_Kia_Rio%2C_Skoda_Rapid_taxis%2C_2022-07-24.jpg;CC0;day
images/real/real_06593dd488.jpg;E439KM164;type1;639.6,975.0,391.0,102.3;639.6,995.3,1024.3,975.0,1030.6,1059.8,646.3,1077.3;1;0;https://commons.wikimedia.org/wiki/File%3AMoscow%2C_Kia_Rio_taxi%2C_2022-05-08.jpg;CC0;day
images/real/real_9a60527956.jpg;H945KA790;type1;237.1,667.5,215.4,53.7;238.8,667.5,452.5,676.3,452.2,721.2,237.1,714.6;1;0;https://commons.wikimedia.org/wiki/File%3AMoscow%2C_Kia_X5_taxi_and_Kia_Rio%2C_Aug_2025_01.jpg;CC0;day
images/real/real_9a60527956.jpg;P529MH799;type1;1125.1,351.8,137.4,35.7;1127.5,351.8,1262.1,358.2,1262.5,387.5,1125.1,381.7;1;0;https://commons.wikimedia.org/wiki/File%3AMoscow%2C_Kia_X5_taxi_and_Kia_Rio%2C_Aug_2025_01.jpg;CC0;day
images/real/real_95c036d65f.jpg;T051BM977;type1;235.7,632.6,121.4,39.8;237.8,632.6,353.1,635.0,357.2,672.4,235.7,671.8;1;0;https://commons.wikimedia.org/wiki/File%3AMoscow%2C_Krzhizhanovskogo_street%2C_Yandex_robotaxi_Apr_2026_02.jpg;CC0;day
images/real/real_2847def365.jpg;T051BM977;type1;99.7,673.7,102.0,38.4;101.3,673.7,199.4,677.3,201.8,712.1,99.7,709.0;1;0;https://commons.wikimedia.org/wiki/File%3AMoscow%2C_Krzhizhanovskogo_street%2C_Yandex_robotaxi_Apr_2026_03.jpg;CC0;day
images/real/real_57ea25c770.jpg;O306AA125;type1;177.7,353.3,43.7,13.3;178.2,353.9,221.3,353.3,219.9,366.7,177.7,364.8;1;0;https://commons.wikimedia.org/wiki/File%3AMoscow%2C_Krzhizhanovskogo_street%2C_Yandex_robotaxi_Apr_2026_04.jpg;CC0;day
images/real/real_fdf2f08dcb.jpg;E440TA797;type1;117.4,624.3,190.9,70.2;119.3,624.3,308.3,634.2,307.4,694.6,117.4,683.2;1;0;https://commons.wikimedia.org/wiki/File%3AMoscow%2C_Lada_Largus_in_Lamoda_livery%2C_Aug_2025_01.jpg;CC0;day
images/real/real_f9ef54a97a.jpg;K898HP797;type1;104.3,680.4,130.6,30.2;104.3,680.4,234.1,682.3,234.9,710.4,104.3,710.7;1;0;https://commons.wikimedia.org/wiki/File%3AMoscow%2C_Lada_Largus_white%2C_JAC_Sunray_social_taxi_Aug_2025_01.jpg;CC0;day,glare
images/real/real_fc1d34e055.jpg;P836KH977;type1;305.3,506.2,189.1,49.4;306.5,506.2,494.4,513.7,493.5,555.7,305.3,549.2;1;0;https://commons.wikimedia.org/wiki/File%3AMoscow%2C_Lada_Vesta_taxi_%28Durova_Street%29_Sept_2025_01.jpg;CC0;day
images/real/real_3d47e912d7.jpg;PT75577;type1b;999.9,1203.7,268.3,59.0;1000.3,1203.9,1265.5,1203.7,1268.2,1260.4,999.9,1262.7;1;0;https://commons.wikimedia.org/wiki/File%3AMoscow%2C_Luidor-2250D_%28GAZelle_Next%29_bus%2C_May_2026_01.jpg;CC0;day
images/real/real_67665519bc.jpg;Y727KE797;type1;790.8,802.6,76.1,19.2;791.6,803.8,866.0,802.6,866.9,819.0,790.8,821.7;1;0;https://commons.wikimedia.org/wiki/File%3AMoscow%2C_Mokhovaya_Street_July_2024_03.jpg;CC0;day
images/real/real_67665519bc.jpg;K783OH797;type1;292.8,825.7,82.8,19.1;293.6,830.2,374.8,825.7,375.7,842.6,292.8,844.8;1;0;https://commons.wikimedia.org/wiki/File%3AMoscow%2C_Mokhovaya_Street_July_2024_03.jpg;CC0;day
images/real/real_a92fda6bf2.jpg;B584TX797;type1;267.2,719.9,199.6,71.3;271.0,719.9,466.8,742.6,462.8,791.2,267.2,769.9;1;0;https://commons.wikimedia.org/wiki/File%3AMoscow%2C_%27Moskvich-3%27_taxi%2C_May_2025_01.jpg;CC0;day
images/real/real_b534509f74.jpg;KX94377;type1b;1393.9,552.7,189.8,44.9;1394.3,552.7,1583.4,554.7,1583.7,597.6,1393.9,596.4;1;0;https://commons.wikimedia.org/wiki/File%3AMoscow%2C_Moskvich_3_taxi%2C_July_2025_01.jpg;CC0;day
images/real/real_b534509f74.jpg;A095CX797;type1;345.9,697.5,246.4,57.9;345.9,697.5,590.8,704.7,592.3,755.4,347.2,752.7;1;0;https://commons.wikimedia.org/wiki/File%3AMoscow%2C_Moskvich_3_taxi%2C_July_2025_01.jpg;CC0;day
images/real/real_6ae0fab3a6.jpg;T673ME977;type1;359.4,887.4,133.2,34.0;359.8,891.7,491.0,887.4,492.6,917.0,359.4,921.4;1;0;https://commons.wikimedia.org/wiki/File%3AMoscow%2C_Mosvodokanal_service_truck%2C_Mar_2026_01.jpg;CC0;day,glare
images/real/real_e44a5e0701.jpg;Y419KT44;type1;665.7,1269.4,61.9,15.2;667.0,1269.4,727.6,1269.7,726.4,1284.6,665.7,1284.3;1;0;https://commons.wikimedia.org/wiki/File%3AMoscow%2C_Nikitsky_6_topped-out%2C_May_2026_11.jpg;CC0;day
images/real/real_4d16107555.jpg;P723MA799;type1;9.3,755.2,44.3,10.7;10.2,755.2,53.7,756.3,52.8,765.8,9.3,764.8;1;0;https://commons.wikimedia.org/wiki/File%3AMoscow%2C_Nizhnye_Polya_Street%2C_27%D1%8123_water_tower%2C_June_2025_04.jpg;CC0;day
images/real/real_2fbb68c4be.jpg;X066EO763;type1;1254.8,610.2,105.1,33.0;1254.9,611.1,1359.1,610.2,1359.9,641.7,1254.8,643.2;1;0;https://commons.wikimedia.org/wiki/File%3AMoscow%2C_Nizhnye_Polya_Street%2C_27%D1%8123_water_tower%2C_June_2025_04_%28cropped_van%29.jpg;CC0;day,glare
images/real/real_756bb2f731.jpg;M638YB33;type1;1365.5,491.4,106.0,39.9;1369.0,491.4,1469.3,491.8,1471.5,531.3,1365.5,529.9;1;0;https://commons.wikimedia.org/wiki/File%3AMoscow%2C_Omoda_C5_taxi%2C_Sept_2025_02.jpg;CC0;day
images/real/real_d6f58430cd.jpg;E551AT164;type1;397.7,836.3,108.4,24.0;397.7,839.9,506.2,836.3,505.5,859.6,398.3,860.3;1;0;https://commons.wikimedia.org/wiki/File%3AMoscow%2C_Pokrovsky_Boulevard%2C_May_2025_02.jpg;CC0;day
images/real/real_de63888511.jpg;BO91999;type1b;159.2,514.7,171.1,35.9;159.2,517.2,330.3,514.7,329.8,549.4,159.2,550.6;1;0;https://commons.wikimedia.org/wiki/File%3AMoscow%2C_Porsche_718_Boxster_red%2C_Sept_2025_03.jpg;CC0;day,glare
images/real/real_e0b109e1bf.jpg;T266KT790;type1;70.3,1214.1,80.3,20.2;70.7,1214.1,150.6,1216.9,149.5,1234.2,70.3,1231.5;1;0;https://commons.wikimedia.org/wiki/File%3AMoscow%2C_Prechistenskaya_Embankment_15_May_2023_19%28DXO%29.jpg;CC0;day
images/real/real_dc1ca97da3.jpg;C263TH716;type1;1066.8,784.8,215.2,68.7;1066.8,797.8,1276.8,784.8,1282.0,837.8,1069.7,853.5;1;0;https://commons.wikimedia.org/wiki/File%3AMoscow%2C_Pyatnitskaya_9..23%2C_VW_Polo_sedan_taxi%2C_2024-08-06.jpg;CC0;day
images/real/real_d73d0cf2c2.jpg;T168AA977;type1;186.1,597.9,184.5,42.0;187.7,597.9,369.7,599.0,370.6,639.9,186.1,639.2;1;0;https://commons.wikimedia.org/wiki/File%3AMoscow%2C_Pyatnitskaya_Street%2C_June_2025_04.jpg;CC0;day
images/real/real_635f62c533.jpg;T003HX97;type1;1255.2,562.8,108.7,28.3;1255.8,562.8,1363.8,563.9,1363.8,591.2,1255.2,588.2;1;0;https://commons.wikimedia.org/wiki/File%3AMoscow%2C_Pyatnitskaya_Street_bonecrushers_May_2022_04.jpg;CC0;day
images/real/real_635f62c533.jpg;O053TC777;type1;268.3,476.8,53.7,17.5;268.3,477.6,321.8,476.8,322.0,493.0,268.6,494.3;1;0;https://commons.wikimedia.org/wiki/File%3AMoscow%2C_Pyatnitskaya_Street_bonecrushers_May_2022_04.jpg;CC0;day
images/real/real_dcdca7c99e.jpg;O685AP250;type1;461.7,741.6,210.1,50.2;462.4,741.6,668.8,742.8,671.8,791.7,461.7,791.8;1;0;https://commons.wikimedia.org/wiki/File%3AMoscow%2C_SWM_G05_Pro_taxi%2C_Sept_2025_01.jpg;CC0;day
images/real/real_ca5ba55703.jpg;O685AP250;type1;1035.9,557.4,207.9,50.9;1035.9,560.0,1242.4,557.4,1243.8,604.5,1036.7,608.3;1;0;https://commons.wikimedia.org/wiki/File%3AMoscow%2C_SWM_G05_Pro_taxi%2C_Sept_2025_02.jpg;CC0;day
images/real/real_efc226d47f.jpg;A860TA197;type1;11.8,1159.0,43.3,9.0;12.2,1159.7,55.1,1159.0,54.5,1167.6,11.8,1167.9;1;0;https://commons.wikimedia.org/wiki/File%3AMoscow%2C_Sadovnicheskaya_5_Aug_2024_02.jpg;CC0;day
images/real/real_93bfa0ff84.jpg;T484KT977;type1;339.2,720.8,151.0,46.1;343.6,720.8,490.2,726.7,489.6,766.9,339.2,760.3;1;0;https://commons.wikimedia.org/wiki/File%3AMoscow%2C_Serpukhovskaya_Square%2C_taxi_pileup_May_2025_04.jpg;CC0;day,glare
images/real/real_93bfa0ff84.jpg;P698OH790;type1;943.0,748.3,114.1,29.3;943.7,748.3,1057.0,751.1,1057.1,777.7,943.0,773.6;1;0;https://commons.wikimedia.org/wiki/File%3AMoscow%2C_Serpukhovskaya_Square%2C_taxi_pileup_May_2025_04.jpg;CC0;day,glare
images/real/real_93bfa0ff84.jpg;P247OX799;type1;8.8,709.2,93.5,29.4;9.6,709.2,102.3,713.2,101.2,738.6,8.8,733.5;1;0;https://commons.wikimedia.org/wiki/File%3AMoscow%2C_Serpukhovskaya_Square%2C_taxi_pileup_May_2025_04.jpg;CC0;day,dirt,glare
images/real/real_bfb8b0725c.jpg;T484KT977;type1;336.0,483.2,255.8,83.2;336.0,483.2,591.8,497.9,591.5,566.4,337.4,556.5;1;0;https://commons.wikimedia.org/wiki/File%3AMoscow%2C_Serpukhovskaya_Square%2C_taxi_pileup_May_2025_05.jpg;CC0;day,glare
images/real/real_21f9a47a1d.jpg;X617KK977;type1;446.8,587.0,329.1,76.1;446.8,587.0,775.8,589.6,775.9,660.9,449.4,663.1;1;0;https://commons.wikimedia.org/wiki/File%3AMoscow%2C_Serpukhovskaya_Square%2C_taxi_pileup_May_2025_07.jpg;CC0;day,glare
images/real/real_5890bc12b5.jpg;K023EK977;type1;866.1,511.6,224.9,57.3;867.0,515.3,1084.8,511.6,1091.0,561.2,866.1,568.9;1;0;https://commons.wikimedia.org/wiki/File%3AMoscow%2C_Shchipok_Street%2C_Geely_Monjaro_taxi_May_2025_01.jpg;CC0;day,dirt
images/real/real_8a446d3074.jpg;KX578H;other;1168.8,917.2,102.4,90.7;1171.6,917.2,1271.2,922.7,1266.2,1007.8,1168.8,998.9;0;0;https://commons.wikimedia.org/wiki/File%3AMoscow%2C_Sofiyskaya_Embankment%2C_painting_June_2026_01.jpg;CC0;day
images/real/real_beb68bb44e.jpg;P046CP797;type1;321.1,633.6,173.6,57.0;326.2,633.6,494.7,644.4,490.8,690.6,321.1,677.2;1;0;https://commons.wikimedia.org/wiki/File%3AMoscow%2C_Solaris_KRS_%28Kia_Rio%29_taxi%2C_Feb_2025_01.jpg;CC0;day
images/real/real_9ead30a20d.jpg;A064BO550;type1;1004.2,651.5,264.8,71.7;1004.2,670.9,1261.9,651.5,1269.0,705.3,1008.2,723.2;1;0;https://commons.wikimedia.org/wiki/File%3AMoscow%2C_Taganka%2C_cars_April_2025_03.jpg;CC0;day
images/real/real_3e85aa4185.jpg;K468OO797;type1;916.5,674.2,266.1,73.0;916.5,684.8,1177.8,674.2,1182.6,733.8,918.8,747.2;1;0;https://commons.wikimedia.org/wiki/File%3AMoscow%2C_Taganka%2C_cars_April_2025_04.jpg;CC0;day,dirt
images/real/real_a0d6119583.jpg;T303PP797;type1;417.2,675.0,278.8,71.7;417.4,676.8,691.9,675.0,696.0,742.8,417.2,746.7;1;0;https://commons.wikimedia.org/wiki/File%3AMoscow%2C_Taganka%2C_cars_April_2025_07.jpg;CC0;day
images/real/real_c8ba2e9fad.jpg;Y719TP797;type1;1076.2,725.4,253.2,64.2;1076.2,737.6,1325.2,725.4,1329.3,774.3,1080.2,789.6;1;0;https://commons.wikimedia.org/wiki/File%3AMoscow%2C_Taganka%2C_cars_April_2025_11.jpg;CC0;day,dirt
images/real/real_e4b8066168.jpg;B200CE797;type1;125.0,474.5,62.2,57.1;127.1,474.5,187.2,486.6,185.5,531.6,125.0,518.8;1;0;https://commons.wikimedia.org/wiki/File%3AMoscow%2C_Tenet_T7_taxi%2C_Feb_2026_01.jpg;CC0;angle,day
images/real/real_d9d281ba53.jpg;B130CT797;type1;269.0,576.1,51.2,36.8;270.8,576.1,320.2,586.3,318.8,612.9,269.0,604.4;1;0;https://commons.wikimedia.org/wiki/File%3AMoscow%2C_Tenet_T7_taxi%2C_Feb_2026_02.jpg;CC0;angle,day
images/real/real_9fd944a4c0.jpg;B010MT199;type1;752.8,771.6,331.3,84.7;752.8,794.8,1079.2,771.6,1084.1,835.9,754.4,856.2;1;0;https://commons.wikimedia.org/wiki/File%3AMoscow%2C_Tenet_T7_taxi%2C_Sept_2025_02.jpg;CC0;day
images/real/real_96c377de3d.jpg;B010MT199;type1;588.7,772.1,309.4,65.9;588.7,773.7,898.1,772.1,895.3,832.5,589.6,838.0;1;0;https://commons.wikimedia.org/wiki/File%3AMoscow%2C_Tenet_T7_taxi%2C_Sept_2025_04.jpg;CC0;day
images/real/real_02ff2e9d2b.jpg;B332HT797;type1;560.8,659.8,287.2,104.7;560.8,698.3,841.3,659.8,848.1,728.8,564.2,764.4;1;0;https://commons.wikimedia.org/wiki/File%3AMoscow%2C_Teterinsky_12_inner_driveway%2C_Chery_Tiggo_7_taxi%2C_Sept_2025_01.jpg;CC0;day
images/real/real_358ff2ccd4.jpg;K553CC797;type1;243.7,599.5,92.6,48.1;248.1,599.5,336.2,605.6,333.9,647.6,243.7,638.4;1;0;https://commons.wikimedia.org/wiki/File%3AMoscow%2C_UMO_5_taxi%2C_Apr_2026_01.jpg;CC0;day
images/real/real_42e8f670cc.jpg;O378CM797;type1;1452.8,513.8,61.1,15.4;1453.6,516.7,1513.8,513.8,1513.1,527.8,1452.8,529.2;1;0;https://commons.wikimedia.org/wiki/File%3AMoscow%2C_UMO_5_taxi%2C_Apr_2026_02.jpg;CC0;day
images/real/real_f950c99cb2.jpg;EB83799;type1b;192.8,651.8,119.3,40.5;192.8,651.8,312.1,656.7,309.8,692.3,192.8,686.4;1;0;https://commons.wikimedia.org/wiki/File%3AMoscow%2C_UMO_5_taxi%2C_Apr_2026_03.jpg;CC0;day
images/real/real_a9a4e4cb17.jpg;K553KY550;type1;766.2,707.4,297.3,76.3;766.2,722.3,1059.6,707.4,1063.6,766.8,768.3,783.8;1;0;https://commons.wikimedia.org/wiki/File%3AMoscow%2C_UMO_5_taxi%2C_June_2026_01.jpg;CC0;day
images/real/real_a9a4e4cb17.jpg;H662HY777;type1;1200.0,302.7,82.2,18.8;1200.0,305.3,1282.2,302.7,1280.5,321.2,1200.2,321.5;1;0;https://commons.wikimedia.org/wiki/File%3AMoscow%2C_UMO_5_taxi%2C_June_2026_01.jpg;CC0;day
images/real/real_ee6109ec43.jpg;O871XH797;type1;1356.2,614.2,135.8,58.1;1356.2,625.4,1488.9,614.2,1492.1,660.2,1357.2,672.2;1;0;https://commons.wikimedia.org/wiki/File%3AMoscow%2C_UMO_5_taxi%2C_May_2026_33.jpg;CC0;day
images/real/real_5725d11f5c.jpg;EHO08H;other;187.2,806.7,84.5,100.7;187.7,809.9,271.7,806.7,271.4,905.0,187.2,907.4;0;0;https://commons.wikimedia.org/wiki/File%3AMoscow%2C_Urent_and_Yandex_scooters%2C_Apr_2026_01.jpg;CC0;day,glare
images/real/real_5725d11f5c.jpg;OH678X;other;1238.2,457.4,110.8,88.2;1242.9,457.4,1348.9,466.4,1348.4,545.6,1238.2,536.4;0;0;https://commons.wikimedia.org/wiki/File%3AMoscow%2C_Urent_and_Yandex_scooters%2C_Apr_2026_01.jpg;CC0;day,dirt,glare
images/real/real_a4ced08006.jpg;EP191P;other;419.2,758.5,71.6,81.1;419.2,759.9,490.8,758.5,488.5,837.9,420.0,839.6;0;0;https://commons.wikimedia.org/wiki/File%3AMoscow%2C_Urent_scooter_on_rack%2C_June_2026_02.jpg;CC0;day
images/real/real_c24ea36cb8.jpg;EP191P;other;215.8,1161.1,86.3,100.0;215.8,1161.1,302.2,1162.2,295.9,1261.1,216.6,1256.9;0;0;https://commons.wikimedia.org/wiki/File%3AMoscow%2C_Urent_scooter_on_rack%2C_June_2026_04.jpg;CC0;day
images/real/real_b00992923d.jpg;H137KP977;type1;528.2,750.8,118.1,36.3;530.9,750.8,645.8,758.2,646.3,787.2,528.2,780.4;1;0;https://commons.wikimedia.org/wiki/File%3AMoscow%2C_Volkhonka_X_Kolymazhny%2C_Hyundai_Solaris_taxi%2C_Sept_2025_01.jpg;CC0;day
images/real/real_12d164536b.jpg;M561CT799;type1;203.7,598.2,86.2,51.8;207.2,598.2,289.8,614.8,286.7,650.0,203.7,633.0;1;0;https://commons.wikimedia.org/wiki/File%3AMoscow%2C_Volkswagen_Caddy_Maxi_%282010%29_taxi%2C_Sept_2025_01.jpg;CC0;day
images/real/real_128d9f1166.jpg;C155OP797;type1;902.8,691.2,227.3,67.3;902.8,703.6,1123.7,691.2,1130.1,744.3,907.2,758.6;1;0;https://commons.wikimedia.org/wiki/File%3AMoscow%2C_Volkswagen_Jetta_%28A7%29_taxi%2C_July_2025_01.jpg;CC0;day
images/real/real_188722050b.jpg;H732MM977;type1;162.6,429.6,87.6,24.1;162.6,436.2,249.8,429.6,250.2,447.9,162.8,453.7;1;0;https://commons.wikimedia.org/wiki/File%3AMoscow%2C_Yandex_self-driving_Hyundai_Sonata%2C_Apr_2026_03.jpg;CC0;day
images/real/real_188722050b.jpg;K587TH799;type1;1033.6,845.2,222.1,66.6;1033.6,861.9,1246.8,845.2,1255.7,892.9,1036.8,911.7;1;0;https://commons.wikimedia.org/wiki/File%3AMoscow%2C_Yandex_self-driving_Hyundai_Sonata%2C_Apr_2026_03.jpg;CC0;day
images/real/real_2cc96810ec.jpg;B415TB799;type1;1148.2,757.8,193.2,54.6;1148.2,771.1,1336.9,757.8,1341.3,797.9,1150.9,812.3;1;0;https://commons.wikimedia.org/wiki/File%3AMoscow%2C_Yandex_self-driving_Hyundai_Sonata%2C_Aug_2025_02.jpg;CC0;day
images/real/real_59ff46ec5e.jpg;B415TB799;type1;334.6,861.9,244.1,62.1;335.4,861.9,577.7,867.7,578.7,924.0,334.6,918.8;1;0;https://commons.wikimedia.org/wiki/File%3AMoscow%2C_Yandex_self-driving_Hyundai_Sonata%2C_Aug_2025_03.jpg;CC0;day
images/real/real_94e5884821.jpg;B415TB799;type1;1269.8,750.2,175.6,59.0;1269.8,762.3,1443.3,750.2,1445.4,796.7,1273.1,809.2;1;0;https://commons.wikimedia.org/wiki/File%3AMoscow%2C_Yandex_self-driving_Hyundai_Sonata%2C_Aug_2025_04.jpg;CC0;day
images/real/real_94e5884821.jpg;K522EX550;type1;1297.9,519.8,105.5,26.8;1297.9,519.8,1401.5,519.8,1403.4,543.5,1298.8,546.6;1;0;https://commons.wikimedia.org/wiki/File%3AMoscow%2C_Yandex_self-driving_Hyundai_Sonata%2C_Aug_2025_04.jpg;CC0;day
images/real/real_0706de502a.jpg;A828TO799;type1;1408.2,667.3,88.5,46.1;1408.2,681.2,1493.5,667.3,1496.8,698.9,1409.9,713.4;1;0;https://commons.wikimedia.org/wiki/File%3AMoscow%2C_Yandex_self-driving_Hyundai_Sonata%2C_Aug_2025_06.jpg;CC0;day,glare
images/real/real_7f2ff6fe52.jpg;A828TO799;type1;144.5,720.2,148.7,48.0;145.7,720.2,293.2,724.2,291.4,768.2,144.5,760.3;1;0;https://commons.wikimedia.org/wiki/File%3AMoscow%2C_Yandex_self-driving_Hyundai_Sonata%2C_Aug_2025_09.jpg;CC0;day
images/real/real_b05356da6c.jpg;A153TO799;type1;1303.5,606.4,151.9,55.4;1303.5,623.8,1452.8,606.4,1455.4,643.7,1306.2,661.8;1;0;https://commons.wikimedia.org/wiki/File%3AMoscow%2C_Yandex_self-driving_Hyundai_Sonata_%28Orekhovo%29%2C_Aug_2025_01.jpg;CC0;day
images/real/real_b05356da6c.jpg;C458TE799;type1;185.2,345.2,87.7,26.3;185.2,349.6,272.9,345.2,272.3,366.7,185.7,371.6;1;0;https://commons.wikimedia.org/wiki/File%3AMoscow%2C_Yandex_self-driving_Hyundai_Sonata_%28Orekhovo%29%2C_Aug_2025_01.jpg;CC0;day
images/real/real_bed1834630.jpg;T354BM977;type1;425.1,748.6,164.1,44.6;426.7,748.6,589.2,754.2,586.8,793.2,425.1,785.0;1;0;https://commons.wikimedia.org/wiki/File%3AMoscow%2C_Yandex_self-driving_Hyundai_Sonata_%28Paveletskaya%29%2C_Aug_2025_01.jpg;CC0;day
images/real/real_bed1834630.jpg;K745MO193;type1;113.2,637.9,133.0,37.0;116.4,637.9,246.2,644.8,244.8,674.9,113.2,667.5;1;0;https://commons.wikimedia.org/wiki/File%3AMoscow%2C_Yandex_self-driving_Hyundai_Sonata_%28Paveletskaya%29%2C_Aug_2025_01.jpg;CC0;day
images/real/real_a5f4a9e2e9.jpg;B079TO799;type1;367.3,828.8,254.8,63.9;367.3,828.8,622.2,838.2,621.1,892.7,368.2,886.7;1;0;https://commons.wikimedia.org/wiki/File%3AMoscow%2C_Yandex_self-driving_Hyundai_Sonata%2C_Robotaxi_livery%2C_Mar_2026_01.jpg;CC0;day
images/real/real_c2ee3b787c.jpg;B079TO799;type1;353.2,817.8,192.2,46.3;354.2,817.8,543.7,819.8,545.4,864.1,353.2,863.7;1;0;https://commons.wikimedia.org/wiki/File%3AMoscow%2C_Yandex_self-driving_Hyundai_Sonata%2C_Robotaxi_livery%2C_Mar_2026_02.jpg;CC0;day
images/real/real_77d31fd39e.jpg;K545TH799;type1;904.2,890.6,330.1,90.5;904.2,905.9,1230.9,890.6,1234.3,962.0,911.7,981.1;1;0;https://commons.wikimedia.org/wiki/File%3AMoscow%2C_Yandex_self-driving_Hyundai_Sonata%2C_Sept_2025_01.jpg;CC0;day
images/real/real_8f2e8ffb71.jpg;T812BM977;type1;478.3,687.6,212.8,56.7;478.3,687.6,689.3,689.8,691.1,744.2,478.6,742.4;1;0;https://commons.wikimedia.org/wiki/File%3AMoscow%2C_Yandex_self-driving_Hyundai_Sonata%2C_Sept_2025_11.jpg;CC0;day
images/real/real_0cd77ad127.jpg;O032OE799;type1;1115.8,1128.2,110.3,24.8;1116.2,1130.2,1225.1,1128.2,1226.1,1153.1,1115.8,1152.8;1;0;https://commons.wikimedia.org/wiki/File%3AMoscow%2C_red_tour_bus_on_Kamenny_bridge_July_2024_01.jpg;CC0;day
images/real/real_cb1a83e03e.jpg;EE609B;other;1315.8,870.2,97.6,91.2;1318.4,870.7,1413.4,870.2,1410.7,961.5,1315.8,958.2;0;0;https://commons.wikimedia.org/wiki/File%3AMoscow%2C_rental_bicycles_by_Novospassky_bridge%2C_July_2025_01.jpg;CC0;day,glare
images/real/real_ef96c50c2a.jpg;PX95577;type1b;919.1,815.6,160.5,46.6;919.6,815.6,1079.6,825.6,1076.7,862.2,919.1,853.2;1;0;https://commons.wikimedia.org/wiki/File%3ASevan_street_2021-09_1631382188.JPG;CC BY 4.0;day
images/real/real_ef96c50c2a.jpg;HX93777;type1b;392.2,684.2,139.6,40.8;392.6,684.2,528.9,692.2,531.7,725.1,392.2,717.7;1;0;https://commons.wikimedia.org/wiki/File%3ASevan_street_2021-09_1631382188.JPG;CC BY 4.0;angle,day
images/real/real_376aee653c.jpg;E804BB154;type1;917.2,579.2,102.9,36.5;917.2,589.6,1020.1,579.2,1019.7,608.3,917.8,615.8;1;0;https://commons.wikimedia.org/wiki/File%3AYandex.Taxi_2.jpg;CC BY-SA 4.0;day
images/real/real_cb22959b9f.jpg;978AEJ06;other;252.5,547.8,164.5,63.5;258.6,547.8,416.2,560.3,417.0,611.3,252.5,598.6;1;0;https://commons.wikimedia.org/wiki/File%3AYandexGo%2C_Astana_%28P1190680%29.jpg;CC BY-SA 4.0;day
images/real/real_7a6b4b4698.jpg;K608TH799;type1;310.2,662.0,172.8,58.4;311.9,662.0,483.1,666.1,481.3,720.4,310.2,713.9;1;0;https://commons.wikimedia.org/wiki/File%3AYandex_Self-driving_Sonata_6.jpg;CC BY-SA 4.0;day
images/real/real_fe10e189f0.jpg;M130OC197;type1;1032.3,836.0,108.0,38.3;1035.2,836.0,1140.3,844.3,1139.0,874.3,1032.3,866.5;1;0;https://commons.wikimedia.org/wiki/File%3AYandex_self-driving_car_2023-07_1690038115.jpg;CC BY-SA 4.0;day
images/real/real_85d60418fd.jpg;M543PY799;type1;1192.5,516.7,247.9,88.0;1192.5,549.3,1434.8,516.7,1440.4,570.8,1199.2,604.7;1;0;https://commons.wikimedia.org/wiki/File%3AYandex_self-driving_car_2023-07_1690038130.jpg;CC BY-SA 4.0;day
images/real/real_5317870e2e.jpg;X075HH197;type1;1381.6,538.0,98.0,29.3;1381.6,540.8,1473.2,538.0,1479.6,560.2,1387.9,567.3;1;0;https://commons.wikimedia.org/wiki/File%3AYandex_taxi_car_moscow.jpg;CC BY 2.0;angle,day
images/real/real_95c7b6edfa.jpg;E951BH797;type1;1129.8,798.8,58.8,13.8;1129.8,800.8,1188.7,798.8,1188.1,811.7,1130.2,812.5;1;0;https://commons.wikimedia.org/wiki/File%3A%D0%9E%D0%B1%D1%89%D0%B8%D0%B9_%D0%B2%D0%B8%D0%B4_%D1%83%D0%BB._%D0%9E%D1%85%D0%BE%D1%82%D0%BD%D1%8B%D0%B9_%D1%80%D1%8F%D0%B4%2C_%D0%9C%D0%BE%D1%81%D0%BA%D0%B2%D0%B0.jpg;CC BY 4.0;day
images/real/real_1eda900dd1.jpg;446860;other;602.1,719.0,85.8,107.6;602.1,726.5,685.0,719.0,687.9,814.8,605.1,826.6;0;0;https://commons.wikimedia.org/wiki/File%3A%D0%AE%D1%80%D0%B5%D0%BD%D1%82_%D1%8D%D0%BB%D0%B5%D0%BA%D1%82%D1%80%D0%BE%D1%81%D0%B0%D0%BC%D0%BE%D0%BA%D0%B0%D1%82_%D0%AE%D1%80%D0%B5%D0%BD%D1%82_2.0_%D1%81%D0%BF%D0%B5%D1%80%D0%B5%D0%B4%D0%B8.jpg;CC BY-SA 4.0;day,glare
images/real/real_d4348571d9.jpg;C834YA154;type1;128.7,655.4,101.2,30.8;132.1,655.4,229.9,663.0,228.0,686.2,128.7,677.4;1;0;https://commons.wikimedia.org/wiki/File%3A%D0%9A%D1%80%D0%B0%D1%81%D0%BD%D1%8B%D0%B9_%D0%BF%D1%80%D0%BE%D1%81%D0%BF%D0%B5%D0%BA%D1%82%2C_%D0%9D%D0%BE%D0%B2%D0%BE%D1%81%D0%B8%D0%B1%D0%B8%D1%80%D1%81%D0%BA_20.jpg;CC BY-SA 4.0;day
images/real/real_d4348571d9.jpg;E810KX154;type1;1211.1,639.6,51.2,14.2;1211.1,639.6,1262.2,640.8,1262.2,653.8,1211.3,653.2;1;0;https://commons.wikimedia.org/wiki/File%3A%D0%9A%D1%80%D0%B0%D1%81%D0%BD%D1%8B%D0%B9_%D0%BF%D1%80%D0%BE%D1%81%D0%BF%D0%B5%D0%BA%D1%82%2C_%D0%9D%D0%BE%D0%B2%D0%BE%D1%81%D0%B8%D0%B1%D0%B8%D1%80%D1%81%D0%BA_20.jpg;CC BY-SA 4.0;day
images/real/real_8c054ff642.jpg;504339;other;1281.8,608.4,53.8,72.0;1281.8,617.6,1333.7,608.4,1335.7,668.7,1283.7,680.4;0;0;https://commons.wikimedia.org/wiki/File%3A%D0%9F%D0%B0%D1%80%D0%BA%D0%BE%D0%B2%D0%BA%D0%B0_%D0%A1%D0%98%D0%9C_%D1%80%D1%8F%D0%B4%D0%BE%D0%BC_%D1%81_%D0%BF%D0%B0%D0%B2%D0%B8%D0%BB%D1%8C%D0%BE%D0%BD%D0%BE%D0%BC_48_%D0%92%D0%94%D0%9D%D0%A5_%D0%B2%D0%B8%D0%B4_%D0%BD%D0%B0_%D1%80%D0%B0%D0%B7%D0%BC%D0%B5%D1%82%D0%BA%D1%83.jpg;CC BY-SA 4.0;angle,day
images/real/real_57f7f8876a.jpg;PT67077;type1b;1081.4,787.6,137.9,63.2;1081.4,813.0,1215.7,787.6,1219.3,825.8,1085.3,850.8;1;0;https://commons.wikimedia.org/wiki/File%3A%D0%93%D0%90%D0%97%D0%B5%D0%BB%D1%8C_NEXT_%D0%9C%D0%93%D0%A2_%D1%81%D0%BE%D1%86%D0%B8%D0%B0%D0%BB%D1%8C%D0%BD%D0%BE%D0%B5_%D1%82%D0%B0%D0%BA%D1%81%D0%B8_%D0%BD%D0%B0_%D0%BF%D0%B0%D1%80%D0%BA%D0%BE%D0%B2%D0%BA%D0%B5_%D0%AE%D0%A0%D0%9B_02.jpg;CC BY-SA 4.0;day
images/real/real_b17fa7cc2f.jpg;503685;other;679.2,438.7,53.7,88.5;682.1,438.7,732.8,453.4,729.1,527.2,679.2,511.7;0;0;https://commons.wikimedia.org/wiki/File%3A%D0%AE%D1%80%D0%B5%D0%BD%D1%82_%D1%8D%D0%BB%D0%B5%D0%BA%D1%82%D1%80%D0%BE%D0%B2%D0%B5%D0%BB%D0%BE%D1%81%D0%B8%D0%BF%D0%B5%D0%B4_%D1%81%D0%BF%D0%B5%D1%80%D0%B5%D0%B4%D0%B8_%D1%81%D0%BB%D0%B5%D0%B2%D0%B0.jpg;CC BY-SA 4.0;angle,day
images/real/real_9740b24af4.jpg;156331;other;463.0,1341.2,84.6,80.9;463.4,1341.2,547.6,1341.8,546.2,1422.1,463.0,1417.8;0;0;https://commons.wikimedia.org/wiki/File%3A%D0%AE%D1%80%D0%B5%D0%BD%D1%82_%D1%8D%D0%BB%D0%B5%D0%BA%D1%82%D1%80%D0%BE%D1%81%D0%B0%D0%BC%D0%BE%D0%BA%D0%B0%D1%82_%D1%81_%D0%BD%D0%BE%D0%BC%D0%B5%D1%80%D0%B0%D0%BC%D0%B8_%D0%BD%D0%B0_%D1%83%D0%B3%D0%BB%D1%83_%D0%9C%D0%BE%D1%85%D0%BE%D0%B2%D0%BE%D0%B9_%D0%B8_%D0%91%D0%BE%D0%BB%D1%8C%D1%88%D0%BE%D0%B9_%D0%9D%D0%B8%D0%BA%D0%B8%D1%82%D1%81%D0%BA%D0%BE%D0%B9_%D1%81%D0%B7%D0%B0%D0%B4%D0%B8.jpg;CC BY-SA 4.0;day
images/real/real_fc801ff48e.jpg;C915BB53;type1;1116.0,699.4,172.1,67.0;1116.0,723.0,1286.2,699.4,1288.1,741.5,1120.0,766.4;1;0;https://commons.wikimedia.org/wiki/File%3A%D0%9A%D1%80%D0%B5%D1%81%D1%82%D1%86%D1%8B%2C_%D0%B3%D0%BE%D1%80%D0%BE%D0%B4%D1%81%D0%BA%D0%BE%D0%B5_%D1%82%D0%B0%D0%BA%D1%81%D0%B8.jpg;CC BY-SA 4.0;day
images/real/real_002c10a4eb.jpg;3TAX0004;other;258.7,443.7,74.3,16.4;258.7,443.7,333.0,444.2,333.0,460.1,259.1,460.1;1;0;https://commons.wikimedia.org/wiki/File%3A%D0%9C%D0%B0%D1%80%D1%88%D1%80%D1%83%D1%82%D0%BD%D0%BE%D0%B5_%D1%82%D0%B0%D0%BA%D1%81%D0%B8_%D0%9C%D0%B5%D1%80%D1%81%D0%B5%D0%B4%D0%B5%D1%81.jpg;CC BY-SA 4.0;day
images/real/real_002c10a4eb.jpg;5334BP3;other;75.7,408.7,55.4,13.5;75.7,411.0,130.6,408.7,131.1,420.9,76.3,422.2;1;0;https://commons.wikimedia.org/wiki/File%3A%D0%9C%D0%B0%D1%80%D1%88%D1%80%D1%83%D1%82%D0%BD%D0%BE%D0%B5_%D1%82%D0%B0%D0%BA%D1%81%D0%B8_%D0%9C%D0%B5%D1%80%D1%81%D0%B5%D0%B4%D0%B5%D1%81.jpg;CC BY-SA 4.0;day
images/real/real_002c10a4eb.jpg;3TAX6689;other;600.8,400.1,55.8,12.5;600.8,400.1,656.2,401.3,656.6,412.6,601.6,411.9;1;0;https://commons.wikimedia.org/wiki/File%3A%D0%9C%D0%B0%D1%80%D1%88%D1%80%D1%83%D1%82%D0%BD%D0%BE%D0%B5_%D1%82%D0%B0%D0%BA%D1%81%D0%B8_%D0%9C%D0%B5%D1%80%D1%81%D0%B5%D0%B4%D0%B5%D1%81.jpg;CC BY-SA 4.0;day
images/real/real_ebb1c48b78.jpg;TC04177;type1b;155.3,360.0,79.1,28.0;156.1,360.0,234.4,369.0,233.5,388.0,155.3,380.4;1;0;https://commons.wikimedia.org/wiki/File%3A%D0%9C%D0%B5%D1%81%D1%82%D0%BE_%D1%81%D1%82%D0%BE%D1%8F%D0%BD%D0%BA%D0%B8_%D0%BB%D0%B5%D0%B3%D0%BA%D0%BE%D0%B2%D0%BE%D0%B3%D0%BE_%D1%82%D0%B0%D0%BA%D1%81%D0%B8_%28%D0%9C%D0%BE%D1%81%D0%BA%D0%B2%D0%B0%29.jpg;CC BY 4.0;day
images/real/real_11bdbe4f6b.jpg;C800CT799;type1;983.3,738.2,290.7,84.7;983.3,753.1,1270.3,738.2,1274.0,806.1,986.5,823.0;1;0;https://commons.wikimedia.org/wiki/File%3A%D0%92%D1%8B%D1%81%D1%82%D0%B0%D0%B2%D0%BA%D0%B0_%D0%A0%D0%BE%D1%81%D1%81%D0%B8%D1%8F%2C_%D0%B1%D0%B5%D1%81%D0%BF%D0%B8%D0%BB%D0%BE%D1%82%D0%BD%D1%8B%D0%B9_%D0%B0%D0%B2%D1%82%D0%BE%D0%BC%D0%BE%D0%B1%D0%B8%D0%BB%D1%8C_%D0%AF%D0%BD%D0%B4%D0%B5%D0%BA%D1%81%D0%B0.jpg;CC BY 4.0;day
images/real/real_a7f2a06080.jpg;P466EE777;type1;205.6,117.8,47.0,18.4;205.6,124.0,251.9,117.8,252.6,130.2,206.9,136.2;1;0;https://commons.wikimedia.org/wiki/File%3A%D0%AD%D0%BB%D0%B5%D0%BA%D1%82%D1%80%D0%BE%D0%B2%D0%B5%D0%BB%D0%BE%D1%81%D0%B8%D0%BF%D0%B5%D0%B4_%D0%AF%D0%BD%D0%B4%D0%B5%D0%BA%D1%81%D0%B0_%D0%B4%D0%BB%D1%8F_%D0%BA%D1%83%D1%80%D1%8C%D0%B5%D1%80%D0%BE%D0%B2_%D0%BD%D0%B0_%D0%9F%D1%8F%D1%82%D0%BD%D0%B8%D1%86%D0%BA%D0%BE%D0%B9.jpg;CC BY-SA 4.0;day
images/real/real_6b03298433.jpg;X718PO150;type1;1234.4,712.1,98.6,82.4;1234.4,753.8,1329.0,712.1,1333.0,753.8,1243.8,794.5;1;0;https://commons.wikimedia.org/wiki/File%3A1968_Ford_LTD_in_Blokhina_Street%2C_SPb_%282021-06-24%29_02.jpg;CC BY-SA 4.0;angle,day
images/real/real_f3ce0a12a4.jpg;X718PO150;type1;738.9,709.7,290.9,67.8;742.2,722.2,1029.8,709.7,1024.1,774.5,738.9,777.4;1;0;https://commons.wikimedia.org/wiki/File%3A1968_Ford_LTD_in_Blokhina_Street%2C_SPb_%282021-06-24%29_03.jpg;CC BY-SA 4.0;day
images/real/real_5781db625d.jpg;X718PO150;type1;907.1,785.8,231.8,77.8;907.1,814.3,1138.9,785.8,1138.8,841.9,909.1,863.6;1;0;https://commons.wikimedia.org/wiki/File%3A1968_Ford_LTD_in_Blokhina_Street%2C_SPb_%282021-06-24%29_04.jpg;CC BY-SA 4.0;day
images/real/real_b16784f7bb.jpg;A309799;other;409.6,482.7,176.1,38.6;410.8,487.6,585.7,482.7,584.6,521.3,409.6,520.8;1;0;https://commons.wikimedia.org/wiki/File%3A2025-09-21_Moscow_marathon%2C_the_cleanup_16.jpg;CC0;day,glare
images/real/real_37b8ef73e5.jpg;M775EY977;type1;169.5,1107.2,101.3,27.6;170.9,1107.2,270.8,1108.9,269.6,1134.8,169.5,1130.2;1;0;https://commons.wikimedia.org/wiki/File%3A2025-09-21_filming_location%2C_caravan_22.jpg;CC0;day
images/real/real_37b8ef73e5.jpg;X627PH797;type1;989.6,673.8,83.9,18.9;991.7,675.6,1073.5,673.8,1071.2,692.6,989.6,692.8;1;0;https://commons.wikimedia.org/wiki/File%3A2025-09-21_filming_location%2C_caravan_22.jpg;CC0;angle,day
images/real/real_d7bd4bc10f.jpg;E103EB122;type1;0.0,235.4,55.1,48.6;0.0,235.4,55.1,241.1,50.8,284.0,0.0,277.2;1;0;https://commons.wikimedia.org/wiki/File%3A20251110_Automobile_in_Khimki_%2867567%29.jpg;CC BY 4.0;day
images/real/real_a39c6edb57.jpg;M999MK750;type1a;1227.4,700.6,74.8,57.3;1230.8,700.6,1301.8,702.6,1302.2,757.9,1227.4,756.6;1;0;https://commons.wikimedia.org/wiki/File%3A2026-06-27_Moscow_electric_vehicle_parade%2C_display_39_Cybertruck.jpg;CC0;day
images/real/real_e8e7f153fd.jpg;M999MK750;type1a;1297.0,666.7,79.0,63.0;1300.5,666.7,1375.7,668.2,1376.0,729.7,1297.0,728.8;1;0;https://commons.wikimedia.org/wiki/File%3A2026-06-27_Moscow_electric_vehicle_parade%2C_display_40_Cybertruck.jpg;CC0;day
images/real/real_d9e3d6c962.jpg;A494999;other;493.7,799.2,62.8,19.2;494.2,802.3,555.5,799.2,556.4,815.7,493.7,818.3;1;0;https://commons.wikimedia.org/wiki/File%3A2026-06-27_Moscow_electric_vehicle_parade%2C_display_45_police%2C_Kamaz-52222.jpg;CC0;day
images/real/real_d9e3d6c962.jpg;A185799;other;915.3,802.7,58.3,14.5;915.7,804.4,973.4,802.7,973.7,815.5,915.3,817.2;1;0;https://commons.wikimedia.org/wiki/File%3A2026-06-27_Moscow_electric_vehicle_parade%2C_display_45_police%2C_Kamaz-52222.jpg;CC0;day
images/real/real_e8adf96928.jpg;A494999;other;202.8,847.2,72.8,21.3;203.4,850.1,275.5,847.2,274.8,868.2,202.8,868.5;1;0;https://commons.wikimedia.org/wiki/File%3A2026-06-27_Moscow_electric_vehicle_parade%2C_display_46_police%2C_Kamaz-52222.jpg;CC0;day
images/real/real_e8adf96928.jpg;XC13277;type1b;963.4,834.3,62.2,14.0;964.8,834.3,1025.7,835.5,1024.6,848.3,963.4,847.3;1;0;https://commons.wikimedia.org/wiki/File%3A2026-06-27_Moscow_electric_vehicle_parade%2C_display_46_police%2C_Kamaz-52222.jpg;CC0;day
images/real/real_e8adf96928.jpg;A185799;other;686.0,853.2,73.4,19.2;687.5,854.7,759.0,853.2,759.4,871.0,686.0,872.3;1;0;https://commons.wikimedia.org/wiki/File%3A2026-06-27_Moscow_electric_vehicle_parade%2C_display_46_police%2C_Kamaz-52222.jpg;CC0;day
images/real/real_1315e7188a.jpg;A155499;other;1295.0,752.8,53.9,20.0;1295.6,757.9,1348.9,752.8,1348.2,768.2,1295.0,772.8;1;0;https://commons.wikimedia.org/wiki/File%3A2026-06-27_Moscow_electric_vehicle_parade%2C_riding_01_police.jpg;CC0;angle,day,dirt
images/real/real_f067fcdf01.jpg;A494999;other;844.3,715.7,60.8,20.8;845.1,719.9,903.9,715.7,905.2,732.4,844.3,736.5;1;0;https://commons.wikimedia.org/wiki/File%3A2026-06-27_Moscow_electric_vehicle_parade%2C_riding_02_police.jpg;CC0;day
images/real/real_f067fcdf01.jpg;A185799;other;1451.0,689.3,54.8,23.6;1451.2,693.4,1505.1,689.3,1505.8,708.7,1451.0,712.9;1;0;https://commons.wikimedia.org/wiki/File%3A2026-06-27_Moscow_electric_vehicle_parade%2C_riding_02_police.jpg;CC0;day,dirt
images/real/real_f067fcdf01.jpg;XC12277;type1b;458.7,673.4,31.4,6.0;459.8,673.4,489.9,674.2,490.1,679.3,458.7,679.4;1;0;https://commons.wikimedia.org/wiki/File%3A2026-06-27_Moscow_electric_vehicle_parade%2C_riding_02_police.jpg;CC0;angle,day,motion_blur
images/real/real_1b46a46043.jpg;XC12277;type1b;413.3,623.4,50.0,9.2;414.2,623.8,463.3,623.4,462.1,632.6,413.3,630.9;1;0;https://commons.wikimedia.org/wiki/File%3A2026-06-27_Moscow_electric_vehicle_parade%2C_riding_03_Kamaz-52222.jpg;CC0;day
images/real/real_1b46a46043.jpg;A494999;other;1403.1,765.4,103.6,26.2;1405.9,765.4,1506.7,765.5,1505.4,791.7,1403.1,788.9;1;0;https://commons.wikimedia.org/wiki/File%3A2026-06-27_Moscow_electric_vehicle_parade%2C_riding_03_Kamaz-52222.jpg;CC0;day
images/real/real_1b46a46043.jpg;XC13377;type1b;630.8,574.2,35.7,7.2;631.7,574.4,666.2,574.2,666.5,580.4,630.8,581.4;1;0;https://commons.wikimedia.org/wiki/File%3A2026-06-27_Moscow_electric_vehicle_parade%2C_riding_03_Kamaz-52222.jpg;CC0;angle,day,motion_blur
images/real/real_1b46a46043.jpg;XC13277;type1b;1023.8,621.1,50.1,10.1;1025.5,621.1,1073.8,621.9,1073.8,631.2,1023.8,630.7;1;0;https://commons.wikimedia.org/wiki/File%3A2026-06-27_Moscow_electric_vehicle_parade%2C_riding_03_Kamaz-52222.jpg;CC0;angle,day
images/real/real_304dd29a4d.jpg;X953MC142;type1a;1177.0,648.8,109.7,80.9;1180.2,648.8,1286.7,650.6,1284.7,729.8,1177.0,722.5;1;0;https://commons.wikimedia.org/wiki/File%3A2026-06-27_Moscow_electric_vehicle_parade%2C_riding_20_Tesla.jpg;CC0;day
images/real/real_9aa57e082d.jpg;M999MK750;type1a;1138.2,678.3,98.2,65.2;1140.8,678.3,1236.4,680.0,1234.7,743.6,1138.2,736.9;1;0;https://commons.wikimedia.org/wiki/File%3A2026-06-27_Moscow_electric_vehicle_parade%2C_riding_21_Cybertruck.jpg;CC0;day
images/real/real_daf0b0b8f7.jpg;M825AM197;type1;599.2,741.5,146.0,45.5;599.4,752.7,741.7,741.5,745.2,776.3,599.2,787.0;1;0;https://commons.wikimedia.org/wiki/File%3A2026-06-27_Moscow_electric_vehicle_parade%2C_riding_22_ZAZ%2C_Cybertruck.jpg;CC0;day
images/real/real_daf0b0b8f7.jpg;X269YO797;type1;1367.2,466.6,83.0,23.7;1367.2,468.6,1447.8,466.6,1450.2,489.3,1367.4,490.2;1;0;https://commons.wikimedia.org/wiki/File%3A2026-06-27_Moscow_electric_vehicle_parade%2C_riding_22_ZAZ%2C_Cybertruck.jpg;CC0;day
images/real/real_234e2c0166.jpg;M825AM197;type1;975.8,777.0,206.2,64.8;979.8,795.2,1181.5,777.0,1182.0,827.4,975.8,841.8;1;0;https://commons.wikimedia.org/wiki/File%3A2026-06-27_Moscow_electric_vehicle_parade%2C_riding_23_ZAZ%2C_Cybertruck.jpg;CC0;angle,day
images/real/real_74e898472b.jpg;T446XX797;type1;1123.2,699.3,166.7,47.0;1123.2,709.8,1286.3,699.3,1289.8,738.8,1123.2,746.3;1;0;https://commons.wikimedia.org/wiki/File%3A2026-06-27_Moscow_electric_vehicle_parade%2C_riding_24_Cybertruck.jpg;CC0;day,glare
images/real/real_45358ec31a.jpg;M705CA790;type1;918.6,706.1,205.7,59.7;920.1,717.5,1124.3,706.1,1121.7,759.9,918.6,765.8;1;0;https://commons.wikimedia.org/wiki/File%3A2026-06-27_Moscow_electric_vehicle_parade%2C_riding_52_Nissan_Leaf.jpg;CC0;day
images/real/real_8751ab58bd.jpg;E765BO11;type1;694.8,660.8,181.8,46.9;694.8,671.2,876.5,660.8,875.8,700.1,695.7,707.7;1;0;https://commons.wikimedia.org/wiki/File%3A2026-06-27_Moscow_electric_vehicle_parade%2C_riding_59_Nissan.jpg;CC0;day
images/real/real_8751ab58bd.jpg;M387XA797;type1;1169.6,388.2,95.1,26.1;1170.6,392.1,1263.7,388.2,1264.7,410.9,1169.6,414.3;1;0;https://commons.wikimedia.org/wiki/File%3A2026-06-27_Moscow_electric_vehicle_parade%2C_riding_59_Nissan.jpg;CC0;day,glare
images/real/real_8751ab58bd.jpg;Y064XY797;type1;152.2,360.7,80.4,20.6;154.5,365.5,232.7,360.7,232.7,377.8,152.2,381.2;1;0;https://commons.wikimedia.org/wiki/File%3A2026-06-27_Moscow_electric_vehicle_parade%2C_riding_59_Nissan.jpg;CC0;angle,day
images/real/real_43711f091b.jpg;P836HB797;type1;850.0,640.2,181.0,54.1;850.0,653.2,1027.7,640.2,1031.0,683.3,850.7,694.2;1;0;https://commons.wikimedia.org/wiki/File%3A2026-06-27_Moscow_electric_vehicle_parade%2C_riding_60_Tesla.jpg;CC0;day
images/real/real_0077cb9d58.jpg;O137AE977;type1;1189.7,438.4,81.3,22.9;1191.6,438.4,1271.0,439.5,1268.4,461.3,1189.7,458.1;1;0;https://commons.wikimedia.org/wiki/File%3A2026-06-27_Moscow_electric_vehicle_parade%2C_riding_64_Chevrolet_Bolt.jpg;CC0;day
images/real/real_07c75c185b.jpg;H613OE977;type1a;1072.5,692.3,96.6,63.3;1076.2,692.3,1169.1,693.0,1166.7,755.7,1072.5,752.6;1;0;https://commons.wikimedia.org/wiki/File%3A2026-06-27_Moscow_electric_vehicle_parade%2C_riding_66_Cybertruck.jpg;CC0;day
images/real/real_34ac0f5340.jpg;H613OE977;type1a;463.0,661.3,85.6,57.2;467.2,661.3,548.6,668.2,546.4,718.5,463.0,708.1;1;0;https://commons.wikimedia.org/wiki/File%3A2026-06-27_Moscow_electric_vehicle_parade%2C_riding_67_Cybertruck.jpg;CC0;day
images/real/real_bda30dc07e.jpg;A278XB797;type1;1091.3,658.9,187.0,64.6;1091.3,676.5,1275.9,658.9,1278.3,709.2,1095.4,723.5;1;0;https://commons.wikimedia.org/wiki/File%3A2026-06-27_Moscow_electric_vehicle_parade%2C_riding_72_Tesla.jpg;CC0;day
images/real/real_4d1427677b.jpg;B881HA797;type1;603.5,612.7,145.5,43.9;605.3,620.8,748.7,612.7,749.0,650.1,603.5,656.6;1;0;https://commons.wikimedia.org/wiki/File%3A2026-06-27_Moscow_electric_vehicle_parade%2C_riding_73_Honda_e%2C_Voyah_Free.jpg;CC0;day,glare
images/real/real_4d1427677b.jpg;P428KX977;type1;1266.3,534.4,112.5,28.4;1267.6,537.2,1378.8,534.4,1378.1,561.4,1266.3,562.8;1;0;https://commons.wikimedia.org/wiki/File%3A2026-06-27_Moscow_electric_vehicle_parade%2C_riding_73_Honda_e%2C_Voyah_Free.jpg;CC0;day
images/real/real_a4d7b76061.jpg;B881HA797;type1;1057.2,735.1,233.9,64.5;1058.2,743.3,1290.8,735.1,1291.1,793.7,1057.2,799.6;1;0;https://commons.wikimedia.org/wiki/File%3A2026-06-27_Moscow_electric_vehicle_parade%2C_riding_74_Honda_e.jpg;CC0;day,glare
images/real/real_59f035c97e.jpg;H876BA550;type1;727.4,767.4,190.0,51.7;727.4,779.6,917.4,767.4,916.6,812.7,728.5,819.2;1;0;https://commons.wikimedia.org/wiki/File%3A2026-06-27_Moscow_electric_vehicle_parade%2C_riding_75_Ora_Goodcat.jpg;CC0;day
images/real/real_59f035c97e.jpg;E535CX777;type1;1049.9,548.1,113.6,29.3;1051.1,552.0,1163.5,548.1,1161.9,576.8,1049.9,577.4;1;0;https://commons.wikimedia.org/wiki/File%3A2026-06-27_Moscow_electric_vehicle_parade%2C_riding_75_Ora_Goodcat.jpg;CC0;day
images/real/real_59f035c97e.jpg;H406AT763;type1;1275.9,488.7,85.2,25.2;1277.1,494.8,1361.2,488.7,1358.8,512.0,1275.9,513.9;1;0;https://commons.wikimedia.org/wiki/File%3A2026-06-27_Moscow_electric_vehicle_parade%2C_riding_75_Ora_Goodcat.jpg;CC0;angle,day,glare
images/real/real_8bd64964f3.jpg;E535CX777;type1;243.8,509.7,194.6,65.8;250.3,509.7,438.3,521.5,431.4,575.4,243.8,554.5;1;0;https://commons.wikimedia.org/wiki/File%3A2026-06-27_Moscow_electric_vehicle_parade%2C_riding_76_Mitsubishi_Miev.jpg;CC0;day
images/real/real_39be9803ed.jpg;M497KP72;type1;408.5,509.5,104.7,39.1;413.7,509.5,513.2,522.1,511.3,548.6,408.5,536.5;1;0;https://commons.wikimedia.org/wiki/File%3AA%C5%ADto_Honda_CR-V_parkumita_inter_du_a%C5%ADtoj_Suzuki_en_Tjumeno.jpg;CC BY-SA 4.0;day
images/real/real_39be9803ed.jpg;H929XB72;type1;1038.0,641.0,180.0,52.5;1046.8,641.0,1218.0,654.9,1210.9,693.5,1038.0,676.7;1;0;https://commons.wikimedia.org/wiki/File%3AA%C5%ADto_Honda_CR-V_parkumita_inter_du_a%C5%ADtoj_Suzuki_en_Tjumeno.jpg;CC BY-SA 4.0;angle,day
images/real/real_054a007d06.jpg;A202MC172;type1a;254.5,952.0,137.0,73.9;259.5,952.0,390.9,956.3,391.4,1025.9,254.5,1017.2;1;0;https://commons.wikimedia.org/wiki/File%3AA%C5%ADto_Suzuki_Jimny_Sierra_en_Tjumeno_01.jpg;CC BY 4.0;day
images/real/real_e8de9cc01c.jpg;06140ADP;other;380.4,1066.6,134.3,74.9;383.1,1066.6,514.6,1066.6,511.0,1141.4,380.4,1134.7;1;0;https://commons.wikimedia.org/wiki/File%3AA%C5%ADto_Toyota_Alphard_%28AH10%29_kun_numerplato_de_Kirgizio_02.jpg;CC BY-SA 4.0;day
images/real/real_aedf007eb5.jpg;Y204EY72;type1;119.3,160.2,92.7,30.1;120.4,170.2,211.6,160.2,212.0,182.8,119.3,190.2;1;0;https://commons.wikimedia.org/wiki/File%3AA%C5%ADto_Toyota_Chaser_en_la_korto_de_la_domo_N_213_en_strato_Respubliko_%28Tjumeno%29.jpg;CC BY-SA 4.0;angle,day
images/real/real_aedf007eb5.jpg;X318KX45;type1;1245.0,490.2,150.5,129.2;1245.0,578.0,1385.2,490.2,1395.5,517.0,1263.2,619.4;1;0;https://commons.wikimedia.org/wiki/File%3AA%C5%ADto_Toyota_Chaser_en_la_korto_de_la_domo_N_213_en_strato_Respubliko_%28Tjumeno%29.jpg;CC BY-SA 4.0;angle,day
images/real/real_7a54a1e229.jpg;Y355XE72;type1a;782.2,526.6,225.8,136.2;790.7,526.6,1008.0,530.5,995.8,662.8,782.2,647.8;1;0;https://commons.wikimedia.org/wiki/File%3AA%C5%ADtomobilo_kun_simbolo_Z_kaj_surskribo_Laboru_fratoj.jpg;CC BY-SA 4.0;day
images/real/real_70b3e5dfc1.jpg;B565XP72;type1;436.4,501.2,98.8,28.3;439.7,501.2,535.2,502.7,533.8,529.6,436.4,525.0;1;0;https://commons.wikimedia.org/wiki/File%3AA%C5%ADtoriparejo_en_strato_Novatorov_%28Tjumeno%29_02.jpg;CC BY-SA 4.0;day
images/real/real_ae5cca0d67.jpg;K712XK;other;841.2,742.8,367.9,93.1;841.2,742.8,1209.2,742.8,1202.2,835.8,848.2,835.8;1;0;https://commons.wikimedia.org/wiki/File%3AAbkhazia_plates_01.jpg;CC BY-SA 3.0;day
images/real/real_cfcbd1032a.jpg;K711XK;other;434.8,608.2,249.3,133.7;440.0,608.2,684.1,609.2,679.3,741.9,434.8,733.5;1;0;https://commons.wikimedia.org/wiki/File%3AAbkhazia_plates_02.jpg;CC BY-SA 3.0;day,glare
images/real/real_896472ad43.jpg;T734XB72;type1;757.3,535.2,54.2,17.5;758.5,536.0,811.6,535.2,810.9,552.7,757.3,552.6;1;0;https://commons.wikimedia.org/wiki/File%3AAnstata%C5%ADigo_de_pne%C5%ADoj_en_Tjumeno.jpg;CC BY-SA 4.0;day
images/real/real_a7565b2254.jpg;H957HC39;type1;460.8,598.3,231.6,65.2;462.9,601.7,692.3,598.3,686.1,663.6,460.8,659.8;1;0;https://commons.wikimedia.org/wiki/File%3AAuto_Ford_Fiesta_Mk1_Kaliningrad_Oktyabrskaya_street_%D0%9D957%D0%9D%D0%A139_2021-08_126.jpg;CC BY 4.0;day
images/real/real_911f08ba72.jpg;H374OH178;type1;555.6,884.8,141.3,58.4;555.6,906.6,689.2,884.8,696.9,920.6,560.1,943.2;1;0;https://commons.wikimedia.org/wiki/File%3AAuto_Ford_Sierra_Mk1_Chernyshevskogo_Square_Chernyshevskogo_Square_%D0%9D374%D0%9E%D0%9D178_2025-03_015.JPG;CC BY 4.0;day
images/real/real_911f08ba72.jpg;H374OH178;type1;1352.3,887.2,148.8,55.3;1352.3,908.2,1496.2,887.2,1501.2,922.8,1355.1,942.5;1;0;https://commons.wikimedia.org/wiki/File%3AAuto_Ford_Sierra_Mk1_Chernyshevskogo_Square_Chernyshevskogo_Square_%D0%9D374%D0%9E%D0%9D178_2025-03_015.JPG;CC BY 4.0;day
images/real/real_64c6941677.jpg;X403CO154;type1;929.1,955.2,90.2,42.4;929.1,965.6,1015.7,955.2,1019.2,988.2,930.2,997.7;1;0;https://commons.wikimedia.org/wiki/File%3AAuto_Mazda_323_Kaliningrad_Victory_Square_%D0%A5403%D0%A1%D0%9E154_2025-05_00035.JPG;CC BY 4.0;day,dirt
images/real/real_f8d03a575e.jpg;A141TX797;type1;609.6,748.7,137.2,50.0;617.0,748.7,746.8,765.9,743.0,798.7,609.6,780.8;1;0;https://commons.wikimedia.org/wiki/File%3AAuto_Merkur_Scorpio_Perovo_District_Zelyony_Prospekt_%D0%90141%D0%A2%D0%A5797_2025-02_1738418941_024.tif;CC BY 4.0;day
images/real/real_f8d03a575e.jpg;K635EK62;type1;108.8,593.9,52.9,14.4;109.7,593.9,161.2,594.8,161.8,608.3,108.8,607.1;1;0;https://commons.wikimedia.org/wiki/File%3AAuto_Merkur_Scorpio_Perovo_District_Zelyony_Prospekt_%D0%90141%D0%A2%D0%A5797_2025-02_1738418941_024.tif;CC BY 4.0;day
images/real/real_f8d03a575e.jpg;E108CX197;type1;319.8,611.0,67.8,19.5;320.3,611.0,386.5,613.2,387.5,630.5,319.8,627.9;1;0;https://commons.wikimedia.org/wiki/File%3AAuto_Merkur_Scorpio_Perovo_District_Zelyony_Prospekt_%D0%90141%D0%A2%D0%A5797_2025-02_1738418941_024.tif;CC BY 4.0;day
images/real/real_d3796970b3.jpg;H371TK71;type1;1243.6,786.9,80.5,25.8;1244.5,786.9,1323.7,792.0,1324.1,812.7,1243.6,807.1;1;0;https://commons.wikimedia.org/wiki/File%3AAuto_Station_-_Efremov%2C_Russia_2024.jpg;CC BY 4.0;day
images/real/real_d3796970b3.jpg;H771TX71;type1;794.8,779.9,56.2,14.4;795.5,779.9,850.4,780.5,851.1,794.3,794.8,793.7;1;0;https://commons.wikimedia.org/wiki/File%3AAuto_Station_-_Efremov%2C_Russia_2024.jpg;CC BY 4.0;day
images/real/real_cc33866c24.jpg;P561CB39;type1;410.7,543.2,202.6,86.1;417.2,543.2,613.2,566.9,600.1,629.2,410.7,594.3;1;0;https://commons.wikimedia.org/wiki/File%3AAuto_Toyota_MR2_%28W10%29_Kaliningrad_Oktyabrskaya_street_%D0%A0561%D0%A1%D0%9239_2021-08_124.jpg;CC BY 4.0;day
images/real/real_b47e4f078c.jpg;P561CB39;type1;1200.3,593.0,217.0,89.7;1200.3,627.4,1412.8,593.0,1417.3,652.0,1201.3,682.7;1;0;https://commons.wikimedia.org/wiki/File%3AAuto_Toyota_MR2_%28W10%29_Kaliningrad_Oktyabrskaya_street_%D0%A0561%D0%A1%D0%9239_2021-08_125.jpg;CC BY 4.0;angle,day
images/real/real_f68894418f.jpg;K888MM48;type1;171.2,356.1,68.6,17.3;171.2,358.2,238.8,356.1,239.8,371.4,171.2,373.4;1;0;https://commons.wikimedia.org/wiki/File%3ABlack_Chevrolet_Chevelle_SS_in_Moscow%2C_2024_01.jpg;CC0;day
images/real/real_0c9cffa26a.jpg;K871KK98;type1;189.3,646.2,159.2,39.6;190.3,648.1,346.3,646.2,348.5,685.0,189.3,685.8;1;0;https://commons.wikimedia.org/wiki/File%3ABlack_Chevrolet_Chevelle_SS_in_Moscow%2C_2024_03.jpg;CC0;day
images/real/real_0c9cffa26a.jpg;C663CC178;type1;1023.6,716.7,195.5,51.6;1028.8,716.7,1219.1,725.8,1215.6,768.2,1023.6,755.2;1;0;https://commons.wikimedia.org/wiki/File%3ABlack_Chevrolet_Chevelle_SS_in_Moscow%2C_2024_03.jpg;CC0;day
images/real/real_9631ba09ac.jpg;C663CC178;type1;608.8,863.3,339.5,66.8;609.1,873.0,948.3,863.3,943.6,925.2,608.8,930.2;1;0;https://commons.wikimedia.org/wiki/File%3ABlack_Chevrolet_Chevelle_SS_in_Moscow%2C_2024_04.jpg;CC0;day
images/real/real_547b2e25b0.jpg;B025AB799;type1;1071.8,552.5,186.5,73.9;1072.9,574.8,1255.7,552.5,1258.2,607.5,1071.8,626.4;1;0;https://commons.wikimedia.org/wiki/File%3ABlue_Ford_-_Moscow1.jpg;CC BY 4.0;angle,day,glare
images/real/real_567a445449.jpg;B025AB799;type1;1158.5,420.9,228.8,91.2;1158.5,453.2,1387.2,420.9,1387.0,486.3,1159.0,512.2;1;0;https://commons.wikimedia.org/wiki/File%3ABlue_Ford_-_Moscow.jpg;CC BY 4.0;angle,day,glare
images/real/real_70298f55c0.jpg;E654OK190;type1;985.2,821.7,94.8,37.1;985.2,831.7,1079.3,821.7,1079.9,849.4,985.8,858.8;1;0;https://commons.wikimedia.org/wiki/File%3ABurning_automobile_01.jpg;CC BY-SA 3.0;day
images/real/real_b44c67db37.jpg;M497KP72;type1;900.7,724.0,79.3,20.1;902.8,724.0,980.0,724.3,980.0,744.1,900.7,742.0;1;0;https://commons.wikimedia.org/wiki/File%3AButiko_Letual_en_strato_Pervomajskaja_%28Tjumeno%29.jpg;CC BY-SA 4.0;day
images/real/real_b44c67db37.jpg;K001KY72;type1;247.0,678.3,79.4,19.1;249.2,681.0,326.4,678.3,325.9,697.2,247.0,697.4;1;0;https://commons.wikimedia.org/wiki/File%3AButiko_Letual_en_strato_Pervomajskaja_%28Tjumeno%29.jpg;CC BY-SA 4.0;angle,day
images/real/real_49c0a05428.jpg;T072OX64;type1;236.0,503.4,51.4,15.3;236.6,505.1,286.1,503.4,287.4,517.2,236.0,518.7;1;0;https://commons.wikimedia.org/wiki/File%3AChevrolet_%28Saratov%29.jpg;CC BY-SA 4.0;day
images/real/real_ec748911a4.jpg;A145AM18;type1;320.7,748.9,197.6,59.4;326.6,748.9,518.2,759.7,510.5,808.3,320.7,794.2;1;0;https://commons.wikimedia.org/wiki/File%3ADatsun_Stanza_Moscow_3.tiff;CC0;day
images/real/real_e240a1fcac.jpg;A145AM18;type1;350.5,754.7,420.3,141.9;353.8,754.7,770.8,799.8,756.3,896.6,350.5,857.7;1;0;https://commons.wikimedia.org/wiki/File%3ADatsun_Stanza_Moscow.tiff;CC0;day
images/real/real_0a00bc9ef4.jpg;X468MT54;type1;790.1,653.8,326.9,70.2;793.4,657.4,1117.0,653.8,1108.0,724.1,790.1,719.8;1;0;https://commons.wikimedia.org/wiki/File%3ADiabla_Honda_01.jpg;CC BY-SA 4.0;day
images/real/real_2cc399571b.jpg;Y339MO72;type1;838.2,699.5,43.5,27.2;838.6,706.7,881.7,699.5,881.1,720.2,838.2,726.7;1;0;https://commons.wikimedia.org/wiki/File%3ADomo_N_97_en_strato_Melnikaite_%28Tjumeno%29.jpg;CC BY-SA 4.0;angle,day
images/real/real_3001d0bcb2.jpg;C536OA197;type1;595.2,729.8,169.6,49.6;602.0,729.8,764.8,740.6,758.2,779.4,595.2,766.7;1;0;https://commons.wikimedia.org/wiki/File%3AFilyovskaya_Embankment_32.jpg;CC BY 4.0;day
images/real/real_6072a3840a.jpg;X046MC77;type1;210.1,522.6,76.0,81.6;215.6,522.6,286.1,567.3,277.2,604.2,210.1,559.8;1;0;https://commons.wikimedia.org/wiki/File%3AHonda_Accord_%282007%29_en_Tjumeno_01.jpg;CC BY-SA 4.0;angle,day
images/real/real_c160f20ac8.jpg;T430MC72;type1;326.1,1000.0,301.2,63.0;329.1,1006.3,627.3,1000.0,619.7,1063.0,326.1,1060.6;1;0;https://commons.wikimedia.org/wiki/File%3AHonda_Accord_%282007%29_en_Tjumeno_02.jpg;CC BY-SA 4.0;angle,day
images/real/real_c482d422fc.jpg;T430MC72;type1;1278.6,372.1,146.2,120.7;1278.6,433.6,1413.3,372.1,1424.7,428.6,1292.8,492.7;1;0;https://commons.wikimedia.org/wiki/File%3AHonda_Accord_%282007%29_en_Tjumeno_04.jpg;CC BY-SA 4.0;angle,day
images/real/real_68fbeac663.jpg;P973PX72;type1;1226.6,728.6,66.9,21.0;1228.9,731.7,1293.5,728.6,1293.2,747.4,1226.6,749.6;1;0;https://commons.wikimedia.org/wiki/File%3AInfiniti_Q%D0%A556_%28JA60%29_sur_la_riverkajo_en_Tjumeno_01.jpg;CC BY-SA 4.0;angle,day
images/real/real_5e85caabbe.jpg;K766ET799;type1;1191.4,440.6,72.6,74.7;1191.4,465.1,1258.8,440.6,1264.0,488.8,1196.6,515.3;1;0;https://commons.wikimedia.org/wiki/File%3AJeep_Grand_Cherokee_in_Moscow_2025.jpg;CC BY 4.0;angle,day
images/real/real_351a829750.jpg;P486XO799;type1;1160.9,992.0,38.1,9.7;1160.9,993.1,1198.9,992.0,1199.0,999.5,1161.2,1001.7;1;0;https://commons.wikimedia.org/wiki/File%3AKuprin_Prospekt_%28Moscow%29_-_2024-8_1.jpg;CC BY 4.0;day
images/real/real_5b6b9c064d.jpg;P486XO799;type1;701.4,756.2,67.2,17.2;702.8,757.9,768.6,756.2,768.4,773.4,701.4,773.0;1;0;https://commons.wikimedia.org/wiki/File%3AKuprin_Prospekt_%28Moscow%29_-_2024-8_2.jpg;CC BY 4.0;day
images/real/real_e2a19b48ec.jpg;P486XO799;type1;917.3,665.2,147.2,43.0;918.6,676.8,1061.1,665.2,1064.5,699.2,917.3,708.2;1;0;https://commons.wikimedia.org/wiki/File%3AMazda%2C_Kuprin_Avenue_-_Moscow1.jpg;CC BY 4.0;day
images/real/real_e2a19b48ec.jpg;X303YC52;type1;126.8,457.7,60.5,16.0;127.0,461.0,186.1,457.7,187.2,470.7,126.8,473.7;1;0;https://commons.wikimedia.org/wiki/File%3AMazda%2C_Kuprin_Avenue_-_Moscow1.jpg;CC BY 4.0;day
images/real/real_f7d61f2cce.jpg;P486XO799;type1;926.2,661.5,226.4,67.2;929.3,678.6,1152.6,661.5,1152.7,715.2,926.2,728.8;1;0;https://commons.wikimedia.org/wiki/File%3AMazda%2C_Kuprin_Avenue_-_Moscow2.jpg;CC BY 4.0;day
images/real/real_52de95c560.jpg;H757HH161;type1;387.9,731.0,93.6,26.3;390.2,733.8,481.5,731.0,480.9,756.6,387.9,757.3;1;0;https://commons.wikimedia.org/wiki/File%3AMoscow_-_2025_-_Bolotnaya_Embankment1.jpg;CC BY 4.0;day
images/real/real_1a618ed88b.jpg;M942TE67;type1a;1138.8,636.5,104.3,92.6;1138.8,657.9,1235.1,636.5,1243.1,708.0,1141.2,729.1;1;0;https://commons.wikimedia.org/wiki/File%3AMoscow_-_6-2026_-_Honda_Integra.jpg;CC BY 4.0;angle,day
images/real/real_7a344b2011.jpg;A269YM797;type1a;296.6,701.9,117.8,98.5;305.7,701.9,414.3,721.9,406.8,800.4,296.6,771.9;1;0;https://commons.wikimedia.org/wiki/File%3AMoscow_-_July_2026_-_Ford_Granada1.jpg;CC BY 4.0;angle,day
images/real/real_50372ea137.jpg;A269YM797;type1a;358.8,670.9,95.6,80.3;364.3,670.9,454.3,683.9,451.6,751.2,358.8,733.8;1;0;https://commons.wikimedia.org/wiki/File%3AMoscow_-_July_2026_-_Ford_Granada.jpg;CC BY 4.0;angle,day
images/real/real_8c5886201f.jpg;P528AA250;type1;1264.2,751.1,101.8,41.2;1264.4,757.7,1363.5,751.1,1365.9,785.0,1264.2,792.2;1;0;https://commons.wikimedia.org/wiki/File%3AMoscow_-_July_2026_-_Orange_Nissan%2C_Okhotny_Ryad%2C_Teatralny_Proezd.jpg;CC BY 4.0;day,glare
images/real/real_78c3b98580.jpg;P486XO799;type1;716.6,912.2,74.6,20.4;716.6,912.2,789.8,914.9,791.2,932.7,717.1,930.6;1;0;https://commons.wikimedia.org/wiki/File%3AMoscow_-_Kuprin_Avenue_and_the_surrounding_forest.jpg;CC BY 4.0;day
images/real/real_e32fc21a5a.jpg;P486XO799;type1;731.9,599.3,89.2,22.4;731.9,602.2,820.4,599.3,821.1,618.2,732.2,621.7;1;0;https://commons.wikimedia.org/wiki/File%3AMoscow_-_Red_Mazda%2C_Kuprin_Avenue1.jpg;CC BY 4.0;day
images/real/real_ad0ceb6691.jpg;P486XO799;type1;642.2,570.3,105.6,25.3;644.0,570.8,746.7,570.3,747.8,595.0,642.2,595.7;1;0;https://commons.wikimedia.org/wiki/File%3AMoscow_-_Red_Mazda%2C_Kuprin_Avenue2.jpg;CC BY 4.0;day
images/real/real_bec9eeaf3b.jpg;P486XO799;type1;669.2,616.3,151.6,38.8;669.2,622.4,818.8,616.3,820.8,650.8,671.4,655.2;1;0;https://commons.wikimedia.org/wiki/File%3AMoscow_-_Red_Mazda%2C_Kuprin_Avenue.jpg;CC BY 4.0;day
images/real/real_87d991e9c5.jpg;H102BK797;type1;721.0,1444.8,101.6,27.0;721.9,1449.3,822.6,1444.8,822.5,1468.4,721.0,1471.8;1;0;https://commons.wikimedia.org/wiki/File%3AMoscow%2C_1st_Derbenyovsky_Lane%2C_Opus_building_construction%2C_July_2025_01.jpg;CC0;day
images/real/real_87d991e9c5.jpg;Y404CY797;type1;237.7,1385.4,71.7,18.1;239.3,1385.4,309.4,1387.8,308.7,1403.4,237.7,1401.0;1;0;https://commons.wikimedia.org/wiki/File%3AMoscow%2C_1st_Derbenyovsky_Lane%2C_Opus_building_construction%2C_July_2025_01.jpg;CC0;day
images/real/real_dd7173d045.jpg;H102BK797;type1;875.4,932.0,98.5,29.7;875.4,940.4,971.3,932.0,973.9,953.6,876.7,961.7;1;0;https://commons.wikimedia.org/wiki/File%3AMoscow%2C_1st_Derbenyovsky_Lane%2C_Opus_building_construction%2C_July_2025_03.jpg;CC0;day
images/real/real_23a72e6ee7.jpg;A646BH193;type1;670.9,867.5,115.6,33.4;670.9,872.4,786.4,867.5,786.5,898.0,671.3,900.9;1;0;https://commons.wikimedia.org/wiki/File%3AMoscow%2C_1st_Dobryninsky_and_1st_Lyusinovsky%2C_May_2022_01.jpg;CC0;day
images/real/real_637f721ed1.jpg;H086AY977;type1;153.3,1193.2,76.7,18.7;153.7,1196.0,228.9,1193.2,230.0,1209.9,153.3,1211.9;1;0;https://commons.wikimedia.org/wiki/File%3AMoscow%2C_1st_Nagatinsky_14_June_2025_09.jpg;CC0;day
images/real/real_dc39af8f12.jpg;X710EE50;type1;1212.8,486.1,167.7,42.2;1214.5,492.7,1377.8,486.1,1380.6,523.2,1212.8,528.3;1;0;https://commons.wikimedia.org/wiki/File%3AMoscow%2C_1st_Pavlovsky_Lane%2C_Mitsubishi_ASX%2C_E-Klasse%2C_Hyundai_Elantra_2024-06-15.jpg;CC0;day,glare
images/real/real_c11ee30255.jpg;Y508KM977;type1;1434.7,708.3,108.8,32.8;1437.1,712.5,1543.4,708.3,1542.8,740.2,1434.7,741.2;1;0;https://commons.wikimedia.org/wiki/File%3AMoscow%2C_1st_Silikatny_11_prison_June_2025_04_%28cropped_Jeep%29.jpg;CC0;day
images/real/real_54dc73f57f.jpg;Y867TB799;type1;401.7,875.9,72.4,17.5;401.7,876.8,473.2,875.9,474.1,891.7,402.1,893.4;1;0;https://commons.wikimedia.org/wiki/File%3AMoscow%2C_1st_Tverskaya-Yamskaya_-_Oruzheyny_Lane%2C_July_2026_02.jpg;CC0;day
images/real/real_3e2a2244aa.jpg;H337KM977;type1;285.8,563.9,82.8,23.9;286.0,569.2,368.6,563.9,368.1,583.9,285.8,587.8;1;0;https://commons.wikimedia.org/wiki/File%3AMoscow%2C_2nd_Nagatinsky_Proezd%2C_garage_workshops%2C_June_2025_03.jpg;CC0;day,glare
images/real/real_2f7b27e81c.jpg;H337KM977;type1;454.5,621.5,156.6,42.6;460.4,628.0,611.1,621.5,610.8,660.6,454.5,664.1;1;0;https://commons.wikimedia.org/wiki/File%3AMoscow%2C_2nd_Nagatinsky_Proezd%2C_garage_workshops%2C_June_2025_04.jpg;CC0;angle,day
images/real/real_984f01e44e.jpg;T332PB797;type1;1025.8,554.5,254.4,64.9;1026.0,568.8,1280.2,554.5,1278.8,611.8,1025.8,619.4;1;0;https://commons.wikimedia.org/wiki/File%3AMoscow%2C_2nd_Pavlovsky_Lane%2C_red_Tesla_3plus%2C_May_2025_02.jpg;CC0;day,glare
images/real/real_44700a5bbe.jpg;T287CC777;type1;1084.2,796.6,111.7,26.8;1086.0,796.6,1195.1,797.9,1195.8,823.4,1084.2,822.1;1;0;https://commons.wikimedia.org/wiki/File%3AMoscow%2C_B-Gnezdnikovsky_10_Aug_2024_01.jpg;CC0;day
images/real/real_b475bea51b.jpg;K595CY750;type1;1297.8,842.9,166.2,40.7;1304.1,845.0,1464.0,842.9,1460.9,883.6,1297.8,883.2;1;0;https://commons.wikimedia.org/wiki/File%3AMoscow%2C_BMW%2C_Nissan_Note%2C_Mazda6_2022-06-04.jpg;CC0;angle,day
images/real/real_f29d73b85d.jpg;X792XT17;type1;1203.3,557.8,75.4,50.9;1203.3,576.8,1276.2,557.8,1278.8,591.6,1204.0,608.8;1;0;https://commons.wikimedia.org/wiki/File%3AMoscow%2C_Bakhrushina_20_charging_station_June_2022_01.jpg;CC0;angle,day
images/real/real_66bdea50e0.jpg;B199YY197;type1;657.6,522.8,205.2,48.1;662.4,522.8,862.8,522.8,858.3,570.8,657.6,567.8;1;0;https://commons.wikimedia.org/wiki/File%3AMoscow%2C_Bakhrushina_20_charging_station_June_2022_02.jpg;CC0;day
images/real/real_f745f9303b.jpg;B590KE797;type1;938.8,1375.7,63.9,19.1;939.1,1381.4,1002.5,1375.7,1002.7,1390.0,938.8,1394.7;1;0;https://commons.wikimedia.org/wiki/File%3AMoscow%2C_Bakhrushina_27%2C_29_July_2023_02%28DXO%29.jpg;CC0;day
images/real/real_6159cb918b.jpg;H433AX97;type1;371.9,1381.4,77.2,21.2;373.0,1381.4,448.2,1382.2,449.1,1402.6,371.9,1400.7;1;0;https://commons.wikimedia.org/wiki/File%3AMoscow%2C_Bolshoy_Ordynsky_Lane_May_2022_03.jpg;CC0;day
images/real/real_35f53067fc.jpg;H433AX97;type1;256.2,734.9,198.2,47.2;262.1,738.8,454.4,734.9,451.9,781.3,256.2,782.2;1;0;https://commons.wikimedia.org/wiki/File%3AMoscow%2C_Bolshoy_Ordynsky_Lane%2C_Mitsu_Pajero_Sport%2C_2022-05-23.jpg;CC0;angle,day
images/real/real_a4f53e9fb0.jpg;K199KA977;type1;568.1,1357.4,41.4,13.1;568.7,1357.4,608.8,1357.8,609.5,1370.6,568.1,1370.0;1;0;https://commons.wikimedia.org/wiki/File%3AMoscow%2C_Borisa_Petrovskogo_Street%2C_MIG_plant_site%2C_watchtower_April_2025_01.jpg;CC0;day
images/real/real_2046de893b.jpg;X390CP799;type1;489.4,1285.2,307.0,81.0;489.4,1306.6,796.5,1285.2,787.3,1355.2,492.1,1366.2;1;0;https://commons.wikimedia.org/wiki/File%3AMoscow%2C_Botkin_Hospital_-_ambulance_April_2025_21.jpg;CC0;angle,day
images/real/real_1f864ee4ba.jpg;C609MC797;type1;397.6,792.5,238.4,134.5;407.6,792.5,636.0,861.7,617.8,927.0,397.6,853.3;1;0;https://commons.wikimedia.org/wiki/File%3AMoscow%2C_Burdenko_Street%2C_Suzuki_Spacia_Hybrid_Oct_2024_02.jpg;CC0;angle,day
images/real/real_abd36a9d0b.jpg;T283MT750;type1;201.5,281.8,67.1,18.8;201.5,286.2,267.6,281.8,268.6,295.9,202.3,300.5;1;0;https://commons.wikimedia.org/wiki/File%3AMoscow%2C_Burdenko_Street%2C_Suzuki_Spacia_Hybrid_Oct_2024_03.jpg;CC0;day
images/real/real_d0a602ddfe.jpg;X506YY197;type1;1221.4,341.8,66.9,37.7;1226.8,341.8,1288.3,344.9,1286.1,379.4,1221.4,372.4;1;0;https://commons.wikimedia.org/wiki/File%3AMoscow%2C_Chevrolet_Aveo_%28T200%29_hatchback_silver%2C_Sept_2025_01.jpg;CC0;day,glare
images/real/real_3c16889783.jpg;C753XY197;type1;14.8,493.2,145.2,39.9;19.7,493.2,160.1,495.3,156.2,533.1,14.8,527.4;1;0;https://commons.wikimedia.org/wiki/File%3AMoscow%2C_Chevrolet_Equinox_white%2C_Sept_2025_01.jpg;CC0;day
images/real/real_549914297b.jpg;06644AJK;other;188.3,548.5,127.9,61.4;195.7,548.5,316.2,563.6,312.1,609.9,188.3,589.7;1;0;https://commons.wikimedia.org/wiki/File%3AMoscow%2C_Chevrolet_Spark_LT_white_with_KG_plates%2C_Aug_2026_01.jpg;CC0;day,glare
images/real/real_f767ac522a.jpg;X372TB799;type1;139.2,511.6,99.7,54.5;147.2,511.6,239.0,524.1,236.1,566.1,139.2,549.9;1;0;https://commons.wikimedia.org/wiki/File%3AMoscow%2C_Chevrolet_TrailBlazer_June_2025_04.jpg;CC0;day
images/real/real_1508ad19d8.jpg;H440CE790;type1;1278.5,349.0,90.9,25.2;1281.0,349.8,1368.8,349.0,1369.4,372.1,1278.5,374.2;1;0;https://commons.wikimedia.org/wiki/File%3AMoscow%2C_Chevrolet_Trailblazer%2C_Aug_2025_14.jpg;CC0;day
images/real/real_84ce4325c9.jpg;E769TM790;type1;1395.1,430.2,112.8,35.1;1395.1,438.5,1504.3,430.2,1507.8,456.0,1395.9,465.3;1;0;https://commons.wikimedia.org/wiki/File%3AMoscow%2C_Daihatsu_Taft_green%2C_Sept_2025_03.jpg;CC0;day
images/real/real_1bb8ac733c.jpg;K436XC777;type1;1497.2,412.1,101.1,28.4;1497.2,414.0,1595.8,412.1,1598.3,436.7,1497.4,440.5;1;0;https://commons.wikimedia.org/wiki/File%3AMoscow%2C_Daihatsu_Wake_orange%2C_Mar_2026_04.jpg;CC0;day
images/real/real_e6eb963ac3.jpg;C036PO797;type1;583.1,680.1,185.0,55.2;586.7,691.7,768.1,680.1,767.9,728.2,583.1,735.2;1;0;https://commons.wikimedia.org/wiki/File%3AMoscow%2C_Daihatsu_with_shadow_plates%2C_Mar_2026_01.jpg;CC0;angle,day
images/real/real_391ed4767e.jpg;C036PO797;type1;438.3,710.0,155.9,57.3;438.3,724.6,592.5,710.0,594.2,756.2,438.7,767.3;1;0;https://commons.wikimedia.org/wiki/File%3AMoscow%2C_Daihatsu_with_shadow_plates%2C_Mar_2026_02.jpg;CC0;day
images/real/real_058e5d8179.jpg;C650TH799;type1;501.5,750.2,95.2,31.6;504.7,750.2,596.7,755.8,594.2,781.8,501.5,776.0;1;0;https://commons.wikimedia.org/wiki/File%3AMoscow%2C_Dinamovskaya_Street_Aug_2024_01.jpg;CC0;day,glare
images/real/real_f921cdc962.jpg;C650TH799;type1;151.2,1226.4,93.0,30.2;154.4,1226.4,244.2,1231.0,242.8,1256.6,151.2,1248.5;1;0;https://commons.wikimedia.org/wiki/File%3AMoscow%2C_Dinamovskaya_Street_Aug_2024_02.jpg;CC0;day
images/real/real_7a5cf54d65.jpg;M498KH134;type1;1305.1,739.6,144.4,49.8;1305.1,749.7,1445.4,739.6,1449.5,778.9,1305.6,789.3;1;0;https://commons.wikimedia.org/wiki/File%3AMoscow%2C_Dodge_Challenger_Aug_2025_01.jpg;CC0;day
images/real/real_b6dfb0b8c9.jpg;M498KH134;type1a;196.0,631.9,76.7,77.1;200.2,631.9,272.7,639.8,267.3,709.0,196.0,698.4;1;0;https://commons.wikimedia.org/wiki/File%3AMoscow%2C_Dodge_Challenger_Aug_2025_02.jpg;CC0;day
images/real/real_969da73c4e.jpg;H406AP799;type1;95.8,388.2,71.5,17.2;95.8,390.8,166.2,388.2,167.3,403.4,95.8,405.5;1;0;https://commons.wikimedia.org/wiki/File%3AMoscow%2C_Dodge_Challenger_grey%2C_June_2026_02.jpg;CC0;day
images/real/real_91f8619c3f.jpg;B201YE799;type1;272.8,740.8,242.2,70.3;278.2,740.8,515.1,747.3,509.0,811.2,272.8,800.0;1;0;https://commons.wikimedia.org/wiki/File%3AMoscow%2C_Dubininskaya_57%2C_Chevrolet_Lacetti_SW_2022-05-15.jpg;CC0;day
images/real/real_52b9c8662f.jpg;T104ET550;type1;406.8,626.7,173.9,39.9;408.1,630.8,579.4,626.7,580.8,665.7,406.8,666.7;1;0;https://commons.wikimedia.org/wiki/File%3AMoscow%2C_Ford_Explorer%2C_June_2025_01.jpg;CC0;day
images/real/real_81e60576e8.jpg;T104ET550;type1;1246.3,514.2,156.0,39.8;1248.3,514.2,1402.3,514.2,1400.6,554.0,1246.3,550.7;1;0;https://commons.wikimedia.org/wiki/File%3AMoscow%2C_Ford_Explorer%2C_June_2025_02.jpg;CC0;day
images/real/real_763379a8ec.jpg;01370ATV;other;1135.5,691.5,87.3,65.5;1139.2,694.6,1222.8,691.5,1222.2,754.4,1135.5,757.0;1;0;https://commons.wikimedia.org/wiki/File%3AMoscow%2C_Ford_F150_with_KG_plates%2C_Mar_2026_03.jpg;CC0;day
images/real/real_80f658aa2b.jpg;O892KH977;type1;519.1,408.9,206.8,54.3;521.2,408.9,725.8,410.7,717.9,463.2,519.1,453.0;1;0;https://commons.wikimedia.org/wiki/File%3AMoscow%2C_Ford_Fiesta_on_a_tow_truck%2C_Sept_2025_01.jpg;CC0;angle,day
images/real/real_80f658aa2b.jpg;H337XE790;type1;456.1,869.2,204.7,48.2;459.8,869.2,660.8,870.9,655.4,917.3,456.1,910.8;1;0;https://commons.wikimedia.org/wiki/File%3AMoscow%2C_Ford_Fiesta_on_a_tow_truck%2C_Sept_2025_01.jpg;CC0;day
images/real/real_0b799845c8.jpg;C154MA977;type1;1431.2,611.7,84.9,47.8;1438.8,611.7,1516.2,632.6,1513.2,659.5,1431.2,638.5;1;0;https://commons.wikimedia.org/wiki/File%3AMoscow%2C_Ford_Focus_RS_acid-green%2C_June_2026_01.jpg;CC0;angle,day
images/real/real_0b14cc2ca3.jpg;P177PX790;type1;362.1,737.1,159.1,48.0;366.2,737.1,521.2,745.7,515.6,785.1,362.1,771.7;1;0;https://commons.wikimedia.org/wiki/File%3AMoscow%2C_Ford_Kuga_white%2C_May_2026_02.jpg;CC0;day
images/real/real_628691f191.jpg;E098XC799;type1;1346.1,479.8,114.7,26.6;1347.7,480.7,1460.8,479.8,1460.3,506.3,1346.1,506.4;1;0;https://commons.wikimedia.org/wiki/File%3AMoscow%2C_Ford_Tourneo_Connect%2C_Aug_2025_01.jpg;CC0;day,glare
images/real/real_8f35af5c4a.jpg;H333EK77;type1;1063.9,571.7,126.7,40.8;1064.0,583.8,1190.2,571.7,1190.6,605.0,1063.9,612.4;1;0;https://commons.wikimedia.org/wiki/File%3AMoscow%2C_GMC_Denali_black%2C_May_2026_01.jpg;CC0;day
images/real/real_8f35af5c4a.jpg;C883PM197;type1;1405.4,450.0,106.1,37.3;1405.4,461.3,1510.8,450.0,1511.5,479.0,1405.9,487.3;1;0;https://commons.wikimedia.org/wiki/File%3AMoscow%2C_GMC_Denali_black%2C_May_2026_01.jpg;CC0;day
images/real/real_06262a755b.jpg;K630TY777;type1;657.8,591.2,126.0,33.2;662.0,591.2,783.8,594.6,783.0,624.3,657.8,618.4;1;0;https://commons.wikimedia.org/wiki/File%3AMoscow%2C_Gazelle_Next_in_Russian_Post_livery%2C_Sept_2025_01.jpg;CC0;day,glare
images/real/real_c0ced239b9.jpg;M239AK13;type1;1375.4,710.3,129.3,32.8;1375.4,712.7,1503.5,710.3,1504.7,741.9,1375.5,743.1;1;0;https://commons.wikimedia.org/wiki/File%3AMoscow%2C_Holder_street_sprinklers_street_racing%2C_April_2025_05.jpg;CC0;day
images/real/real_c0ced239b9.jpg;P280OM750;type1;1409.4,505.5,73.9,18.4;1410.0,506.2,1483.3,505.5,1482.9,521.7,1409.4,523.9;1;0;https://commons.wikimedia.org/wiki/File%3AMoscow%2C_Holder_street_sprinklers_street_racing%2C_April_2025_05.jpg;CC0;day,glare
images/real/real_e764a364d9.jpg;H238YC797;type1a;281.8,613.0,120.2,91.1;291.0,613.0,402.0,628.6,397.1,704.1,281.8,679.9;1;0;https://commons.wikimedia.org/wiki/File%3AMoscow%2C_Honda_Civic_%282015%29_hatchback_blue%2C_Oct_2025_02.jpg;CC0;angle,day,glare
images/real/real_206f9d3dc0.jpg;H238YC797;type1a;1440.7,629.8,60.8,84.8;1440.7,641.7,1501.2,629.8,1501.4,703.6,1444.0,714.5;1;0;https://commons.wikimedia.org/wiki/File%3AMoscow%2C_Honda_Civic_%282015%29_hatchback_blue%2C_Oct_2025_03-1.jpg;CC0;angle,day
images/real/real_5591c3f269.jpg;P577OO68;type1;1282.3,285.8,137.8,37.0;1286.7,285.8,1420.2,290.6,1419.2,322.7,1282.3,315.7;1;0;https://commons.wikimedia.org/wiki/File%3AMoscow%2C_Honda_Civic_orange%2C_Sept_2025_01.jpg;CC0;day,glare
images/real/real_ba78824710.jpg;C721OC797;type1a;1408.2,816.2,42.1,63.2;1408.2,826.2,1448.5,816.2,1450.3,866.8,1409.9,879.3;1;0;https://commons.wikimedia.org/wiki/File%3AMoscow%2C_Honda_Freed_Hybrid_%282nd_generation%29_silver%2C_Sept_2025_01.jpg;CC0;angle,day,motion_blur
images/real/real_ba78824710.jpg;P863MM777;type1;44.7,674.1,74.7,41.2;46.6,681.6,116.6,674.1,119.3,707.4,44.7,715.3;1;0;https://commons.wikimedia.org/wiki/File%3AMoscow%2C_Honda_Freed_Hybrid_%282nd_generation%29_silver%2C_Sept_2025_01.jpg;CC0;angle,day
images/real/real_c939b3d127.jpg;P863MM777;type1;56.6,553.9,53.6,39.4;56.6,564.2,108.5,553.9,110.2,583.5,57.2,593.3;1;0;https://commons.wikimedia.org/wiki/File%3AMoscow%2C_Honda_Freed_Hybrid_%282nd_generation%29_silver%2C_Sept_2025_02.jpg;CC0;angle,day,motion_blur
images/real/real_a8012669cf.jpg;B930AK977;type1;665.2,336.3,66.5,34.8;669.3,336.3,731.7,344.6,729.4,371.2,665.2,361.9;1;0;https://commons.wikimedia.org/wiki/File%3AMoscow%2C_Honda_Freed_Spike_hybrid_silver%2C_Sept_2025_01.jpg;CC0;day,motion_blur
images/real/real_c941d11bb8.jpg;P830AK977;type1;43.8,342.6,111.8,30.7;48.2,342.6,155.7,345.5,153.5,373.3,43.8,368.9;1;0;https://commons.wikimedia.org/wiki/File%3AMoscow%2C_Honda_Freed_Spike_hybrid_silver%2C_Sept_2025_02.jpg;CC0;day
images/real/real_f0a3e93c73.jpg;08298AFS;other;824.5,701.4,276.8,71.7;825.4,714.5,1097.5,701.4,1101.2,762.6,824.5,773.2;1;0;https://commons.wikimedia.org/wiki/File%3AMoscow%2C_Honda_Insight_with_KG_plates_in_snow%2C_Feb_2026_01.jpg;CC0;day
images/real/real_74ae45cb1d.jpg;T466TX797;type1a;339.4,752.6,101.3,84.3;346.2,752.6,440.8,768.2,436.0,836.9,339.4,815.0;1;0;https://commons.wikimedia.org/wiki/File%3AMoscow%2C_Honda_N-Box_%281st_gen%29_Aug_2025_10.jpg;CC0;angle,day
images/real/real_74ae45cb1d.jpg;O084KT74;type1;1463.0,625.4,120.1,46.3;1467.9,625.4,1583.1,632.2,1580.0,671.7,1463.0,661.0;1;0;https://commons.wikimedia.org/wiki/File%3AMoscow%2C_Honda_N-Box_%281st_gen%29_Aug_2025_10.jpg;CC0;day
images/real/real_f497c6c88a.jpg;T466TX797;type1a;1085.2,530.4,92.7,62.6;1089.2,533.8,1176.8,530.4,1177.9,591.2,1085.2,593.0;1;0;https://commons.wikimedia.org/wiki/File%3AMoscow%2C_Honda_N-Box_%281st_gen%29_Aug_2025_16.jpg;CC0;day
images/real/real_862301e3ae.jpg;H817OP196;type1;1407.8,558.7,99.7,23.4;1407.8,559.3,1506.0,558.7,1507.4,582.1,1408.1,581.3;1;0;https://commons.wikimedia.org/wiki/File%3AMoscow%2C_Honda_N-van%2C_Mar_2026_01.jpg;CC0;day,motion_blur
images/real/real_a8a0477fc1.jpg;06441AHH;other;111.4,734.1,107.2,46.7;118.8,734.1,218.6,739.2,215.1,780.8,111.4,770.8;1;0;https://commons.wikimedia.org/wiki/File%3AMoscow%2C_Honda_Odyssey_RA6RA9_Apr_2026_01.jpg;CC0;angle,day
images/real/real_1ea204cb70.jpg;P259CB197;type1;1209.7,608.2,164.7,56.6;1212.4,624.3,1374.3,608.2,1372.5,653.4,1209.7,664.8;1;0;https://commons.wikimedia.org/wiki/File%3AMoscow%2C_Honda_Ridgeline_%281st_generation%29_Sept_2025_01.jpg;CC0;angle,day,glare
images/real/real_6e0f44e595.jpg;E088PK797;type1a;1373.2,658.2,75.6,59.2;1374.9,658.2,1448.2,660.1,1448.8,717.5,1373.2,716.7;1;0;https://commons.wikimedia.org/wiki/File%3AMoscow%2C_Honda_Stepwgn_white%2C_Apr_2026_02.jpg;CC0;day,glare
images/real/real_052eb12010.jpg;B979EM72;type1;1307.2,182.7,47.0,13.3;1307.2,184.3,1353.7,182.7,1354.2,193.9,1307.3,195.9;1;0;https://commons.wikimedia.org/wiki/File%3AMoscow%2C_Honda_Vezel_silver%2C_Aug_2026_01.jpg;CC0;day,motion_blur
images/real/real_a67402a8a8.jpg;K136TM797;type1a;687.0,1127.2,277.7,178.0;694.2,1127.2,964.7,1141.5,951.4,1305.2,687.0,1286.2;1;0;https://commons.wikimedia.org/wiki/File%3AMoscow%2C_Honda_n-Box%2C_July_2025_05.jpg;CC0;day
images/real/real_d90b61250d.jpg;A433XP197;type1;171.8,371.9,89.0,24.5;174.4,375.4,260.8,371.9,260.3,394.6,171.8,396.4;1;0;https://commons.wikimedia.org/wiki/File%3AMoscow%2C_Honda_n-Box%2C_July_2025_08.jpg;CC0;angle,day
images/real/real_c4da3be175.jpg;H527BC77;type1;295.9,766.7,131.8,29.3;296.7,768.6,427.7,766.7,427.7,795.8,295.9,796.0;1;0;https://commons.wikimedia.org/wiki/File%3AMoscow%2C_Infiniti_FX37%2C_MB_GLA%2C_Subaru_Forester_2022-05-22.jpg;CC0;day
images/real/real_c4da3be175.jpg;O692EC154;type1;892.2,741.1,84.1,20.8;892.6,741.1,975.1,742.6,976.2,761.4,892.2,761.8;1;0;https://commons.wikimedia.org/wiki/File%3AMoscow%2C_Infiniti_FX37%2C_MB_GLA%2C_Subaru_Forester_2022-05-22.jpg;CC0;day
images/real/real_762b4123f9.jpg;C836YT799;type1;242.5,738.9,106.8,34.2;242.5,742.5,348.8,738.9,349.2,770.7,243.0,773.2;1;0;https://commons.wikimedia.org/wiki/File%3AMoscow%2C_Isuzu_garbage_truck%2C_Ford_pickup_Aug_2025_01.jpg;CC0;day
images/real/real_b72b85b138.jpg;K475EY550;type1;1419.2,495.0,78.8,50.9;1419.2,501.7,1491.2,495.0,1498.0,536.4,1420.1,545.9;1;0;https://commons.wikimedia.org/wiki/File%3AMoscow%2C_Jeep_Grand_Wagoneer_%28WS%29_desperately_needs_a_wash%2C_Apr_2026_03.jpg;CC0;day
images/real/real_39ae0d5e83.jpg;E724TA799;type1;1212.8,723.0,180.2,66.4;1212.8,744.2,1393.0,723.0,1392.3,774.8,1213.9,789.4;1;0;https://commons.wikimedia.org/wiki/File%3AMoscow%2C_Jeep_Renegade%2C_Aug_2025_01.jpg;CC0;day
images/real/real_39ae0d5e83.jpg;T100BY777;type1;985.8,181.7,77.0,20.9;985.8,185.9,1062.2,181.7,1062.8,198.2,986.8,202.6;1;0;https://commons.wikimedia.org/wiki/File%3AMoscow%2C_Jeep_Renegade%2C_Aug_2025_01.jpg;CC0;day,glare
images/real/real_d0cb813f3d.jpg;B905YK01;type1;1250.2,532.5,104.0,44.2;1250.2,539.0,1354.0,532.5,1354.2,570.9,1250.2,576.7;1;0;https://commons.wikimedia.org/wiki/File%3AMoscow%2C_Kadashevskaya_Embankment%2C_Tretyakov_Gallery_entrance%2C_RAV4_hybrid_June_2025_01.jpg;CC0;day,glare
images/real/real_67a650adfd.jpg;M267HY799;type1;105.8,619.3,41.8,39.7;109.3,619.3,147.5,625.9,144.6,659.0,105.8,653.8;1;0;https://commons.wikimedia.org/wiki/File%3AMoscow%2C_Leninsky_Prospect_29%2C_Ford_Ranger%2C_Aug_2025_02.jpg;CC0;day
images/real/real_eee2465ddf.jpg;P879OP77;type1;983.2,569.1,130.2,36.9;985.1,577.4,1113.5,569.1,1113.1,600.8,983.2,606.0;1;0;https://commons.wikimedia.org/wiki/File%3AMoscow%2C_Lincoln_Town_Car_%281981%29_at_a_club_meet%2C_June_2026_02.jpg;CC0;day
images/real/real_0aab984c43.jpg;E357CY177;type1;1319.8,773.5,122.0,79.9;1319.8,800.9,1434.0,773.5,1441.8,825.5,1327.8,853.4;1;0;https://commons.wikimedia.org/wiki/File%3AMoscow%2C_Mazda6_%28GH%29_red%2C_Aug_2026_01.jpg;CC0;day
images/real/real_134c29f630.jpg;E360KE799;type1;435.3,447.4,52.6,12.8;435.5,448.5,487.0,447.4,487.9,458.9,435.3,460.2;1;0;https://commons.wikimedia.org/wiki/File%3AMoscow%2C_Mazda6_blue%2C_Feb_2026_01.jpg;CC0;day
images/real/real_31614c09bd.jpg;BP34399;type1b;1483.8,312.3,115.2,33.6;1485.8,315.4,1599.0,312.3,1599.0,345.9,1483.8,345.3;1;0;https://commons.wikimedia.org/wiki/File%3AMoscow%2C_Mazda_BT-50_black%2C_Sept_2025_01.jpg;CC0;day,motion_blur
images/real/real_37488168c4.jpg;H086PP750;type1;50.5,678.6,80.1,40.8;54.8,678.6,130.6,681.7,130.1,719.3,50.5,712.2;1;0;https://commons.wikimedia.org/wiki/File%3AMoscow%2C_Mazda_Bongo_%28fourth_generation%29_May_2026_02.jpg;CC0;day
images/real/real_2fa1c64f9f.jpg;O351TA790;type1;1463.8,309.5,81.9,20.2;1467.0,309.5,1545.7,309.9,1544.4,329.7,1463.8,329.0;1;0;https://commons.wikimedia.org/wiki/File%3AMoscow%2C_Mazda_CX-9%2C_Aug_2025_01.jpg;CC0;angle,day,glare,motion_blur
images/real/real_34204a5c5e.jpg;Y461EP550;type1a;559.7,603.6,83.9,83.2;567.0,603.6,643.6,622.0,633.9,686.7,559.7,664.2;1;0;https://commons.wikimedia.org/wiki/File%3AMoscow%2C_Mazda_MX5_Aug_2025_09.jpg;CC0;angle,day
images/real/real_cbae436096.jpg;O901EP550;type1;220.8,718.3,81.0,45.3;225.8,718.3,301.8,723.5,300.5,763.7,220.8,755.8;1;0;https://commons.wikimedia.org/wiki/File%3AMoscow%2C_Mazda_Scrum_%28fifth_generation%29_July_2026_04.jpg;CC0;day,glare
images/real/real_50ec99f90a.jpg;X908MC799;type1;154.1,553.8,134.6,43.8;159.3,553.8,288.7,554.9,287.3,597.5,154.1,590.2;1;0;https://commons.wikimedia.org/wiki/File%3AMoscow%2C_Mitsubishi_MIEV_-_Russian_Post%2C_Mar_2026_01-1.jpg;CC0;day
images/real/real_d588f0fcac.jpg;K744TO799;type1;1421.8,392.1,143.8,39.4;1428.2,392.1,1565.5,395.2,1562.2,431.5,1421.8,424.1;1;0;https://commons.wikimedia.org/wiki/File%3AMoscow%2C_Mitsubishi_MIEV%2C_Aug_2025_01.jpg;CC0;angle,day
images/real/real_d588f0fcac.jpg;H790PB177;type1;26.6,188.3,105.0,27.1;26.6,188.3,129.2,188.6,131.6,213.5,26.7,215.4;1;0;https://commons.wikimedia.org/wiki/File%3AMoscow%2C_Mitsubishi_MIEV%2C_Aug_2025_01.jpg;CC0;day,motion_blur
images/real/real_ca7551c539.jpg;B199YY197;type1;682.6,696.0,307.3,83.9;683.1,712.2,985.7,696.0,989.8,763.0,682.6,779.9;1;0;https://commons.wikimedia.org/wiki/File%3AMoscow%2C_Mitsubishi_Miev%2C_April_2025.jpg;CC0;day
images/real/real_13704ae963.jpg;Y095MY797;type1;1264.9,325.4,105.5,29.4;1268.8,326.6,1370.4,325.4,1369.5,354.8,1264.9,353.4;1;0;https://commons.wikimedia.org/wiki/File%3AMoscow%2C_Mitsubishi_Mirage_Dingo_rusty_hatch%2C_Sept_2025_01.jpg;CC0;angle,day,glare
images/real/real_5ae09493b2.jpg;X508MM799;type1;1445.4,734.2,136.8,37.8;1450.2,734.2,1582.2,735.7,1579.2,772.0,1445.4,766.7;1;0;https://commons.wikimedia.org/wiki/File%3AMoscow%2C_Mitsubishi_Pajero_silver%2C_Sept_2025_01.jpg;CC0;day
images/real/real_188e16d010.jpg;B436MY777;type1;1264.1,689.2,138.0,64.4;1264.1,706.8,1396.2,689.2,1402.1,737.7,1267.3,753.7;1;0;https://commons.wikimedia.org/wiki/File%3AMoscow%2C_Mosenergo_Mitsubishi_MIEV%2C_Aug_2025_01.jpg;CC0;day
images/real/real_1ea85c08b2.jpg;C539CP777;type1;495.7,710.5,62.0,15.8;495.7,713.7,555.2,710.5,557.7,722.2,496.8,726.2;1;0;https://commons.wikimedia.org/wiki/File%3AMoscow%2C_Nagatinskaya_9_June_2025_02.jpg;CC0;angle,day
images/real/real_863065faee.jpg;O297BT550;type1;887.8,647.2,113.3,33.3;892.3,647.2,1001.2,649.6,999.2,680.5,887.8,675.3;1;0;https://commons.wikimedia.org/wiki/File%3AMoscow%2C_Nissan-vs-Lada_collision%2C_Sept_2026_10.jpg;CC0;day
images/real/real_863065faee.jpg;H210CP799;type1;1329.6,657.8,116.4,36.2;1334.1,657.8,1446.0,662.8,1441.8,694.1,1329.6,685.5;1;0;https://commons.wikimedia.org/wiki/File%3AMoscow%2C_Nissan-vs-Lada_collision%2C_Sept_2026_10.jpg;CC0;day
images/real/real_91a4d2d56f.jpg;P332KY150;type1;83.8,679.3,150.2,126.1;100.6,679.3,233.9,740.1,221.6,805.4,83.8,736.6;1;0;https://commons.wikimedia.org/wiki/File%3AMoscow%2C_Nissan_Cube%2C_May_2026_01.jpg;CC0;angle,day
images/real/real_ce9109d71d.jpg;P955EE797;type1;434.8,762.4,124.1,42.4;438.8,762.4,558.8,765.4,557.2,804.8,434.8,796.7;1;0;https://commons.wikimedia.org/wiki/File%3AMoscow%2C_Nissan_NV100_%28third_generation%29_%D0%90%D0%BD%D0%BD%D0%BD%D1%83%D1%88%D0%BA%D0%B0_June_2026_02.jpg;CC0;day
images/real/real_5b1e909309.jpg;P955EE797;type1;184.5,801.2,126.7,65.9;192.7,801.2,311.2,809.2,302.8,867.1,184.5,852.0;1;0;https://commons.wikimedia.org/wiki/File%3AMoscow%2C_Nissan_NV100_%28third_generation%29_%D0%90%D0%BD%D0%BD%D0%BD%D1%83%D1%88%D0%BA%D0%B0_June_2026_03.jpg;CC0;day
images/real/real_be4f4aff50.jpg;P955EE797;type1a;1427.2,753.4,53.0,79.5;1427.2,768.5,1479.1,753.4,1480.2,817.9,1431.3,832.9;1;0;https://commons.wikimedia.org/wiki/File%3AMoscow%2C_Nissan_NV100_%28third_generation%29_%D0%90%D0%BD%D0%BD%D0%BD%D1%83%D1%88%D0%BA%D0%B0_June_2026_04.jpg;CC0;angle,day
images/real/real_c3f7265ddb.jpg;E146YH797;type1;2.9,498.5,208.9,56.2;6.8,498.5,211.8,505.0,204.8,554.7,2.9,543.1;1;0;https://commons.wikimedia.org/wiki/File%3AMoscow%2C_Nissan_Note_1st_gen_black%2C_Feb_2026_01.jpg;CC0;day,glare
images/real/real_91af6ca5fe.jpg;M934TT67;type1;425.8,544.8,111.3,35.2;427.6,551.8,532.9,544.8,537.2,572.6,425.8,579.9;1;0;https://commons.wikimedia.org/wiki/File%3AMoscow%2C_Nissan_Primera_%28P12%29_hatchback_Aug_2026_01.jpg;CC0;day
images/real/real_a61e0ed5e6.jpg;E987MB797;type1;1083.8,369.3,105.2,31.8;1087.7,369.3,1189.0,373.6,1186.2,401.2,1083.8,393.2;1;0;https://commons.wikimedia.org/wiki/File%3AMoscow%2C_Nissan_Qashqai_white%2C_Aug_2025_01.jpg;CC0;day
images/real/real_58115a0050.jpg;C119HX197;type1;246.1,662.8,185.7,45.8;248.7,662.8,431.5,665.0,431.7,707.3,246.1,708.7;1;0;https://commons.wikimedia.org/wiki/File%3AMoscow%2C_Nissan_Serena%2C_Sept_2025_02.jpg;CC0;day
images/real/real_37437977a0.jpg;O114EE777;type1;1085.8,669.9,200.8,48.3;1086.2,673.6,1285.2,669.9,1286.6,716.2,1085.8,718.2;1;0;https://commons.wikimedia.org/wiki/File%3AMoscow%2C_Nissan_Tiida_black_driving_school%2C_Sept_2025_01.jpg;CC0;day,glare
images/real/real_58df0eb3f1.jpg;O321OO77;type1;9.7,434.5,144.4,34.2;11.1,440.2,153.0,434.5,154.1,466.0,9.7,468.8;1;0;https://commons.wikimedia.org/wiki/File%3AMoscow%2C_Nissan_Vanette_NV200%2C_Aug_2025_02.jpg;CC0;day
images/real/real_63c608a5cb.jpg;Y190HX177;type1;490.5,504.2,224.8,62.4;491.4,518.5,715.3,504.2,714.7,555.5,490.5,566.7;1;0;https://commons.wikimedia.org/wiki/File%3AMoscow%2C_Novokuznetskaya_Street%2C_Toyota_FJ_Cruiser_01.jpg;CC0;day
images/real/real_bdd3b443ed.jpg;Y190HX177;type1;542.1,487.6,197.0,51.2;543.4,495.0,739.1,487.6,735.1,534.8,542.1,538.8;1;0;https://commons.wikimedia.org/wiki/File%3AMoscow%2C_Novokuznetskaya_Street%2C_Toyota_FJ_Cruiser_02.jpg;CC0;day
images/real/real_b35b65165d.jpg;C632CX199;type1;1223.6,776.8,98.9,21.8;1224.9,777.1,1322.3,776.8,1322.5,798.0,1223.6,798.6;1;0;https://commons.wikimedia.org/wiki/File%3AMoscow%2C_Paveletskaya_Embankment_4_%28July_2024%29_01.jpg;CC0;day
images/real/real_4548db2bab.jpg;0017MM18;other;187.1,780.5,69.8,19.9;189.5,782.8,256.9,780.5,256.0,799.8,187.1,800.4;1;0;https://commons.wikimedia.org/wiki/File%3AMoscow%2C_Paveletskaya_Square%2C_Apr_2026_11.jpg;CC0;angle,day,dirt
images/real/real_5d217a5766.jpg;T998MP;other;248.4,741.5,144.0,34.1;249.8,745.3,392.4,741.5,391.8,775.6,248.4,775.2;1;0;https://commons.wikimedia.org/wiki/File%3AMoscow%2C_Pyatnitskaya_21_Aug_2024_02.jpg;CC0;day
images/real/real_0795a80ced.jpg;K301OY799;type1;1237.3,800.8,173.5,59.7;1237.3,815.5,1409.6,800.8,1410.8,849.7,1238.2,860.4;1;0;https://commons.wikimedia.org/wiki/File%3AMoscow%2C_Pyatnitskaya_9..23%2C_Ford_Transit%2C_Mitsubishi_Carisma%2C_2024-08-06.jpg;CC0;day
images/real/real_0795a80ced.jpg;O199CE197;type1;352.8,593.8,83.2,19.9;352.8,594.6,435.1,593.8,436.0,613.4,352.8,613.7;1;0;https://commons.wikimedia.org/wiki/File%3AMoscow%2C_Pyatnitskaya_9..23%2C_Ford_Transit%2C_Mitsubishi_Carisma%2C_2024-08-06.jpg;CC0;day
images/real/real_007cdb6460.jpg;H848XY777;type1;20.4,720.2,38.2,10.2;20.4,721.8,58.3,720.2,58.7,728.9,20.4,730.3;1;0;https://commons.wikimedia.org/wiki/File%3AMoscow_Retro_Tram_Parade_2019%2C_Shabolovka_Street_-_5381.jpg;CC BY-SA 3.0;day
images/real/real_007cdb6460.jpg;O743099;other;762.3,822.7,45.5,23.6;763.6,828.2,807.8,822.7,807.5,842.2,762.3,846.2;1;0;https://commons.wikimedia.org/wiki/File%3AMoscow_Retro_Tram_Parade_2019%2C_Shabolovka_Street_-_5381.jpg;CC BY-SA 3.0;angle,day
images/real/real_049561b48b.jpg;O743099;other;787.4,811.2,45.7,27.6;788.8,818.2,831.7,811.2,833.2,832.5,787.4,838.8;1;0;https://commons.wikimedia.org/wiki/File%3AMoscow_Retro_Tram_Parade_2019%2C_Shabolovka_Street_-_5382.jpg;CC BY-SA 3.0;angle,day
images/real/real_645c85c36d.jpg;H643EK977;type1;1144.7,682.4,150.3,40.9;1147.8,684.4,1294.1,682.4,1295.1,723.3,1144.7,722.7;1;0;https://commons.wikimedia.org/wiki/File%3AMoscow%2C_River_Park_estate%2C_embankment_-_Ford_Mustang_May_2025_10.jpg;CC0;day
images/real/real_048cd2ab31.jpg;Y353EH790;type1;1286.7,811.6,111.7,30.1;1288.9,814.8,1398.1,811.6,1398.3,839.8,1286.7,841.7;1;0;https://commons.wikimedia.org/wiki/File%3AMoscow%2C_Rogozhsky_Val%2C_bus_on_route_40%2C_Apr_2026_01.jpg;CC0;day
images/real/real_048cd2ab31.jpg;PB53877;type1b;745.2,880.8,150.8,41.0;748.4,888.6,896.1,880.8,896.1,918.3,745.2,921.8;1;0;https://commons.wikimedia.org/wiki/File%3AMoscow%2C_Rogozhsky_Val%2C_bus_on_route_40%2C_Apr_2026_01.jpg;CC0;angle,day
images/real/real_7c231fe2bb.jpg;C272HK799;type1;1092.5,753.5,84.2,22.1;1093.8,753.5,1175.8,755.8,1176.8,775.6,1092.5,774.2;1;0;https://commons.wikimedia.org/wiki/File%3AMoscow%2C_Sadovnicheskaya_73_May_2022_11.jpg;CC0;day
images/real/real_8f0f8477a6.jpg;O310AC777;type1a;170.7,601.2,117.7,102.7;180.6,601.2,288.4,616.5,279.2,703.9,170.7,677.6;1;0;https://commons.wikimedia.org/wiki/File%3AMoscow%2C_Sharikopodshipnikovsky_overpass%2C_Scion_xB_%28XP30%29%2C_July_2025_01.jpg;CC0;day
images/real/real_05873d80c0.jpg;O310AC777;type1a;252.2,635.4,96.7,72.3;258.9,635.4,348.9,645.0,344.4,707.7,252.2,693.8;1;0;https://commons.wikimedia.org/wiki/File%3AMoscow%2C_Sharikopodshipnikovsky_overpass%2C_Scion_xB_%28XP30%29%2C_July_2025_02.jpg;CC0;day
images/real/real_ee1844ced4.jpg;O310AC777;type1a;381.6,626.0,88.8,63.9;385.2,626.0,470.4,630.6,467.0,689.9,381.6,681.2;1;0;https://commons.wikimedia.org/wiki/File%3AMoscow%2C_Sharikopodshipnikovsky_overpass%2C_Scion_xB_%28XP30%29%2C_July_2025_03.jpg;CC0;day
images/real/real_c2efb8043b.jpg;E364YO777;type1;1473.2,373.7,92.0,37.9;1473.2,381.6,1564.0,373.7,1565.2,404.8,1475.2,411.6;1;0;https://commons.wikimedia.org/wiki/File%3AMoscow%2C_Subaru_BRZ%2C_Mar_2026_03.jpg;CC0;day
images/real/real_31e2a350de.jpg;B792KB777;type1;1298.2,493.5,148.9,46.2;1301.2,501.6,1444.2,493.5,1447.1,534.8,1298.2,539.7;1;0;https://commons.wikimedia.org/wiki/File%3AMoscow%2C_Subaru_BRZ_%28ZC6%29_white-carbon%2C_Sept_2025_03.jpg;CC0;day
images/real/real_2d1dc35a38.jpg;B792KB777;type1;115.5,658.2,147.4,46.2;115.5,666.7,262.1,658.2,262.9,700.2,115.9,704.3;1;0;https://commons.wikimedia.org/wiki/File%3AMoscow%2C_Subaru_BRZ_%28ZC6%29_white-carbon%2C_Sept_2025_05.jpg;CC0;day
images/real/real_5fb9763332.jpg;A815CH199;type1;286.8,444.8,231.2,54.2;290.2,444.8,518.1,444.8,514.1,499.0,286.8,496.5;1;0;https://commons.wikimedia.org/wiki/File%3AMoscow%2C_Subaru_Forester_25xs_silver%2C_Sept_2025_01.jpg;CC0;day
images/real/real_f939709aaf.jpg;M037PT750;type1;1479.2,724.1,87.6,29.4;1480.3,724.1,1566.3,724.7,1566.8,753.3,1479.2,753.5;1;0;https://commons.wikimedia.org/wiki/File%3AMoscow%2C_Subaru_Legacy%2C_Mar_2026_01.jpg;CC0;day
images/real/real_6478f6ac39.jpg;P494XB799;type1;557.5,386.0,51.1,31.7;560.2,386.0,608.6,393.4,604.7,417.7,557.5,409.2;1;0;https://commons.wikimedia.org/wiki/File%3AMoscow%2C_Subaru_Levorg_%28first_generation%29_red%2C_Apr_2026_03.jpg;CC0;day
images/real/real_e622022aac.jpg;E972BB799;type1;379.9,328.8,59.1,22.8;381.8,331.8,439.0,328.8,438.3,349.8,379.9,351.6;1;0;https://commons.wikimedia.org/wiki/File%3AMoscow%2C_Subaru_Levorg_%28first_generation%29_red%2C_Apr_2026_05.jpg;CC0;angle,day
images/real/real_4a55351071.jpg;O669YX777;type1;1099.7,500.3,229.7,62.9;1099.7,513.7,1329.3,500.3,1328.0,554.7,1100.6,563.2;1;0;https://commons.wikimedia.org/wiki/File%3AMoscow%2C_Subaru_Outback_white%2C_Sept_2025_01.jpg;CC0;day
images/real/real_77ec0b9d86.jpg;M575OK77;type1;500.0,304.8,80.1,19.4;500.0,304.8,579.8,306.2,580.1,324.2,501.2,324.2;1;0;https://commons.wikimedia.org/wiki/File%3AMoscow%2C_Subaru_Stella_%283rd_gen%29_Sept_2025_01.jpg;CC0;day
images/real/real_77ec0b9d86.jpg;B409BB177;type1;315.4,265.2,72.5,20.2;316.8,267.3,387.9,265.2,386.9,283.2,315.4,285.3;1;0;https://commons.wikimedia.org/wiki/File%3AMoscow%2C_Subaru_Stella_%283rd_gen%29_Sept_2025_01.jpg;CC0;day,motion_blur
images/real/real_1f6d931a9c.jpg;X470MM37;type1;1263.1,569.5,165.8,47.6;1263.1,576.9,1426.2,569.5,1428.9,613.0,1263.2,617.1;1;0;https://commons.wikimedia.org/wiki/File%3AMoscow%2C_Suzuki_Ertiga%2C_Aug_2025_01.jpg;CC0;day
images/real/real_7129b59f27.jpg;X470MM37;type1;303.6,625.0,341.5,135.7;312.3,625.0,645.1,677.4,632.1,760.7,303.6,714.7;1;0;https://commons.wikimedia.org/wiki/File%3AMoscow%2C_Suzuki_Ertiga%2C_June_2025_02_%282%29.jpg;CC0;day
images/real/real_220d7c1963.jpg;Y661EM136;type1;422.7,392.2,73.3,19.8;423.2,392.2,495.5,394.7,496.1,412.0,422.7,409.0;1;0;https://commons.wikimedia.org/wiki/File%3AMoscow%2C_Suzuki_Jimny_%28JB33JB43JB53%29_Sept_2025_03.jpg;CC0;day
images/real/real_b4dce7a0ed.jpg;M924CH68;type1;76.5,683.2,59.2,57.7;82.0,683.2,135.7,693.5,129.9,740.8,76.5,729.2;1;0;https://commons.wikimedia.org/wiki/File%3AMoscow%2C_Suzuki_Solio_%281st_gen%29_Aug_2025_02.jpg;CC0;day
images/real/real_3f582027fb.jpg;M924CH68;type1;1262.8,691.6,80.7,48.6;1265.6,692.5,1343.2,691.6,1343.5,740.2,1262.8,739.8;1;0;https://commons.wikimedia.org/wiki/File%3AMoscow%2C_Suzuki_Solio_%281st_gen%29_Aug_2025_05.jpg;CC0;day,dirt
images/real/real_9a2f260d2b.jpg;M924CH68;type1;1011.1,764.1,238.4,58.8;1014.3,773.7,1249.5,764.1,1247.4,818.0,1011.1,822.9;1;0;https://commons.wikimedia.org/wiki/File%3AMoscow%2C_Suzuki_Solio_%281st_gen%29_Aug_2025_07.jpg;CC0;day
images/real/real_554eaaebbd.jpg;X771HP777;type1;1387.3,396.3,61.3,18.4;1387.3,400.1,1447.6,396.3,1448.7,412.0,1387.8,414.8;1;0;https://commons.wikimedia.org/wiki/File%3AMoscow%2C_Suzuki_Solio_Bandit_hybrid_dark-red%2C_June_2026_03.jpg;CC0;day
images/real/real_b2354f4fa0.jpg;H402AK550;type1;1067.1,491.1,254.5,72.3;1067.1,509.2,1321.6,491.1,1318.2,551.7,1067.6,563.4;1;0;https://commons.wikimedia.org/wiki/File%3AMoscow%2C_Taganka%2C_cars_April_2025_10.jpg;CC0;day
images/real/real_82a5a0c78f.jpg;K012TP799;type1;686.7,779.1,143.6,37.8;689.4,787.4,829.1,779.1,830.2,810.2,686.7,816.9;1;0;https://commons.wikimedia.org/wiki/File%3AMoscow%2C_Taganka%2C_trucks_and_tractors_April_2025_04.jpg;CC0;angle,day
images/real/real_ad991c398c.jpg;K012TP799;type1;730.2,1188.0,291.1,88.3;730.2,1222.2,1021.3,1188.0,1017.7,1252.4,735.2,1276.3;1;0;https://commons.wikimedia.org/wiki/File%3AMoscow%2C_Taganka%2C_trucks_and_tractors_April_2025_05.jpg;CC0;angle,day,dirt
images/real/real_6a59ba0f7e.jpg;B330BH797;type1;1064.9,947.6,66.6,20.7;1065.7,951.0,1131.5,947.6,1130.2,966.4,1064.9,968.2;1;0;https://commons.wikimedia.org/wiki/File%3AMoscow%2C_Technopark_metro_station%2C_April_2025_09.jpg;CC0;day
images/real/real_6c95e126a8.jpg;H293ET777;type1;1225.3,821.7,156.3,37.0;1229.7,823.2,1381.7,821.7,1381.2,858.8,1225.3,858.2;1;0;https://commons.wikimedia.org/wiki/File%3AMoscow%2C_Tovarishchesky_3%2C7c2_May_2022_01_%28crop_cars%29.jpg;CC0;day
images/real/real_f0237d9035.jpg;K279MO77;type1;243.3,192.6,89.7,21.0;243.3,192.6,332.2,193.4,333.0,212.5,243.6,213.6;1;0;https://commons.wikimedia.org/wiki/File%3AMoscow%2C_Toyota_Chaser_%28X90%29_Sept_2025_02.jpg;CC0;day,motion_blur
images/real/real_18a487cb7b.jpg;K907OT790;type1;1430.7,500.0,112.1,31.9;1434.3,500.0,1542.8,503.1,1540.1,531.9,1430.7,526.5;1;0;https://commons.wikimedia.org/wiki/File%3AMoscow%2C_Toyota_Corolla_5-door_red%2C_May_2026_01.jpg;CC0;day
images/real/real_6f3abac998.jpg;A120TC197;type1;1048.0,769.8,263.1,81.3;1051.6,781.7,1311.1,769.8,1310.4,841.2,1048.0,851.1;1;0;https://commons.wikimedia.org/wiki/File%3AMoscow%2C_Toyota_IQ_with_Thule_top%2C_Aug_2025_03.jpg;CC0;day
images/real/real_fe1f68fcbe.jpg;X881AT550;type1;231.8,127.1,168.9,42.8;233.6,133.7,400.8,127.1,400.3,165.8,231.8,169.8;1;0;https://commons.wikimedia.org/wiki/File%3AMoscow%2C_Toyota_Sprinter_Marino%2C_Aug_2025_01.jpg;CC0;day
images/real/real_9f8ded8095.jpg;X881AT550;type1;341.4,502.5,111.9,28.4;343.2,507.5,453.3,502.5,453.3,526.7,341.4,530.9;1;0;https://commons.wikimedia.org/wiki/File%3AMoscow%2C_Toyota_Sprinter_Marino%2C_Toyota_Sequoia%2C_Aug_2025_01.jpg;CC0;day
images/real/real_2508e24e17.jpg;A404AC;other;301.2,601.7,144.9,48.2;302.8,601.7,445.2,602.8,446.2,649.9,301.2,643.8;1;0;https://commons.wikimedia.org/wiki/File%3AMoscow%2C_Toyota_Vellfire_V6_with_RSO_plates%2C_Aug_2025_02.jpg;CC0;day
images/real/real_40f60e7c1f.jpg;K733MT797;type1;1264.0,543.2,139.8,39.4;1264.6,545.1,1403.7,543.2,1403.8,582.6,1264.0,582.5;1;0;https://commons.wikimedia.org/wiki/File%3AMoscow%2C_Toyota_Voxy_white%2C_Sept_2025_04.jpg;CC0;day
images/real/real_4333229ccf.jpg;MH94977;type1b;1211.2,570.0,146.7,34.7;1214.9,571.2,1357.9,570.0,1354.7,604.7,1211.2,601.5;1;0;https://commons.wikimedia.org/wiki/File%3AMoscow%2C_Yauskie_Vorota%2C_c%2C_Sept_2025_01.jpg;CC0;day
images/real/real_e728c71280.jpg;A900EE777;type1;559.6,1253.5,133.9,33.0;563.9,1256.0,693.5,1253.5,692.8,1286.5,559.6,1285.7;1;0;https://commons.wikimedia.org/wiki/File%3AMoscow%2C_Zvyozdny_Boulevard_19%2C_May_2026_01.jpg;CC0;angle,day
images/real/real_4fc3ebbebf.jpg;T486EM05;type1;1219.7,429.1,68.8,20.7;1221.2,432.2,1288.5,429.1,1288.6,447.2,1219.7,449.8;1;0;https://commons.wikimedia.org/wiki/File%3AMoscow%2C_black_Tesla%2C_Aug_2025_01.jpg;CC0;day,motion_blur
images/real/real_97e983bfbc.jpg;M048EX28;type1;72.6,657.5,72.1,50.1;79.0,657.5,144.3,665.0,144.7,707.6,72.6,698.0;1;0;https://commons.wikimedia.org/wiki/File%3AMoscow%2C_blue_Honda_S2000_%28AP1%29_with_big_wheel_camber%2C_June_2025_01.jpg;CC0;angle,day
images/real/real_f30702a96c.jpg;M048EX28;type1;119.4,583.4,110.4,43.6;120.6,583.4,229.8,585.5,228.5,627.0,119.4,621.7;1;0;https://commons.wikimedia.org/wiki/File%3AMoscow%2C_blue_Honda_S2000_%28AP1%29_with_big_wheel_camber%2C_June_2025_02.jpg;CC0;day
images/real/real_44db5f6bfc.jpg;H380EB77;type1;398.4,589.0,124.0,35.7;398.4,596.7,519.4,589.0,522.4,616.2,399.6,624.7;1;0;https://commons.wikimedia.org/wiki/File%3AMoscow%2C_bumblebee_Camaro%2C_July_2024_02.jpg;CC0;day
images/real/real_44db5f6bfc.jpg;E202BT799;type1;1282.0,540.8,101.6,25.2;1284.2,540.8,1383.6,540.9,1382.2,565.9,1282.0,562.2;1;0;https://commons.wikimedia.org/wiki/File%3AMoscow%2C_bumblebee_Camaro%2C_July_2024_02.jpg;CC0;day
images/real/real_2335389ff9.jpg;H380EB77;type1;422.2,615.8,154.5,38.6;422.2,620.2,575.8,615.8,576.7,652.5,423.1,654.4;1;0;https://commons.wikimedia.org/wiki/File%3AMoscow%2C_bumblebee_Camaro%2C_July_2024_03.jpg;CC0;day
images/real/real_85aed3f9d9.jpg;T326BB199;type1;1472.2,294.5,105.9,27.7;1472.4,296.8,1578.2,294.5,1576.9,322.0,1472.2,322.2;1;0;https://commons.wikimedia.org/wiki/File%3AMoscow_car_meet_2025-07-12_Cadillac_01.jpg;CC0;day
images/real/real_85aed3f9d9.jpg;P838KX797;type1;168.1,269.8,108.3,28.0;168.6,275.3,275.2,269.8,276.4,292.7,168.1,297.8;1;0;https://commons.wikimedia.org/wiki/File%3AMoscow_car_meet_2025-07-12_Cadillac_01.jpg;CC0;day
images/real/real_0a460c69bd.jpg;X500OX199;type1;659.9,859.8,325.1,96.2;659.9,889.2,985.0,859.8,980.9,932.2,662.0,956.1;1;0;https://commons.wikimedia.org/wiki/File%3AMoscow_car_meet_2025-07-12_Cadillac_02.jpg;CC0;angle,day
images/real/real_044d3bc412.jpg;C292YM177;type1;41.2,472.8,109.2,27.2;43.3,474.2,149.9,472.8,150.5,498.3,41.2,500.0;1;0;https://commons.wikimedia.org/wiki/File%3AMoscow_car_meet_2025-07-12_Cadillac_03.jpg;CC0;day
images/real/real_044d3bc412.jpg;Y302PO77;type1;1440.4,445.9,94.5,24.3;1441.2,449.4,1534.9,445.9,1532.3,470.2,1440.4,469.5;1;0;https://commons.wikimedia.org/wiki/File%3AMoscow_car_meet_2025-07-12_Cadillac_03.jpg;CC0;angle,day
images/real/real_044d3bc412.jpg;X500OX199;type1;832.7,835.2,287.3,82.3;832.8,857.8,1120.0,835.2,1114.8,902.7,832.7,917.6;1;0;https://commons.wikimedia.org/wiki/File%3AMoscow_car_meet_2025-07-12_Cadillac_03.jpg;CC0;angle,day
images/real/real_2fe2e62b84.jpg;B134YA190;type1a;868.2,678.7,148.8,52.1;868.2,690.4,1015.9,678.7,1017.1,722.9,872.8,730.8;1;0;https://commons.wikimedia.org/wiki/File%3AMoscow_car_meet_2025-07-12_Cadillac_Eldorado_02.jpg;CC0;day
images/real/real_db5002a110.jpg;B134YA190;type1a;1003.6,846.7,147.0,74.9;1004.8,853.5,1144.7,846.7,1150.6,913.3,1003.6,921.7;1;0;https://commons.wikimedia.org/wiki/File%3AMoscow_car_meet_2025-07-12_Cadillac_Eldorado_03.jpg;CC0;day,dirt
images/real/real_c9e1cebac7.jpg;B134YA190;type1a;968.5,657.5,198.0,60.5;968.5,669.5,1164.7,657.5,1166.5,704.5,968.9,718.0;1;0;https://commons.wikimedia.org/wiki/File%3AMoscow_car_meet_2025-07-12_Cadillac_Eldorado_09.jpg;CC0;day
images/real/real_712414c55f.jpg;P919TB198;type1;163.1,475.6,110.6,26.8;166.6,475.6,273.1,475.8,273.7,502.4,163.1,501.6;1;0;https://commons.wikimedia.org/wiki/File%3AMoscow_car_meet_2025-07-12_Chevrolet_Corvette_C1_02.jpg;CC0;day
images/real/real_9992d468f7.jpg;P919TB198;type1;251.7,289.9,80.1,21.3;254.8,289.9,331.8,291.0,330.7,311.2,251.7,308.0;1;0;https://commons.wikimedia.org/wiki/File%3AMoscow_car_meet_2025-07-12_Chevrolet_Corvette_C1_03.jpg;CC0;angle,day
images/real/real_2703e8d383.jpg;M953HM123;type1;333.0,713.6,168.8,47.2;335.9,713.6,501.8,714.8,498.2,760.8,333.0,754.5;1;0;https://commons.wikimedia.org/wiki/File%3AMoscow_car_meet_2025-07-12_Ford_F-100_01.jpg;CC0;day,glare
images/real/real_a87d506761.jpg;M953HM123;type1;767.8,679.3,255.3,68.0;770.7,692.0,1023.1,679.3,1020.1,741.0,767.8,747.3;1;0;https://commons.wikimedia.org/wiki/File%3AMoscow_car_meet_2025-07-12_Ford_F-100_02.jpg;CC0;day,dirt
images/real/real_e6b6308b2c.jpg;M953HM123;type1;913.4,811.2,248.2,88.7;913.4,839.8,1155.9,811.2,1161.6,875.7,914.9,899.8;1;0;https://commons.wikimedia.org/wiki/File%3AMoscow_car_meet_2025-07-12_Ford_F-100_05.jpg;CC0;day
images/real/real_73d57f2ce3.jpg;T421EO97;type1;157.8,785.8,184.9,67.8;162.5,785.8,342.7,798.3,338.7,853.6,157.8,835.4;1;0;https://commons.wikimedia.org/wiki/File%3AMoscow_car_meet_2025-07-12_Jeep_Wrangler_01.jpg;CC0;day
images/real/real_22efd9b406.jpg;X948CB777;type1;999.2,808.5,294.5,89.2;999.2,838.8,1293.8,808.5,1289.8,878.5,1001.8,897.7;1;0;https://commons.wikimedia.org/wiki/File%3AMoscow_car_meet_2025-07-12_Lincoln_Continental_MarkII_01.jpg;CC0;angle,day
images/real/real_3d4d8cad14.jpg;X948CB777;type1;224.1,799.0,223.9,82.7;229.5,799.0,448.0,823.8,438.8,881.7,224.1,852.6;1;0;https://commons.wikimedia.org/wiki/File%3AMoscow_car_meet_2025-07-12_Lincoln_Continental_MarkII_02.jpg;CC0;day
images/real/real_d884b8eedc.jpg;X948CB777;type1a;219.3,648.1,65.2,55.2;223.1,648.1,284.5,652.4,282.0,703.2,219.3,695.4;1;0;https://commons.wikimedia.org/wiki/File%3AMoscow_car_meet_2025-07-12_Lincoln_Continental_MarkII_03.jpg;CC0;day,dirt
images/real/real_365a4bb6c7.jpg;B697PP777;type1;854.6,795.3,297.5,72.8;857.2,800.6,1150.7,795.3,1152.1,862.2,854.6,868.2;1;0;https://commons.wikimedia.org/wiki/File%3AMoscow_car_meet_2025-07-12_RAV4_in_rallye_paint_01.jpg;CC0;day
images/real/real_96e3bd6162.jpg;E920EM799;type1;1234.3,783.4,173.6,65.6;1236.9,803.2,1404.7,783.4,1407.9,832.3,1234.3,849.0;1;0;https://commons.wikimedia.org/wiki/File%3AMoscow_car_meet_2025-07-12_orange_Chevrolet_01.jpg;CC0;angle,day
images/real/real_ceb32b94da.jpg;E920EM799;type1;285.8,689.3,162.8,49.5;291.5,689.3,448.6,695.8,444.2,738.8,285.8,728.1;1;0;https://commons.wikimedia.org/wiki/File%3AMoscow_car_meet_2025-07-12_orange_Chevrolet_02.jpg;CC0;day
images/real/real_af5f25cd4a.jpg;E920EM799;type1;484.2,776.5,314.5,72.7;486.0,785.8,798.7,776.5,791.0,849.2,484.2,846.5;1;0;https://commons.wikimedia.org/wiki/File%3AMoscow_car_meet_2025-07-12_orange_Chevrolet_05.jpg;CC0;day
images/real/real_62895795ed.jpg;M545MH750;type1a;655.3,463.5,304.9,180.3;661.7,463.5,960.2,469.5,949.1,643.8,655.3,629.0;1;0;https://commons.wikimedia.org/wiki/File%3AMoscow_car_show_2025-08-03_Chevrolet_Corvette_red_02.jpg;CC0;day
images/real/real_f6d535ac2c.jpg;M545MH750;type1;508.6,677.4,343.1,77.8;511.0,677.4,851.7,678.7,839.7,755.2,508.6,744.3;1;0;https://commons.wikimedia.org/wiki/File%3AMoscow_car_show_2025-08-03_Chevrolet_Corvette_red_03.jpg;CC0;angle,day
images/real/real_e6df7fd85e.jpg;E946AM550;type1a;600.2,611.9,273.7,168.2;606.5,611.9,873.9,614.8,862.8,780.1,600.2,768.5;1;0;https://commons.wikimedia.org/wiki/File%3AMoscow_car_show_2025-08-03_Honda_NSX_1990_04.jpg;CC0;day
images/real/real_5f8b6bafc6.jpg;M744CX790;type1;926.7,648.5,316.3,89.5;926.7,672.6,1243.0,648.5,1239.7,722.9,927.1,738.0;1;0;https://commons.wikimedia.org/wiki/File%3AMoscow_car_show_2025-08-03_Subaru_WRX_01.jpg;CC0;day
images/real/real_dfc8788578.jpg;P170XO39;type1;1328.7,600.5,169.0,73.3;1328.7,618.9,1492.6,600.5,1497.7,658.0,1330.6,673.8;1;0;https://commons.wikimedia.org/wiki/File%3AMoscow_car_show_2026-07-31_2006_Chevrolet_SSR_01.jpg;CC0;day
images/real/real_a5a8ddc054.jpg;M707XM77;type1a;400.4,726.7,189.2,132.4;408.8,726.7,589.7,738.8,580.8,859.2,400.4,841.9;1;0;https://commons.wikimedia.org/wiki/File%3AMoscow_car_show_2026-07-31_Acura_NSX_01.jpg;CC0;day,dirt
images/real/real_c402daecc5.jpg;P626KB977;type1;167.4,850.4,263.8,114.1;178.5,850.4,431.2,890.8,418.8,964.5,167.4,917.4;1;0;https://commons.wikimedia.org/wiki/File%3AMoscow_car_show_2026-07-31_Mazda_roadster_01.jpg;CC0;day,glare
images/real/real_883f1612c5.jpg;P626KB977;type1;585.3,836.4,432.0,96.6;585.3,836.4,1017.3,839.2,1012.1,933.0,590.8,926.5;1;0;https://commons.wikimedia.org/wiki/File%3AMoscow_car_show_2026-07-31_Mazda_roadster_02.jpg;CC0;day,glare
images/real/real_55715cac75.jpg;O670ME123;type1;326.2,750.8,180.7,115.1;337.7,750.8,506.9,811.7,488.9,865.8,326.2,797.1;1;0;https://commons.wikimedia.org/wiki/File%3AMoscow_car_show_2026-08-01_Alfa_Romeo_Spider_Type_916_02.jpg;CC0;angle,day
images/real/real_a3b1693f23.jpg;X900YT777;type1;1143.1,715.5,182.3,77.0;1143.1,742.0,1318.1,715.5,1325.4,764.6,1150.0,792.5;1;0;https://commons.wikimedia.org/wiki/File%3AMoscow_car_show_2026-08-01_Cadillac_Escalade_01.jpg;CC0;day,glare
images/real/real_3c568d1379.jpg;H291HA790;type1a;671.6,826.5,243.0,149.4;679.0,826.5,914.6,829.4,903.7,975.9,671.6,966.1;1;0;https://commons.wikimedia.org/wiki/File%3AMoscow_car_show_2026-08-01_Chevrolet_Caprice_01.jpg;CC0;day
images/real/real_690e28646d.jpg;E587HH797;type1a;1120.9,685.0,139.8,112.2;1120.9,714.7,1252.6,685.0,1260.7,767.2,1129.6,797.2;1;0;https://commons.wikimedia.org/wiki/File%3AMoscow_car_show_2026-08-01_Chevrolet_Caprice_Classic_03.jpg;CC0;day
images/real/real_e125bcd674.jpg;B365OP177;type1a;599.4,827.4,136.2,85.7;599.4,838.1,735.7,827.4,732.2,909.2,600.1,913.1;1;0;https://commons.wikimedia.org/wiki/File%3AMoscow_car_show_2026-08-01_Chevrolet_Van_01.jpg;CC0;day
images/real/real_00d273e170.jpg;B259KE790;type1;1342.8,804.4,118.2,41.2;1344.2,813.0,1459.7,804.4,1461.1,839.0,1342.8,845.6;1;0;https://commons.wikimedia.org/wiki/File%3AMoscow_car_show_2026-08-01_Izh_food_truck_02.jpg;CC0;day
images/real/real_e773f8af40.jpg;K323KM977;type1a;233.1,747.1,121.3,95.2;241.0,747.1,354.4,759.7,348.3,842.3,233.1,820.1;1;0;https://commons.wikimedia.org/wiki/File%3AMoscow_car_show_2026-08-01_Mazda_323F_red_01.jpg;CC0;day
images/real/real_e007f9265a.jpg;K323KM977;type1;1159.7,813.3,229.9,107.2;1159.7,858.4,1384.8,813.3,1389.6,879.6,1162.1,920.6;1;0;https://commons.wikimedia.org/wiki/File%3AMoscow_car_show_2026-08-01_Mazda_323F_red_02.jpg;CC0;angle,day
images/real/real_6119162086.jpg;K323KM977;type1;1146.6,845.9,214.5,94.2;1146.6,884.5,1357.2,845.9,1361.1,905.8,1148.2,940.1;1;0;https://commons.wikimedia.org/wiki/File%3AMoscow_car_show_2026-08-01_Mazda_323F_red_04.jpg;CC0;angle,day
images/real/real_b6f9f0f4d0.jpg;X235XA750;type1;268.8,777.3,260.2,64.0;272.0,777.3,528.9,778.8,523.3,841.3,268.8,833.2;1;0;https://commons.wikimedia.org/wiki/File%3AMoscow_car_show_2026-08-01_Mazda_Astina_blue_02.jpg;CC0;day
images/real/real_4c4b54ba4e.jpg;X235XA750;type1;917.5,802.5,292.8,103.7;917.5,844.2,1210.2,802.5,1208.0,871.7,924.0,906.2;1;0;https://commons.wikimedia.org/wiki/File%3AMoscow_car_show_2026-08-01_Mazda_Astina_blue_04.jpg;CC0;angle,day
images/real/real_41939f79ca.jpg;Y275HK790;type1a;576.5,696.5,173.8,104.7;585.0,696.5,750.3,707.1,745.8,801.2,576.5,788.4;1;0;https://commons.wikimedia.org/wiki/File%3AMoscow_car_show_2026-08-01_Mazda_RX7_red_01.jpg;CC0;day
images/real/real_4d2f3d8297.jpg;Y275HK790;type1a;714.6,609.8,216.3,120.0;717.8,609.8,930.9,611.1,926.2,729.8,714.6,721.9;1;0;https://commons.wikimedia.org/wiki/File%3AMoscow_car_show_2026-08-01_Mazda_RX7_red_02.jpg;CC0;day,glare
images/real/real_00c10ce3d8.jpg;Y275HK790;type1a;168.6,580.7,59.6,79.4;176.3,580.7,228.2,589.7,226.8,660.1,168.6,652.3;1;0;https://commons.wikimedia.org/wiki/File%3AMoscow_car_show_2026-08-01_Mazda_RX7_red_06.jpg;CC0;angle,day,glare
images/real/real_80b04e01cc.jpg;P277CM198;type1;363.4,1045.0,411.5,115.4;363.4,1045.0,774.9,1070.0,761.4,1160.4,366.1,1138.6;1;0;https://commons.wikimedia.org/wiki/File%3AMoscow_car_show_2026-08-01_Subaru_kei_van_03.jpg;CC0;day
images/real/real_c9474d3b2e.jpg;P277CM198;type1;439.4,1038.8,304.6,71.6;442.9,1038.8,743.8,1039.0,744.0,1110.4,439.4,1109.9;1;0;https://commons.wikimedia.org/wiki/File%3AMoscow_car_show_2026-08-01_Subaru_kei_van_04.jpg;CC0;day
images/real/real_262f40846c.jpg;P277CM198;type1;772.3,672.7,240.5,71.0;774.1,691.7,1012.8,672.7,1011.2,730.7,772.3,743.7;1;0;https://commons.wikimedia.org/wiki/File%3AMoscow_car_show_2026-08-01_Subaru_kei_van_05.jpg;CC0;day
images/real/real_5f7b1b229a.jpg;M479AH550;type1;1312.6,660.2,119.7,62.5;1317.8,660.2,1432.2,687.2,1429.0,722.8,1312.6,694.2;1;0;https://commons.wikimedia.org/wiki/File%3AMoscow%2C_classic_Cadillac%2C_June_2025_01.jpg;CC0;angle,day
images/real/real_5f7b1b229a.jpg;B996AH777;type1;154.6,576.9,110.8,63.6;163.2,576.9,265.4,606.2,261.8,640.5,154.6,610.2;1;0;https://commons.wikimedia.org/wiki/File%3AMoscow%2C_classic_Cadillac%2C_June_2025_01.jpg;CC0;angle,day
images/real/real_6572782122.jpg;Y703PA797;type1;1413.6,233.2,171.2,48.7;1416.0,233.2,1584.8,243.3,1579.1,281.8,1413.6,266.8;1;0;https://commons.wikimedia.org/wiki/File%3AMoscow%2C_little_blue_car_with_big_wheel_camber%2C_June_2025_03.jpg;CC0;day,glare
images/real/real_5f47541c46.jpg;P772OM790;type1;494.8,795.5,204.1,49.9;496.7,795.5,698.8,798.9,693.8,845.4,494.8,836.2;1;0;https://commons.wikimedia.org/wiki/File%3AMoscow%2C_yellow_Corvette_C6_on_a_tow_truck%2C_Mar_2026_01.jpg;CC0;day
images/real/real_740e4e3b28.jpg;K964EO152;type1;781.7,943.1,62.2,15.8;782.0,943.1,843.8,944.6,843.9,958.9,781.7,957.6;1;0;https://commons.wikimedia.org/wiki/File%3ANN_01-09-2021_03.jpg;CC BY-SA 4.0;day
images/real/real_44a1f4e539.jpg;C499EX152;type1;469.0,908.8,47.3,40.8;473.8,908.8,516.2,925.6,510.2,949.6,469.0,929.3;1;0;https://commons.wikimedia.org/wiki/File%3ANN_28-08-2021_01.jpg;CC BY-SA 4.0;angle,day
images/real/real_97b176aadc.jpg;C037EX790;type1;48.4,608.7,112.9,39.1;48.4,621.7,161.2,608.7,161.3,638.3,48.9,647.8;1;0;https://commons.wikimedia.org/wiki/File%3ANissan_Qashqai_%D0%BA%D0%B0%D1%80%D1%88%D0%B5%D1%80%D0%B8%D0%BD%D0%B3%D0%B0_%D0%A1%D0%B8%D1%82%D0%B8%D0%B4%D1%80%D0%B0%D0%B9%D0%B2_%D0%B2_%D0%9C%D0%BE%D1%81%D0%BA%D0%B2%D0%B5_%2801%29.jpg;CC BY-SA 4.0;day
images/real/real_ad2634ca0f.jpg;M183AP777;type1;1065.1,859.7,92.1,22.9;1065.5,860.8,1155.2,859.7,1157.2,880.5,1065.1,882.7;1;0;https://commons.wikimedia.org/wiki/File%3ARechnikov_Street_-_Moscow2.jpg;CC BY 4.0;day
images/real/real_d0c615586c.jpg;O004TA72;type1;339.2,660.3,147.2,78.0;350.0,660.3,486.4,699.2,482.2,738.3,339.2,698.7;1;0;https://commons.wikimedia.org/wiki/File%3ARu%C4%9Da_a%C5%ADto_en_Tjumeno.jpg;CC BY-SA 4.0;angle,day
images/real/real_d0c615586c.jpg;M383XE72;type1;217.5,487.6,62.2,37.1;219.0,487.6,279.8,490.4,275.4,524.7,217.5,520.6;1;0;https://commons.wikimedia.org/wiki/File%3ARu%C4%9Da_a%C5%ADto_en_Tjumeno.jpg;CC BY-SA 4.0;day
images/real/real_9390879981.jpg;P923MA05;type1;204.4,719.8,44.7,10.5;204.5,721.1,249.1,719.8,249.2,729.9,204.4,730.2;1;0;https://commons.wikimedia.org/wiki/File%3ASquare_near_Makhachkala_railway_terminal_-_2024-04-28.jpg;CC BY-SA 4.0;day
images/real/real_0f3a39421d.jpg;B939TP33;type1;731.2,658.1,77.6,32.4;734.5,658.1,808.8,663.7,805.9,690.5,731.2,683.6;1;0;https://commons.wikimedia.org/wiki/File%3ASuzuki_Ignis_in_Murom.jpg;CC BY 4.0;day
images/real/real_5f44f36cb4.jpg;Y877TA27;type1;1274.9,395.5,40.7,9.3;1274.9,395.5,1315.6,396.8,1315.5,404.8,1275.0,404.7;1;0;https://commons.wikimedia.org/wiki/File%3ATesla_Model_Y_%D0%BA%D0%B0%D1%80%D1%88%D0%B5%D1%80%D0%B8%D0%BD%D0%B3%D0%B0_%D0%A1%D0%B8%D1%82%D0%B8%D0%B4%D1%80%D0%B0%D0%B9%D0%B2_%D0%B2_%D0%9A%D0%BE%D1%82%D0%B5%D0%BB%D1%8C%D0%BD%D0%B8%D0%BA%D0%B0%D1%85_%282022%29.jpg;CC BY-SA 4.0;day,motion_blur
images/real/real_ee37eb8a41.jpg;H967BE51;type1;1132.9,545.3,172.6,77.8;1132.9,567.3,1304.6,545.3,1305.5,602.6,1137.5,623.2;1;0;https://commons.wikimedia.org/wiki/File%3AToyota_Cressida_Murmansk_2022-05_2.jpg;CC0;day
images/real/real_111b679f46.jpg;H635MB45;type1;1260.4,455.2,112.2,88.7;1260.4,489.7,1364.2,455.2,1372.7,505.7,1271.3,543.9;1;0;https://commons.wikimedia.org/wiki/File%3AToyota_Cresta_%28X90%29_en_Tjumeno.jpg;CC BY-SA 4.0;angle,day
images/real/real_5006014fd9.jpg;H635MB45;type1;999.5,468.5,475.4,120.8;999.5,475.3,1474.9,468.5,1473.0,589.3,1002.9,588.0;1;0;https://commons.wikimedia.org/wiki/File%3AToyota_Cresta_%28X90%29_kun_japana_flago_sur_numerplato_01.jpg;CC BY-SA 4.0;day
images/real/real_ee977a4be3.jpg;H635MB45;type1;1245.0,452.8,94.8,96.5;1245.0,499.2,1330.5,452.8,1339.8,496.0,1260.2,549.3;1;0;https://commons.wikimedia.org/wiki/File%3AToyota_Cresta_%28X90%29_kun_japana_flago_sur_numerplato_02.jpg;CC BY-SA 4.0;angle,day
images/real/real_ee977a4be3.jpg;C728MO72;type1;1113.8,233.5,48.5,17.7;1113.8,240.0,1160.8,233.5,1162.3,245.5,1114.7,251.2;1;0;https://commons.wikimedia.org/wiki/File%3AToyota_Cresta_%28X90%29_kun_japana_flago_sur_numerplato_02.jpg;CC BY-SA 4.0;day
images/real/real_cca18b2f69.jpg;B858AE750;type1;3.9,738.8,149.2,48.8;4.3,757.7,150.7,738.8,153.2,771.4,3.9,787.5;1;0;https://commons.wikimedia.org/wiki/File%3AToyota_Prius_%C4%89e_elektro%C5%9Dar%C4%9Dejo_%28Tjumeno%29_01.jpg;CC BY-SA 4.0;angle,day
images/real/real_fcc63ee457.jpg;H400TB174;type1;63.8,675.1,87.2,29.8;65.0,684.8,150.9,675.1,150.1,697.9,63.8,704.8;1;0;https://commons.wikimedia.org/wiki/File%3AVila%C4%9Do_Dubrovnoje_%28Tjumena_provinco%29_19.jpg;CC BY 4.0;angle,day
images/real/real_56f67c3263.jpg;M497KP72;type1;371.5,955.9,54.3,18.8;373.2,955.9,425.2,959.4,425.8,974.7,371.5,971.2;1;0;https://commons.wikimedia.org/wiki/File%3AVoja%C4%9Dantino_%C4%89e_benzinstacio_Kondor_%28Tjumena_distrikto%29.jpg;CC BY-SA 4.0;day
images/real/real_af004d31c5.jpg;C594MM199;type1;172.2,657.6,146.9,52.0;178.8,657.6,319.1,669.8,315.2,709.6,172.2,694.1;1;0;https://commons.wikimedia.org/wiki/File%3A%D0%9C%D0%A7%D0%A1%2C_%D0%9C%D0%BE%D1%81%D0%BA%D0%B2%D0%B0_-_MCHS%2C_Moscow_13.jpg;CC BY-SA 4.0;day
images/real/real_0823b47afa.jpg;A036PP198;type1;1510.9,283.5,70.9,19.2;1512.2,283.5,1581.8,286.8,1581.0,302.7,1510.9,298.6;1;0;https://commons.wikimedia.org/wiki/File%3A%D0%A1%D0%B0%D0%BD%D0%BA%D1%82-%D0%9F%D0%B5%D1%82%D0%B5%D1%80%D0%B1%D1%83%D1%80%D0%B3%2C_%D0%A2%D0%B5%D1%81%D0%BB%D0%B0_%D0%BD%D0%B0_%D0%9C%D0%B0%D0%BB%D0%BE%D0%B9_%D0%9F%D0%BE%D1%81%D0%B0%D0%B4%D1%81%D0%BA%D0%BE%D0%B9.jpg;CC BY-SA 4.0;day
images/real/real_5a9454d059.jpg;P388TO777;type1;1343.6,592.2,83.8,114.8;1343.6,643.4,1421.5,592.2,1427.4,651.8,1354.6,706.9;1;0;https://commons.wikimedia.org/wiki/File%3A%D0%A0%D0%B5%D1%82%D1%80%D0%BE-%D1%82%D0%B0%D1%87%D0%BA%D0%B8.jpg;CC BY-SA 4.0;angle,day
images/real/real_dade50e9a9.jpg;X898OE174;type1;499.8,1040.0,51.7,23.5;499.8,1046.5,550.4,1040.0,551.4,1058.1,500.1,1063.5;1;0;https://commons.wikimedia.org/wiki/File%3A%D0%A3%D0%BB%D0%B8%D1%86%D0%B0_%D0%A1%D1%82%D1%83%D0%B4%D0%B5%D0%BD%D1%87%D0%B5%D1%81%D0%BA%D0%B0%D1%8F%2C_3_%D0%B2_%D0%9E%D0%B7%D1%91%D1%80%D1%81%D0%BA%D0%B5_2023-03-17.jpg;CC BY-SA 2.0;day
images/real/real_8cd9b413a5.jpg;E557AY799;type1;1044.7,750.4,65.9,20.5;1044.7,756.3,1109.7,750.4,1110.6,765.6,1044.9,770.9;1;0;https://commons.wikimedia.org/wiki/File%3A%D0%9A%D0%BE%D1%81%D0%B8%D0%BD%D1%81%D0%BA%D0%BE%D0%B5_%D1%88%D0%BE%D1%81%D1%81%D0%B5.jpg;CC BY-SA 4.0;day
images/real/real_8cd9b413a5.jpg;X674OB197;type1;1403.8,706.4,49.3,12.9;1404.8,708.9,1453.1,706.4,1452.8,717.3,1403.8,719.3;1;0;https://commons.wikimedia.org/wiki/File%3A%D0%9A%D0%BE%D1%81%D0%B8%D0%BD%D1%81%D0%BA%D0%BE%D0%B5_%D1%88%D0%BE%D1%81%D1%81%D0%B5.jpg;CC BY-SA 4.0;angle,day
images/real/real_17f4b6acb6.jpg;T203PC50;type1;1100.7,549.6,149.4,62.0;1100.7,564.0,1244.6,549.6,1250.1,595.6,1104.7,611.6;1;0;https://commons.wikimedia.org/wiki/File%3AAuto_BMW_5_Series_%28E28%29_Moscow_Marshala_Zhukova_Prospekt_%D0%A2203%D0%A0%D0%A150_2026-09_1788629022.jpg;CC BY 4.0;night
images/real/real_947aab359b.jpg;Y602EE797;type1;229.2,853.9,197.2,58.7;231.7,853.9,426.4,862.0,421.2,912.6,229.2,898.2;1;0;https://commons.wikimedia.org/wiki/File%3AAuto_GAZ-24-10_Moscow_Bibip-Bibop_2026_2026-07_031.JPG;CC BY 4.0;day
images/real/real_a6136f9627.jpg;A123AH550;type1;413.9,826.1,145.1,41.0;415.8,826.1,559.0,830.9,558.8,867.1,413.9,861.1;1;0;https://commons.wikimedia.org/wiki/File%3AAuto_GAZ-24_Moscow_Bibip-Bibop_2026_2026-07_032.JPG;CC BY 4.0;day
images/real/real_2c72e50454.jpg;K452TH797;type1;336.8,722.8,149.7,61.2;345.6,722.8,486.4,740.6,481.4,784.0,336.8,761.0;1;0;https://commons.wikimedia.org/wiki/File%3AAuto_GAZ_Sobol_Moscow_Bolotnikovskaya_Street_%D0%9A452%D0%A2%D0%9D797_2025-02_854.JPG;CC BY 4.0;day
images/real/real_ebdc6a4901.jpg;B690TE777;type1;481.1,730.7,124.7,35.4;484.6,733.2,605.8,730.7,605.4,765.2,481.1,766.1;1;0;https://commons.wikimedia.org/wiki/File%3AAuto_Mercedes-Benz_W123_Moscow_Medikov_Street_2025-03_1740831996.JPG;CC BY 4.0;day,glare
images/real/real_ebdc6a4901.jpg;B690TE777;type1;1279.6,728.7,127.1,39.7;1282.8,734.9,1406.6,728.7,1406.7,764.2,1279.6,768.4;1;0;https://commons.wikimedia.org/wiki/File%3AAuto_Mercedes-Benz_W123_Moscow_Medikov_Street_2025-03_1740831996.JPG;CC BY 4.0;angle,day,glare
images/real/real_ecaacbb2db.jpg;E190HK199;type1;934.5,856.7,220.9,86.7;934.5,895.4,1149.9,856.7,1155.4,906.7,939.3,943.3;1;0;https://commons.wikimedia.org/wiki/File%3AAuto_Mercedes-Benz_W201_Moscow_Bibip-Bibop_2026_%D0%95190%D0%9D%D0%9A199_2026-07_035.JPG;CC BY 4.0;day
images/real/real_607a3cfb37.jpg;T094HT97;type1;279.5,841.7,126.2,31.8;283.8,841.7,405.7,844.0,403.1,873.5,279.5,868.1;1;0;https://commons.wikimedia.org/wiki/File%3AAuto_UAZ-469_Moscow_Kaspiyskaya_street_N%D0%A2094%D0%9D%D0%A297_2025-03_175.JPG;CC BY 4.0;angle,day
images/real/real_607a3cfb37.jpg;T094HT97;type1;1072.0,840.8,132.2,32.1;1076.2,840.8,1204.2,842.9,1202.2,872.8,1072.0,869.1;1;0;https://commons.wikimedia.org/wiki/File%3AAuto_UAZ-469_Moscow_Kaspiyskaya_street_N%D0%A2094%D0%9D%D0%A297_2025-03_175.JPG;CC BY 4.0;day
images/real/real_6479cee342.jpg;T470BC750;type1;146.9,744.4,183.2,47.0;147.8,744.4,330.2,748.2,325.8,791.4,146.9,783.2;1;0;https://commons.wikimedia.org/wiki/File%3AAuto_%C5%A0koda_Felicia_Moscow_Kaspiyskaya_street_%D0%A2470%D0%92%D0%A1750_2025-03_251.JPG;CC BY 4.0;day
images/real/real_6479cee342.jpg;T470BC750;type1;948.2,745.9,179.6,47.8;949.7,745.9,1127.8,750.9,1122.4,793.7,948.2,785.0;1;0;https://commons.wikimedia.org/wiki/File%3AAuto_%C5%A0koda_Felicia_Moscow_Kaspiyskaya_street_%D0%A2470%D0%92%D0%A1750_2025-03_251.JPG;CC BY 4.0;day
images/real/real_7df1c2e533.jpg;E383BE750;type1;1326.6,438.1,79.2,55.3;1327.6,446.7,1404.2,438.1,1405.8,486.1,1326.6,493.4;1;0;https://commons.wikimedia.org/wiki/File%3AMoscow_-_2026_-_Geely_Cityray.jpg;CC BY 4.0;day,dirt,glare
images/real/real_af8285ac24.jpg;B111BB177;type1;406.8,728.8,167.8,43.9;410.6,728.8,574.7,731.6,573.2,772.8,406.8,766.5;1;0;https://commons.wikimedia.org/wiki/File%3AMoscow_-_2026_-_Mercedes-AMG_G_63.jpg;CC BY 4.0;day
images/real/real_6adb57e964.jpg;Y923YY150;type1;1306.2,629.0,121.8,45.8;1306.2,637.7,1426.1,629.0,1428.0,667.4,1306.2,674.8;1;0;https://commons.wikimedia.org/wiki/File%3AMoscow_-_2026_-_White_Kia_Sportage_crossover.jpg;CC BY 4.0;day
images/real/real_353eca9e3e.jpg;H279PP799;type1;993.2,587.6,131.8,47.5;993.2,602.7,1122.1,587.6,1125.0,621.9,993.8,635.1;1;0;https://commons.wikimedia.org/wiki/File%3AMoscow_-_July_2026_-_Hyundai_Elantra_near_the_Rosa_Einema_Museum.jpg;CC BY 4.0;day,dirt
images/real/real_353eca9e3e.jpg;T189TE790;type1;5.4,613.4,145.9,52.9;5.7,634.6,151.3,613.4,151.1,649.3,5.4,666.3;1;0;https://commons.wikimedia.org/wiki/File%3AMoscow_-_July_2026_-_Hyundai_Elantra_near_the_Rosa_Einema_Museum.jpg;CC BY 4.0;angle,day
images/real/real_ec973f0153.jpg;E805TE33;type1;767.0,539.8,199.9,54.6;767.0,555.4,966.5,539.8,966.9,583.5,767.2,594.4;1;0;https://commons.wikimedia.org/wiki/File%3AMoscow_-_Lada_1500.jpg;CC BY 4.0;day
images/real/real_ab3ab2552f.jpg;M908KB797;type1;69.7,585.8,105.9,42.5;73.9,585.8,175.7,598.3,172.3,628.2,69.7,613.7;1;0;https://commons.wikimedia.org/wiki/File%3AMoscow%2C_5th_Monetchikovsky_Lane_7_-_Camo_UAZ%2C_May_2022_01.jpg;CC0;day
images/real/real_ab3ab2552f.jpg;T810MK799;type1;653.5,578.1,146.1,44.7;659.3,578.1,799.6,585.8,797.8,622.8,653.5,613.4;1;0;https://commons.wikimedia.org/wiki/File%3AMoscow%2C_5th_Monetchikovsky_Lane_7_-_Camo_UAZ%2C_May_2022_01.jpg;CC0;day,dirt
images/real/real_41578f480c.jpg;E590AA797;type1;354.4,850.8,122.7,31.9;357.9,850.8,477.1,852.6,476.6,882.8,354.4,880.2;1;0;https://commons.wikimedia.org/wiki/File%3AMoscow%2C_Arbatskaya_Square%2C_Case_SV250_on_a_Mercedes_truck_2021-05-15_01.jpg;CC0;day
images/real/real_83580530a3.jpg;A563EA777;type1;100.5,567.7,89.6,41.7;105.9,567.7,190.1,570.2,189.2,609.4,100.5,605.0;1;0;https://commons.wikimedia.org/wiki/File%3AMoscow%2C_BMW_F16_%28X6%29_white_Sept_2025_01.jpg;CC0;day
images/real/real_53c615546c.jpg;H188PB797;type1;1147.9,667.1,192.3,58.8;1147.9,680.7,1337.9,667.1,1340.2,718.1,1149.4,725.8;1;0;https://commons.wikimedia.org/wiki/File%3AMoscow%2C_BMW_I01_black_and_dirty%2C_Mar_2026_01.jpg;CC0;day
images/real/real_dbc2063cfa.jpg;O650YO790;type1;1220.4,492.0,141.9,74.1;1220.4,525.4,1355.3,492.0,1362.3,532.8,1225.3,566.1;1;0;https://commons.wikimedia.org/wiki/File%3AMoscow%2C_BMW_X5_M%2C_June_2026_01.jpg;CC0;day,glare
images/real/real_94b6ebad66.jpg;X700AB99;type1;196.8,410.0,173.9,48.3;201.4,410.0,370.7,414.9,367.7,458.3,196.8,450.5;1;0;https://commons.wikimedia.org/wiki/File%3AMoscow%2C_BMW_X7_Kukla_Tanya%2C_Aug_2025_07.jpg;CC0;day
images/real/real_fc481186e1.jpg;B774XY797;type1;1371.1,653.5,111.7,65.1;1371.1,681.9,1478.8,653.5,1482.8,691.4,1377.2,718.6;1;0;https://commons.wikimedia.org/wiki/File%3AMoscow%2C_Belgee_X70_%28Geely_Atlas_Pro%29_taxi_Mar_2026_01.jpg;CC0;angle,day
images/real/real_edb625ad08.jpg;P767CM790;type1;563.0,776.2,90.2,22.8;564.8,776.2,653.2,776.2,652.8,798.7,563.0,799.0;1;0;https://commons.wikimedia.org/wiki/File%3AMoscow%2C_Bolshaya_Ordynka%2C_black_Hyundai_Mega_cherry_picker_02.jpg;CC0;day
images/real/real_ddd6937014.jpg;C794BB977;type1;1297.5,704.9,168.8,57.6;1297.5,720.9,1461.8,704.9,1466.3,750.5,1299.6,762.5;1;0;https://commons.wikimedia.org/wiki/File%3AMoscow%2C_Chery_Tiggo7_%282nd_gen%29_Setp_2025_01.jpg;CC0;day
images/real/real_3433954686.jpg;B037PO797;type1;103.4,612.1,99.8,55.1;109.2,612.1,203.2,623.5,201.2,667.2,103.4,652.2;1;0;https://commons.wikimedia.org/wiki/File%3AMoscow%2C_Chery_Tiggo_4%2C_April_2025_01.jpg;CC0;day
images/real/real_3433954686.jpg;M770EA77;type1;1509.1,245.3,48.5,14.2;1509.9,246.6,1557.1,245.3,1557.6,257.7,1509.1,259.5;1;0;https://commons.wikimedia.org/wiki/File%3AMoscow%2C_Chery_Tiggo_4%2C_April_2025_01.jpg;CC0;day
images/real/real_951b23f0de.jpg;K248BM977;type1;85.2,644.0,109.9,64.0;94.0,644.0,195.2,656.5,190.8,708.0,85.2,690.5;1;0;https://commons.wikimedia.org/wiki/File%3AMoscow%2C_Chery_Tiggo_7_promax%2C_June_2025_01.jpg;CC0;day
images/real/real_f1311037ed.jpg;K248BM977;type1;1436.0,485.8,82.3,51.8;1436.0,496.2,1517.9,485.8,1518.2,527.5,1436.5,537.6;1;0;https://commons.wikimedia.org/wiki/File%3AMoscow%2C_Chery_Tiggo_7_promax%2C_June_2025_05.jpg;CC0;day
images/real/real_b67e3fc5d7.jpg;K621MY797;type1;112.2,673.2,163.5,44.1;113.8,673.8,275.5,673.2,275.7,717.2,112.2,714.2;1;0;https://commons.wikimedia.org/wiki/File%3AMoscow%2C_Citydrive_Chery_Tiggo_7%2C_July_2025_02.jpg;CC0;day
images/real/real_68b73d5537.jpg;P172MM977;type1;104.7,685.8,79.8,47.3;109.8,685.8,184.4,691.8,184.4,733.1,104.7,726.3;1;0;https://commons.wikimedia.org/wiki/File%3AMoscow%2C_Geely_Atlas_June_2025_02.jpg;CC0;day
images/real/real_4f1068825a.jpg;E588OM797;type1;205.0,787.8,76.3,44.7;210.8,787.8,281.3,794.4,280.4,832.5,205.0,823.6;1;0;https://commons.wikimedia.org/wiki/File%3AMoscow%2C_Geely_Atlas_Pro_Citydrive%2C_May_2026_01.jpg;CC0;day
images/real/real_84dc202fca.jpg;E749OP797;type1;123.1,480.9,75.3,56.7;130.3,480.9,198.4,491.7,195.2,537.6,123.1,521.7;1;0;https://commons.wikimedia.org/wiki/File%3AMoscow%2C_Geely_Atlas_Pro_Citydrive%2C_Sept_2026_05.jpg;CC0;angle,day,glare
images/real/real_258f3728d1.jpg;E749OP797;type1;117.6,614.2,63.5,40.9;122.0,614.2,181.1,615.5,181.0,655.1,117.6,651.2;1;0;https://commons.wikimedia.org/wiki/File%3AMoscow%2C_Geely_Atlas_Pro_Citydrive%2C_Sept_2026_07.jpg;CC0;day
images/real/real_bb05ba89fe.jpg;H650MA797;type1;1177.2,688.6,234.5,77.9;1177.2,709.0,1408.1,688.6,1411.8,747.3,1178.4,766.5;1;0;https://commons.wikimedia.org/wiki/File%3AMoscow%2C_Geely_Coolray%2C_April_2025_15.jpg;CC0;day,glare
images/real/real_e2393e783c.jpg;M116MC797;type1;1375.6,501.9,102.4,55.8;1375.6,512.7,1477.8,501.9,1478.0,550.3,1377.8,557.8;1;0;https://commons.wikimedia.org/wiki/File%3AMoscow%2C_Geely_Coolray_Belkacar%2C_Sept_2025_02.jpg;CC0;day
images/real/real_8f90db0c99.jpg;C942OC40;type1;250.6,613.9,232.7,67.7;254.7,613.9,483.2,623.8,478.7,681.6,250.6,668.5;1;0;https://commons.wikimedia.org/wiki/File%3AMoscow%2C_Geely_Emgrand%2C_Infinity_QX70S%2C_Apr_2026_01.jpg;CC0;day
images/real/real_569956bbd4.jpg;O103BY977;type1;1078.8,715.7,175.2,52.8;1078.8,726.7,1253.2,715.7,1253.9,761.2,1079.3,768.5;1;0;https://commons.wikimedia.org/wiki/File%3AMoscow%2C_Geely_Monjaro%2C_June_2025_01.jpg;CC0;day
images/real/real_569956bbd4.jpg;Y802KO77;type1;1138.6,346.1,66.2,20.3;1139.9,346.1,1204.8,349.8,1204.2,366.3,1138.6,362.2;1;0;https://commons.wikimedia.org/wiki/File%3AMoscow%2C_Geely_Monjaro%2C_June_2025_01.jpg;CC0;day
images/real/real_1232355075.jpg;Y556EB977;type1;67.1,623.9,102.2,50.2;74.6,623.9,169.2,633.1,166.8,674.1,67.1,663.2;1;0;https://commons.wikimedia.org/wiki/File%3AMoscow%2C_Geely_Monjaro%2C_June_2025_10.jpg;CC0;day
images/real/real_6e550cc039.jpg;A438KE977;type1;134.2,643.4,148.7,70.9;142.2,643.4,282.8,669.6,278.5,714.3,134.2,684.3;1;0;https://commons.wikimedia.org/wiki/File%3AMoscow%2C_Geely_Tugella_June_2025_01.jpg;CC0;day
images/real/real_13bd2e1a3f.jpg;O891XP777;type1;1026.8,835.9,103.7,27.3;1029.7,839.0,1130.5,835.9,1130.2,862.5,1026.8,863.2;1;0;https://commons.wikimedia.org/wiki/File%3AMoscow%2C_Gormost_GAZ_trucks%2C_Aug_2025_01.jpg;CC0;angle,day
images/real/real_83d4f5e0cd.jpg;BX473777;other;1219.0,841.2,132.2,33.9;1219.3,848.1,1349.7,841.2,1351.2,869.6,1219.0,875.2;1;0;https://commons.wikimedia.org/wiki/File%3AMoscow%2C_Gormost_GAZ_trucks%2C_Aug_2025_03.jpg;CC0;day,dirt
images/real/real_83d4f5e0cd.jpg;K276EX799;type1;622.8,761.5,113.2,27.4;626.0,763.8,736.0,761.5,735.0,788.9,622.8,788.6;1;0;https://commons.wikimedia.org/wiki/File%3AMoscow%2C_Gormost_GAZ_trucks%2C_Aug_2025_03.jpg;CC0;angle,day
images/real/real_084dd0d027.jpg;T445HA797;type1;70.5,585.8,122.4,59.8;77.5,585.8,192.9,597.0,188.8,645.6,70.5,629.4;1;0;https://commons.wikimedia.org/wiki/File%3AMoscow%2C_Haval_Dargo_Belkacar%2C_Nov_2025_03.jpg;CC0;day,glare
images/real/real_0119167f4b.jpg;T445HA797;type1;87.6,616.5,98.1,57.2;95.8,616.5,185.7,632.3,183.1,673.7,87.6,653.0;1;0;https://commons.wikimedia.org/wiki/File%3AMoscow%2C_Haval_Dargo_Belkacar%2C_Nov_2025_04.jpg;CC0;angle,day,glare
images/real/real_8a490e7e32.jpg;A555299;other;327.4,496.7,218.5,59.7;328.1,496.7,545.9,501.2,541.0,556.4,327.4,545.3;1;0;https://commons.wikimedia.org/wiki/File%3AMoscow%2C_Haval_F7_police%2C_Sept_2025_01.jpg;CC0;day
images/real/real_92c75c095b.jpg;A025YT790;type1;139.3,528.1,83.2,45.2;143.3,528.1,222.5,529.6,220.0,573.3,139.3,571.2;1;0;https://commons.wikimedia.org/wiki/File%3AMoscow%2C_Haval_F7_taxi_in_Yandex.Market_livery_Aug_2025_01.jpg;CC0;day
images/real/real_21f8a0b6ca.jpg;Y144OC797;type1;232.3,517.8,206.0,53.4;236.3,517.8,438.3,518.7,435.7,571.2,232.3,564.7;1;0;https://commons.wikimedia.org/wiki/File%3AMoscow%2C_Haval_F7x%2C_Aug_2025_05.jpg;CC0;day,glare
images/real/real_40443eb38a.jpg;H123TB797;type1;1393.2,689.2,97.0,47.3;1393.2,700.9,1487.7,689.2,1490.2,725.0,1393.2,736.5;1;0;https://commons.wikimedia.org/wiki/File%3AMoscow%2C_Haval_H3%2C_Aug_2025_01.jpg;CC0;day
images/real/real_c1f8b84a63.jpg;H123TB797;type1;124.8,742.8,128.1,46.9;127.5,742.8,252.9,747.7,250.9,789.7,124.8,780.4;1;0;https://commons.wikimedia.org/wiki/File%3AMoscow%2C_Haval_H3%2C_Aug_2025_02.jpg;CC0;day
images/real/real_dfe3e6837b.jpg;H307TO35;type1;1438.2,581.7,71.0,78.6;1438.2,612.7,1501.2,581.7,1509.2,625.7,1445.3,660.2;1;0;https://commons.wikimedia.org/wiki/File%3AMoscow%2C_Haval_H3%2C_June_2025_03.jpg;CC0;angle,day,dirt
images/real/real_8aa9c50967.jpg;C743KY797;type1;641.8,566.0,156.3,44.3;641.8,577.7,795.4,566.0,798.2,599.4,641.8,610.3;1;0;https://commons.wikimedia.org/wiki/File%3AMoscow%2C_Haval_Jolion%2C_April_2025_18.jpg;CC0;day
images/real/real_8aa9c50967.jpg;T636YK64;type1;1354.5,551.1,138.9,38.4;1354.9,555.5,1493.4,551.1,1492.5,588.3,1354.5,589.5;1;0;https://commons.wikimedia.org/wiki/File%3AMoscow%2C_Haval_Jolion%2C_April_2025_18.jpg;CC0;day,dirt
images/real/real_47d3a97747.jpg;B047CO797;type1;2.6,400.4,131.9,49.4;2.6,415.0,132.7,400.4,134.5,438.8,3.0,449.8;1;0;https://commons.wikimedia.org/wiki/File%3AMoscow%2C_Haval_Jolion_red%2C_May_2026_0.jpg;CC0;day,glare
images/real/real_61adc34c52.jpg;O338BK977;type1;1249.7,754.6,151.1,42.0;1251.0,759.2,1398.8,754.6,1400.8,793.5,1249.7,796.6;1;0;https://commons.wikimedia.org/wiki/File%3AMoscow%2C_Hyundai_Creta_I_-_Yandex_streetview_cameramobile_Oct_2025_05.jpg;CC0;day
images/real/real_2642c25a8c.jpg;O338BK977;type1;1059.2,708.1,139.8,40.3;1060.1,712.8,1197.5,708.1,1199.0,743.3,1059.2,748.4;1;0;https://commons.wikimedia.org/wiki/File%3AMoscow%2C_Hyundai_Creta_I_-_Yandex_streetview_cameramobile_Oct_2025_06.jpg;CC0;day
images/real/real_6ce99c71c3.jpg;03201AFS;other;1380.3,679.9,104.4,38.2;1383.0,683.0,1483.9,679.9,1484.7,718.1,1380.3,717.7;1;0;https://commons.wikimedia.org/wiki/File%3AMoscow%2C_Hyundai_PorterII%2C_July_2025_01.jpg;CC0;day
images/real/real_0d62c28f4e.jpg;04936AIT;other;456.2,730.1,188.3,59.2;462.4,730.1,644.6,746.0,641.2,789.3,456.2,770.8;1;0;https://commons.wikimedia.org/wiki/File%3AMoscow%2C_Hyundai_Porter_II_with_KG_plates%2C_Sept_2025_01.jpg;CC0;day
images/real/real_0d62c28f4e.jpg;O559BO550;type1;1261.2,511.7,122.4,29.0;1261.5,511.7,1382.4,513.0,1383.6,540.7,1261.2,540.4;1;0;https://commons.wikimedia.org/wiki/File%3AMoscow%2C_Hyundai_Porter_II_with_KG_plates%2C_Sept_2025_01.jpg;CC0;day,glare
images/real/real_ab5ee4e02a.jpg;H814YK799;type1;496.5,743.1,120.1,30.1;500.2,743.1,616.6,743.7,616.2,773.2,496.5,771.2;1;0;https://commons.wikimedia.org/wiki/File%3AMoscow%2C_Hyundai_Porter%2C_May_2026_01.jpg;CC0;day
images/real/real_6d8893f203.jpg;O316CC196;type1;391.6,755.2,120.6,36.6;393.7,759.1,511.2,755.2,512.2,791.7,391.6,791.7;1;0;https://commons.wikimedia.org/wiki/File%3AMoscow%2C_Hyundai_Porter_Yandex.Delivery%2C_Apr_2026_01.jpg;CC0;day
images/real/real_16eaba4307.jpg;C790BP550;type1;226.1,816.8,137.8,35.9;226.1,820.0,363.9,816.8,363.8,852.1,226.9,852.8;1;0;https://commons.wikimedia.org/wiki/File%3AMoscow%2C_Hyundai_Porter_in_Yandex.Delivery_livery%2C_Aug_2025_01.jpg;CC0;day
images/real/real_85e561b70f.jpg;M802YB799;type1;1146.6,775.4,149.5,39.9;1149.2,777.9,1294.7,775.4,1296.1,813.6,1146.6,815.3;1;0;https://commons.wikimedia.org/wiki/File%3AMoscow%2C_Hyundai_Porter_in_Yandex.Go_livery%2C_Sept_2025_01.jpg;CC0;day
images/real/real_fb6f62e3d9.jpg;Y347TA750;type1;394.1,886.3,122.2,42.2;398.7,886.3,516.3,894.2,513.4,928.5,394.1,918.0;1;0;https://commons.wikimedia.org/wiki/File%3AMoscow%2C_Hyundai_Solaris_HCR_with_mock_missile_and_banners%2C_Mar_2026_01.jpg;CC0;day
images/real/real_4eb3972302.jpg;C856KT197;type1;396.2,754.5,156.3,34.7;400.3,755.0,550.9,754.5,552.5,789.2,396.2,787.9;1;0;https://commons.wikimedia.org/wiki/File%3AMoscow%2C_Hyundai_crew_truck_in_Rosetti_livery%2C_September_2025_01.jpg;CC0;day
images/real/real_0ce9b7f9ec.jpg;O363YX199;type1;91.1,641.8,91.6,54.3;95.2,641.8,182.7,645.1,182.5,696.2,91.1,688.8;1;0;https://commons.wikimedia.org/wiki/File%3AMoscow%2C_Hyundai_i20_%28PB%29_white%2C_Sept_2025_01.jpg;CC0;day
images/real/real_2987775c92.jpg;P445XX97;type1;156.8,762.1,101.9,37.8;158.9,762.1,258.8,762.7,257.8,799.9,156.8,795.9;1;0;https://commons.wikimedia.org/wiki/File%3AMoscow%2C_Kia_Bongo_III_%D0%A3_%D0%9F%D0%B0%D0%BB%D1%8B%D1%87%D0%B0%2C_May_2026_01.jpg;CC0;day
images/real/real_cd53e77901.jpg;Y489OM777;type1;388.8,983.1,172.8,45.8;391.8,983.1,561.6,990.8,559.1,1028.8,388.8,1020.2;1;0;https://commons.wikimedia.org/wiki/File%3AMoscow%2C_Kia_Carnival_on_a_tow_truck%2C_Aug_2025_02.jpg;CC0;day,dirt
images/real/real_e9b2ff1712.jpg;T671XT58;type1;1439.4,322.1,127.1,38.2;1443.8,322.1,1566.5,328.5,1562.8,360.2,1439.4,351.1;1;0;https://commons.wikimedia.org/wiki/File%3AMoscow%2C_Kia_K5_GTline_%28ex_New_Jersey%29%2C_Sept_2025_01.jpg;CC0;day
images/real/real_26f711c6d6.jpg;Y857ET799;type1;1163.1,795.4,114.4,46.0;1163.1,806.5,1274.8,795.4,1277.5,833.9,1163.1,841.4;1;0;https://commons.wikimedia.org/wiki/File%3AMoscow%2C_Kia_Picanto_in_Chaihona-1_livery%2C_Apr_2026_01-1.jpg;CC0;day
images/real/real_26f711c6d6.jpg;T952PK799;type1;9.7,764.7,137.6,41.7;9.7,774.6,145.1,764.7,147.2,795.6,10.9,806.3;1;0;https://commons.wikimedia.org/wiki/File%3AMoscow%2C_Kia_Picanto_in_Chaihona-1_livery%2C_Apr_2026_01-1.jpg;CC0;day
images/real/real_0285c66b6e.jpg;Y857ET799;type1;1236.0,735.7,144.6,59.5;1236.2,750.6,1377.8,735.7,1380.6,783.6,1236.0,795.2;1;0;https://commons.wikimedia.org/wiki/File%3AMoscow%2C_Kia_Picanto_in_Chaihona-1_livery%2C_Apr_2026_01.jpg;CC0;day
images/real/real_b61592e921.jpg;Y283XO43;type1;173.6,626.6,171.4,45.3;174.9,626.6,345.0,631.6,343.6,671.9,173.6,663.1;1;0;https://commons.wikimedia.org/wiki/File%3AMoscow%2C_Kia_Sportage_%28NQ5%29_Aug_2025_01.jpg;CC0;day
images/real/real_b61592e921.jpg;T934HX797;type1;1298.8,525.7,136.9,33.7;1303.5,525.7,1435.8,526.2,1433.1,559.3,1298.8,555.0;1;0;https://commons.wikimedia.org/wiki/File%3AMoscow%2C_Kia_Sportage_%28NQ5%29_Aug_2025_01.jpg;CC0;angle,day
images/real/real_24943d1586.jpg;X896BK977;type1;232.8,803.7,190.7,46.9;235.5,803.7,423.5,807.1,421.8,850.6,232.8,845.5;1;0;https://commons.wikimedia.org/wiki/File%3AMoscow%2C_Lada-VIS-2349_chilled_food_truck%2C_Aug_2025_01.jpg;CC0;day
images/real/real_5a0bb219b0.jpg;B553BX750;type1;73.7,787.4,109.7,82.8;83.9,787.4,183.3,829.7,173.5,870.2,73.7,824.2;1;0;https://commons.wikimedia.org/wiki/File%3AMoscow%2C_Lada_Largus_Ladder_Edition%2C_June_2026_01.jpg;CC0;angle,day
images/real/real_452464e55f.jpg;H477TX69;type1;1238.7,415.1,114.1,31.2;1244.1,415.1,1352.8,419.8,1351.2,446.2,1238.7,440.4;1;0;https://commons.wikimedia.org/wiki/File%3AMoscow%2C_Lada_Largus_in_Gruzovichkoff_livery%2C_Sept_2025_01.jpg;CC0;angle,day,glare
images/real/real_452464e55f.jpg;T735KA797;type1;150.2,589.3,159.2,43.6;153.3,589.3,309.4,591.8,306.1,632.9,150.2,630.1;1;0;https://commons.wikimedia.org/wiki/File%3AMoscow%2C_Lada_Largus_in_Gruzovichkoff_livery%2C_Sept_2025_01.jpg;CC0;day
images/real/real_8901cf031c.jpg;A591PM797;type1;68.9,608.2,85.7,48.7;72.8,608.2,154.6,608.2,152.4,656.8,68.9,653.0;1;0;https://commons.wikimedia.org/wiki/File%3AMoscow%2C_Lada_Vesta%2C_Lamoda_livery_Aug_2025_01.jpg;CC0;day
images/real/real_868c6a248f.jpg;M673XY799;type1;1424.5,1250.1,69.0,62.5;1424.5,1270.6,1491.2,1250.1,1493.5,1296.3,1426.3,1312.6;1;0;https://commons.wikimedia.org/wiki/File%3AMoscow%2C_Lada_Vesta_SW%2C_2022-06-17.jpg;CC0;angle,day
images/real/real_5cec390529.jpg;T404MA977;type1;1111.5,721.3,103.9,28.4;1113.6,724.7,1215.3,721.3,1215.4,749.2,1111.5,749.8;1;0;https://commons.wikimedia.org/wiki/File%3AMoscow%2C_Lyusinovskaya_35%2C_Renault_dump_truck%2C_Sept_2026_01.jpg;CC0;day
images/real/real_6adaeb483b.jpg;T404MA977;type1;1370.4,702.1,95.7,27.7;1372.5,705.9,1465.8,702.1,1466.1,728.2,1370.4,729.8;1;0;https://commons.wikimedia.org/wiki/File%3AMoscow%2C_Lyusinovskaya_35%2C_Renault_dump_truck%2C_Sept_2026_02.jpg;CC0;day,glare
images/real/real_7932448afe.jpg;A831BT977;type1;1288.8,565.4,136.7,41.7;1288.8,572.4,1422.8,565.4,1425.4,599.6,1288.8,607.1;1;0;https://commons.wikimedia.org/wiki/File%3AMoscow%2C_Mercedes-Benz_CLS350d_white%2C_May_2026_01.jpg;CC0;day,glare
images/real/real_b16e54971e.jpg;C143MT777;type1;1268.8,870.3,102.3,30.8;1269.6,874.5,1368.9,870.3,1371.1,896.5,1268.8,901.1;1;0;https://commons.wikimedia.org/wiki/File%3AMoscow%2C_Mercedes-Benz_Conecto_on_route_%D0%91%2C_May_2026_01.jpg;CC0;day
images/real/real_fc56dc7f0a.jpg;162CD177;other;1135.2,501.3,193.8,44.8;1136.3,507.6,1329.1,501.3,1326.2,544.9,1135.2,546.1;1;0;https://commons.wikimedia.org/wiki/File%3AMoscow%2C_Mercedes-Benz_E200%2C_ambassador_of_Mauritius%2C_Sept_2025.jpg;CC0;day,glare
images/real/real_f7b3c98b0c.jpg;O747XE77;type1;1135.2,414.7,101.4,30.2;1137.2,415.0,1236.6,414.7,1235.2,444.8,1135.2,441.3;1;0;https://commons.wikimedia.org/wiki/File%3AMoscow%2C_Mercedes-Benz_SUV%2C_Apr_2026_04.jpg;CC0;day
images/real/real_4b28fc301d.jpg;Y602TE797;type1;247.1,842.2,97.2,49.8;255.7,842.2,344.2,862.6,338.3,892.1,247.1,870.7;1;0;https://commons.wikimedia.org/wiki/File%3AMoscow%2C_Mercedes-Benz_Sprinter_ambulance%2C_May_2026_02.jpg;CC0;day
images/real/real_678759d4dd.jpg;K553AE799;type1;1101.1,781.8,101.2,36.3;1101.2,788.8,1201.4,781.8,1202.2,813.6,1101.1,818.2;1;0;https://commons.wikimedia.org/wiki/File%3AMoscow%2C_Mercedes-Benz_Sprinter_ambulance%2C_May_2026_04.jpg;CC0;day
images/real/real_87f201d630.jpg;E967KY797;type1;1249.7,629.3,72.8,37.3;1250.2,636.7,1321.2,629.3,1322.4,661.6,1249.7,666.7;1;0;https://commons.wikimedia.org/wiki/File%3AMoscow%2C_Mercedes-Benz_van%2C_July_2026_01.jpg;CC0;day
images/real/real_fb54cec624.jpg;K948TP799;type1;247.3,849.5,162.8,40.2;250.7,853.5,409.3,849.5,410.1,887.8,247.3,889.7;1;0;https://commons.wikimedia.org/wiki/File%3AMoscow%2C_Mercedes_Sprinter_ambulance%2C_Aug_2025_01.jpg;CC0;day
images/real/real_38fd64d1da.jpg;P759HH799;type1;428.8,659.2,121.1,29.6;430.1,660.1,548.6,659.2,549.8,687.3,428.8,688.8;1;0;https://commons.wikimedia.org/wiki/File%3AMoscow%2C_Mosgorsvet_GAZ-Sobol_emergency_crew_truck%2C_Sept_2025_01.jpg;CC0;day
images/real/real_69e29faef3.jpg;P759HH799;type1;181.7,616.6,76.6,33.7;184.2,616.6,257.6,618.1,258.2,650.2,181.7,648.2;1;0;https://commons.wikimedia.org/wiki/File%3AMoscow%2C_Mosgorsvet_GAZ-Sobol_emergency_crew_truck%2C_Sept_2025_04.jpg;CC0;day
images/real/real_47e7a519e4.jpg;P759HH799;type1;913.5,656.6,169.3,43.8;913.5,666.7,1082.8,656.6,1082.2,696.2,913.7,700.3;1;0;https://commons.wikimedia.org/wiki/File%3AMoscow%2C_Mosgorsvet_GAZ-Sobol_emergency_crew_truck%2C_Sept_2025_05.jpg;CC0;day
images/real/real_ecc769f61b.jpg;E649YP199;type1;817.5,720.5,122.4,34.6;819.3,720.5,939.9,724.2,938.7,755.1,817.5,749.8;1;0;https://commons.wikimedia.org/wiki/File%3AMoscow%2C_Mosvdokanal_Hyundai_Mighty_%282nd_gen%29_truck%2C_Sept_2025_02.jpg;CC0;day
images/real/real_a9989150d3.jpg;A231YP799;type1;167.2,834.5,84.6,29.2;170.7,834.5,251.8,837.1,250.7,863.7,167.2,860.0;1;0;https://commons.wikimedia.org/wiki/File%3AMoscow%2C_Nakhimovsky_Prospect%2C_Volkswagen_Crafter_private_school_bus%2C_Apr_2026_01.jpg;CC0;day
images/real/real_77b4a6bfd8.jpg;A231YP799;type1;1241.8,894.7,107.9,29.8;1245.1,894.7,1349.1,895.2,1349.7,924.4,1241.8,923.5;1;0;https://commons.wikimedia.org/wiki/File%3AMoscow%2C_Nakhimovsky_Prospect%2C_Volkswagen_Crafter_private_school_bus%2C_Apr_2026_02.jpg;CC0;day,glare
images/real/real_77b4a6bfd8.jpg;M030ME777;type1;15.3,695.3,43.8,9.8;15.4,695.8,58.6,695.3,59.1,704.2,15.3,705.1;1;0;https://commons.wikimedia.org/wiki/File%3AMoscow%2C_Nakhimovsky_Prospect%2C_Volkswagen_Crafter_private_school_bus%2C_Apr_2026_02.jpg;CC0;day,glare,motion_blur
images/real/real_71fe40c6d7.jpg;T540CA777;type1;1075.8,901.4,116.8,28.5;1077.8,906.0,1192.5,901.4,1190.4,929.6,1075.8,929.9;1;0;https://commons.wikimedia.org/wiki/File%3AMoscow%2C_Paveletskaya_Square%2C_MTCC_Hyundai_Mighty_cherrypicker%2C_Apr_2026_02.jpg;CC0;day
images/real/real_4605b176fb.jpg;T540CA777;type1;1387.7,843.4,93.2,29.9;1388.7,845.9,1478.5,843.4,1480.9,870.5,1387.7,873.3;1;0;https://commons.wikimedia.org/wiki/File%3AMoscow%2C_Paveletskaya_Square%2C_MTCC_Hyundai_Mighty_cherrypicker%2C_Apr_2026_08.jpg;CC0;day
images/real/real_fa0a023fdf.jpg;T540CA777;type1;1398.8,833.2,90.3,27.4;1401.8,835.4,1488.9,833.2,1489.1,860.2,1398.8,860.6;1;0;https://commons.wikimedia.org/wiki/File%3AMoscow%2C_Paveletskaya_Square%2C_MTCC_Hyundai_Mighty_cherrypicker%2C_Apr_2026_09.jpg;CC0;angle,day
images/real/real_5c0ee4fa77.jpg;O630AB977;type1;178.5,576.7,128.0,51.9;184.4,576.7,306.5,587.2,303.9,628.7,178.5,615.2;1;0;https://commons.wikimedia.org/wiki/File%3AMoscow%2C_Renault_Logan_II_Stepway_silver%2C_Oct_2025_02.jpg;CC0;day
images/real/real_4667fbe88f.jpg;A701YK799;type1;118.8,785.1,105.1,34.2;122.3,785.1,223.7,785.2,223.9,819.3,118.8,818.7;1;0;https://commons.wikimedia.org/wiki/File%3AMoscow%2C_Renault_Master_III_%282019%29_yellow%2C_Sept_2025_01.jpg;CC0;day,glare
images/real/real_4667fbe88f.jpg;E195EH550;type1;1471.0,876.0,128.0,44.3;1475.2,876.0,1599.0,878.9,1599.0,920.3,1471.0,914.2;1;0;https://commons.wikimedia.org/wiki/File%3AMoscow%2C_Renault_Master_III_%282019%29_yellow%2C_Sept_2025_01.jpg;CC0;day,glare
images/real/real_c63b2027dc.jpg;T307TM33;type1;1274.5,632.2,169.8,64.8;1274.5,652.9,1443.2,632.2,1444.3,682.0,1276.3,697.1;1;0;https://commons.wikimedia.org/wiki/File%3AMoscow%2C_Sadovnichesky_lane%2C_blue_Chery_Tiggo4%2C_May_2025_01.jpg;CC0;day,glare
images/real/real_e1dfebd96c.jpg;O160AH977;type1a;1383.2,194.8,111.4,69.9;1385.0,198.2,1494.7,194.8,1493.7,264.8,1383.2,264.0;1;0;https://commons.wikimedia.org/wiki/File%3AMoscow%2C_Sevastopolsky_Prospect%2C_rental_Skoda_Rapid%2C_May_2025_03.jpg;CC0;day
images/real/real_e1dfebd96c.jpg;B922KC797;type1;668.2,816.4,352.8,89.8;668.2,816.4,1021.0,817.6,1019.3,906.2,671.8,903.2;1;0;https://commons.wikimedia.org/wiki/File%3AMoscow%2C_Sevastopolsky_Prospect%2C_rental_Skoda_Rapid%2C_May_2025_03.jpg;CC0;day
images/real/real_5dbec22eac.jpg;T844BC977;type1;149.0,466.6,182.3,53.7;154.4,466.6,331.3,472.5,328.7,520.3,149.0,510.9;1;0;https://commons.wikimedia.org/wiki/File%3AMoscow%2C_Shchipok_Street%2C_Geely_Tugella_May_2025_02.jpg;CC0;day,dirt
images/real/real_ca70dfb47b.jpg;T234MM797;type1;1246.8,700.8,164.2,50.5;1246.8,711.6,1408.4,700.8,1411.0,743.9,1248.3,751.3;1;0;https://commons.wikimedia.org/wiki/File%3AMoscow%2C_Shchipok_Street%2C_rental_Chery_Tiggo4_May_2025_03.jpg;CC0;day
images/real/real_68dfde73a6.jpg;Y636KH797;type1;1283.5,485.8,102.0,36.5;1285.3,486.5,1385.3,485.8,1385.5,522.3,1283.5,521.9;1;0;https://commons.wikimedia.org/wiki/File%3AMoscow%2C_Skoda_Kodiaq_I_Citydrive%2C_Sept_2025_01.jpg;CC0;day
images/real/real_5a7b94cc51.jpg;H798YB799;type1;267.0,618.8,150.0,42.7;272.3,618.8,417.0,621.7,416.2,661.4,267.0,654.8;1;0;https://commons.wikimedia.org/wiki/File%3AMoscow%2C_Skoda_Kodiaq_black%2C_Sept_2025_01.jpg;CC0;day
images/real/real_9af7fbd661.jpg;O168KP797;type1;1232.7,493.8,175.2,51.5;1233.4,503.8,1406.9,493.8,1407.9,540.1,1232.7,545.3;1;0;https://commons.wikimedia.org/wiki/File%3AMoscow%2C_Skoda_Rapid_Delimobil%2C_Sept_2025_01.jpg;CC0;day
images/real/real_36f0d09f64.jpg;Y292AX550;type1;1235.7,558.9,89.4,42.1;1235.7,567.1,1321.8,558.9,1325.1,592.2,1236.0,601.0;1;0;https://commons.wikimedia.org/wiki/File%3AMoscow%2C_Skoda_Rapid_taxi%2C_July_2025_01.jpg;CC0;day
images/real/real_95c64268c3.jpg;A871XB797;type1;69.0,678.1,65.5,58.0;72.2,678.1,134.5,683.4,130.0,736.1,69.0,726.7;1;0;https://commons.wikimedia.org/wiki/File%3AMoscow%2C_Solaris_HC_%28Hyundai_Creta%29_Belkacar%2C_May_2026_02.jpg;CC0;day,glare
images/real/real_7876d2b940.jpg;O385KY977;type1;199.4,606.0,123.7,29.5;204.1,606.0,323.2,607.0,322.9,635.5,199.4,634.0;1;0;https://commons.wikimedia.org/wiki/File%3AMoscow%2C_Solaris_HC_%28Hyundai_Creta%29%2C_June_2025_01.jpg;CC0;angle,day
images/real/real_33cc50136d.jpg;O385KY977;type1;138.2,678.8,138.2,52.7;142.0,678.8,276.3,690.5,273.1,731.5,138.2,716.2;1;0;https://commons.wikimedia.org/wiki/File%3AMoscow%2C_Solaris_HC_%28Hyundai_Creta%29%2C_June_2025_02.jpg;CC0;day
images/real/real_5b5015b919.jpg;O385KY977;type1;1339.7,557.1,82.2,52.8;1339.7,566.5,1419.6,557.1,1421.9,600.2,1341.2,609.9;1;0;https://commons.wikimedia.org/wiki/File%3AMoscow%2C_Solaris_HC_%28Hyundai_Creta%29%2C_June_2025_03.jpg;CC0;day
images/real/real_bdbe00f255.jpg;O385KY977;type1;1245.8,529.8,160.2,44.5;1246.9,535.8,1405.9,529.8,1405.0,570.4,1245.8,574.3;1;0;https://commons.wikimedia.org/wiki/File%3AMoscow%2C_Solaris_HC_%28Hyundai_Creta%29%2C_June_2025_04.jpg;CC0;day
images/real/real_0620592545.jpg;K831AK159;type1;1317.8,836.5,181.4,87.8;1317.8,881.4,1489.2,836.5,1499.2,880.1,1324.7,924.3;1;0;https://commons.wikimedia.org/wiki/File%3AMoscow%2C_Tagaz_Vortex_Estina_%28Chery_A5%29_decrepit_Sept_2026_05.jpg;CC0;day,glare
images/real/real_3ecaa12065.jpg;K831AK159;type1;153.4,499.5,126.2,88.3;165.1,499.5,279.6,532.2,270.2,587.8,153.4,546.1;1;0;https://commons.wikimedia.org/wiki/File%3AMoscow%2C_Tagaz_Vortex_Estina_%28Chery_A5%29_decrepit_Sept_2026_07.jpg;CC0;angle,day
images/real/real_a2b65394e7.jpg;Y045PY799;type1;1462.2,653.6,129.8,39.1;1467.4,653.6,1591.9,656.4,1589.9,692.7,1462.2,685.7;1;0;https://commons.wikimedia.org/wiki/File%3AMoscow%2C_UAZ-452_rusty%2C_Apr_2026_02.jpg;CC0;day
images/real/real_a2b65394e7.jpg;T514CB77;type1;268.4,711.4,158.7,43.8;270.1,711.4,427.1,712.0,425.3,755.2,268.4,751.2;1;0;https://commons.wikimedia.org/wiki/File%3AMoscow%2C_UAZ-452_rusty%2C_Apr_2026_02.jpg;CC0;day,glare
images/real/real_7fb160ead3.jpg;T543KA777;type1;76.9,770.5,116.3,38.8;81.2,770.5,193.2,775.7,189.3,809.2,76.9,801.0;1;0;https://commons.wikimedia.org/wiki/File%3AMoscow%2C_UAZ_Patriot_meets_Li_Mega%2C_Aug_2025_01.jpg;CC0;day
images/real/real_7fb160ead3.jpg;A168KT977;type1;903.2,540.8,97.9,26.4;903.2,540.8,999.6,542.2,1001.1,567.2,904.3,565.4;1;0;https://commons.wikimedia.org/wiki/File%3AMoscow%2C_UAZ_Patriot_meets_Li_Mega%2C_Aug_2025_01.jpg;CC0;day
images/real/real_7fb160ead3.jpg;A891EO977;type1;1414.6,479.2,91.1,22.7;1417.4,479.2,1505.7,480.8,1504.6,501.9,1414.6,498.6;1;0;https://commons.wikimedia.org/wiki/File%3AMoscow%2C_UAZ_Patriot_meets_Li_Mega%2C_Aug_2025_01.jpg;CC0;day
images/real/real_6c1b5639fc.jpg;B707EK977;type1;1038.1,572.1,156.2,43.7;1041.7,578.7,1192.5,572.1,1194.3,611.9,1038.1,615.8;1;0;https://commons.wikimedia.org/wiki/File%3AMoscow%2C_Vishnyakovsky_Lane%2C_Geely_Atlas_May_2025_03.jpg;CC0;angle,day
images/real/real_deb023c6a0.jpg;H776OM197;type1;199.5,823.1,71.8,25.5;202.8,823.1,270.7,825.2,271.3,848.6,199.5,846.6;1;0;https://commons.wikimedia.org/wiki/File%3AMoscow%2C_Volkswagen_Crafter%2C_Mosgaz_livery%2C_Mar_2026_02.jpg;CC0;day
images/real/real_c34fd25dab.jpg;Y692HM799;type1;1150.3,754.6,139.6,36.9;1153.8,760.0,1289.0,754.6,1289.9,788.9,1150.3,791.5;1;0;https://commons.wikimedia.org/wiki/File%3AMoscow%2C_Volkswagen_Crafter%2C_UEC_livery_Oct_2025_01.jpg;CC0;angle,day
images/real/real_11239a3395.jpg;X550MT799;type1;112.3,721.5,78.0,28.5;114.7,721.6,189.5,721.5,190.3,750.0,112.3,749.9;1;0;https://commons.wikimedia.org/wiki/File%3AMoscow%2C_Volkswagen_Crafter_in_United_Energy_Company_livery%2C_May_2026_02.jpg;CC0;day
images/real/real_23e1dc4101.jpg;X626TO90;type1;371.7,770.8,118.1,30.8;374.8,772.8,489.8,770.8,488.6,801.6,371.7,799.1;1;0;https://commons.wikimedia.org/wiki/File%3AMoscow%2C_Volkswagen_Crafter_truck_beige%2C_May_2026_01.jpg;CC0;day
images/real/real_ea57bfac4f.jpg;O495BK977;type1;952.5,608.7,151.2,44.7;952.5,618.9,1101.1,608.7,1103.7,645.2,953.2,653.4;1;0;https://commons.wikimedia.org/wiki/File%3AMoscow%2C_Volkswagen_ID.3%2C_Aug_2025_01.jpg;CC0;day
images/real/real_ea57bfac4f.jpg;X849KX05;type1;86.8,381.1,103.5,28.9;87.7,386.5,189.0,381.1,190.3,405.5,86.8,410.0;1;0;https://commons.wikimedia.org/wiki/File%3AMoscow%2C_Volkswagen_ID.3%2C_Aug_2025_01.jpg;CC0;day
images/real/real_d341d30e95.jpg;B167HE777;type1;276.9,702.3,111.3,31.6;279.7,704.4,388.2,702.3,387.2,733.9,276.9,732.0;1;0;https://commons.wikimedia.org/wiki/File%3AMoscow%2C_Volkswagen_T6_crew_truck_in_MOEK_livery%2C_Sept_2025_01.jpg;CC0;day
images/real/real_ccac81f5c2.jpg;A543HM799;type1;123.5,537.6,106.7,47.9;125.2,537.6,230.2,541.1,227.8,585.5,123.5,577.8;1;0;https://commons.wikimedia.org/wiki/File%3AMoscow%2C_Volkswagen_Tiguan_white%2C_Aug_2025_01.jpg;CC0;day
images/real/real_a731466ab0.jpg;B319MB797;type1;1401.1,466.5,90.0,50.1;1401.3,473.8,1488.1,466.5,1491.1,510.0,1401.1,516.6;1;0;https://commons.wikimedia.org/wiki/File%3AMoscow%2C_Yandex.Drive_Geely_Atlas_Pro%2C_Aug_2025_01.jpg;CC0;day
images/real/real_5c37eda56c.jpg;B712TA777;type1;292.6,799.2,136.8,39.1;298.2,799.2,429.4,805.3,427.1,838.2,292.6,831.8;1;0;https://commons.wikimedia.org/wiki/File%3AMoscow%2C_Zatsepsky_Val%2C_Hyundai_HD78_cherrypicker%2C_Feb_2026_04.jpg;CC0;day
images/real/real_608a48e9f3.jpg;C834TY750;type1;270.6,654.9,173.7,42.3;272.2,658.6,444.1,654.9,444.2,695.2,270.6,697.2;1;0;https://commons.wikimedia.org/wiki/File%3AMoscow%2C_black_UAZ_Patriot%2C_April_2025_02.jpg;CC0;day
images/real/real_60ab20a52c.jpg;X002YA150;type1;1392.2,565.5,118.6,34.2;1394.0,570.3,1510.8,565.5,1510.5,597.1,1392.2,599.7;1;0;https://commons.wikimedia.org/wiki/File%3AMoscow_car_meet_2025-07-12_Mercedes_row_01.jpg;CC0;day
images/real/real_60ab20a52c.jpg;H002MY197;type1;515.7,592.4,134.1,36.7;518.2,594.8,648.4,592.4,649.8,626.7,515.7,629.1;1;0;https://commons.wikimedia.org/wiki/File%3AMoscow_car_meet_2025-07-12_Mercedes_row_01.jpg;CC0;day
images/real/real_809d1d38d7.jpg;X009OO77;type1;488.4,604.4,100.2,55.6;497.4,604.4,588.6,621.6,584.8,660.0,488.4,642.0;1;0;https://commons.wikimedia.org/wiki/File%3AMoscow_car_meet_2025-07-12_Mercedes_row_03.jpg;CC0;day
images/real/real_b28f18e523.jpg;H002MY197;type1;164.8,755.2,130.8,64.0;172.2,755.2,295.7,772.2,293.1,819.2,164.8,799.2;1;0;https://commons.wikimedia.org/wiki/File%3AMoscow_car_meet_2025-07-12_Mercedes_row_10.jpg;CC0;day
images/real/real_fd8ed18c93.jpg;K222KA150;type1;1253.4,750.8,164.4,52.6;1253.4,763.7,1413.2,750.8,1417.8,794.1,1253.9,803.3;1;0;https://commons.wikimedia.org/wiki/File%3AMoscow_car_show_2025-08-03_BMW_street_tour_01.jpg;CC0;day
images/real/real_88e79360b8.jpg;H013AO777;type1;1189.7,707.9,104.7,38.9;1194.2,711.4,1294.2,707.9,1294.3,746.5,1189.7,746.8;1;0;https://commons.wikimedia.org/wiki/File%3AMoscow_car_show_2025-08-03_GAZ-13-Chayka_1959_02.jpg;CC0;angle,day,glare
images/real/real_dd91aee6de.jpg;H013AO777;type1;928.3,590.6,178.2,42.9;930.1,596.2,1106.5,590.6,1104.7,633.5,928.3,633.4;1;0;https://commons.wikimedia.org/wiki/File%3AMoscow_car_show_2025-08-03_GAZ-13-Chayka_1959_08.jpg;CC0;day
images/real/real_0a21315656.jpg;M021OA750;type1;1316.8,757.2,106.1,41.2;1316.8,760.0,1422.9,757.2,1421.7,798.3,1317.9,798.3;1;0;https://commons.wikimedia.org/wiki/File%3AMoscow_car_show_2025-08-03_GAZ-21_black_04.jpg;CC0;day
images/real/real_e63512939f.jpg;M021OA750;type1a;1099.7,478.6,141.9,94.2;1109.4,478.6,1241.6,497.0,1236.6,572.8,1099.7,549.0;1;0;https://commons.wikimedia.org/wiki/File%3AMoscow_car_show_2025-08-03_GAZ-21_black_05.jpg;CC0;day
images/real/real_bfd7881714.jpg;Y094HB177;type1;1359.4,715.0,72.2,55.6;1359.4,732.9,1429.4,715.0,1431.7,756.7,1359.8,770.6;1;0;https://commons.wikimedia.org/wiki/File%3AMoscow_car_show_2025-08-03_GAZ-21_row_01.jpg;CC0;angle,day
images/real/real_9492ca934a.jpg;Y094HB177;type1;404.2,870.8,80.2,72.9;404.2,899.3,480.4,870.8,484.4,920.6,408.2,943.8;1;0;https://commons.wikimedia.org/wiki/File%3AMoscow_car_show_2025-08-03_GAZ-21_row_02.jpg;CC0;angle,day
images/real/real_9683b68c9a.jpg;M004HB177;type1;788.2,916.9,269.8,148.1;788.2,934.2,1058.1,916.9,1054.5,1065.0,788.8,1065.0;1;0;https://commons.wikimedia.org/wiki/File%3AMoscow_car_show_2025-08-03_GAZ-21_row_04.jpg;CC0;day
images/real/real_45893263b7.jpg;5519MKM;other;1130.8,817.7,207.3,67.2;1130.8,831.2,1334.7,817.7,1338.1,875.0,1133.2,884.9;1;0;https://commons.wikimedia.org/wiki/File%3AMoscow_car_show_2025-08-03_GAZ-24-police_01.jpg;CC0;day
images/real/real_b3fb959168.jpg;O859HC777;type1;1316.3,732.2,130.3,73.4;1316.3,758.1,1438.5,732.2,1446.7,780.3,1324.1,805.6;1;0;https://commons.wikimedia.org/wiki/File%3AMoscow_car_show_2025-08-03_GAZ-3111_1998_01.jpg;CC0;day
images/real/real_9caccd29fe.jpg;H284AY799;type1;241.1,696.7,148.0,77.9;252.0,696.7,389.1,723.7,384.7,774.7,241.1,743.7;1;0;https://commons.wikimedia.org/wiki/File%3AMoscow_car_show_2025-08-03_Lada-2112-Coupe_2008_01.jpg;CC0;day
images/real/real_da13281d23.jpg;K#C9655;other;149.1,692.8,157.1,82.5;155.0,692.8,306.2,721.7,300.2,775.3,149.1,742.8;1;0;https://commons.wikimedia.org/wiki/File%3AMoscow_car_show_2025-08-03_Lada-Niva-T3_1993_02.jpg;CC0;day,glare
images/real/real_8abf972a5b.jpg;X968HP790;type1;166.6,681.2,174.6,68.3;173.6,681.2,341.2,699.4,334.9,749.5,166.6,725.2;1;0;https://commons.wikimedia.org/wiki/File%3AMoscow_car_show_2025-08-03_Lada-Tarzan_01.jpg;CC0;day
images/real/real_1c463cac53.jpg;T012BK797;type1;1331.8,772.8,148.2,78.8;1331.8,803.9,1472.0,772.8,1480.1,822.8,1340.7,851.5;1;0;https://commons.wikimedia.org/wiki/File%3AMoscow_car_show_2025-08-03_ZIM_%28GAZ-12%29_01.jpg;CC0;day,glare
images/real/real_9d2bf55273.jpg;O444YH77;type1;66.3,406.9,127.8,49.0;69.8,406.9,194.2,417.7,190.2,455.9,66.3,442.2;1;0;https://commons.wikimedia.org/wiki/File%3AMoscow_car_show_2026-07-31_BMW_Gonka_Shop_customs_04.jpg;CC0;day
images/real/real_ee49dcaaf9.jpg;Y149AA799;type1;1032.0,671.9,182.4,51.2;1032.0,684.5,1212.0,671.9,1214.4,714.9,1032.0,723.1;1;0;https://commons.wikimedia.org/wiki/File%3AMoscow_car_show_2026-07-31_Navio_Kia_Ceed_SW_02.jpg;CC0;day
images/real/real_9260c55e17.jpg;Y149AA799;type1;1022.2,644.9,196.3,57.0;1022.2,659.5,1216.6,644.9,1218.6,691.8,1022.9,701.9;1;0;https://commons.wikimedia.org/wiki/File%3AMoscow_car_show_2026-07-31_Navio_Kia_Ceed_SW_03.jpg;CC0;day
images/real/real_7148082000.jpg;M325OK790;type1;1259.0,563.3,107.4,48.7;1260.2,568.1,1366.4,563.3,1364.4,612.0,1259.0,610.9;1;0;https://commons.wikimedia.org/wiki/File%3AMoscow_car_show_2026-08-01_2016_Volkswagen_Jetta_II_brightgreen_06.jpg;CC0;day
images/real/real_0127e7b958.jpg;H972EY199;type1;288.6,466.4,123.8,31.8;289.5,466.4,412.3,468.2,411.3,498.2,288.6,494.7;1;0;https://commons.wikimedia.org/wiki/File%3AMoscow_car_show_2026-08-01_GAZ_lowriders%2C_black_01.jpg;CC0;day
images/real/real_0127e7b958.jpg;C356AP99;type1;792.7,743.5,290.8,66.9;794.2,754.8,1083.5,743.5,1074.7,807.8,792.7,810.4;1;0;https://commons.wikimedia.org/wiki/File%3AMoscow_car_show_2026-08-01_GAZ_lowriders%2C_black_01.jpg;CC0;angle,day
images/real/real_de6b78ff5e.jpg;P241KE123;type1;269.4,418.9,115.8,29.4;270.2,421.8,385.2,418.9,384.3,446.9,269.4,448.3;1;0;https://commons.wikimedia.org/wiki/File%3AMoscow_car_show_2026-08-01_GAZ_lowriders%2C_blue_09.jpg;CC0;day
images/real/real_de6b78ff5e.jpg;H972EY199;type1;710.6,897.8,275.8,58.3;713.2,904.7,986.4,897.8,977.5,956.1,710.6,950.8;1;0;https://commons.wikimedia.org/wiki/File%3AMoscow_car_show_2026-08-01_GAZ_lowriders%2C_blue_09.jpg;CC0;angle,day
images/real/real_e1d3aa208e.jpg;H972EY199;type1;1294.5,765.2,122.5,67.3;1294.5,799.1,1412.2,765.2,1417.0,801.7,1301.8,832.6;1;0;https://commons.wikimedia.org/wiki/File%3AMoscow_car_show_2026-08-01_GAZ_lowriders%2C_blue_10.jpg;CC0;angle,day
images/real/real_573e935ba4.jpg;O539AY977;type1;1255.5,679.0,119.7,66.9;1255.5,710.2,1369.1,679.0,1375.2,714.1,1263.0,745.9;1;0;https://commons.wikimedia.org/wiki/File%3AMoscow_car_show_2026-08-01_GAZ_lowriders%2C_grey_02.jpg;CC0;day
images/real/real_39aec907e9.jpg;O539AY977;type1a;252.9,637.2,99.0,82.9;258.2,637.2,351.9,644.7,350.1,720.1,252.9,707.6;1;0;https://commons.wikimedia.org/wiki/File%3AMoscow_car_show_2026-08-01_GAZ_lowriders%2C_grey_04.jpg;CC0;day
images/real/real_85cf3a1246.jpg;H995PK99;type1;176.4,615.9,166.5,69.8;185.5,615.9,342.9,637.7,337.3,685.8,176.4,660.1;1;0;https://commons.wikimedia.org/wiki/File%3AMoscow_car_show_2026-08-01_GAZ_lowriders%2C_red_08.jpg;CC0;day
images/real/real_17f8cf223b.jpg;X181KE977;type1;176.8,711.2,116.8,54.3;185.0,711.2,293.5,724.8,291.7,765.5,176.8,750.4;1;0;https://commons.wikimedia.org/wiki/File%3AMoscow_car_show_2026-08-01_Hyundai_Santa_Fe_white_01.jpg;CC0;day,glare
images/real/real_802d1eb118.jpg;X774TM77;type1;54.3,576.7,89.1,29.8;56.0,578.5,143.4,576.7,143.2,605.9,54.3,606.5;1;0;https://commons.wikimedia.org/wiki/File%3AMoscow%2C_film_crew_in_Kadashi_-_yellow_Mercedes-Benz_T1%2C_Aug_2025_02.jpg;CC0;day,glare
images/real/real_d3e60c78c9.jpg;M336TO799;type1;93.2,655.7,74.8,58.8;99.8,655.7,168.0,669.3,160.3,714.5,93.2,696.6;1;0;https://commons.wikimedia.org/wiki/File%3AMoscow%2C_%C5%A0koda_Kodiaq_%281st_gen%29_Aug_2025_04.jpg;CC0;day
images/real/real_241f96bb05.jpg;T237999;other;286.2,773.8,189.7,63.2;287.9,773.8,475.9,782.6,470.5,836.9,286.2,819.2;1;0;https://commons.wikimedia.org/wiki/File%3AMoscow%2C_%C5%A0koda_Octavia_III_Facelift_police%2C_Aug_2025_03.jpg;CC0;day
images/real/real_2386fcb71f.jpg;T237999;other;476.8,590.3,145.5,42.0;482.2,590.3,622.3,596.1,618.7,632.3,476.8,623.2;1;0;https://commons.wikimedia.org/wiki/File%3AMoscow%2C_%C5%A0koda_Octavia_III_Facelift_police%2C_Aug_2025_04.jpg;CC0;day
images/real/real_0ab8ed563d.jpg;B122MK797;type1;1035.1,446.2,202.3,64.2;1035.1,460.2,1235.5,446.2,1237.4,500.2,1036.6,510.4;1;0;https://commons.wikimedia.org/wiki/File%3AMoscow%2C_red_rental_Geely_Coolray_April_2025_01.jpg;CC0;day,glare
images/real/real_a8728d4b96.jpg;B122MK797;type1;1294.6,459.6,155.4,80.9;1294.6,485.1,1444.3,459.6,1450.0,516.6,1298.9,540.5;1;0;https://commons.wikimedia.org/wiki/File%3AMoscow%2C_red_rental_Geely_Coolray_April_2025_03.jpg;CC0;day,glare
images/real/real_de3a1b1c9d.jpg;T209MO797;type1;183.5,699.2,98.4,47.8;189.2,699.2,281.9,706.0,279.2,746.9,183.5,736.4;1;0;https://commons.wikimedia.org/wiki/File%3AMoscow%2C_rental_Belkacar_Haval_Jolion%2C_June_2025_03.jpg;CC0;day
images/real/real_6ffa97dd08.jpg;M996OH797;type1;1334.6,817.8,121.9,49.2;1334.6,829.6,1452.8,817.8,1456.5,855.2,1337.2,867.1;1;0;https://commons.wikimedia.org/wiki/File%3AMoscow%2C_rental_Chery_Tiggo_7pro%2C_July_2025_02.jpg;CC0;day,dirt
images/real/real_b67ddb5116.jpg;C591PB797;type1;58.1,645.3,98.8,54.4;64.2,645.3,156.8,654.9,154.2,699.8,58.1,686.1;1;0;https://commons.wikimedia.org/wiki/File%3AMoscow%2C_rental_Citydrive_Chery_Arrizo_8%2C_July_2025_03.jpg;CC0;day,glare
images/real/real_b04dc16259.jpg;C247MT777;type1;240.0,677.7,126.5,37.4;245.2,677.7,366.5,681.5,364.3,715.1,240.0,708.2;1;0;https://commons.wikimedia.org/wiki/File%3AMoscow%2C_rusty_Mercedes_Sprinter_ambulance%2C_July_2025_03.jpg;CC0;day
images/real/real_52076bf122.jpg;M346PP799;type1;285.7,658.6,190.6,53.0;288.4,667.3,476.2,658.6,472.7,710.2,285.7,711.6;1;0;https://commons.wikimedia.org/wiki/File%3AMoscow%2C_rusty_dusty_GAZ-24_with_Pikachu%2C_Mar_2026_02.jpg;CC0;day
images/real/real_1e4728e6fe.jpg;37887MH;other;329.8,871.8,132.7,44.3;335.8,871.8,462.4,883.3,457.6,916.2,329.8,902.4;1;0;https://commons.wikimedia.org/wiki/File%3AVolkswagen_Derby_Moscow_2022_2.jpg;CC BY-SA 4.0;day
images/real/real_b3f4e02de7.jpg;37887MH;other;449.3,651.7,113.3,53.1;449.3,669.1,558.3,651.7,562.7,688.9,450.7,704.8;1;0;https://commons.wikimedia.org/wiki/File%3AVolkswagen_Derby_Moscow_2022_3.jpg;CC BY-SA 4.0;day
images/real/real_bff703f1f6.jpg;C303599;other;470.8,1001.4,214.8,56.5;470.8,1003.4,685.6,1001.4,682.1,1057.9,472.6,1052.4;1;0;https://commons.wikimedia.org/wiki/File%3AVolkswagen_T6_in_police_service_in_Moscow.jpg;CC BY-SA 3.0;day
images/real/real_96f0cf4ae2.jpg;X007HM177;type1;1071.2,943.3,44.2,12.8;1071.5,945.6,1114.7,943.3,1115.3,953.9,1071.2,956.1;1;0;https://commons.wikimedia.org/wiki/File%3A2026-05-16_Moscow_motorcycle_parade%2C_arrival_04.jpg;CC0;day,motion_blur
images/real/real_29ac01ac12.jpg;A522599;other;620.0,658.9,63.2,16.9;620.0,661.7,681.2,658.9,683.2,671.7,620.5,675.8;1;0;https://commons.wikimedia.org/wiki/File%3A2026-05-16_Moscow_motorcycle_parade%2C_arrival_08.jpg;CC0;day,dirt
images/real/real_346b240447.jpg;A522599;other;736.4,718.8,86.3,25.9;737.2,722.2,820.2,718.8,822.8,740.2,736.4,744.7;1;0;https://commons.wikimedia.org/wiki/File%3A2026-05-16_Moscow_motorcycle_parade%2C_arrival_09.jpg;CC0;day
images/real/real_2ddf71e152.jpg;A182799;other;712.6,816.9,220.0,58.7;712.6,824.8,932.6,816.9,932.3,872.9,714.2,875.6;1;0;https://commons.wikimedia.org/wiki/File%3A2026-05-16_Moscow_motorcycle_parade%2C_escort_08.jpg;CC0;day
images/real/real_b3250ff79b.jpg;O690PK797;type1;1478.4,513.4,54.6,15.6;1480.6,513.4,1533.0,515.2,1532.0,529.0,1478.4,526.1;1;0;https://commons.wikimedia.org/wiki/File%3A2026-05-16_Moscow_motorcycle_parade%2C_group_26.jpg;CC0;day
images/real/real_030a0a6d52.jpg;H124KE797;type1;1456.8,507.6,64.6,15.6;1457.7,507.6,1520.2,511.0,1521.3,523.2,1456.8,522.7;1;0;https://commons.wikimedia.org/wiki/File%3A2026-05-16_Moscow_motorcycle_parade%2C_group_45.jpg;CC0;angle,day
images/real/real_72827e96ab.jpg;H124KE797;type1;1278.5,729.5,49.4,11.5;1278.9,729.5,1327.9,730.3,1327.8,741.0,1278.5,739.6;1;0;https://commons.wikimedia.org/wiki/File%3A2026-05-16_Moscow_motorcycle_parade%2C_group_46.jpg;CC0;day
images/real/real_4692417095.jpg;M333EK199;type1;907.1,87.7,69.6,16.3;909.0,88.5,976.7,87.7,975.2,104.0,907.1,103.2;1;0;https://commons.wikimedia.org/wiki/File%3A2026-05-16_Moscow_motorcycle_parade%2C_group_48.jpg;CC0;angle,day
images/real/real_0752974fa8.jpg;K866YP777;type1;380.8,800.7,180.3,43.7;381.3,800.7,561.1,805.7,559.2,844.3,380.8,837.6;1;0;https://commons.wikimedia.org/wiki/File%3A2026-05-16_Moscow_motorcycle_parade%2C_roadblocks_Ford_01.jpg;CC0;day
images/real/real_b2d531a3c8.jpg;O222XT199;type1;166.0,763.5,193.1,46.1;166.9,763.7,359.1,763.5,356.0,809.6,166.0,803.8;1;0;https://commons.wikimedia.org/wiki/File%3AAuto_Mazda_MX-5_%28ND%29_Moscow_Nizhny_Susalny_Lane_%D0%9E222%D0%A5%D0%A2199_2026-07_217.JPG;CC BY 4.0;day
images/real/real_73ef67242b.jpg;O387OP77;type1;312.7,741.4,178.9,44.0;314.8,741.4,491.6,743.1,488.6,785.4,312.7,779.3;1;0;https://commons.wikimedia.org/wiki/File%3AAuto_Nissan_Caravan_Lyublino_District_Kubanskaya_Street%2C_Moscow_%D0%9E387%D0%9E%D0%A077_2024-11_1730730664.jpg;CC BY 4.0;day
images/real/real_a00e24b364.jpg;X266MH177;type1;973.1,764.5,144.2,49.9;973.1,782.2,1113.4,764.5,1117.2,799.9,973.7,814.4;1;0;https://commons.wikimedia.org/wiki/File%3AAuto_Nissan_Silvia_Moscow_Chechulina_street_%D0%A5266%D0%9C%D0%9D177_2025-09_163.jpg;CC BY 4.0;day
images/real/real_a00e24b364.jpg;M440AX797;type1;1475.9,714.8,87.9,50.8;1475.9,732.3,1559.2,714.8,1563.8,747.7,1478.8,765.7;1;0;https://commons.wikimedia.org/wiki/File%3AAuto_Nissan_Silvia_Moscow_Chechulina_street_%D0%A5266%D0%9C%D0%9D177_2025-09_163.jpg;CC BY 4.0;day,glare
images/real/real_99b89b2678.jpg;E008TB177;type1;1134.4,730.8,191.8,129.7;1134.4,813.5,1310.3,730.8,1326.2,773.8,1155.9,860.5;1;0;https://commons.wikimedia.org/wiki/File%3AChevrolet_SSR_in_Moscow_2.jpg;CC BY 4.0;day
images/real/real_ade83af5b5.jpg;A742YA777;type1;1021.6,741.8,112.2,33.2;1024.4,741.8,1133.8,747.8,1132.1,775.1,1021.6,768.8;1;0;https://commons.wikimedia.org/wiki/File%3AFord_Fiesta_Mk_1_Moscow_2022_2.jpg;CC BY-SA 4.0;day,dirt
images/real/real_32ab4016f8.jpg;M966PE77;type1;1178.6,718.2,89.8,47.5;1179.9,724.0,1266.3,718.2,1268.4,761.2,1178.6,765.7;1;0;https://commons.wikimedia.org/wiki/File%3AFord_Fiesta_Mk_1_Moscow_2022_3.jpg;CC BY-SA 4.0;day
images/real/real_669d641f1e.jpg;H550CT199;type1;1297.3,712.7,75.8,14.4;1297.6,713.0,1373.2,712.7,1372.3,727.1,1297.3,726.7;1;0;https://commons.wikimedia.org/wiki/File%3AFord_Fiesta_Mk_1_Moscow_2022.jpg;CC BY-SA 4.0;day
images/real/real_b0316b8be4.jpg;B881HA797;type1;658.5,701.3,114.0,35.2;661.7,701.3,772.2,703.2,772.5,736.5,658.5,735.3;1;0;https://commons.wikimedia.org/wiki/File%3AHonda_e_on_Moscow_city_streets.jpg;CC BY-SA 4.0;day
images/real/real_ac0ea2d19d.jpg;B860OT750;type1;342.8,673.5,74.5,27.9;345.9,673.5,417.3,678.6,416.7,701.4,342.8,697.1;1;0;https://commons.wikimedia.org/wiki/File%3AKhlobystova_Street_8_k2%2C_Moscow_bus_%D0%A1652%D0%9D%D0%9577_2025-03_1742669928_Khlobystova_Street_8_k2%2C_Moscow_Nissan_Homy.jpg;CC BY 4.0;day
images/real/real_f87e7b1488.jpg;P505BP977;type1;417.7,647.3,208.4,54.4;421.0,650.2,626.1,647.3,621.2,701.7,417.7,697.8;1;0;https://commons.wikimedia.org/wiki/File%3AMoscow_-_2026_-_GAC_jeep%2C_Altufyevskoye_Highway.jpg;CC BY 4.0;day
images/real/real_a1931e2263.jpg;B203XT797;type1;394.0,672.2,61.8,27.8;396.2,674.5,454.7,672.2,455.8,699.7,394.0,700.0;1;0;https://commons.wikimedia.org/wiki/File%3AMoscow_-_2026_-_Taxi_at_Bolshaya_Lubyanka_Street.jpg;CC BY 4.0;day,dirt
images/real/real_f981098907.jpg;B203XT797;type1;186.4,570.5,81.0,33.3;188.2,573.4,265.4,570.5,267.4,601.0,186.4,603.8;1;0;https://commons.wikimedia.org/wiki/File%3AMoscow_-_March_2026_-_Yellow_taxi_near_FSB_building.jpg;CC BY 4.0;day
images/real/real_d8a3b02ac2.jpg;H491YT790;type1;279.8,218.1,54.6,15.2;279.8,218.1,333.8,219.2,334.3,233.2,279.8,231.8;1;0;https://commons.wikimedia.org/wiki/File%3AMoscow_2025-08-10_bicycle_race%2C_riders-trailers_04.jpg;CC0;day
images/real/real_2e8698c927.jpg;X695BM977;type1;283.4,632.3,235.6,52.0;286.1,636.1,519.0,632.3,516.3,681.4,283.4,684.3;1;0;https://commons.wikimedia.org/wiki/File%3AMoscow%2C_3rd_Pavlovsky_Lane%2C_Lexus_RX%2C_2024-06-15.jpg;CC0;day,glare
images/real/real_2e8698c927.jpg;X555TX42;type1;1203.5,456.2,98.6,21.7;1205.1,458.8,1302.1,456.2,1299.3,477.5,1203.5,477.8;1;0;https://commons.wikimedia.org/wiki/File%3AMoscow%2C_3rd_Pavlovsky_Lane%2C_Lexus_RX%2C_2024-06-15.jpg;CC0;angle,day,dirt,glare
images/real/real_23f2e31f80.jpg;T444YX777;type1;1161.8,555.5,76.8,33.3;1162.0,560.8,1237.4,555.5,1238.6,583.7,1161.8,588.8;1;0;https://commons.wikimedia.org/wiki/File%3AMoscow%2C_Arbat_Street%2C_Ford_Transit_van%2C_June_2026_02.jpg;CC0;day
images/real/real_b44b29270f.jpg;T444YX777;type1;1434.8,689.9,82.3,45.9;1434.8,700.8,1514.8,689.9,1517.2,724.8,1436.8,735.8;1;0;https://commons.wikimedia.org/wiki/File%3AMoscow%2C_Arbat_Street%2C_Ford_Transit_van%2C_June_2026_04.jpg;CC0;day
images/real/real_2531c60976.jpg;A707XB90;type1;1336.8,718.8,115.3,29.5;1336.8,718.8,1449.6,720.7,1452.1,748.2,1337.2,747.1;1;0;https://commons.wikimedia.org/wiki/File%3AMoscow%2C_Bakhrushina_23%2C_unknown_van%2C_Lexus_RX%2C_2023-06-17.jpg;CC0;day,dirt
images/real/real_a60344be74.jpg;E646CC797;type1;154.9,467.4,91.6,50.8;161.9,467.4,246.5,477.1,244.5,518.2,154.9,508.2;1;0;https://commons.wikimedia.org/wiki/File%3AMoscow%2C_Beijing_X7_taxi%2C_Aug_2026_01.jpg;CC0;day,glare
images/real/real_76b2779d5e.jpg;C336CP797;type1;202.2,712.6,114.3,38.8;204.7,712.6,316.5,713.0,315.4,751.4,202.2,749.3;1;0;https://commons.wikimedia.org/wiki/File%3AMoscow%2C_Beijing_X7_taxi%2C_Mar_2026_10.jpg;CC0;day,glare
images/real/real_a2546ac89c.jpg;TH024654;other;1137.7,878.2,155.8,54.1;1139.0,891.5,1293.0,878.2,1293.5,923.1,1137.7,932.3;1;0;https://commons.wikimedia.org/wiki/File%3AMoscow%2C_Can-Am_Maverick_XRS_ATV_on_trailer%2C_May_2026_01.jpg;CC0;day,glare
images/real/real_6c6f79a3e4.jpg;T900PC199;type1;227.5,692.4,109.5,42.7;232.4,692.4,337.0,700.0,334.8,735.1,227.5,724.0;1;0;https://commons.wikimedia.org/wiki/File%3AMoscow%2C_Chevrolet_van_black%2C_June_2026_01.jpg;CC0;day
images/real/real_25b69a28c5.jpg;ET5379;other;362.8,213.3,95.1,37.7;362.8,222.3,456.4,213.3,457.9,241.5,365.1,251.0;1;0;https://commons.wikimedia.org/wiki/File%3AMoscow%2C_Daihatsu_Taft_%28LA900%29_July_2025_01.jpg;CC0;day
images/real/real_3b11fb0949.jpg;X702YX797;type1;1128.0,552.8,183.3,61.2;1128.0,567.8,1308.6,552.8,1311.3,602.1,1130.2,614.0;1;0;https://commons.wikimedia.org/wiki/File%3AMoscow%2C_Exeed_VX_taxi%2C_June_2026_02.jpg;CC0;day
images/real/real_1f8e6853e8.jpg;Y353OH797;type1;1216.9,601.9,59.2,15.8;1217.1,602.5,1275.0,601.9,1276.2,617.7,1216.9,617.8;1;0;https://commons.wikimedia.org/wiki/File%3AMoscow%2C_Ford%2C_Citroen%2C_VW_vans%2C_May_2026_03.jpg;CC0;day
images/real/real_d3ab98c38e.jpg;Y353OH797;type1;708.4,652.8,99.8,30.7;710.9,652.8,808.2,654.8,807.7,683.4,708.4,678.9;1;0;https://commons.wikimedia.org/wiki/File%3AMoscow%2C_Ford%2C_Citroen_vans%2C_May_2026_01.jpg;CC0;day,glare
images/real/real_d3ab98c38e.jpg;P097TH750;type1;68.6,639.2,59.4,21.9;71.3,639.2,127.9,640.4,128.0,661.2,68.6,659.7;1;0;https://commons.wikimedia.org/wiki/File%3AMoscow%2C_Ford%2C_Citroen_vans%2C_May_2026_01.jpg;CC0;day
images/real/real_aa2cf5ef9f.jpg;Y353OH797;type1;869.2,612.3,57.5,16.8;869.2,614.2,925.6,612.3,926.7,627.7,869.5,629.2;1;0;https://commons.wikimedia.org/wiki/File%3AMoscow%2C_Ford%2C_Citroen_vans%2C_May_2026_02.jpg;CC0;day,glare
images/real/real_e2166cedf3.jpg;T330KK799;type1;87.2,780.1,81.5,29.9;90.4,780.1,168.7,781.7,168.5,810.0,87.2,809.2;1;0;https://commons.wikimedia.org/wiki/File%3AMoscow%2C_Ford_%28Sollers%29_Transit_chilled_food_truck_in_X5_livery%2C_Aug_2025_01.jpg;CC0;day
images/real/real_3a3c1db744.jpg;T330KK799;type1;126.8,801.3,56.4,32.8;129.9,801.3,183.2,803.0,179.5,834.1,126.8,831.1;1;0;https://commons.wikimedia.org/wiki/File%3AMoscow%2C_Ford_%28Sollers%29_Transit_chilled_food_truck_in_X5_livery%2C_Aug_2025_02.jpg;CC0;day
images/real/real_d9bed73767.jpg;T330KK799;type1;1199.6,769.8,75.9,33.6;1201.9,773.5,1273.7,769.8,1275.5,798.2,1199.6,803.4;1;0;https://commons.wikimedia.org/wiki/File%3AMoscow%2C_Ford_%28Sollers%29_Transit_chilled_food_truck_in_X5_livery%2C_Aug_2025_03.jpg;CC0;angle,day
images/real/real_89eac47dc1.jpg;A014KC977;type1;693.9,782.9,162.3,43.1;696.2,789.7,856.2,782.9,854.7,822.0,693.9,826.0;1;0;https://commons.wikimedia.org/wiki/File%3AMoscow%2C_Ford_Transit_China%2C_Stredny_Ovchinnikovsky_Lane%2C_May_2026_01.jpg;CC0;day
images/real/real_38b46fec0e.jpg;A014KC977;type1;1267.0,658.6,69.1,92.7;1267.0,697.9,1326.8,658.6,1336.1,704.9,1272.5,751.2;1;0;https://commons.wikimedia.org/wiki/File%3AMoscow%2C_Ford_Transit_China%2C_Stredny_Ovchinnikovsky_Lane%2C_May_2026_02.jpg;CC0;angle,day,dirt
images/real/real_c0e52e81f8.jpg;A545TE799;type1;394.2,830.7,107.3,27.8;397.3,830.7,501.6,831.6,501.2,858.4,394.2,856.2;1;0;https://commons.wikimedia.org/wiki/File%3AMoscow%2C_Ford_Transit%2C_OATI_service_van%2C_Sept_2025_01.jpg;CC0;day
images/real/real_e0a72d3aa6.jpg;K308YP799;type1;203.0,840.7,137.0,41.3;207.3,840.7,340.0,846.7,336.6,882.0,203.0,872.2;1;0;https://commons.wikimedia.org/wiki/File%3AMoscow%2C_Ford_Transit_ambulance%2C_Aug_2025_01.jpg;CC0;day
images/real/real_c5b8de88cb.jpg;Y035EP799;type1;180.7,651.7,64.6,29.6;183.7,651.7,245.2,653.7,245.1,681.3,180.7,678.3;1;0;https://commons.wikimedia.org/wiki/File%3AMoscow%2C_Ford_Transit_ambulance%2C_Sept_2025_01.jpg;CC0;day
images/real/real_4871b9ac55.jpg;T124XT777;type1;1048.4,790.2,137.6,33.3;1049.8,795.0,1186.0,790.2,1185.0,822.2,1048.4,823.6;1;0;https://commons.wikimedia.org/wiki/File%3AMoscow%2C_Ford_Transit_ambulances%2C_Aug_2025_01.jpg;CC0;day
images/real/real_c3067efe7e.jpg;T124XT777;type1;169.0,792.2,102.5,40.2;172.8,792.2,271.5,802.0,269.0,832.5,169.0,822.0;1;0;https://commons.wikimedia.org/wiki/File%3AMoscow%2C_Ford_Transit_ambulances%2C_Aug_2025_02.jpg;CC0;day
images/real/real_23b6bd2728.jpg;E030BY977;type1;348.2,797.5,77.5,22.3;349.8,800.3,425.6,797.5,425.8,818.2,348.2,819.8;1;0;https://commons.wikimedia.org/wiki/File%3AMoscow%2C_Ford_Transit_box_truck%2C_Sept_2025_02.jpg;CC0;day
images/real/real_d7c649353f.jpg;C357PT40;type1;1027.8,642.3,155.6,46.8;1030.4,652.9,1182.7,642.3,1183.3,682.5,1027.8,689.1;1;0;https://commons.wikimedia.org/wiki/File%3AMoscow%2C_Ford_Transit_bus_old%2C_May_2026_01.jpg;CC0;angle,day
images/real/real_1ca7b2f63c.jpg;T563CE777;type1;289.8,880.0,169.8,46.6;294.4,880.0,459.6,883.6,457.6,926.6,289.8,921.2;1;0;https://commons.wikimedia.org/wiki/File%3AMoscow%2C_Ford_Transit_bus_silver%2C_May_2026_01.jpg;CC0;day
images/real/real_033892738c.jpg;M442AB799;type1;1479.2,785.1,89.3,39.2;1479.2,792.6,1567.8,785.1,1568.6,816.5,1479.5,824.3;1;0;https://commons.wikimedia.org/wiki/File%3AMoscow%2C_Ford_Transit_emercom%2C_Sept_2025_01.jpg;CC0;day
images/real/real_0a61540da9.jpg;T400YO799;type1;1199.6,744.6,85.8,34.2;1200.4,748.0,1285.4,744.6,1285.0,778.1,1199.6,778.8;1;0;https://commons.wikimedia.org/wiki/File%3AMoscow%2C_Ford_Transit_for_disabled%2C_June_2026_01.jpg;CC0;day
images/real/real_12a34ef542.jpg;C833KP797;type1;148.8,735.2,100.2,29.6;152.0,735.2,249.0,736.7,248.9,764.8,148.8,762.8;1;0;https://commons.wikimedia.org/wiki/File%3AMoscow%2C_Ford_Transit_in_Ozon_livery%2C_Sept_2025_01.jpg;CC0;day
images/real/real_60053b4702.jpg;X619BO797;type1;419.1,963.8,169.8,39.2;423.0,969.3,587.6,963.8,588.8,1002.4,419.1,1003.1;1;0;https://commons.wikimedia.org/wiki/File%3AMoscow%2C_Ford_Transit_in_Ozon_livery%2C_Sept_2025_03.jpg;CC0;angle,day
images/real/real_e7873009e5.jpg;Y316MC977;type1;128.9,651.0,113.5,53.8;133.3,651.0,242.4,659.1,238.2,704.8,128.9,692.5;1;0;https://commons.wikimedia.org/wiki/File%3AMoscow%2C_Ford_Transit_in_Vseinstrumenti_livery%2C_Mar_2026_01.jpg;CC0;day,glare
images/real/real_f9180819f3.jpg;C825EH797;type1;1055.1,767.4,160.0,40.5;1056.5,767.4,1215.1,767.8,1210.1,807.9,1055.1,801.5;1;0;https://commons.wikimedia.org/wiki/File%3AMoscow%2C_Ford_Transit_in_Yandex_Market_livery%2C_July_2025_02.jpg;CC0;day
images/real/real_9dd7b6018e.jpg;P617HO797;type1;327.8,719.0,88.4,31.8;331.9,719.0,416.2,721.2,414.3,750.8,327.8,745.9;1;0;https://commons.wikimedia.org/wiki/File%3AMoscow%2C_Ford_Transit_panel_van%2C_Mar_2026_01.jpg;CC0;day,glare
images/real/real_9dd7b6018e.jpg;MT70877;type1b;34.8,700.8,66.8,15.4;35.8,700.8,101.3,701.2,101.6,715.8,34.8,716.2;1;0;https://commons.wikimedia.org/wiki/File%3AMoscow%2C_Ford_Transit_panel_van%2C_Mar_2026_01.jpg;CC0;day
images/real/real_f18a955469.jpg;K000499;other;1265.2,723.6,79.9,28.9;1266.9,725.8,1345.1,723.6,1344.7,752.0,1265.2,752.5;1;0;https://commons.wikimedia.org/wiki/File%3AMoscow%2C_Ford_Transit_police%2C_Sept_2025_01.jpg;CC0;day
images/real/real_f18a955469.jpg;K621TO799;type1;232.9,626.9,50.1,13.3;234.2,628.3,283.0,626.9,282.2,638.4,232.9,640.2;1;0;https://commons.wikimedia.org/wiki/File%3AMoscow%2C_Ford_Transit_police%2C_Sept_2025_01.jpg;CC0;angle,day
images/real/real_e759578728.jpg;H523EM977;type1;1227.1,901.3,152.8,36.5;1231.5,902.8,1379.9,901.3,1379.2,937.8,1227.1,936.3;1;0;https://commons.wikimedia.org/wiki/File%3AMoscow%2C_Ford_Transit_refrigerator_van%2C_Mar_2026_01.jpg;CC0;angle,day
images/real/real_540f1d43f6.jpg;A916CK799;type1;1410.6,647.1,62.8,25.0;1411.8,651.1,1471.8,647.1,1473.4,668.2,1410.6,672.1;1;0;https://commons.wikimedia.org/wiki/File%3AMoscow%2C_Ford_Transit_van%2C_Oct_2025_02.jpg;CC0;day
images/real/real_40ba3f5dda.jpg;B463TY777;type1;218.9,757.8,133.4,39.9;219.1,763.0,350.1,757.8,352.3,794.3,218.9,797.7;1;0;https://commons.wikimedia.org/wiki/File%3AMoscow%2C_Ford_Transit_van_short%2C_Sept_2025_01.jpg;CC0;day
images/real/real_ffeb710e28.jpg;M344KX799;type1;1048.3,846.9,138.8,34.7;1051.8,851.2,1187.2,846.9,1186.1,881.2,1048.3,881.6;1;0;https://commons.wikimedia.org/wiki/File%3AMoscow%2C_Ford_Transit_van_white%2C_July_2026_01.jpg;CC0;angle,day
images/real/real_06c8ac4346.jpg;B684OE799;type1;191.8,599.7,186.7,53.4;196.9,599.7,378.6,604.4,377.7,653.1,191.8,646.2;1;0;https://commons.wikimedia.org/wiki/File%3AMoscow%2C_Ford_Transit_van_yellow%2C_Sept_2025_01.jpg;CC0;day
images/real/real_fc05f0b328.jpg;E033ME197;type1;1414.7,520.2,55.2,30.2;1417.7,522.0,1469.5,520.2,1469.9,550.3,1414.7,550.5;1;0;https://commons.wikimedia.org/wiki/File%3AMoscow%2C_GAC_GS8_white%2C_motorcycle%2C_Sept_2025_01.jpg;CC0;day
images/real/real_3de9286334.jpg;EO029577;other;424.6,867.6,130.1,29.9;426.2,870.2,554.7,867.6,551.0,897.5,424.6,895.8;1;0;https://commons.wikimedia.org/wiki/File%3AMoscow%2C_GW_Poer_in_MTCC_green_with_information_screen_trailer%2C_May_2026_02.jpg;CC0;angle,day
images/real/real_548acdd807.jpg;BM95699;type1b;33.8,546.2,96.2,38.4;33.8,551.7,127.1,546.2,130.0,576.5,35.1,584.7;1;0;https://commons.wikimedia.org/wiki/File%3AMoscow%2C_Honda_Freed_%282nd_generation%29_pale-blue%2C_Sept_2025_01.jpg;CC0;day
images/real/real_f9eead946c.jpg;X562TP799;type1;1409.6,196.2,189.4,47.2;1410.5,204.8,1599.0,196.2,1599.0,239.5,1409.6,243.3;1;0;https://commons.wikimedia.org/wiki/File%3AMoscow%2C_Honda_VFR1200F_Sept_2025_03.jpg;CC0;day,glare
images/real/real_06137d7c51.jpg;C091KC550;type1;1234.4,656.8,154.6,62.2;1234.4,683.7,1387.8,656.8,1389.0,699.2,1237.1,719.0;1;0;https://commons.wikimedia.org/wiki/File%3AMoscow%2C_Hongqi_H5_taxi_white%2C_Mar_2026_01.jpg;CC0;angle,day
images/real/real_5acf6d621f.jpg;BB38835;other;417.7,784.9,85.4,20.4;420.8,785.8,503.2,784.9,502.7,805.3,417.7,805.0;1;0;https://commons.wikimedia.org/wiki/File%3AMoscow%2C_JAC_K7_tractor-trailer%2C_May_2026_01.jpg;CC0;angle,day
images/real/real_fb18f13496.jpg;K626BO977;type1;126.7,754.8,42.8,10.3;127.5,756.0,169.4,754.8,169.2,763.4,126.7,765.2;1;0;https://commons.wikimedia.org/wiki/File%3AMoscow%2C_JAC_K7_tractor-trailer%2C_May_2026_02.jpg;CC0;day
images/real/real_1076c23a23.jpg;A161HE797;type1;185.8,559.8,88.4,43.4;188.5,559.8,273.8,562.9,274.2,603.2,185.8,599.0;1;0;https://commons.wikimedia.org/wiki/File%3AMoscow%2C_Jaecoo_J7_taxi%2C_Aug_2025_01.jpg;CC0;day
images/real/real_3076c7159a.jpg;Y458KM62;type1;367.1,645.0,50.9,29.5;368.5,645.0,418.0,648.1,417.5,674.5,367.1,668.2;1;0;https://commons.wikimedia.org/wiki/File%3AMoscow%2C_Kia_K5_taxi%2C_Apr_2026_01.jpg;CC0;day,glare
images/real/real_30a66fdd0d.jpg;Y608TT69;type1;1325.1,708.8,75.3,40.5;1325.8,716.8,1400.4,708.8,1400.2,742.1,1325.1,749.2;1;0;https://commons.wikimedia.org/wiki/File%3AMoscow%2C_Kia_Rio_taxi_white%2C_Feb_2026_01.jpg;CC0;day
images/real/real_bf42840a6c.jpg;T497KK799;type1;296.0,743.3,184.8,42.1;300.7,745.2,480.8,743.3,479.1,785.4,296.0,783.3;1;0;https://commons.wikimedia.org/wiki/File%3AMoscow%2C_Kosmodamianskaya_Embankment%2C_Great_Wall_orange%2C_Jan_2026_01.jpg;CC0;day
images/real/real_ce2397fb33.jpg;KK085850;other;518.0,950.5,79.4,18.5;519.8,953.0,597.4,950.5,595.1,969.0,518.0,968.8;1;0;https://commons.wikimedia.org/wiki/File%3AMoscow%2C_Krestyanskaya_Square%2C_Sany_and_Shacman_trucks_with_Specpricep_trailers%2C_June_2026_12.jpg;CC0;angle,day
images/real/real_ce2397fb33.jpg;EC651450;other;1208.9,939.9,52.7,12.7;1209.0,940.2,1260.3,939.9,1261.6,951.5,1208.9,952.6;1;0;https://commons.wikimedia.org/wiki/File%3AMoscow%2C_Krestyanskaya_Square%2C_Sany_and_Shacman_trucks_with_Specpricep_trailers%2C_June_2026_12.jpg;CC0;day
images/real/real_66417c85c3.jpg;T820PT797;type1;563.2,1220.7,35.0,9.1;564.2,1222.8,598.2,1220.7,598.1,1227.6,563.2,1229.8;1;0;https://commons.wikimedia.org/wiki/File%3AMoscow%2C_Krestyanskaya_Square%2C_Sany_and_Shacman_trucks_with_Specpricep_trailers%2C_June_2026_11.jpg;CC0;angle,day,dirt
images/real/real_c7356b3cbd.jpg;KK085850;other;495.0,890.8,128.3,37.4;495.2,897.0,621.0,890.8,623.3,922.3,495.0,928.2;1;0;https://commons.wikimedia.org/wiki/File%3AMoscow%2C_Krestyanskaya_Square%2C_Sany_and_Shacman_trucks_with_Specpricep_trailers%2C_June_2026_03.jpg;CC0;day
images/real/real_590fc180fa.jpg;A851EK550;type1;211.2,740.4,69.8,18.4;211.2,744.2,280.2,740.4,281.1,755.6,212.4,758.8;1;0;https://commons.wikimedia.org/wiki/File%3AMoscow%2C_Krestyanskaya_Square%2C_Sany_truck_with_Specpricep_trailer%2C_June_2026_01.jpg;CC0;day
images/real/real_6959da7291.jpg;EC651450;other;469.4,922.8,137.4,31.8;471.3,925.2,606.8,922.8,605.9,954.7,469.4,954.4;1;0;https://commons.wikimedia.org/wiki/File%3AMoscow%2C_Krestyanskaya_Square%2C_Sany_truck_with_Specpricep_trailer%2C_June_2026_03.jpg;CC0;day
images/real/real_0060de4f79.jpg;X707PX799;type1;214.8,546.2,58.0,15.4;215.0,549.2,271.8,546.2,272.7,559.1,214.8,561.6;1;0;https://commons.wikimedia.org/wiki/File%3AMoscow%2C_Krzhizhanovskogo_23%2C_MAZ-Prostor_with_Specpricep_9942L4_trailer%2C_Apr_2026_01.jpg;CC0;day
images/real/real_dc290e4929.jpg;EO116777;other;671.2,759.5,135.2,33.7;676.1,759.5,806.4,761.7,805.3,793.2,671.2,788.5;1;0;https://commons.wikimedia.org/wiki/File%3AMoscow%2C_Krzhizhanovskogo_23%2C_MAZ-Prostor_with_Specpricep_9942L4_trailer%2C_Apr_2026_15.jpg;CC0;angle,day
images/real/real_a4541980a4.jpg;O395OH40;type1;595.7,705.3,50.2,14.4;596.3,707.2,644.8,705.3,645.8,717.2,595.7,719.8;1;0;https://commons.wikimedia.org/wiki/File%3AMoscow%2C_Leninsky_Prospect_34-1%2C_red_trailer%2C_June_2025_01.jpg;CC0;day
images/real/real_a4541980a4.jpg;AK764240;other;1176.2,755.3,56.5,18.9;1176.4,757.2,1232.7,755.3,1232.5,772.6,1176.2,774.2;1;0;https://commons.wikimedia.org/wiki/File%3AMoscow%2C_Leninsky_Prospect_34-1%2C_red_trailer%2C_June_2025_01.jpg;CC0;day
images/real/real_850754343f.jpg;T864EY977;type1;1218.9,399.5,52.1,13.2;1219.1,400.5,1270.3,399.5,1271.0,411.8,1218.9,412.7;1;0;https://commons.wikimedia.org/wiki/File%3AMoscow%2C_Lexus_RX_black%2C_May_2026_01.jpg;CC0;day,glare,motion_blur
images/real/real_b06cc0e11d.jpg;P068KA977;type1;1416.6,672.0,43.0,42.3;1418.2,677.3,1459.6,672.0,1457.7,712.8,1416.6,714.3;1;0;https://commons.wikimedia.org/wiki/File%3AMoscow%2C_Nissan_NV200_Vanette_in_Yandex.Delivery_livery%2C_Aug_2025_01.jpg;CC0;angle,day
images/real/real_32be638715.jpg;B090KK799;type1;421.4,784.2,216.0,54.0;424.1,785.3,637.4,784.2,634.4,838.2,421.4,834.8;1;0;https://commons.wikimedia.org/wiki/File%3AMoscow%2C_Paveletskaya_Square%2C_Ford_Transit_ambulance%2C_Mar_2025_01.jpg;CC0;day
images/real/real_63446b1bdf.jpg;Y101OA790;type1;1306.8,746.5,71.1,22.2;1306.9,751.3,1377.8,746.5,1377.7,765.6,1306.8,768.8;1;0;https://commons.wikimedia.org/wiki/File%3AMoscow%2C_Renault_truck_with_trailer%2C_Apr_2026_01.jpg;CC0;day
images/real/real_1ca2e8521e.jpg;EO028077;other;1073.7,820.0,97.9,29.8;1074.6,827.5,1171.6,820.0,1167.8,845.4,1073.7,849.8;1;0;https://commons.wikimedia.org/wiki/File%3AMoscow%2C_Rogozhsky_Val_9-2%2C_traffic_info_screen_on_trailer%2C_Apr_2026_05.jpg;CC0;angle,day,glare
images/real/real_b86e32ad3b.jpg;X698BH790;type1;1003.7,697.8,127.4,30.1;1005.4,699.2,1131.1,697.8,1130.8,727.8,1003.7,727.9;1;0;https://commons.wikimedia.org/wiki/File%3AMoscow%2C_Rogozsky_Val_Street%2C_Nizhegorodetz-222708_%28Ford_Transit_FBD%29%2C_Sept_2025_01.jpg;CC0;day,glare
images/real/real_321020c79d.jpg;M708AH799;type1;835.7,903.5,211.5,51.7;842.9,903.6,1047.2,903.5,1043.5,955.2,835.7,952.8;1;0;https://commons.wikimedia.org/wiki/File%3AMoscow%2C_Russian_Post_Ford_Transit%2C_July_2025_01.jpg;CC0;angle,day
images/real/real_ea022b5258.jpg;M206AP799;type1;942.8,1196.4,150.3,36.1;946.7,1202.2,1092.5,1196.4,1093.1,1230.8,942.8,1232.5;1;0;https://commons.wikimedia.org/wiki/File%3AMoscow%2C_Sadovnicheskaya_Street%2C_Ford_Transit_wine_truck_2022-05-03.jpg;CC0;angle,day
images/real/real_65837ecbab.jpg;T709HH77;type1;3.7,658.3,101.9,32.5;4.2,668.1,104.7,658.3,105.6,684.1,3.7,690.8;1;0;https://commons.wikimedia.org/wiki/File%3AMoscow%2C_Subaru_Forester_silver%2C_June_2026_01.jpg;CC0;day,glare
images/real/real_1a4aaeedf4.jpg;A256BK790;type1;334.9,871.3,117.6,30.8;335.2,871.3,452.4,871.7,452.5,902.1,334.9,901.1;1;0;https://commons.wikimedia.org/wiki/File%3AMoscow%2C_Taganka%2C_Ford_Transit_ambulance%2C_FMBA_yellow%2C_Sept_2025_01.jpg;CC0;day
images/real/real_49b78d03b2.jpg;Y410BT790;type1;1322.9,885.0,121.1,44.8;1323.2,898.4,1441.8,885.0,1444.0,919.7,1322.9,929.8;1;0;https://commons.wikimedia.org/wiki/File%3AMoscow%2C_Taganka%2C_Nizhegorodetz-222708_%28Ford_Transit_FBD%29%2C_Sept_2025_01.jpg;CC0;day
images/real/real_d8c7a10fd7.jpg;A743ET977;type1;226.8,558.2,43.4,10.8;226.8,558.2,270.2,559.8,270.0,569.1,227.0,568.1;1;0;https://commons.wikimedia.org/wiki/File%3AMoscow%2C_Taganskaya_Square%2C_Ford_Transit_ambulance%2C_Apr_2026_01.jpg;CC0;day,glare
images/real/real_7f55662d46.jpg;B255KM799;type1;97.2,123.5,147.5,71.9;97.2,150.9,240.7,123.5,244.8,168.5,100.6,195.4;1;0;https://commons.wikimedia.org/wiki/File%3AMoscow%2C_Voge_300RR_motorcycle%2C_Sept_2025_02.jpg;CC0;day
images/real/real_ed20fe0309.jpg;T924EM977;type1;592.8,212.1,46.2,14.7;594.8,212.1,638.9,212.1,638.2,226.8,592.8,225.7;1;0;https://commons.wikimedia.org/wiki/File%3AMoscow%2C_Zongshen_Cyclone_motorcycle%2C_May_2026_02.jpg;CC0;angle,day,glare
images/real/real_2c71222d64.jpg;P259KB790;type1;825.0,831.9,48.0,15.9;825.0,836.8,871.3,831.9,873.0,842.8,825.1,847.8;1;0;https://commons.wikimedia.org/wiki/File%3AMoscow_bus_1774004_2024-09_1727174080_Sergiya_Radonezhskogo_Street_Nizhegorodets-222708_Ford_Transit_FBD.jpg;CC BY 4.0;day
images/real/real_59442afd34.jpg;P259KB790;type1;1098.2,754.7,52.2,19.8;1098.2,757.6,1150.4,754.7,1150.5,772.1,1098.3,774.4;1;0;https://commons.wikimedia.org/wiki/File%3AMoscow_bus_1774004_2024-09_1727174097_Sergiya_Radonezhskogo_Street_Nizhegorodets-222708_Ford_Transit_FBD.jpg;CC BY 4.0;day,dirt
images/real/real_d7b3927381.jpg;CE87477;type1b;642.5,815.2,43.5,10.0;643.5,815.5,685.9,815.2,686.0,823.6,642.5,825.2;1;0;https://commons.wikimedia.org/wiki/File%3AMoscow_bus_1787225_2025-03_1741530333_Yunykh_Lenintsev_street_Ford_Transit_%282013%29_buses.jpg;CC BY 4.0;day
images/real/real_092c0d0164.jpg;B134YA190;type1;555.2,710.2,321.8,74.6;555.2,710.2,876.9,722.4,871.2,784.8,559.7,780.0;1;0;https://commons.wikimedia.org/wiki/File%3AMoscow_car_meet_2025-07-12_Cadillac_Eldorado_05.jpg;CC0;day
images/real/real_4369a03c85.jpg;B134YA190;type1;614.9,816.1,377.8,90.9;614.9,832.5,990.3,816.1,992.8,895.6,615.6,907.0;1;0;https://commons.wikimedia.org/wiki/File%3AMoscow_car_meet_2025-07-12_Cadillac_Eldorado_06.jpg;CC0;day
images/real/real_9bf4699549.jpg;7990TD;other;285.2,585.2,278.1,80.7;286.9,585.2,563.3,590.1,550.8,665.8,285.2,653.2;1;0;https://commons.wikimedia.org/wiki/File%3AMoscow_car_show_2026-07-31_1962_Ford_Anglia_Harry_Potty_02.jpg;CC0;angle,day
images/real/real_954b77bcbb.jpg;P170XO39;type1a;341.8,677.1,133.3,84.4;346.8,677.9,475.1,677.1,474.7,761.5,341.8,755.2;1;0;https://commons.wikimedia.org/wiki/File%3AMoscow_car_show_2026-07-31_2006_Chevrolet_SSR_02.jpg;CC0;day
images/real/real_47525b83c5.jpg;E587HH797;type1a;1163.4,562.1,115.7,58.8;1163.4,564.6,1275.6,562.1,1279.1,616.4,1167.4,620.9;1;0;https://commons.wikimedia.org/wiki/File%3AMoscow_car_show_2026-08-01_Chevrolet_Caprice_Classic_02.jpg;CC0;day,glare
images/real/real_ff9c414f29.jpg;P590PP79;type1;507.7,42.0,65.1,16.3;507.7,42.0,572.8,42.4,572.6,58.3,508.1,58.2;1;0;https://commons.wikimedia.org/wiki/File%3AMoscow_car_show_2026-08-01_Honda_CB400_SS_01.jpg;CC0;day,glare
images/real/real_ba89c9f371.jpg;B977KA790;type1;1480.1,138.7,58.3,14.8;1480.1,138.7,1538.4,138.7,1538.4,153.4,1480.1,153.4;1;0;https://commons.wikimedia.org/wiki/File%3AMoscow_car_show_2026-08-01_Honda_CB400_SS_05.jpg;CC0;day
images/real/real_3e30c94023.jpg;P950BK77;type1;1230.9,207.8,123.9,27.3;1234.6,210.7,1354.5,207.8,1354.8,233.9,1230.9,235.2;1;0;https://commons.wikimedia.org/wiki/File%3AMoscow_car_show_2026-08-01_Honda_Goldwing_white_06.jpg;CC0;angle,day
images/real/real_95dcb11365.jpg;M158BA197;type1;221.2,813.1,270.3,106.2;232.9,813.1,491.6,851.9,479.6,919.3,221.2,875.1;1;0;https://commons.wikimedia.org/wiki/File%3ANissan_Vanette_Moscow_%D0%A3158%D0%92%D0%90197_2021-10.jpg;CC0;day
images/real/real_0b70e9a8dc.jpg;T188599;other;144.0,646.3,36.5,27.3;146.2,650.3,180.5,646.3,180.3,670.6,144.0,673.7;1;0;https://commons.wikimedia.org/wiki/File%3A2025-09-21_Moscow_marathon%2C_police_and_safety_02.jpg;CC0;angle,day,dirt
images/real/real_87ad35b1df.jpg;K662PB797;type1;1164.7,773.9,40.5,11.6;1165.0,776.7,1204.9,773.9,1205.2,783.7,1164.7,785.5;1;0;https://commons.wikimedia.org/wiki/File%3A2025-09-21_Moscow_marathon%2C_police_and_safety_12.jpg;CC0;day
images/real/real_87ad35b1df.jpg;A325699;other;299.1,817.4,49.0,13.0;299.4,818.1,347.0,817.4,348.1,829.8,299.1,830.4;1;0;https://commons.wikimedia.org/wiki/File%3A2025-09-21_Moscow_marathon%2C_police_and_safety_12.jpg;CC0;day
images/real/real_1c58b21d91.jpg;O059099;other;911.3,536.4,162.5,37.8;911.6,541.5,1073.1,536.4,1073.8,570.8,911.3,574.2;1;0;https://commons.wikimedia.org/wiki/File%3A2025-09-21_Moscow_marathon%2C_police_and_safety_14.jpg;CC0;day,glare
images/real/real_17b46b93cf.jpg;MA0599;other;1160.0,611.9,111.1,99.3;1160.0,664.2,1266.0,611.9,1271.1,660.3,1169.4,711.2;1;0;https://commons.wikimedia.org/wiki/File%3A20250318_Museum_of_Special_Purpose_Garage_09.jpg;CC BY 4.0;angle,day
images/real/real_100da57206.jpg;6792;other;322.2,646.2,101.0,88.1;331.4,646.2,421.7,672.9,423.2,734.3,322.2,705.5;1;0;https://commons.wikimedia.org/wiki/File%3A20250318_Museum_of_Special_Purpose_Garage_12.jpg;CC BY 4.0;angle,day,dirt
images/real/real_9afde86bfb.jpg;4316MM#;other;329.7,608.2,145.3,91.1;340.2,608.2,474.9,657.9,469.5,699.3,329.7,647.9;1;0;https://commons.wikimedia.org/wiki/File%3A20250318_Museum_of_Special_Purpose_Garage_29.jpg;CC BY 4.0;angle,day
images/real/real_7cda589c1d.jpg;6848MMA;other;1066.2,547.2,151.2,91.7;1066.2,593.9,1209.2,547.2,1217.4,594.2,1078.2,638.8;1;0;https://commons.wikimedia.org/wiki/File%3A20250318_Museum_of_Special_Purpose_Garage_31.jpg;CC BY 4.0;angle,day
images/real/real_8fd6b33056.jpg;6848MMA;other;421.4,607.6,218.2,100.2;431.1,607.6,639.7,651.9,629.8,707.8,421.4,661.7;1;0;https://commons.wikimedia.org/wiki/File%3A20250318_Museum_of_Special_Purpose_Garage_32.jpg;CC BY 4.0;day
images/real/real_7e4ffc4b1f.jpg;3038MOC;other;1068.7,571.5,158.8,80.2;1068.7,617.4,1219.9,571.5,1227.5,606.7,1075.2,651.7;1;0;https://commons.wikimedia.org/wiki/File%3A20250318_Museum_of_Special_Purpose_Garage_34.jpg;CC BY 4.0;day
images/real/real_35b78bf569.jpg;6821MMA;other;1231.0,615.3,100.0,85.9;1231.0,662.8,1323.2,615.3,1331.0,647.8,1241.5,701.2;1;0;https://commons.wikimedia.org/wiki/File%3A20250318_Museum_of_Special_Purpose_Garage_35.jpg;CC BY 4.0;angle,day
images/real/real_7b0e0957f6.jpg;8903MMA;other;280.0,578.8,167.7,122.7;294.0,578.8,447.7,643.8,432.7,701.4,280.0,629.3;1;0;https://commons.wikimedia.org/wiki/File%3A20250318_Museum_of_Special_Purpose_Garage_36.jpg;CC BY 4.0;angle,day,glare
images/real/real_8afee68323.jpg;B542OX177;type1;1349.9,527.5,140.4,98.6;1349.9,579.5,1478.8,527.5,1490.3,569.9,1362.2,626.1;1;0;https://commons.wikimedia.org/wiki/File%3A20250318_Museum_of_Special_Purpose_Garage_40.jpg;CC BY 4.0;angle,day
images/real/real_20c12f41f9.jpg;E599KX177;type1;1125.3,561.2,165.5,84.5;1125.3,606.4,1282.8,561.2,1290.8,603.4,1137.2,645.7;1;0;https://commons.wikimedia.org/wiki/File%3A20250318_Museum_of_Special_Purpose_Garage_44.jpg;CC BY 4.0;day
images/real/real_14d8e8a4c0.jpg;C547MA102;type1;570.8,731.8,508.0,139.0;574.5,731.8,1078.8,756.7,1062.7,870.8,570.8,844.8;1;0;https://commons.wikimedia.org/wiki/File%3A20250621_VDNKh_Transport_Pavilion_%28No_26%29_transport_exhibition_19.jpg;CC BY 4.0;day
images/real/real_749cb07b8d.jpg;C547MA102;type1;1195.1,640.3,136.8,135.6;1195.1,715.8,1311.9,640.3,1331.8,683.7,1214.7,775.9;1;0;https://commons.wikimedia.org/wiki/File%3A20250621_VDNKh_Transport_Pavilion_%28No_26%29_transport_exhibition_20.jpg;CC BY 4.0;angle,day
images/real/real_2a7471dfe5.jpg;M135CC177;type1;231.0,568.3,148.3,58.1;233.6,568.3,379.3,577.1,375.2,626.4,231.0,613.8;1;0;https://commons.wikimedia.org/wiki/File%3A20250731_Youth_residential_complex_in_Zelenograd_territory_10_%2823198%29.jpg;CC BY 4.0;day
images/real/real_dad4d039cd.jpg;K286KC71;type1;419.7,576.4,195.7,101.0;428.4,576.4,615.4,626.3,603.4,677.4,419.7,625.8;1;0;https://commons.wikimedia.org/wiki/File%3A20250819_Youth_residential_complex_in_Zelenograd_04_%2855282%29.jpg;CC BY 4.0;day
images/real/real_d6fe3a17ac.jpg;K286KC71;type1;1090.5,467.3,110.7,76.8;1090.5,504.1,1194.8,467.3,1201.2,507.7,1101.4,544.1;1;0;https://commons.wikimedia.org/wiki/File%3A20250819_Youth_residential_complex_in_Zelenograd_04_%2869190%29.jpg;CC BY 4.0;angle,day
images/real/real_9ea4e07368.jpg;K286KC71;type1;641.3,630.7,307.5,109.6;649.6,630.7,948.8,659.8,942.6,740.2,641.3,711.7;1;0;https://commons.wikimedia.org/wiki/File%3A20250819_Youth_residential_complex_in_Zelenograd_04_%2892526%29.jpg;CC BY 4.0;day
images/real/real_af67f63646.jpg;P658HM797;type1;437.8,504.0,190.4,97.3;447.3,504.0,628.2,547.9,614.1,601.2,437.8,547.7;1;0;https://commons.wikimedia.org/wiki/File%3A20250819_Youth_residential_complex_in_Zelenograd_06_%2826190%29.jpg;CC BY 4.0;day
images/real/real_07ceb5db80.jpg;P658HM797;type1;742.3,524.4,155.9,63.8;749.8,524.4,898.2,545.1,894.3,588.2,742.3,564.9;1;0;https://commons.wikimedia.org/wiki/File%3A20250819_Youth_residential_complex_in_Zelenograd_06_%2872687%29.jpg;CC BY 4.0;day
images/real/real_f01e55d4e7.jpg;C074HB178;type1;329.2,750.4,80.8,30.8;329.2,763.2,408.4,750.4,410.1,766.9,332.0,781.2;1;0;https://commons.wikimedia.org/wiki/File%3A20251213_Museum_%22Automobiles_of_the_World%22_00_%2869490%29.jpg;CC BY 4.0;day
images/real/real_4ada706fea.jpg;95266;other;786.8,433.2,87.3,56.0;792.2,433.2,874.2,439.1,871.5,489.2,786.8,481.8;1;0;https://commons.wikimedia.org/wiki/File%3A20251213_Museum_%22Automobiles_of_the_World%22_06_%2893358%29.jpg;CC BY 4.0;day
images/real/real_1201be83c6.jpg;T085711;other;1216.1,20.6,117.1,28.5;1217.7,28.4,1333.2,20.6,1333.2,44.2,1216.1,49.1;1;0;https://commons.wikimedia.org/wiki/File%3A20251213_Museum_%22Automobiles_of_the_World%22_09_%2828432%29.jpg;CC BY 4.0;angle,day,glare
images/real/real_1201be83c6.jpg;P577045;other;1340.7,45.9,118.2,34.7;1340.7,55.7,1457.6,45.9,1458.8,73.3,1341.6,80.6;1;0;https://commons.wikimedia.org/wiki/File%3A20251213_Museum_%22Automobiles_of_the_World%22_09_%2828432%29.jpg;CC BY 4.0;day
images/real/real_c88d585817.jpg;M291TA199;type1;947.0,734.8,232.1,89.7;947.0,769.1,1171.0,734.8,1179.1,788.5,951.6,824.5;1;0;https://commons.wikimedia.org/wiki/File%3A20251224_Volga_automobile.jpg;CC BY 4.0;day,dirt
images/real/real_cf4a2026ca.jpg;O707099;other;977.0,899.3,123.6,39.6;982.5,899.3,1100.6,907.0,1098.9,938.9,977.0,928.8;1;0;https://commons.wikimedia.org/wiki/File%3A2026-02-19_%D0%9E%D1%82%D0%BA%D1%80%D1%8B%D1%82%D0%B8%D0%B5_%D0%B7%D0%B4%D0%B0%D0%BD%D0%B8%D0%B5_%D0%BF%D0%BE%D0%BB%D0%B8%D1%86%D0%B8%D0%B8_%D0%9B%D0%BE%D1%81%D0%B8%D0%BD%D0%BE%D0%BE%D1%81%D1%82%D1%80%D0%BE%D0%B2%D1%81%D0%BA%D0%BE%D0%B3%D0%BE_%D1%80%D0%B0%D0%B9%D0%BE%D0%BD%D0%B0_04.jpg;CC BY 4.0;day
images/real/real_5b63a842cd.jpg;K3619MH;other;1006.2,645.2,217.8,106.8;1006.2,703.2,1215.9,645.2,1224.0,698.1,1018.2,752.1;1;0;https://commons.wikimedia.org/wiki/File%3A20260515_Nik_Panuli_automobile_museum_019.jpg;CC BY 4.0;day
images/real/real_3bc907c6c1.jpg;K3619MH;other;366.2,565.6,158.6,124.1;375.3,565.6,524.8,611.3,518.3,689.7,366.2,635.7;1;0;https://commons.wikimedia.org/wiki/File%3A20260515_Nik_Panuli_automobile_museum_027.jpg;CC BY 4.0;angle,day
images/real/real_1d3fa9bd5c.jpg;DSX055;other;1271.0,517.7,73.1,80.2;1271.0,521.7,1344.0,517.7,1344.1,592.3,1273.8,597.8;1;0;https://commons.wikimedia.org/wiki/File%3A20260515_Nik_Panuli_automobile_museum_057.jpg;CC BY 4.0;day
images/real/real_a83bdd0cfc.jpg;RT65418;other;663.7,614.8,234.4,109.2;669.3,614.8,898.1,669.2,892.9,723.9,663.7,672.2;1;0;https://commons.wikimedia.org/wiki/File%3A20260515_Nik_Panuli_automobile_museum_099.jpg;CC BY 4.0;day,dirt
images/real/real_6c6ea3d2c7.jpg;Y060YY72;type1;466.7,460.2,171.0,58.9;472.4,460.2,637.7,471.8,630.3,519.1,466.7,500.3;1;0;https://commons.wikimedia.org/wiki/File%3AA%C5%ADto_GAZ-69_en_Tjumeno.jpg;CC BY 4.0;day
images/real/real_6c6ea3d2c7.jpg;X800EK72;type1;268.0,357.9,81.2,23.1;269.5,357.9,349.2,359.3,348.2,381.0,268.0,378.0;1;0;https://commons.wikimedia.org/wiki/File%3AA%C5%ADto_GAZ-69_en_Tjumeno.jpg;CC BY 4.0;day
images/real/real_64c1bcabef.jpg;P1471T#;other;283.2,478.4,161.5,140.0;300.2,478.4,444.7,569.3,425.0,618.4,283.2,518.5;1;0;https://commons.wikimedia.org/wiki/File%3AA%C5%ADto_ZAZ968M_en_Tjumeno_01.jpg;CC BY 4.0;angle,day
images/real/real_99850f6b19.jpg;E201XY797;type1;240.2,487.0,73.9,61.2;249.6,487.0,314.2,509.2,309.5,548.2,240.2,523.7;1;0;https://commons.wikimedia.org/wiki/File%3AA%C5%ADtoj_de_Yandex_Drive_en_Tjumeno_01.jpg;CC BY 4.0;angle,day
images/real/real_9933fadca3.jpg;Y512YB797;type1;628.7,466.5,91.2,68.8;638.4,466.5,719.9,498.9,712.2,535.2,628.7,502.4;1;0;https://commons.wikimedia.org/wiki/File%3AA%C5%ADtoj_de_Yandex_Drive_en_Tjumeno_03.jpg;CC BY 4.0;angle,day
images/real/real_79c59b7eae.jpg;P372CY797;type1;1248.1,775.5,179.2,54.7;1248.8,778.6,1427.2,775.5,1421.6,830.2,1248.1,827.5;1;0;https://commons.wikimedia.org/wiki/File%3AAuto_Audi_100_C2_Moscow_Bibip-Bibop_2026_%D0%A0372%D0%A1%D0%A3797_2026-07_207.JPG;CC BY 4.0;day
images/real/real_8e5e8b8870.jpg;P372CY797;type1;313.4,703.9,209.4,50.2;318.4,703.9,522.8,706.2,520.3,754.1,313.4,752.2;1;0;https://commons.wikimedia.org/wiki/File%3AAuto_Audi_100_C2_Moscow_Bibip-Bibop_2026_%D0%A0372%D0%A1%D0%A3797_2026-07_208.JPG;CC BY 4.0;day
images/real/real_d6fbc6a046.jpg;M778EB977;type1;1000.9,898.2,219.8,62.7;1003.8,914.2,1217.6,898.2,1220.7,948.5,1000.9,961.0;1;0;https://commons.wikimedia.org/wiki/File%3AAuto_Chery_Tiggo_7_Moscow_Bolotnikovskaya_Street_2025-02_1137.JPG;CC BY 4.0;day
images/real/real_2d468c042e.jpg;O227HY790;type1;1209.3,857.7,269.4,139.2;1209.3,930.8,1471.2,857.7,1478.8,918.1,1225.4,996.8;1;0;https://commons.wikimedia.org/wiki/File%3AAuto_ErAZ-762_Istra_Lenin_street_%D0%9E227%D0%9D%D0%A3790_2024-06_1718555419.JPG;CC BY 4.0;angle,day
images/real/real_7c0e08ba6e.jpg;E551AK777;type1;957.6,587.9,154.8,43.8;957.6,597.0,1111.8,587.9,1112.4,625.8,958.8,631.7;1;0;https://commons.wikimedia.org/wiki/File%3AAuto_Fiat_500_Moscow_Krasnobogatyrskaya_Street_%D0%95551%D0%90%D0%9A777_2025-03_1742743705.JPG;CC BY 4.0;day,glare
images/real/real_31110f7874.jpg;X947AC77;type1;718.9,867.4,137.1,37.8;718.9,879.3,854.7,867.4,856.0,898.0,719.7,905.2;1;0;https://commons.wikimedia.org/wiki/File%3AAuto_Ford_Bronco_Altufyevsky_District_Standartnaya_Street_%D0%A5947%D0%90%D0%A177_2025-01_1737304891.tif;CC BY 4.0;day
images/real/real_b6bf2cc853.jpg;X947AC77;type1;685.2,920.5,145.5,36.4;686.8,925.0,830.8,920.5,830.2,954.7,685.2,956.9;1;0;https://commons.wikimedia.org/wiki/File%3AAuto_Ford_Bronco_Altufyevsky_District_Standartnaya_Street_%D0%A5947%D0%90%D0%A177_2025-01_1737304846.tif;CC BY 4.0;day
images/real/real_c6a8206988.jpg;X037XH799;type1;1064.2,760.3,86.7,38.5;1064.2,771.4,1149.4,760.3,1151.0,789.2,1064.9,798.8;1;0;https://commons.wikimedia.org/wiki/File%3AAuto_Ford_Transit_%282019%29_Basmanny_District_Novobasmanny_overpass_%D0%A5037%D0%A5%D0%9D799_2024-04_1713870291.jpg;CC BY 4.0;day
images/real/real_70cea293aa.jpg;C304TY790;type1;464.8,903.2,96.8,29.2;466.0,909.1,561.0,903.2,561.5,927.9,464.8,932.5;1;0;https://commons.wikimedia.org/wiki/File%3AAuto_GAZ-24-02_Volga_Elektrostal_Proezd_Chernyshevskogo_%D0%A1304%D0%A2%D0%A3790_2024-10_1728825908.jpg;CC BY 4.0;day
images/real/real_2ad494a96c.jpg;B508HB97;type1;552.7,895.8,123.2,26.2;557.2,897.5,675.5,895.8,675.9,921.7,552.7,922.0;1;0;https://commons.wikimedia.org/wiki/File%3AAuto_GAZ-24_Moscow_Bolshaya_Ostroumovskaya_street_%D0%92508%D0%9D%D0%9297_2025-02_142.jpg;CC BY 4.0;angle,day
images/real/real_efb2f696a6.jpg;B508HB97;type1;610.9,923.8,98.9,22.1;613.8,923.8,709.8,924.2,708.6,945.8,610.9,943.6;1;0;https://commons.wikimedia.org/wiki/File%3AAuto_GAZ-24_Moscow_Bolshaya_Ostroumovskaya_street_%D0%92508%D0%9D%D0%9297_2025-02_146.jpg;CC BY 4.0;angle,day
images/real/real_2fff6197ce.jpg;A227KE977;type1;855.4,645.3,43.7,12.3;855.4,647.5,898.8,645.3,899.1,656.2,855.8,657.7;1;0;https://commons.wikimedia.org/wiki/File%3AAuto_GAZ-24_Moscow_Stromynka_Street_%D0%90227%D0%9A%D0%95977_2026-08_1786893273.JPG;CC BY 4.0;day
images/real/real_1beb790fa4.jpg;H716XK50;type1;1154.6,856.4,200.0,58.2;1159.5,868.8,1352.6,856.4,1354.6,905.0,1154.6,914.6;1;0;https://commons.wikimedia.org/wiki/File%3AAuto_GAZ-2705_Ramenskoye_settlement_Ramenskoye_%D0%9D716%D0%A5%D0%9A50_2024-04_1714412057.jpg;CC BY 4.0;angle,day
images/real/real_1ebe469897.jpg;H716XK50;type1;745.2,1379.0,85.7,27.2;746.1,1387.3,830.9,1379.0,831.0,1399.8,745.2,1406.2;1;0;https://commons.wikimedia.org/wiki/File%3AAuto_GAZ-2705_Ramenskoye_settlement_Ramenskoye_%D0%9D716%D0%A5%D0%9A50_2024-04_1714412093.jpg;CC BY 4.0;angle,day
images/real/real_1affa5a749.jpg;B203KA50;type1;816.9,833.4,82.8,22.7;820.0,833.4,899.7,834.6,898.8,856.1,816.9,854.1;1;0;https://commons.wikimedia.org/wiki/File%3AAuto_GAZ-31029_Vidnoye_Leninsky_Komsomol_avenue_%D0%92203%D0%9A%D0%9050_2024-11_1732359518.jpg;CC BY 4.0;day
images/real/real_095b8fec65.jpg;X433PA790;type1;862.6,847.4,70.0,25.6;864.1,855.1,930.8,847.4,932.6,865.0,862.6,873.0;1;0;https://commons.wikimedia.org/wiki/File%3AAuto_GAZ-3110_Vidnoye_Sovetskaya_street_%D0%A5433%D0%A0%D0%90790_2024-11_1732367875.jpg;CC BY 4.0;angle,day
images/real/real_a56dd3050c.jpg;X084AE198;type1;492.7,620.8,116.4,35.8;492.7,630.2,609.2,620.8,609.2,650.1,494.2,656.5;1;0;https://commons.wikimedia.org/wiki/File%3AAuto_GAZ-53_Saint_Petersburg_Obvodny_Canal_Embankment_%D0%A5084%D0%90%D0%95198_2025-03_665.JPG;CC BY 4.0;day
images/real/real_a56dd3050c.jpg;X084AE198;type1;1306.3,619.4,113.2,39.6;1306.3,631.1,1418.8,619.4,1419.5,649.8,1306.8,659.0;1;0;https://commons.wikimedia.org/wiki/File%3AAuto_GAZ-53_Saint_Petersburg_Obvodny_Canal_Embankment_%D0%A5084%D0%90%D0%95198_2025-03_665.JPG;CC BY 4.0;day
images/real/real_45985685db.jpg;X084AE198;type1;1403.0,771.1,62.6,22.8;1403.8,775.5,1465.6,771.1,1465.3,790.1,1403.0,793.9;1;0;https://commons.wikimedia.org/wiki/File%3AAuto_GAZ-53_Saint_Petersburg_Obvodny_Canal_Embankment_%D0%A5084%D0%90%D0%95198_2025-03_667.JPG;CC BY 4.0;day
images/real/real_45985685db.jpg;X084AE198;type1;601.1,770.0,64.3,22.3;603.1,773.6,665.4,770.0,665.1,789.7,601.1,792.3;1;0;https://commons.wikimedia.org/wiki/File%3AAuto_GAZ-53_Saint_Petersburg_Obvodny_Canal_Embankment_%D0%A5084%D0%90%D0%95198_2025-03_667.JPG;CC BY 4.0;angle,day
images/real/real_11de2bef79.jpg;B583EP99;type1;258.8,920.4,128.0,31.7;260.6,924.9,383.7,920.4,386.8,948.0,258.8,952.1;1;0;https://commons.wikimedia.org/wiki/File%3AAuto_GAZ-66_Silino_District_Mosgortrans_Alabushevo_vehicle_collection_%D0%92583%D0%95%D0%A099_2024-10_1728740286.jpg;CC BY 4.0;day
images/real/real_7ab2b19e0f.jpg;B583EP99;type1;785.5,510.4,248.5,57.7;789.3,516.6,1034.0,510.4,1030.9,565.6,785.5,568.2;1;0;https://commons.wikimedia.org/wiki/File%3AAuto_GAZ-66_Silino_District_Mosgortrans_Alabushevo_vehicle_collection_%D0%92583%D0%95%D0%A099_2024-10_1728740307.jpg;CC BY 4.0;day
images/real/real_ab861d0447.jpg;T794PX777;type1;731.3,695.8,73.2,17.0;732.9,697.9,804.6,695.8,803.5,712.8,731.3,712.6;1;0;https://commons.wikimedia.org/wiki/File%3AAuto_GAZ_3307_Silino_District_Mosgortrans_Alabushevo_vehicle_collection_%D0%A2794%D0%A0%D0%A577_2024-10_1728739861.jpg;CC BY 4.0;day
images/real/real_41b5173967.jpg;T794PX777;type1;287.4,686.5,75.7,20.7;288.6,688.8,362.6,686.5,363.1,704.3,287.4,707.2;1;0;https://commons.wikimedia.org/wiki/File%3AAuto_GAZ_3307_Silino_District_Mosgortrans_Alabushevo_vehicle_collection_%D0%A2794%D0%A0%D0%A577_2024-10_1728739862.jpg;CC BY 4.0;day
images/real/real_de597fef64.jpg;T795PX777;type1;660.2,795.6,67.8,17.0;660.2,798.5,727.4,795.6,728.1,809.6,660.8,812.6;1;0;https://commons.wikimedia.org/wiki/File%3AAuto_GAZ_3307_Silino_District_Mosgortrans_Alabushevo_vehicle_collection_%D0%A2795%D0%A0%D0%A577_2024-10_1728739903.jpg;CC BY 4.0;day
images/real/real_1b14604432.jpg;K210CP73;type1;61.0,656.2,40.5,11.7;61.3,658.3,101.2,656.2,101.5,665.6,61.0,668.0;1;0;https://commons.wikimedia.org/wiki/File%3AAuto_GAZelle_Moscow_Varshavskoye_Highway_%D0%A0554%D0%92%D0%9273_2025-04_026.JPG;CC BY 4.0;day,motion_blur
images/real/real_1b14604432.jpg;P554BB73;type1;986.9,746.6,62.9,20.3;986.9,753.8,1047.2,746.6,1049.8,760.7,988.8,766.9;1;0;https://commons.wikimedia.org/wiki/File%3AAuto_GAZelle_Moscow_Varshavskoye_Highway_%D0%A0554%D0%92%D0%9273_2025-04_026.JPG;CC BY 4.0;day
images/real/real_d7fb69cae4.jpg;M946TE161;type1;507.0,790.3,82.5,21.0;509.2,790.8,589.5,790.3,588.1,811.3,507.0,809.3;1;0;https://commons.wikimedia.org/wiki/File%3AAuto_GAZelle_NEXT_Moscow_Letchika_Babushkina_Street_%D0%9C946%D0%A2%D0%95161_2024-10_141.JPG;CC BY 4.0;day
images/real/real_4caf76d814.jpg;K423OP177;type1;81.1,811.2,62.7,48.2;81.1,828.5,141.3,811.2,143.8,842.8,82.1,859.4;1;0;https://commons.wikimedia.org/wiki/File%3AAuto_GAZon_NEXT_Maryino_District_Myachkovsky_boulevard_%D0%90449%D0%9E%D0%95799_2024-11_1730735889.JPG;CC BY 4.0;angle,day
images/real/real_4caf76d814.jpg;A449OE799;type1;425.2,789.8,70.1,15.7;427.1,791.5,495.2,789.8,494.2,805.4,425.2,805.0;1;0;https://commons.wikimedia.org/wiki/File%3AAuto_GAZon_NEXT_Maryino_District_Myachkovsky_boulevard_%D0%90449%D0%9E%D0%95799_2024-11_1730735889.JPG;CC BY 4.0;angle,day
images/real/real_901cf670c1.jpg;A449OE799;type1;331.9,813.2,127.4,40.8;335.2,813.2,459.3,821.5,456.9,854.1,331.9,843.5;1;0;https://commons.wikimedia.org/wiki/File%3AAuto_GAZon_NEXT_Maryino_District_Myachkovsky_boulevard_%D0%90449%D0%9E%D0%95799_2024-11_1730735897.JPG;CC BY 4.0;day
images/real/real_5249c7364d.jpg;X818XT177;type1;1229.4,798.8,104.7,46.6;1229.4,813.1,1332.8,798.8,1334.1,832.9,1231.7,845.4;1;0;https://commons.wikimedia.org/wiki/File%3AAuto_Great_Wall_Safe_Moscow_Chelyabinskaya_Street_2025-09_171.jpg;CC BY 4.0;day
images/real/real_31b1b03319.jpg;M022EO97;type1;764.2,780.1,111.1,48.0;764.2,799.7,870.6,780.1,875.2,808.4,766.6,828.1;1;0;https://commons.wikimedia.org/wiki/File%3AAuto_Izh_2126_Moscow_Kavkazsky_Boulevard_%D0%9C022%D0%95%D0%9E97_2025-03_08049.jpg;CC BY 4.0;day
images/real/real_6ed075a9ce.jpg;B259KE790;type1;1184.5,828.0,140.2,62.9;1184.5,852.6,1319.2,828.0,1324.7,866.4,1186.8,890.9;1;0;https://commons.wikimedia.org/wiki/File%3AAuto_Izh_2715_Moscow_Bibip-Bibop_2026_%D0%92259%D0%9A%D0%95790_2026-07_198.JPG;CC BY 4.0;day
images/real/real_d0efceaa42.jpg;E913BM977;type1;305.9,1125.0,275.5,72.4;305.9,1144.3,581.4,1125.0,574.1,1186.8,307.1,1197.4;1;0;https://commons.wikimedia.org/wiki/File%3AAuto_Izh_Comby_Moscow_Bolotnikovskaya_Street_%D0%95913%D0%92%D0%9C977_2025-02_1092.JPG;CC BY 4.0;angle,day,glare
images/real/real_539237f778.jpg;E913BM977;type1;343.0,790.5,143.0,36.2;348.0,795.8,485.9,790.5,486.0,825.3,343.0,826.7;1;0;https://commons.wikimedia.org/wiki/File%3AAuto_Izh_Comby_Moscow_Bolotnikovskaya_Street_%D0%95913%D0%92%D0%9C977_2025-02_1095.JPG;CC BY 4.0;angle,day,glare
images/real/real_921de38929.jpg;E913BM977;type1;214.2,1215.1,119.9,31.8;218.3,1215.1,334.1,1217.7,330.6,1247.0,214.2,1241.1;1;0;https://commons.wikimedia.org/wiki/File%3AAuto_Izh_Comby_Moscow_Bolotnikovskaya_Street_%D0%95913%D0%92%D0%9C977_2025-02_811.JPG;CC BY 4.0;day
images/real/real_024dda3562.jpg;M089EE50;type1;1340.3,766.0,49.9,11.7;1340.7,767.2,1390.1,766.0,1390.2,777.0,1340.3,777.7;1;0;https://commons.wikimedia.org/wiki/File%3AAuto_Jeep_Grand_Cherokee_Elektrostal_Karla_Marksa_Street_30A%2C_Elektrostal_%D0%9D476%D0%A3%D0%A1197_2024-10_1728831464.jpg;CC BY 4.0;day
images/real/real_fcc99d7c3e.jpg;X217OM777;type1;989.5,577.3,167.8,35.9;993.5,577.3,1157.3,578.0,1151.2,613.2,989.5,606.7;1;0;https://commons.wikimedia.org/wiki/File%3AAuto_KamAZ-43253_Moscow_Przhevalskogo_street_2024-12_009.tif;CC BY 4.0;angle,day
images/real/real_ecddcbab13.jpg;H745MY790;type1;768.3,796.7,58.8,24.5;768.5,802.4,824.6,796.7,827.1,816.1,768.3,821.2;1;0;https://commons.wikimedia.org/wiki/File%3AAuto_KamAZ-65115_Vidnoye_Sovetskaya_street_%D0%9D745%D0%9C%D0%A3790_2024-11_1732364548.jpg;CC BY 4.0;day
images/real/real_7ace2a4403.jpg;B538AT977;type1;645.9,626.1,81.2,19.0;646.1,626.1,726.1,627.7,727.1,645.1,645.9,644.5;1;0;https://commons.wikimedia.org/wiki/File%3AAuto_KrAZ-6444_Silino_District_Mosgortrans_Alabushevo_vehicle_collection_%D0%92538%D0%90%D0%A2977_2024-10_1728739988.jpg;CC BY 4.0;day
images/real/real_f953806ce2.jpg;B538AT977;type1;773.2,690.7,58.8,13.0;773.5,692.2,832.1,690.7,831.9,703.6,773.2,703.7;1;0;https://commons.wikimedia.org/wiki/File%3AAuto_KrAZ-6444_Silino_District_Mosgortrans_Alabushevo_vehicle_collection_%D0%92538%D0%90%D0%A2977_2024-10_1728740017.jpg;CC BY 4.0;day
images/real/real_64a9d17717.jpg;B538AT977;type1;485.4,673.8,79.4,22.8;485.8,678.6,564.8,673.8,562.8,694.1,485.4,696.7;1;0;https://commons.wikimedia.org/wiki/File%3AAuto_KrAZ-6444_Silino_District_Mosgortrans_Alabushevo_vehicle_collection_%D0%92538%D0%90%D0%A2977_2024-10_1728739962.jpg;CC BY 4.0;angle,day
images/real/real_65819113c5.jpg;P095PC799;type1;1002.2,804.2,109.0,35.4;1006.8,804.2,1111.2,814.6,1108.4,839.7,1002.2,829.0;1;0;https://commons.wikimedia.org/wiki/File%3AAuto_Lada_Samara_Moscow_Volgogradsky_Prospekt_%D0%A0095%D0%A0%D0%A1799_2025-03_1742667612.JPG;CC BY 4.0;day
images/real/real_65819113c5.jpg;P095PC799;type1;202.3,801.3,111.8,40.1;207.1,801.3,314.2,812.7,311.1,841.4,202.3,828.3;1;0;https://commons.wikimedia.org/wiki/File%3AAuto_Lada_Samara_Moscow_Volgogradsky_Prospekt_%D0%A0095%D0%A0%D0%A1799_2025-03_1742667612.JPG;CC BY 4.0;day
images/real/real_ea85eff90f.jpg;H115EP977;type1;701.2,779.5,52.8,15.0;701.5,779.5,753.9,781.2,754.0,794.5,701.2,791.6;1;0;https://commons.wikimedia.org/wiki/File%3AAuto_MAZ-5337_Moscow_Danilovskaya_Manufaktura_tram_loop_%D0%9D115%D0%95%D0%A0977_2025-04_029.JPG;CC BY 4.0;day
images/real/real_360f73ec7d.jpg;EO88277;type1b;162.7,788.8,44.3,9.6;163.0,789.2,206.6,788.8,206.9,797.2,162.7,798.4;1;0;https://commons.wikimedia.org/wiki/File%3AAuto_MAZ-5337_Silino_District_Mosgortrans_Alabushevo_vehicle_collection_%D0%95297%D0%9C%D0%90177_2024-10_1728739909.jpg;CC BY 4.0;day,motion_blur
images/real/real_4d105d4572.jpg;P022TM178;type1;991.7,772.9,145.5,90.0;991.7,823.9,1130.8,772.9,1137.2,815.9,1004.3,862.9;1;0;https://commons.wikimedia.org/wiki/File%3AAuto_Mercedes-Benz_TN_Moscow_Kominterna_Street_%D0%A0022%D0%A2%D0%9C178_2024-10_042.JPG;CC BY 4.0;angle,day
images/real/real_93bae27121.jpg;P022TM78;type1;548.7,813.9,127.8,50.0;552.2,813.9,676.5,831.5,665.3,863.9,548.7,840.2;1;0;https://commons.wikimedia.org/wiki/File%3AAuto_Mercedes-Benz_TN_Moscow_Kominterna_Street_%D0%A0022%D0%A2%D0%9C178_2024-10_062.JPG;CC BY 4.0;angle,day
images/real/real_7e9a93a5e1.jpg;P022TM178;type1;382.5,891.1,138.8,81.2;392.4,891.1,521.3,925.1,512.7,972.3,382.5,932.0;1;0;https://commons.wikimedia.org/wiki/File%3AAuto_Mercedes-Benz_TN_Moscow_Kominterna_Street_%D0%A0022%D0%A2%D0%9C178_2024-10_090.JPG;CC BY 4.0;day
images/real/real_6805722b55.jpg;E893OM799;type1;71.3,631.0,51.9,10.7;71.9,631.4,123.2,631.0,123.0,641.7,71.3,641.5;1;0;https://commons.wikimedia.org/wiki/File%3AAuto_Mercedes-Benz_TN_Moscow_Kominterna_Street_%D0%A0022%D0%A2%D0%9C178_2024-10_099.JPG;CC BY 4.0;day
images/real/real_a4f85d2e4f.jpg;P022TM178;type1;1012.2,680.9,143.5,89.5;1012.2,716.9,1147.2,680.9,1155.7,737.8,1023.7,770.4;1;0;https://commons.wikimedia.org/wiki/File%3AAuto_Mercedes-Benz_TN_Moscow_Kominterna_Street_%D0%A0022%D0%A2%D0%9C178_2024-10_103.JPG;CC BY 4.0;day
images/real/real_87dd4937bc.jpg;B690TE777;type1;937.2,890.6,64.7,38.6;937.5,906.1,998.9,890.6,1001.9,913.6,937.2,929.2;1;0;https://commons.wikimedia.org/wiki/File%3AAuto_Mercedes-Benz_W123_Moscow_Medikov_Street_22_k3%2C_Moscow_%D0%92690%D0%A2%D0%95777_2025-03_048.jpg;CC BY 4.0;angle,day
images/real/real_5f4eeb39f0.jpg;B690TE777;type1;475.5,717.6,126.1,42.3;477.0,725.4,599.6,717.6,601.6,753.5,475.5,759.9;1;0;https://commons.wikimedia.org/wiki/File%3AAuto_Mercedes-Benz_W123_Moscow_Medikov_Street_%D0%92690%D0%A2%D0%95777_2025-03_055.JPG;CC BY 4.0;day,glare
images/real/real_5f4eeb39f0.jpg;B690TE777;type1;1272.3,720.2,132.4,39.2;1275.2,725.8,1404.5,720.2,1404.7,756.2,1272.3,759.3;1;0;https://commons.wikimedia.org/wiki/File%3AAuto_Mercedes-Benz_W123_Moscow_Medikov_Street_%D0%92690%D0%A2%D0%95777_2025-03_055.JPG;CC BY 4.0;day,glare
images/real/real_2fd0f67f15.jpg;E108CX197;type1;1262.3,860.3,148.7,38.3;1265.2,860.3,1411.0,868.1,1409.5,898.7,1262.3,889.0;1;0;https://commons.wikimedia.org/wiki/File%3AAuto_Merkur_Scorpio_Perovo_District_Zelyony_Prospekt_%D0%90141%D0%A2%D0%A5797_2025-02_1738418919_022.tif;CC BY 4.0;day
images/real/real_2fd0f67f15.jpg;A141TX797;type1a;763.5,743.8,49.2,36.8;765.9,743.8,812.8,744.3,811.5,780.6,763.5,779.5;1;0;https://commons.wikimedia.org/wiki/File%3AAuto_Merkur_Scorpio_Perovo_District_Zelyony_Prospekt_%D0%90141%D0%A2%D0%A5797_2025-02_1738418919_022.tif;CC BY 4.0;day
images/real/real_7aab3765c9.jpg;P193CC177;type1;665.2,859.5,57.5,34.7;667.8,859.5,722.7,870.5,719.9,894.2,665.2,884.6;1;0;https://commons.wikimedia.org/wiki/File%3AAuto_Moskvich-412-028_%28Izh%29_Bolotnikovskaya_Street_53%2C_Moscow_Bolotnikovskaya_Street_53%2C_Moscow_%D0%A0193%D0%A1%D0%A1177_2025-02_944.JPG;CC BY 4.0;day
images/real/real_fa7daecc46.jpg;P193CC177;type1;364.1,1170.4,75.5,61.9;371.9,1170.4,439.6,1198.7,433.5,1232.3,364.1,1205.2;1;0;https://commons.wikimedia.org/wiki/File%3AAuto_Moskvich-412-028_%28Izh%29_Bolotnikovskaya_Street_53%2C_Moscow_Bolotnikovskaya_Street_53%2C_Moscow_%D0%A0193%D0%A1%D0%A1177_2025-02_943.JPG;CC BY 4.0;angle,day,dirt
images/real/real_99eeb8a360.jpg;P193CC177;type1;234.8,869.6,158.2,48.0;240.1,869.6,393.0,878.2,389.1,917.6,234.8,906.7;1;0;https://commons.wikimedia.org/wiki/File%3AAuto_Moskvich-412-028_%28Izh%29_Bolotnikovskaya_Street_53%2C_Moscow_Bolotnikovskaya_Street_53%2C_Moscow_%D0%A0193%D0%A1%D0%A1177_2025-02_1141.JPG;CC BY 4.0;day
images/real/real_b7165fb0ae.jpg;K579HH197;type1;757.6,602.0,76.2,24.1;757.6,610.5,832.2,602.0,833.8,618.7,758.2,626.1;1;0;https://commons.wikimedia.org/wiki/File%3AAuto_Moskvich-412-028_%28Izh%29_Silino_District_Prospekt_Generala_Alekseeva_%D0%9A579%D0%9D%D0%9D197_2024-10_1728748125.jpg;CC BY 4.0;day
images/real/real_c1a0944e5a.jpg;X072XH777;type1;1240.0,751.0,129.7,37.9;1240.0,757.6,1366.8,751.0,1369.7,780.8,1240.0,788.9;1;0;https://commons.wikimedia.org/wiki/File%3AAuto_Moskvich_2141_Moscow_Perekopskaya_Street_%D0%A5072%D0%A5%D0%9D77_2025-03_08316.JPG;CC BY 4.0;day
images/real/real_c1a0944e5a.jpg;X072XH777;type1;442.5,752.1,127.2,36.7;443.2,758.7,566.9,752.1,569.7,780.9,442.5,788.8;1;0;https://commons.wikimedia.org/wiki/File%3AAuto_Moskvich_2141_Moscow_Perekopskaya_Street_%D0%A5072%D0%A5%D0%9D77_2025-03_08316.JPG;CC BY 4.0;day
images/real/real_445b5a7abe.jpg;X072XH777;type1;1192.8,709.8,167.3,40.1;1195.2,709.8,1359.3,710.2,1360.2,749.8,1192.8,746.6;1;0;https://commons.wikimedia.org/wiki/File%3AAuto_Moskvich_2141_Moscow_Perekopskaya_Street_%D0%A5072%D0%A5%D0%9D77_2025-03_08318.JPG;CC BY 4.0;day
images/real/real_445b5a7abe.jpg;X072XH777;type1;393.0,710.0,173.2,40.8;395.6,711.0,566.2,710.0,565.1,750.8,393.0,748.1;1;0;https://commons.wikimedia.org/wiki/File%3AAuto_Moskvich_2141_Moscow_Perekopskaya_Street_%D0%A5072%D0%A5%D0%9D77_2025-03_08318.JPG;CC BY 4.0;day
images/real/real_cb761019a8.jpg;T058TE797;type1;647.5,862.2,48.2,12.0;648.8,863.3,695.6,862.2,695.7,873.5,647.5,874.2;1;0;https://commons.wikimedia.org/wiki/File%3AAuto_Moskvich_403_Moscow_Novaya_Basmannaya_Street_%D0%A1403%D0%9E%D0%9E977_2026-05_1779392760.JPG;CC BY 4.0;angle,day,motion_blur
images/real/real_3596273110.jpg;C403OO977;type1;834.8,787.8,107.8,28.2;837.5,790.9,941.8,787.8,942.7,813.8,834.8,816.0;1;0;https://commons.wikimedia.org/wiki/File%3AAuto_Moskvich_403_Moscow_Novaya_Basmannaya_Street_%D0%A1403%D0%9E%D0%9E977_2026-05_1779392763.JPG;CC BY 4.0;day
images/real/real_3596273110.jpg;T619MO977;type1;442.2,646.2,47.4,12.6;442.8,646.2,489.2,646.4,489.6,658.8,442.2,657.8;1;0;https://commons.wikimedia.org/wiki/File%3AAuto_Moskvich_403_Moscow_Novaya_Basmannaya_Street_%D0%A1403%D0%9E%D0%9E977_2026-05_1779392763.JPG;CC BY 4.0;day,motion_blur
images/real/real_f087d1f173.jpg;C403OO977;type1a;456.2,1408.7,43.8,25.9;456.6,1410.6,500.0,1408.7,499.7,1431.0,456.2,1434.6;1;0;https://commons.wikimedia.org/wiki/File%3AAuto_Moskvich_403_Moscow_Novaya_Basmannaya_Street_%D0%A1403%D0%9E%D0%9E977_2026-05_1779392772.JPG;CC BY 4.0;day,motion_blur
images/real/real_a6e61224c8.jpg;B4691KC;other;577.8,862.6,180.0,55.2;580.5,862.6,757.8,872.4,753.8,917.8,577.8,901.1;1;0;https://commons.wikimedia.org/wiki/File%3AAuto_Moskvitch_2140_Silino_District_Prospekt_Generala_Alekseeva_%D0%924691%D0%9A%D0%A1_2024-10_1728749750.jpg;CC BY 4.0;day
images/real/real_ad42285285.jpg;B4691KC;other;669.3,1190.6,229.1,62.6;669.3,1194.0,898.5,1190.6,896.8,1253.3,671.1,1248.0;1;0;https://commons.wikimedia.org/wiki/File%3AAuto_Moskvitch_2140_Silino_District_Prospekt_Generala_Alekseeva_%D0%924691%D0%9A%D0%A1_2024-10_1728749714.jpg;CC BY 4.0;night
images/real/real_f39fb5a282.jpg;P412EC77;type1;1050.7,831.5,223.4,56.1;1056.5,834.7,1274.1,831.5,1270.8,887.6,1050.7,885.5;1;0;https://commons.wikimedia.org/wiki/File%3AAuto_Moskvitch_3_Moscow_Erevanskaya_street_2025-03_135.jpg;CC BY 4.0;day,glare
images/real/real_2a9df18ad5.jpg;K130HO99;type1;414.9,1312.9,80.9,32.2;419.9,1312.9,495.9,1322.2,495.3,1345.1,414.9,1334.2;1;0;https://commons.wikimedia.org/wiki/File%3AAuto_Moskvitch_408_Moscow_Malygina_Street_%D0%9A130%D0%9D%D0%9E99_2024-10_248.JPG;CC BY 4.0;day
images/real/real_fcd8865f41.jpg;K130HO99;type1;673.2,737.2,255.3,56.2;678.9,739.8,928.6,737.2,924.7,793.5,673.2,791.0;1;0;https://commons.wikimedia.org/wiki/File%3AAuto_Moskvitch_408_Moscow_Malygina_Street_%D0%9A130%D0%9D%D0%9E99_2024-10_270.JPG;CC BY 4.0;day
images/real/real_4cdc0f2522.jpg;E474YP190;type1;1235.0,679.5,85.7,55.9;1235.0,696.8,1316.8,679.5,1320.7,715.9,1238.5,735.4;1;0;https://commons.wikimedia.org/wiki/File%3AAuto_Nissan_Leopard_Elektrostal_Alley_on_Lenin_Avenue_%D0%95474%D0%A3%D0%A0190_2024-10_1728826212.jpg;CC BY 4.0;angle,day
images/real/real_4cdc0f2522.jpg;T464TE150;type1;73.6,515.6,98.4,29.0;74.0,520.2,169.7,515.6,172.0,539.2,73.6,544.6;1;0;https://commons.wikimedia.org/wiki/File%3AAuto_Nissan_Leopard_Elektrostal_Alley_on_Lenin_Avenue_%D0%95474%D0%A3%D0%A0190_2024-10_1728826212.jpg;CC BY 4.0;day
images/real/real_dde2a2e8d7.jpg;E474YP190;type1;292.4,782.2,102.2,66.3;302.8,782.2,394.7,808.4,388.9,848.5,292.4,818.2;1;0;https://commons.wikimedia.org/wiki/File%3AAuto_Nissan_Leopard_Elektrostal_Alley_on_Lenin_Avenue_%D0%95474%D0%A3%D0%A0190_2024-10_1728826227.jpg;CC BY 4.0;angle,day
images/real/real_58ca67c4d7.jpg;T464TE150;type1;874.2,709.7,135.5,34.2;877.2,712.8,1009.7,709.7,1007.4,743.8,874.2,743.8;1;0;https://commons.wikimedia.org/wiki/File%3AAuto_Nissan_Skyline_Elektrostal_Alley_on_Lenin_Avenue_%D0%A2464%D0%A2%D0%95150_2024-10_1728826213.jpg;CC BY 4.0;day
images/real/real_83fb628d98.jpg;T464TE150;type1;191.3,737.9,83.1,65.3;197.5,737.9,274.4,753.8,270.3,803.2,191.3,787.2;1;0;https://commons.wikimedia.org/wiki/File%3AAuto_Nissan_Skyline_Elektrostal_Alley_on_Lenin_Avenue_%D0%A2464%D0%A2%D0%95150_2024-10_1728826234.jpg;CC BY 4.0;day
images/real/real_1b40fd004d.jpg;T641TB797;type1;976.6,832.7,97.3,45.6;976.6,847.0,1068.2,832.7,1073.9,862.4,977.6,878.2;1;0;https://commons.wikimedia.org/wiki/File%3AAuto_RAF-977_Moscow_Kholzunova_Lane_2025-02_013.jpg;CC BY 4.0;day
images/real/real_955c0f7b76.jpg;T641TB797;type1;1105.3,876.2,75.1,43.4;1105.3,894.2,1177.4,876.2,1180.4,903.7,1106.1,919.6;1;0;https://commons.wikimedia.org/wiki/File%3AAuto_RAF-977_Moscow_Kholzunova_Lane_2025-02_014.jpg;CC BY 4.0;angle,day
images/real/real_8194b0d55c.jpg;C561AY790;type1;946.3,751.4,226.7,126.6;946.3,821.1,1164.5,751.4,1173.0,805.7,958.3,878.0;1;0;https://commons.wikimedia.org/wiki/File%3AAuto_Suzuki_Alto_Ramenskoye_Krasnoarmeiskaya_street_%D0%A1561%D0%90%D0%A3790_2024-12_1735650547.JPG;CC BY 4.0;angle,day
images/real/real_9e0b9a043f.jpg;Y648XP750;type1a;662.8,718.6,64.3,44.5;666.6,718.6,725.7,719.8,727.2,763.1,662.8,761.2;1;0;https://commons.wikimedia.org/wiki/File%3AAuto_Toyota_Cresta_%28X100%29_Ramenskoye_settlement_Ramenskoye_%D0%A3648%D0%A5%D0%A0750_2024-04_1714412474.jpg;CC BY 4.0;day
images/real/real_257ef67ddf.jpg;C317KE977;type1;1379.3,733.0,92.0,29.9;1379.3,737.6,1467.3,733.0,1471.3,758.1,1380.5,762.9;1;0;https://commons.wikimedia.org/wiki/File%3AAuto_UAZ-452_Moscow_Proletarsky_Prospect_18_k3%2C_Moscow_%D0%A1317%D0%9A%D0%95977_2025-03_407.JPG;CC BY 4.0;day,glare
images/real/real_257ef67ddf.jpg;C317KE977;type1;583.8,733.0,88.4,29.5;583.8,738.2,668.6,733.0,672.2,756.5,585.2,762.5;1;0;https://commons.wikimedia.org/wiki/File%3AAuto_UAZ-452_Moscow_Proletarsky_Prospect_18_k3%2C_Moscow_%D0%A1317%D0%9A%D0%95977_2025-03_407.JPG;CC BY 4.0;day,glare
images/real/real_4ead90c34a.jpg;C317KE977;type1;1470.7,939.2,37.4,15.6;1471.8,940.5,1508.1,939.2,1506.8,953.6,1470.7,954.8;1;0;https://commons.wikimedia.org/wiki/File%3AAuto_UAZ-452_Moscow_Proletarsky_Prospect_18_k3%2C_Moscow_%D0%A1317%D0%9A%D0%95977_2025-03_411.JPG;CC BY 4.0;day
images/real/real_0ccf6be7e1.jpg;T232BP977;type1;997.9,713.0,161.2,44.5;1002.0,721.3,1159.2,713.0,1158.6,751.2,997.9,757.5;1;0;https://commons.wikimedia.org/wiki/File%3AAuto_UAZ_Patriot_Basmanny_District_Novaya_Basmannaya_Street_%D0%A2232%D0%92%D0%A0977_2024-04_1713870930.jpg;CC BY 4.0;angle,day
images/real/real_c115a6df1d.jpg;K586OH197;type1;977.8,689.8,184.0,59.8;977.8,707.2,1161.8,689.8,1161.2,736.0,979.8,749.5;1;0;https://commons.wikimedia.org/wiki/File%3AAuto_VAZ-2102_Moscow_Proletarsky_Prospect_%D0%9A586%D0%9E%D0%9D197_2025-03_08015.jpg;CC BY 4.0;day
images/real/real_de9c7e67d6.jpg;K586OH197;type1;431.9,765.8,183.3,81.2;436.1,765.8,615.2,781.8,604.6,846.9,431.9,820.4;1;0;https://commons.wikimedia.org/wiki/File%3AAuto_VAZ-2102_Moscow_Proletarsky_Prospect_%D0%9A586%D0%9E%D0%9D197_2025-03_08016.jpg;CC BY 4.0;day
images/real/real_4850ab4618.jpg;9502BT#;other;908.8,838.9,109.5,76.4;911.3,838.9,1018.2,841.4,1014.9,915.3,908.8,907.0;1;0;https://commons.wikimedia.org/wiki/File%3AAuto_VAZ-2103_Gravitatsiya_shopping_centre_Gravitatsiya_shopping_centre_2025-01_054.JPG;CC BY 4.0;day
images/real/real_4850ab4618.jpg;X172HM790;type1;274.7,832.5,144.4,38.5;279.7,832.5,419.1,835.8,418.6,871.0,274.7,865.0;1;0;https://commons.wikimedia.org/wiki/File%3AAuto_VAZ-2103_Gravitatsiya_shopping_centre_Gravitatsiya_shopping_centre_2025-01_054.JPG;CC BY 4.0;day
images/real/real_5d9f422ddc.jpg;C9909MK;other;78.8,621.5,108.2,30.2;81.3,625.7,187.1,621.5,186.7,651.7,78.8,651.7;1;0;https://commons.wikimedia.org/wiki/File%3AAuto_VAZ-2103_Moscow_Bibip-Bibop_2026_4208%D0%9C%D0%A1%D0%93_2026-07_188.JPG;CC BY 4.0;day
images/real/real_c316e51c8c.jpg;E054BH777;type1;377.0,1114.7,129.0,47.7;385.0,1114.7,505.9,1130.2,501.5,1162.4,377.0,1143.5;1;0;https://commons.wikimedia.org/wiki/File%3AAuto_VAZ-2104_Moscow_Rudnevoy_Street_%D0%95%D0%95054%D0%92%D0%9D77_2024-10_115.JPG;CC BY 4.0;angle,day
images/real/real_c316e51c8c.jpg;K608OK790;type1;140.7,1026.3,94.8,31.0;144.7,1026.3,235.5,1033.4,231.8,1057.4,140.7,1049.2;1;0;https://commons.wikimedia.org/wiki/File%3AAuto_VAZ-2104_Moscow_Rudnevoy_Street_%D0%95%D0%95054%D0%92%D0%9D77_2024-10_115.JPG;CC BY 4.0;day
images/real/real_9072a11ec3.jpg;E054BH777;type1;302.9,1155.0,145.9,59.0;312.9,1155.0,448.8,1181.6,444.1,1214.0,302.9,1186.6;1;0;https://commons.wikimedia.org/wiki/File%3AAuto_VAZ-2104_Moscow_Rudnevoy_Street_%D0%95%D0%95054%D0%92%D0%9D77_2024-10_116.JPG;CC BY 4.0;day
images/real/real_9072a11ec3.jpg;K608OK790;type1;30.5,1001.0,100.5,29.7;32.6,1006.3,129.5,1001.0,131.0,1025.8,30.5,1030.7;1;0;https://commons.wikimedia.org/wiki/File%3AAuto_VAZ-2104_Moscow_Rudnevoy_Street_%D0%95%D0%95054%D0%92%D0%9D77_2024-10_116.JPG;CC BY 4.0;angle,day
images/real/real_e8709129f9.jpg;P374MY31;type1;318.8,771.7,122.0,59.2;327.4,771.7,440.8,796.8,436.2,830.8,318.8,804.0;1;0;https://commons.wikimedia.org/wiki/File%3AAuto_VAZ-2104_Moskvorechye-Saburovo_District_Kantemirovskaya_Street_2025-02_1738497025_259.tif;CC BY 4.0;day
images/real/real_01c1e0cd19.jpg;C959YT799;type1;632.0,738.1,73.4,19.1;634.2,738.1,705.4,738.6,703.3,757.2,632.0,754.4;1;0;https://commons.wikimedia.org/wiki/File%3AAuto_VAZ-2106_Moscow_Marshala_Rokossovskogo_Boulevard_%D0%A1959%D0%A3%D0%A2799_2025-03_1742740969.JPG;CC BY 4.0;day
images/real/real_c015c3c5ab.jpg;X322PY33;type1;979.6,567.5,261.8,108.7;979.6,609.3,1237.2,567.5,1241.4,639.0,984.9,676.2;1;0;https://commons.wikimedia.org/wiki/File%3AAuto_VAZ-2106_Ramenskoye_Mikhalevich_street_%D0%A5322%D0%A0%D0%A333_2024-12_1735656907.JPG;CC BY 4.0;day
images/real/real_ab6c25f2d0.jpg;M814AT977;type1;741.9,854.5,179.6,58.7;747.8,854.5,921.5,870.5,915.9,913.2,741.9,892.8;1;0;https://commons.wikimedia.org/wiki/File%3AAuto_Volkswagen_Beetle_Basmanny_District_Novaya_Basmannaya_Street_%D0%9C814%D0%90%D0%A297_2025-02_1739372468.JPG;CC BY 4.0;day
images/real/real_1d26fe2acb.jpg;H676HK97;type1;117.3,833.0,69.2,31.9;124.1,833.0,186.6,842.0,182.9,864.9,117.3,854.7;1;0;https://commons.wikimedia.org/wiki/File%3AAuto_Volvo_200_Series_Moscow_Kavkazsky_Boulevard_%D0%9D676%D0%9D%D0%9A97_2025-03_08097.JPG;CC BY 4.0;angle,day
images/real/real_37a5cf0405.jpg;E535XE77;type1;209.5,914.9,74.0,19.9;211.9,915.2,282.0,914.9,283.5,933.0,209.5,934.8;1;0;https://commons.wikimedia.org/wiki/File%3AAuto_ZAZ-968M_Moscow_Sevastopolsky_prospekt_%D0%95535%D0%A5%D0%9577_2025-03_08302.JPG;CC BY 4.0;angle,day
images/real/real_37a5cf0405.jpg;E535XE77;type1;1011.2,913.4,73.8,20.8;1013.7,913.4,1084.0,913.7,1085.0,933.3,1011.2,934.2;1;0;https://commons.wikimedia.org/wiki/File%3AAuto_ZAZ-968M_Moscow_Sevastopolsky_prospekt_%D0%95535%D0%A5%D0%9577_2025-03_08302.JPG;CC BY 4.0;day
images/real/real_440e6605dd.jpg;A132OH62;type1;273.8,793.7,107.2,37.4;276.4,793.7,381.0,801.2,377.9,831.1,273.8,822.3;1;0;https://commons.wikimedia.org/wiki/File%3AAuto_ZAZ-968_Moscow_Selskokhozyaistvennaya_street_%D0%90132%D0%9E%D0%9D62_2024-09_055.jpg;CC BY 4.0;day
images/real/real_d9fb719896.jpg;M552TA97;type1;356.3,746.4,72.4,18.0;358.2,747.2,428.8,746.4,427.9,764.4,356.3,763.1;1;0;https://commons.wikimedia.org/wiki/File%3AAuto_ZIL-4333_Silino_District_Mosgortrans_Alabushevo_vehicle_collection_%D0%9C552%D0%A2%D0%9097_2024-10_1728739931.jpg;CC BY 4.0;day
images/real/real_22ca52a0cb.jpg;T470BC750;type1;1265.3,732.7,73.7,21.1;1266.3,734.8,1337.4,732.7,1339.0,750.8,1265.3,753.8;1;0;https://commons.wikimedia.org/wiki/File%3AAuto_%C5%A0koda_Felicia_Moscow_Kaspiyskaya_street_%D0%A2470%D0%92%D0%A1750_2025-03_246.JPG;CC BY 4.0;day,dirt
images/real/real_22ca52a0cb.jpg;T470BC750;type1;471.5,737.4,65.2,16.2;472.1,738.5,535.8,737.4,536.7,752.1,471.5,753.7;1;0;https://commons.wikimedia.org/wiki/File%3AAuto_%C5%A0koda_Felicia_Moscow_Kaspiyskaya_street_%D0%A2470%D0%92%D0%A1750_2025-03_246.JPG;CC BY 4.0;day
images/real/real_423a09b72b.jpg;E965KX50;type1;1417.7,750.0,55.2,32.4;1419.2,762.2,1472.8,750.0,1472.9,772.0,1417.7,782.4;1;0;https://commons.wikimedia.org/wiki/File%3AAuto_%C5%A0koda_Felicia_Vidnoye_Sovetskaya_street_965%D0%9A%D0%A550_2024-11_1732367569.jpg;CC BY 4.0;angle,day
images/real/real_62efc31f52.jpg;C736TK797;type1;1248.3,539.7,69.8,57.9;1248.3,552.9,1315.3,539.7,1318.2,584.6,1250.0,597.6;1;0;https://commons.wikimedia.org/wiki/File%3ABAIC_Beijing_X55_in_Moscow%2C_July_2025_01.jpg;CC0;angle,day
images/real/real_b10559ac71.jpg;C736TK797;type1;152.8,505.3,102.9,57.7;159.6,505.3,255.7,516.8,251.7,563.1,152.8,546.5;1;0;https://commons.wikimedia.org/wiki/File%3ABAIC_Beijing_X55_in_Moscow%2C_July_2025_03.jpg;CC0;day
images/real/real_a10c564686.jpg;M673TT797;type1;720.9,726.1,276.3,99.8;720.9,765.8,987.8,726.1,997.2,785.2,726.4,825.9;1;0;https://commons.wikimedia.org/wiki/File%3ABAIC_Beijing_X55_in_Moscow%2C_March_2025_01.jpg;CC0;day
images/real/real_9e74fb0eec.jpg;M673TT797;type1;998.2,692.0,258.0,108.9;998.2,742.4,1252.2,692.0,1256.2,755.0,1000.0,800.9;1;0;https://commons.wikimedia.org/wiki/File%3ABAIC_Beijing_X55_in_Moscow%2C_March_2025_02.jpg;CC0;angle,day
images/real/real_b3300a1c77.jpg;M673TT797;type1;64.7,563.1,94.9,62.2;71.7,563.1,159.7,575.6,154.0,625.3,64.7,608.1;1;0;https://commons.wikimedia.org/wiki/File%3ABAIC_Beijing_X55_in_Moscow%2C_March_2025_03.jpg;CC0;day
images/real/real_5c02892654.jpg;M673TT797;type1;1409.4,633.1,72.2,92.0;1409.4,665.9,1476.4,633.1,1481.6,688.6,1419.3,725.1;1;0;https://commons.wikimedia.org/wiki/File%3ABAIC_Beijing_X55_in_Moscow%2C_March_2025_04.jpg;CC0;angle,day
images/real/real_dd38d9bced.jpg;M673TT797;type1;643.8,794.7,368.4,101.1;643.8,794.7,1012.2,804.0,1004.2,895.8,645.2,887.2;1;0;https://commons.wikimedia.org/wiki/File%3ABAIC_Beijing_X55_in_Moscow%2C_March_2025_05.jpg;CC0;day
images/real/real_093124c9a0.jpg;B179MO763;type1;1264.3,970.0,166.1,51.1;1270.1,970.0,1430.4,978.0,1427.5,1021.1,1264.3,1008.4;1;0;https://commons.wikimedia.org/wiki/File%3ABarnaul_trolleybus_4020_2024-05_1717158152_October_square_ZiU-9.tif;CC BY 4.0;day
images/real/real_093124c9a0.jpg;A831YE122;type1;244.8,819.1,71.0,18.1;246.0,819.1,315.8,821.9,315.4,837.2,244.8,834.6;1;0;https://commons.wikimedia.org/wiki/File%3ABarnaul_trolleybus_4020_2024-05_1717158152_October_square_ZiU-9.tif;CC BY 4.0;day
images/real/real_e7d1cf04ae.jpg;A821PY122;type1;1234.1,693.4,40.6,12.2;1234.4,696.0,1274.0,693.4,1274.7,703.5,1234.1,705.6;1;0;https://commons.wikimedia.org/wiki/File%3ABarnaul_trolleybus_4129_2024-06_1717249015_Lenina_Avenue_AKSM-201.tif;CC BY 4.0;day
images/real/real_94528b4764.jpg;M726EK28;type1;759.9,907.3,65.9,23.8;760.8,912.6,825.1,907.3,825.8,926.3,759.9,931.2;1;0;https://commons.wikimedia.org/wiki/File%3ABlagoveshchensk_bus_%D0%9C726%D0%95%D0%9A28_2024-08_1724432400_Lenina_Street_Zhongtong_LCK6105HG_68.jpg;CC BY 4.0;day
images/real/real_ba00d00700.jpg;K133XA28;type1;844.2,772.7,87.8,27.2;844.4,778.8,931.8,772.7,931.9,794.2,844.2,799.8;1;0;https://commons.wikimedia.org/wiki/File%3ABlagoveshchensk_bus_95_2024-08_1724443074_50_let_Oktyabrya_street_LiAZ-5292.tif;CC BY 4.0;day
images/real/real_1b85b9fb1e.jpg;C212CC77;type1;1106.3,774.9,30.8,10.5;1106.8,777.5,1135.8,774.9,1137.2,781.6,1106.3,785.4;1;0;https://commons.wikimedia.org/wiki/File%3ABronnitsy_bus_%D0%A1212%D0%9E%D0%A1790_2024-11_1731160780_Bronnitsy_bus_station_NefAZ-5299-40.jpg;CC BY 4.0;angle,day
images/real/real_39adfab75d.jpg;A912CB750;type1;30.1,711.5,56.3,15.6;30.1,715.7,84.2,711.5,86.4,722.8,31.2,727.1;1;0;https://commons.wikimedia.org/wiki/File%3ABronnitsy_bus_%D0%9C537%D0%9E%D0%92790_2024-11_1731160774_Bronnitsy_bus_station_LiAZ-4292.jpg;CC BY 4.0;day
images/real/real_39adfab75d.jpg;M537OO790;type1;537.0,717.2,40.9,13.3;537.4,720.5,576.7,717.2,577.9,726.2,537.0,730.5;1;0;https://commons.wikimedia.org/wiki/File%3ABronnitsy_bus_%D0%9C537%D0%9E%D0%92790_2024-11_1731160774_Bronnitsy_bus_station_LiAZ-4292.jpg;CC BY 4.0;angle,day
images/real/real_a5af8765f3.jpg;H829AH790;type1;846.9,816.2,67.4,19.4;846.9,821.5,913.6,816.2,914.3,831.5,847.2,835.7;1;0;https://commons.wikimedia.org/wiki/File%3ABronnitsy_bus_%D0%9D829%D0%90%D0%9D790_2024-11_1731162315_Sovetskaya_Street_LiAZ-5292.jpg;CC BY 4.0;day
images/real/real_055e25cfca.jpg;M460KK790;type1;1186.1,683.3,68.8,27.1;1186.1,688.5,1254.5,683.3,1254.9,705.7,1186.8,710.4;1;0;https://commons.wikimedia.org/wiki/File%3ABus_1319069_on_route_%D1%81894_near_%22Belgrad%22_%2829.09.2024%29.jpg;CC BY-SA 4.0;day,glare
images/real/real_d21744ce71.jpg;MX67077;type1b;367.6,700.8,114.2,27.2;368.2,700.8,480.7,701.8,481.7,727.8,367.6,728.0;1;0;https://commons.wikimedia.org/wiki/File%3ABus_160239_on_route_838_in_Brateyevo%2C_Moscow_%2809.11.2024%29.jpg;CC BY-SA 4.0;day
images/real/real_8fbd4908e6.jpg;PK90377;type1b;1080.7,669.6,72.5,20.1;1080.7,671.9,1150.8,669.6,1153.2,685.6,1082.0,689.7;1;0;https://commons.wikimedia.org/wiki/File%3ABus_160443_on_route_%D0%BC78_near_Krasnogvardeyskaya_%2805.10.2024%29.jpg;CC BY-SA 4.0;day
images/real/real_2ae4a45aff.jpg;OY95577;type1b;451.3,645.3,49.1,12.2;452.2,645.3,500.4,647.9,500.2,657.6,451.3,655.0;1;0;https://commons.wikimedia.org/wiki/File%3ABus_160469_on_route_%D1%81710_near_BUM_in_Moscow_%2815.09.2024%29.jpg;CC BY-SA 4.0;day,motion_blur
images/real/real_f29d3b3944.jpg;OY66277;type1b;1014.9,715.8,119.8,40.8;1014.9,728.8,1131.2,715.8,1134.7,744.5,1015.8,756.6;1;0;https://commons.wikimedia.org/wiki/File%3ABus_160487_on_Moscow_route_864_near_Borisovo_metro_station_%2810.02.2024%29.jpg;CC BY-SA 4.0;day
images/real/real_65b10741c7.jpg;OY95077;type1b;851.2,832.1,125.5,34.2;852.2,838.0,975.2,832.1,976.7,860.8,851.2,866.2;1;0;https://commons.wikimedia.org/wiki/File%3ABus_160541_on_Moscow_route_838_near_MIFI_stop_%2809.03.2024%29.jpg;CC BY-SA 4.0;day
images/real/real_8e45aa051f.jpg;HT12477;type1b;411.2,618.8,49.2,11.8;412.0,619.3,460.0,618.8,460.4,628.2,411.2,630.6;1;0;https://commons.wikimedia.org/wiki/File%3ABus_163073_on_route_708_on_Brateyevskaya_Street_in_Moscow_%2805.10.2024%29.jpg;CC BY-SA 4.0;day
images/real/real_7e136f8f11.jpg;HT04477;type1b;551.7,870.4,154.5,49.1;557.8,870.4,706.2,884.3,697.8,919.5,551.7,902.3;1;0;https://commons.wikimedia.org/wiki/File%3ABus_5040375_on_route_%D1%81797_on_Alma-Atinskaya_street_in_Moscow_%2809.07.2024%29.jpg;CC BY-SA 4.0;angle,day
images/real/real_9d5b89c4b6.jpg;E023HB45;type1;1249.9,504.2,74.2,77.7;1249.9,539.8,1320.5,504.2,1324.2,548.9,1255.8,581.9;1;0;https://commons.wikimedia.org/wiki/File%3ABuseto_RAF_220301_en_Tjumeno_01.jpg;CC BY 4.0;angle,day
images/real/real_86906ad3de.jpg;E023HB45;type1;1247.8,509.3,76.2,74.8;1247.8,546.6,1319.6,509.3,1324.0,548.8,1254.1,584.2;1;0;https://commons.wikimedia.org/wiki/File%3ABuseto_RAF_220301_en_Tjumeno_02.jpg;CC BY 4.0;angle,day
images/real/real_c8f6c4dc96.jpg;AB88072;type1b;875.6,663.8,51.2,21.3;875.6,670.9,924.6,663.8,926.7,677.7,877.7,685.2;1;0;https://commons.wikimedia.org/wiki/File%3ABuso_kaj_fajrobrigada_kamiono_%C4%89e_bushaltejo_en_strato_Respubliko_%28Tjumeno%29.jpg;CC BY 4.0;day
images/real/real_83152800e3.jpg;KA24450;type1b;395.8,871.4,123.3,34.5;396.3,876.2,519.2,871.4,518.0,905.9,395.8,904.2;1;0;https://commons.wikimedia.org/wiki/File%3ACherusti_settlement_bus_%D0%9A%D0%9024450_2024-10_1729348432_Cherusti_LiAZ-5292.tif;CC BY 4.0;day
images/real/real_55011b1d5c.jpg;X267OM790;type1;779.2,792.5,85.2,25.9;779.2,801.7,864.4,792.5,862.4,813.4,780.3,818.4;1;0;https://commons.wikimedia.org/wiki/File%3ADzerzhinsky_bus_%D0%A5267%D0%9E%D0%9C790_2024-11_1731252340_Ugreshskaya_Street_LiAZ-5250.tif;CC BY 4.0;angle,day
images/real/real_37d3edcef3.jpg;X186KT71;type1;1338.4,614.0,49.9,31.1;1339.3,615.8,1388.3,614.0,1386.8,643.6,1338.4,645.1;1;0;https://commons.wikimedia.org/wiki/File%3AEfremov_-_2026_-_Blue_Haval_-_Sverdlov%2C_Gogol_Street1.jpg;CC BY 4.0;day
images/real/real_31a739e91e.jpg;X379OC790;type1;718.2,799.9,36.2,11.6;718.5,802.8,754.1,799.9,754.4,807.8,718.2,811.5;1;0;https://commons.wikimedia.org/wiki/File%3AElektrostal_bus_%D0%A5379%D0%9E%D0%A1790_2024-09_1727620442_Tevosyana_Street_NefAZ-5299-40.tif;CC BY 4.0;day
images/real/real_1032ff9a06.jpg;X470OC790;type1;1012.5,796.1,51.5,11.8;1013.5,796.1,1063.6,796.1,1064.0,806.9,1012.5,807.8;1;0;https://commons.wikimedia.org/wiki/File%3AElektrostal_bus_%D0%A5470%D0%9E%D0%A1790_2024-09_1727611889_Sovetskaya_Street_NefAZ-5299-40.tif;CC BY 4.0;day
images/real/real_fe0f00e3fb.jpg;C765HY42;type1;1239.4,819.1,210.4,163.3;1239.4,891.0,1441.8,819.1,1449.8,908.8,1250.9,982.3;1;0;https://commons.wikimedia.org/wiki/File%3AGAZ-67_IMG_150016.jpg;CC0;angle,day
images/real/real_408183ffb2.jpg;H794MO152;type1;343.0,835.2,72.8,23.8;343.3,841.6,415.8,835.2,414.8,854.6,343.0,859.0;1;0;https://commons.wikimedia.org/wiki/File%3AGatchina-20240312_PAZ-320302-08_9274_and_9252_Route-535.jpg;CC0;day
images/real/real_45ae987da4.jpg;P639EE198;type1;839.2,786.3,75.4,23.6;839.2,791.4,914.6,786.3,911.9,806.5,839.2,809.9;1;0;https://commons.wikimedia.org/wiki/File%3AGatchina-20240604_Volgabus-4298.G4_11459_Route-107.jpg;CC0;angle,day
images/real/real_6c1f4b70fe.jpg;A472XP750;type1;984.9,728.0,58.2,22.5;985.8,733.2,1043.1,728.0,1042.0,746.7,984.9,750.5;1;0;https://commons.wikimedia.org/wiki/File%3AGolden_Dragon_XML6127CN_%D0%9A%D0%9F%D0%93_%D0%9C%D0%A2%D0%90_%D1%83_%D0%BC%D0%B5%D1%82%D1%80%D0%BE_%D0%94%D0%BE%D0%BC%D0%BE%D0%B4%D0%B5%D0%B4%D0%BE%D0%B2%D1%81%D0%BA%D0%B0%D1%8F.jpg;CC BY-SA 4.0;angle,day
images/real/real_040053bc7c.jpg;EO71950;type1b;776.3,795.2,66.6,14.7;776.7,796.2,842.9,795.2,842.9,808.4,776.3,809.8;1;0;https://commons.wikimedia.org/wiki/File%3AIstra_bus_719_2024-06_1718555608_Lenin_street_LiAZ-5292.JPG;CC BY 4.0;day
images/real/real_2de7f997bb.jpg;B872HT27;type1;162.5,792.6,43.2,11.8;163.2,795.1,205.4,792.6,205.7,801.3,162.5,804.3;1;0;https://commons.wikimedia.org/wiki/File%3AKhabarovsk_trolleybus_278_2024-08_1724691600_Amursky_boulevard_MAZ-203T70_87.jpg;CC BY 4.0;angle,day
images/real/real_83079fc363.jpg;KA62350;type1b;600.0,827.0,87.8,24.3;600.8,830.6,685.3,827.0,687.8,846.6,600.0,851.3;1;0;https://commons.wikimedia.org/wiki/File%3AKratovo_settlement_bus_%D0%BA%D0%B0623_2024-05_1714570418_Igumnovo_LiAZ-5292.jpg;CC BY 4.0;day
images/real/real_65ade0884c.jpg;KA62350;type1b;879.4,811.2,82.2,17.3;879.4,811.2,961.6,812.0,961.3,828.5,879.7,826.8;1;0;https://commons.wikimedia.org/wiki/File%3AKratovo_settlement_bus_%D0%BA%D0%B0623_2024-05_1714570425_Igumnovo_LiAZ-5292.jpg;CC BY 4.0;day
images/real/real_c8d1b28927.jpg;M835PK790;type1;879.3,832.5,44.8,10.4;879.8,833.2,923.6,832.5,924.2,842.9,879.3,842.4;1;0;https://commons.wikimedia.org/wiki/File%3AKratovo_settlement_bus_%D0%BC835%D1%80%D0%BA790_2024-05_1714568594_Igumnovo_NEFAZ-5299.jpg;CC BY 4.0;day
images/real/real_b70a2a9a7d.jpg;M835PK790;type1;623.1,859.9,103.6,28.3;625.0,864.8,725.7,859.9,726.7,885.0,623.1,888.2;1;0;https://commons.wikimedia.org/wiki/File%3AKratovo_settlement_bus_%D0%BC835%D1%80%D0%BA790_2024-05_1714568597_Igumnovo_NEFAZ-5299.jpg;CC BY 4.0;day
images/real/real_0bf75d4eb9.jpg;M835PK790;type1;1056.7,802.5,77.2,22.0;1058.6,805.8,1132.9,802.5,1133.9,821.9,1056.7,824.5;1;0;https://commons.wikimedia.org/wiki/File%3AKratovo_settlement_bus_%D0%BC835%D1%80%D0%BA790_2024-05_1714568603_Igumnovo_NEFAZ-5299.jpg;CC BY 4.0;angle,day
images/real/real_c86c9406dc.jpg;E597KM48;type1;888.8,544.6,94.4,23.9;890.8,546.1,983.2,544.6,981.2,568.5,888.8,566.6;1;0;https://commons.wikimedia.org/wiki/File%3ALada_Niva_2121_in_Efremov%2C_Russia1.jpg;CC BY 4.0;day,glare
images/real/real_aea71c17cd.jpg;E597KM48;type1;687.5,828.5,219.6,56.2;691.0,836.7,907.1,828.5,904.1,880.1,687.5,884.7;1;0;https://commons.wikimedia.org/wiki/File%3ALada_Niva_2121_in_Efremov%2C_Russia.jpg;CC BY 4.0;day,glare
images/real/real_aa0395154e.jpg;T062AB198;type1;1071.8,776.7,84.2,36.8;1072.3,788.1,1154.5,776.7,1156.0,805.0,1071.8,813.5;1;0;https://commons.wikimedia.org/wiki/File%3ALiAZ_5292.65-7146_SPB.jpg;CC BY-SA 4.0;angle,day,glare
images/real/real_dee88e23d7.jpg;M177BC177;type1;264.0,502.3,107.5,91.8;274.7,502.3,371.5,540.2,358.3,594.2,264.0,550.2;1;0;https://commons.wikimedia.org/wiki/File%3ALotus_Eletre_in_Moscow_2025.jpg;CC BY 4.0;angle,day
images/real/real_a61d921ab4.jpg;Y397OY790;type1;533.2,736.6,89.0,25.7;533.8,741.7,622.2,736.6,619.8,760.2,533.2,762.2;1;0;https://commons.wikimedia.org/wiki/File%3AMaryino_District_bus_%D0%A3397%D0%9E%D0%A3790_2024-11_1731232546_Pererva_Street_GAZ_Gazelle_NEXT.tif;CC BY 4.0;angle,day
images/real/real_8ecad50a60.jpg;A369MP97;type1;1325.8,913.9,35.2,10.8;1325.8,917.0,1360.0,913.9,1361.0,921.3,1326.1,924.7;1;0;https://commons.wikimedia.org/wiki/File%3AMoscow_-_2025_-_Building_of_the_Council_of_Labor_and_Defense1.jpg;CC BY 4.0;day,dirt
images/real/real_1c9cf6326b.jpg;A369MP97;type1;1323.8,1132.4,47.0,13.4;1323.8,1136.8,1369.2,1132.4,1370.8,1141.2,1324.8,1145.8;1;0;https://commons.wikimedia.org/wiki/File%3AMoscow_-_2025_-_Building_of_the_Council_of_Labor_and_Defense.jpg;CC BY 4.0;day,dirt
images/real/real_deedb6d18a.jpg;K777YM98;type1;103.5,746.0,36.8,11.2;104.3,749.1,139.8,746.0,140.2,753.7,103.5,757.2;1;0;https://commons.wikimedia.org/wiki/File%3AMoscow_-_2025_-_Lenin_Library1.jpg;CC BY 4.0;angle,day
images/real/real_51d0c9eb37.jpg;T888TH197;type1;293.6,1070.9,89.8,33.8;296.0,1070.9,383.4,1074.5,382.0,1104.7,293.6,1097.6;1;0;https://commons.wikimedia.org/wiki/File%3AMoscow_-_2025_-_Porsche_911_-_Mokhovaya_Street.jpg;CC BY 4.0;day
images/real/real_51d0c9eb37.jpg;M776BC550;type1;1413.5,787.7,54.8,14.5;1413.5,787.7,1467.7,788.2,1468.3,802.2,1413.8,801.7;1;0;https://commons.wikimedia.org/wiki/File%3AMoscow_-_2025_-_Porsche_911_-_Mokhovaya_Street.jpg;CC BY 4.0;day,glare
images/real/real_80f9ad2c80.jpg;B680XO799;type1;516.2,914.7,67.2,17.7;516.2,919.7,582.4,914.7,583.3,927.7,516.6,932.4;1;0;https://commons.wikimedia.org/wiki/File%3AMoscow_-_2025_-_Residential_complex_Eco_Bunino.jpg;CC BY 4.0;day
images/real/real_80f9ad2c80.jpg;K577TX797;type1;820.2,892.0,49.1,13.2;820.4,894.8,868.8,892.0,869.3,902.2,820.2,905.2;1;0;https://commons.wikimedia.org/wiki/File%3AMoscow_-_2025_-_Residential_complex_Eco_Bunino.jpg;CC BY 4.0;day
images/real/real_fade36f2ed.jpg;A385990;other;1383.3,1153.0,42.9,11.8;1383.4,1153.0,1426.2,1153.7,1425.2,1164.8,1383.3,1163.4;1;0;https://commons.wikimedia.org/wiki/File%3AMoscow_-_2025_-_State_Art_Gallery_of_Alexander_Shilov_%28facade%29.jpg;CC BY 4.0;day,dirt
images/real/real_b7f8c63b13.jpg;B111BB177;type1;360.9,764.4,229.4,67.3;363.2,764.4,590.3,764.7,585.2,831.7,360.9,826.9;1;0;https://commons.wikimedia.org/wiki/File%3AMoscow_-_2026-6_-_Mercedes-AMG_G_63.jpg;CC BY 4.0;day
images/real/real_fd40da7306.jpg;P380OC799;type1;1342.2,586.1,147.8,72.1;1342.2,615.5,1482.7,586.1,1489.9,630.1,1346.8,658.2;1;0;https://commons.wikimedia.org/wiki/File%3AMoscow_-_2026_-_Audi_A3_on_Zatonnaya_street.jpg;CC BY 4.0;day
images/real/real_fd40da7306.jpg;M088XK67;type1;3.7,303.7,143.1,43.8;6.2,313.1,145.7,303.7,146.8,340.4,3.7,347.5;1;0;https://commons.wikimedia.org/wiki/File%3AMoscow_-_2026_-_Audi_A3_on_Zatonnaya_street.jpg;CC BY 4.0;angle,day
images/real/real_c0625339fa.jpg;P790PO797;type1;282.2,706.9,249.7,68.6;287.1,706.9,531.9,712.1,528.9,775.5,282.2,768.5;1;0;https://commons.wikimedia.org/wiki/File%3AMoscow_-_2026_-_Avatr_12.jpg;CC BY 4.0;day
images/real/real_3aecf3acb3.jpg;H349AT977;type1;237.2,487.4,148.7,45.7;239.6,487.4,385.9,492.0,382.4,533.2,237.2,524.9;1;0;https://commons.wikimedia.org/wiki/File%3AMoscow_-_2026_-_Blue_EXEED.jpg;CC BY 4.0;day
images/real/real_825cc8c8ce.jpg;9242HA77;other;756.2,643.2,98.2,70.6;761.2,643.2,854.4,647.8,853.1,713.8,756.2,710.2;1;0;https://commons.wikimedia.org/wiki/File%3AMoscow_-_2026_-_Bobcat_S530_Loader.jpg;CC BY 4.0;day,glare
images/real/real_4f5d54b1af.jpg;P790PO797;type1;456.3,708.6,163.1,36.5;460.5,708.6,619.4,709.5,619.1,745.1,456.3,743.1;1;0;https://commons.wikimedia.org/wiki/File%3AMoscow_-_2026_-_Busy_street_scene_at_Blagoveshchensky_Lane.jpg;CC BY 4.0;day
images/real/real_d8715b8000.jpg;K937BX97;type1;1407.5,525.2,104.7,101.0;1407.5,556.1,1505.2,525.2,1512.2,596.4,1417.1,626.2;1;0;https://commons.wikimedia.org/wiki/File%3AMoscow_-_2026_-_Geely_Coolray_compact_crossover.jpg;CC BY 4.0;angle,day
images/real/real_da63ea1322.jpg;P636PO716;type1;78.8,526.0,114.2,29.7;80.3,530.6,193.1,526.0,192.0,554.7,78.8,555.7;1;0;https://commons.wikimedia.org/wiki/File%3AMoscow_-_2026_-_Hongqi_HS5_on_Bolotnaya_Embankment1.jpg;CC BY 4.0;day
images/real/real_da63ea1322.jpg;M756YP790;type1;984.0,524.2,131.8,37.3;986.2,530.4,1113.8,524.2,1115.8,557.9,984.0,561.6;1;0;https://commons.wikimedia.org/wiki/File%3AMoscow_-_2026_-_Hongqi_HS5_on_Bolotnaya_Embankment1.jpg;CC BY 4.0;day
images/real/real_02aa926660.jpg;M756YP790;type1;933.7,519.8,83.8,29.1;934.7,525.3,1015.2,519.8,1017.5,542.3,933.7,548.8;1;0;https://commons.wikimedia.org/wiki/File%3AMoscow_-_2026_-_Hongqi_HS5_on_Bolotnaya_Embankment.jpg;CC BY 4.0;day
images/real/real_02aa926660.jpg;P636PO716;type1;384.8,526.1,68.5,19.7;384.8,529.9,451.5,526.1,453.3,541.6,385.1,545.8;1;0;https://commons.wikimedia.org/wiki/File%3AMoscow_-_2026_-_Hongqi_HS5_on_Bolotnaya_Embankment.jpg;CC BY 4.0;day
images/real/real_feadfa5057.jpg;K414EC977;type1;1385.3,641.3,113.7,59.1;1385.3,657.3,1493.9,641.3,1499.0,685.2,1388.0,700.4;1;0;https://commons.wikimedia.org/wiki/File%3AMoscow_-_2026_-_MINI_Cooper_S_E.jpg;CC BY 4.0;day
images/real/real_9ec48b67ee.jpg;M249EM977;type1;1245.8,666.1,154.6,58.1;1245.8,681.0,1393.9,666.1,1400.4,710.6,1249.7,724.2;1;0;https://commons.wikimedia.org/wiki/File%3AMoscow_-_2026_-_Porsche_at_Serafimovich_street.jpg;CC BY 4.0;day,glare
images/real/real_9ec48b67ee.jpg;M001OH77;type1;30.4,478.5,133.6,41.0;30.4,489.2,162.1,478.5,164.0,511.3,31.8,519.5;1;0;https://commons.wikimedia.org/wiki/File%3AMoscow_-_2026_-_Porsche_at_Serafimovich_street.jpg;CC BY 4.0;day,glare
images/real/real_9ec48b67ee.jpg;E044KT797;type1;1417.2,493.3,108.0,35.8;1417.7,498.2,1524.2,493.3,1525.2,524.8,1417.2,529.1;1;0;https://commons.wikimedia.org/wiki/File%3AMoscow_-_2026_-_Porsche_at_Serafimovich_street.jpg;CC BY 4.0;day,glare
images/real/real_1e87308853.jpg;T855BO977;type1;143.8,604.2,54.4,18.4;144.8,604.2,198.1,611.1,198.2,622.6,143.8,617.3;1;0;https://commons.wikimedia.org/wiki/File%3AMoscow_-_2026_-_Sofiyskaya_Embankment_from_the_Bolshoy_Kamenny_Bridge1.jpg;CC BY 4.0;day
images/real/real_1e87308853.jpg;X047HO37;type1;241.2,872.2,76.2,18.2;241.2,872.2,316.8,875.2,317.3,890.4,241.6,888.9;1;0;https://commons.wikimedia.org/wiki/File%3AMoscow_-_2026_-_Sofiyskaya_Embankment_from_the_Bolshoy_Kamenny_Bridge1.jpg;CC BY 4.0;day
images/real/real_f13a0bc8fc.jpg;K362HH977;type1;1147.6,664.8,222.7,78.6;1150.0,691.7,1370.1,664.8,1370.2,721.0,1147.6,743.3;1;0;https://commons.wikimedia.org/wiki/File%3AMoscow_-_2026_-_Taxi_at_Rechnikov_Street.jpg;CC BY 4.0;angle,day,glare
images/real/real_301f1cc340.jpg;C366MM04;type1;796.8,813.0,190.7,49.8;797.8,822.5,987.5,813.0,986.7,856.2,796.8,862.8;1;0;https://commons.wikimedia.org/wiki/File%3AMoscow_-_2026_-_Truck_carrying_bricks_near_the_House_on_Embankment.jpg;CC BY 4.0;day
images/real/real_b14f8c9a92.jpg;B128MC67;type1;1099.8,696.8,227.7,62.0;1101.8,706.2,1326.2,696.8,1327.6,750.8,1099.8,758.8;1;0;https://commons.wikimedia.org/wiki/File%3AMoscow_-_2026_-_Volga_car_at_Rechnikov_Street1.jpg;CC BY 4.0;day
images/real/real_806fbda4ef.jpg;B128MC67;type1;1054.7,711.7,172.5,44.0;1054.7,718.5,1227.2,711.7,1225.4,752.7,1054.9,755.8;1;0;https://commons.wikimedia.org/wiki/File%3AMoscow_-_2026_-_Volga_car_at_Rechnikov_Street.jpg;CC BY 4.0;day
images/real/real_6a49085226.jpg;O321OE799;type1;1093.6,1005.0,47.4,14.8;1094.6,1007.4,1141.0,1005.0,1139.9,1018.3,1093.6,1019.8;1;0;https://commons.wikimedia.org/wiki/File%3AMoscow_-_Bolotnaya_Embankment_8-2024.jpg;CC BY 4.0;day
images/real/real_000f2b084a.jpg;H279PP799;type1;1169.8,634.0,206.2,87.6;1169.8,666.9,1375.2,634.0,1376.0,692.7,1173.2,721.6;1;0;https://commons.wikimedia.org/wiki/File%3AMoscow_-_July_2026_-_Hyundai_Elantra_near_the_Rosa_Eynema_Museum1.jpg;CC BY 4.0;angle,day,dirt
images/real/real_6f3a672910.jpg;Y254TB797;type1;1271.3,433.1,147.0,69.3;1271.3,455.8,1413.0,433.1,1418.3,480.9,1274.1,502.4;1;0;https://commons.wikimedia.org/wiki/File%3AMoscow_-_June_2026_-_Belgee_X50_1.jpg;CC BY 4.0;day
images/real/real_6f3a672910.jpg;B129YX797;type1;0.2,383.6,130.2,35.8;3.4,390.2,130.4,383.6,129.6,415.8,0.2,419.3;1;0;https://commons.wikimedia.org/wiki/File%3AMoscow_-_June_2026_-_Belgee_X50_1.jpg;CC BY 4.0;angle,day,dirt
images/real/real_7685c5c88f.jpg;Y254TB797;type1;1176.2,534.7,115.8,52.8;1176.2,546.5,1291.0,534.7,1292.0,580.2,1176.9,587.5;1;0;https://commons.wikimedia.org/wiki/File%3AMoscow_-_June_2026_-_Belgee_X50_2.jpg;CC BY 4.0;day
images/real/real_7685c5c88f.jpg;B129YX797;type1;150.2,498.2,105.6,27.8;151.5,502.8,255.7,498.2,254.7,522.5,150.2,526.0;1;0;https://commons.wikimedia.org/wiki/File%3AMoscow_-_June_2026_-_Belgee_X50_2.jpg;CC BY 4.0;day,dirt
images/real/real_baf526a37b.jpg;C406YY797;type1;246.3,776.6,220.7,81.7;251.5,776.6,467.1,787.4,456.0,858.2,246.3,837.3;1;0;https://commons.wikimedia.org/wiki/File%3AMoscow_-_June_2026_-_White_Moskvich_3_crossover_in_bright_sunlight1.jpg;CC BY 4.0;day,glare
images/real/real_82009c31f7.jpg;C406YY797;type1;426.0,703.5,189.2,63.2;431.2,703.5,615.2,715.2,609.9,766.7,426.0,747.8;1;0;https://commons.wikimedia.org/wiki/File%3AMoscow_-_June_2026_-_White_Moskvich_3_crossover_in_bright_sunlight.jpg;CC BY 4.0;day,glare
images/real/real_17e01077a4.jpg;B499TY797;type1;110.4,661.4,185.8,107.4;121.8,661.4,296.2,709.8,285.9,768.8,110.4,720.5;1;0;https://commons.wikimedia.org/wiki/File%3AMoscow_-_June_2026_-_White_Tenet_T4_in_bright_sunlight2.jpg;CC BY 4.0;day,glare
images/real/real_7fe92e6154.jpg;B499TY797;type1;156.6,721.8,144.2,82.2;166.8,721.8,300.8,754.7,293.4,804.0,156.6,766.0;1;0;https://commons.wikimedia.org/wiki/File%3AMoscow_-_June_2026_-_White_Tenet_T4_in_bright_sunlight.jpg;CC BY 4.0;day,glare
images/real/real_f5f80f200c.jpg;P439AT797;type1;246.9,564.9,93.2,22.8;249.1,567.7,340.1,564.9,339.4,587.8,246.9,587.4;1;0;https://commons.wikimedia.org/wiki/File%3AMoscow_-_June_2026_-_Yellow_KIA_Taxi1.jpg;CC BY 4.0;angle,day,glare
images/real/real_f5f80f200c.jpg;A904HM62;type1;716.0,591.2,115.1,27.3;718.4,591.5,831.1,591.2,829.8,618.5,716.0,616.8;1;0;https://commons.wikimedia.org/wiki/File%3AMoscow_-_June_2026_-_Yellow_KIA_Taxi1.jpg;CC BY 4.0;day
images/real/real_f5f80f200c.jpg;B010EC54;type1;1206.1,508.0,85.2,21.2;1206.7,512.2,1291.2,508.0,1289.5,528.3,1206.1,529.2;1;0;https://commons.wikimedia.org/wiki/File%3AMoscow_-_June_2026_-_Yellow_KIA_Taxi1.jpg;CC BY 4.0;day,glare
images/real/real_f5f80f200c.jpg;C367YA797;type1;1491.5,535.7,106.6,28.3;1495.0,539.4,1598.1,535.7,1597.4,562.9,1491.5,564.0;1;0;https://commons.wikimedia.org/wiki/File%3AMoscow_-_June_2026_-_Yellow_KIA_Taxi1.jpg;CC BY 4.0;angle,day
images/real/real_9348f332f3.jpg;E805TE33;type1;776.4,710.6,377.9,102.4;776.4,727.2,1152.2,710.6,1154.3,801.3,785.6,813.0;1;0;https://commons.wikimedia.org/wiki/File%3AMoscow_-_Lada_1500_2024-8.jpg;CC BY 4.0;day
images/real/real_ae43adf118.jpg;H799BC799;type1;136.8,495.2,212.6,76.8;145.0,495.2,349.3,511.7,344.4,572.1,136.8,550.6;1;0;https://commons.wikimedia.org/wiki/File%3AMoscow_-_Red_Audi_on_Rechnikov_Street.jpg;CC BY 4.0;day
images/real/real_ae43adf118.jpg;P382HB799;type1;61.3,260.2,66.4,19.8;63.2,263.0,127.8,260.2,126.5,278.6,61.3,280.0;1;0;https://commons.wikimedia.org/wiki/File%3AMoscow_-_Red_Audi_on_Rechnikov_Street.jpg;CC BY 4.0;angle,day
images/real/real_98f5424669.jpg;H551AO550;type1;1320.7,667.8,103.4,54.9;1320.7,685.9,1420.5,667.8,1424.1,709.0,1324.1,722.8;1;0;https://commons.wikimedia.org/wiki/File%3AMoscow_-_Zeekr_001_-_2025-9_1.jpg;CC BY 4.0;day,glare
images/real/real_9c8ef02ee4.jpg;H551AO550;type1;1399.7,546.6,116.5,64.1;1399.7,569.9,1513.7,546.6,1516.2,591.7,1401.8,610.7;1;0;https://commons.wikimedia.org/wiki/File%3AMoscow_-_Zeekr_001_-_2025-9.jpg;CC BY 4.0;angle,day,glare
images/real/real_9f83f32580.jpg;O609XK799;type1;641.3,709.5,353.3,79.9;643.2,718.1,994.7,709.5,986.2,789.4,641.3,789.3;1;0;https://commons.wikimedia.org/wiki/File%3AMoscow%2C_1st-gen_Opel_Grandland%2C_April_2025_01.jpg;CC0;day
images/real/real_66fb0e9ce5.jpg;Y404CY797;type1;879.3,1477.9,82.5,18.6;879.3,1480.8,960.8,1477.9,961.8,1495.4,880.1,1496.5;1;0;https://commons.wikimedia.org/wiki/File%3AMoscow%2C_1st_Derbenyovsky_Lane%2C_Opus_building_construction%2C_July_2025_02.jpg;CC0;day
images/real/real_571f49aec4.jpg;K333BT134;type1;211.2,1394.7,34.5,9.8;211.6,1397.0,245.7,1394.7,245.5,1401.9,211.2,1404.6;1;0;https://commons.wikimedia.org/wiki/File%3AMoscow%2C_1st_Nagatinsky_10%2C_Newton_Plaza_buildings%2C_June_2025_02.jpg;CC0;day
images/real/real_f3e58422c5.jpg;A219TM799;type1;92.5,1316.2,86.1,24.1;95.3,1316.2,178.5,1318.9,177.8,1340.2,92.5,1337.3;1;0;https://commons.wikimedia.org/wiki/File%3AMoscow%2C_1st_Nagatinsky_10%2C_Newton_Plaza_buildings%2C_June_2025_13.jpg;CC0;day
images/real/real_e999140774.jpg;P876PC799;type1;517.3,1160.6,45.5,11.6;517.3,1160.6,562.6,1161.7,562.8,1172.2,517.4,1172.0;1;0;https://commons.wikimedia.org/wiki/File%3AMoscow%2C_1st_Nagatinsky_10%2C_Newton_Plaza_buildings%2C_June_2025_15.jpg;CC0;day
images/real/real_e999140774.jpg;B155YM799;type1;96.5,1169.5,67.7,18.2;98.3,1171.2,164.2,1169.5,164.3,1185.6,96.5,1187.8;1;0;https://commons.wikimedia.org/wiki/File%3AMoscow%2C_1st_Nagatinsky_10%2C_Newton_Plaza_buildings%2C_June_2025_15.jpg;CC0;angle,day
images/real/real_01b70700c8.jpg;M458KX977;type1;1319.4,1279.2,81.2,34.4;1319.4,1286.8,1399.3,1279.2,1400.6,1307.2,1319.4,1313.6;1;0;https://commons.wikimedia.org/wiki/File%3AMoscow%2C_1st_Nagatinsky_14_June_2025_08.jpg;CC0;day
images/real/real_01b70700c8.jpg;O288YT799;type1;476.1,1176.8,76.1,18.9;478.5,1178.0,552.2,1176.8,551.5,1195.8,476.1,1195.8;1;0;https://commons.wikimedia.org/wiki/File%3AMoscow%2C_1st_Nagatinsky_14_June_2025_08.jpg;CC0;angle,day
images/real/real_3763567e4c.jpg;A606MY799;type1;523.1,1163.0,49.8,17.8;523.1,1167.4,572.9,1163.0,572.9,1177.0,523.3,1180.7;1;0;https://commons.wikimedia.org/wiki/File%3AMoscow%2C_1st_Nagatinsky_14_June_2025_16.jpg;CC0;day
images/real/real_1f99deee04.jpg;M469EY197;type1;111.4,916.0,90.3,22.0;113.1,916.2,201.8,916.0,199.1,938.0,111.4,935.8;1;0;https://commons.wikimedia.org/wiki/File%3AMoscow%2C_1st_Nagatinsky_15%2C_SkyFort_buildings%2C_June_2025_07.jpg;CC0;day
images/real/real_cdf9e70de4.jpg;K257EB977;type1;751.7,1185.5,95.8,22.6;754.1,1185.5,847.5,1185.8,845.8,1208.2,751.7,1205.1;1;0;https://commons.wikimedia.org/wiki/File%3AMoscow%2C_1st_Nagatinsky_15%2C_SkyFort_buildings%2C_June_2025_08.jpg;CC0;day
images/real/real_14ff9ca317.jpg;B400BM197;type1;319.6,1317.9,159.6,34.7;323.1,1317.9,479.0,1318.9,479.2,1352.6,319.6,1350.8;1;0;https://commons.wikimedia.org/wiki/File%3AMoscow%2C_1st_Nagatinsky_15%2C_SkyFort_buildings%2C_June_2025_12.jpg;CC0;day
images/real/real_370cffc2d4.jpg;B400BM197;type1;367.8,564.8,263.4,59.7;373.2,564.8,631.2,566.2,621.2,624.5,367.8,615.7;1;0;https://commons.wikimedia.org/wiki/File%3AMoscow%2C_1st_Nagatinsky_15%2C_SkyFort_buildings%2C_June_2025_12_%28cropped_Avatr_11%29.jpg;CC0;angle,day
images/real/real_e5036e4427.jpg;E456CE799;type1;565.9,1408.6,150.3,44.6;569.8,1419.5,715.9,1408.6,716.3,1445.2,565.9,1453.2;1;0;https://commons.wikimedia.org/wiki/File%3AMoscow%2C_1st_Neopalimovsky_Lane_16-13_June_2025_01.jpg;CC0;angle,day
images/real/real_dd87c909f6.jpg;C470XC799;type1;1364.7,369.4,125.8,124.8;1364.7,430.5,1475.2,369.4,1490.5,420.2,1377.8,494.2;1;0;https://commons.wikimedia.org/wiki/File%3AMoscow%2C_1st_Neopalimovsky_Lane%2C_Dongfeng_Fengon_ix7_SUV%2C_June_2025_01.jpg;CC0;angle,day
images/real/real_4e608f702a.jpg;C470XC799;type1;454.4,803.9,105.4,69.1;458.4,808.2,559.8,803.9,558.1,873.0,454.4,869.2;1;0;https://commons.wikimedia.org/wiki/File%3AMoscow%2C_1st_Neopalimovsky_Lane%2C_Dongfeng_Fengon_ix7_SUV%2C_June_2025_02.jpg;CC0;day
images/real/real_d5fc84979a.jpg;T239199;other;1351.2,565.5,93.7,32.0;1354.0,570.6,1444.8,565.5,1442.7,594.6,1351.2,597.5;1;0;https://commons.wikimedia.org/wiki/File%3AMoscow_2025-08-10_bicycle_race%2C_police_and_ambulances_01.jpg;CC0;angle,day,glare
images/real/real_d7e2c42e52.jpg;X547EP797;type1;1047.8,797.9,171.2,42.8;1048.9,804.4,1217.2,797.9,1219.0,835.3,1047.8,840.7;1;0;https://commons.wikimedia.org/wiki/File%3AMoscow_2025-08-10_bicycle_race%2C_police_and_ambulances_03.jpg;CC0;day
images/real/real_80621d1c5a.jpg;K593BK977;type1;1238.8,820.2,164.2,42.6;1239.6,824.3,1402.9,820.2,1402.8,862.8,1238.8,862.8;1;0;https://commons.wikimedia.org/wiki/File%3AMoscow_2025-08-10_bicycle_race%2C_police_and_ambulances_04.jpg;CC0;day,glare
images/real/real_80621d1c5a.jpg;X547EP797;type1;0.9,910.5,196.0,49.7;3.4,917.1,196.9,910.5,196.7,956.4,0.9,960.2;1;0;https://commons.wikimedia.org/wiki/File%3AMoscow_2025-08-10_bicycle_race%2C_police_and_ambulances_04.jpg;CC0;day
images/real/real_ca5edc26dc.jpg;A313499;other;871.7,707.7,162.8,39.1;874.6,707.7,1034.5,707.8,1033.0,746.7,871.7,742.3;1;0;https://commons.wikimedia.org/wiki/File%3AMoscow_2025-08-10_bicycle_race%2C_police_and_ambulances_08.jpg;CC0;day,glare
images/real/real_40cc3ee81b.jpg;O435MC799;type1;235.9,674.8,123.6,36.5;240.7,674.8,359.5,680.8,356.5,711.2,235.9,702.1;1;0;https://commons.wikimedia.org/wiki/File%3AMoscow_2025-08-10_bicycle_race%2C_roadblocks_04.jpg;CC0;day
images/real/real_40cc3ee81b.jpg;P500YM799;type1;1112.2,639.3,77.4,21.5;1112.2,639.3,1188.6,642.3,1189.6,660.8,1112.2,658.1;1;0;https://commons.wikimedia.org/wiki/File%3AMoscow_2025-08-10_bicycle_race%2C_roadblocks_04.jpg;CC0;day
images/real/real_6d72f3dcc6.jpg;A355399;other;245.1,879.3,146.8,32.8;248.2,881.9,390.7,879.3,391.9,912.1,245.1,911.8;1;0;https://commons.wikimedia.org/wiki/File%3AMoscow_2025-08-10_bicycle_race%2C_roadblocks_05.jpg;CC0;day
images/real/real_787156c9a5.jpg;B588CX797;type1;174.7,592.4,264.9,97.7;187.4,592.4,439.6,618.4,432.2,690.1,174.7,659.7;1;0;https://commons.wikimedia.org/wiki/File%3AMoscow%2C_2nd_Avtozavodsky_Proezd%2C_Belgee_X70%2C_June_2025_01.jpg;CC0;day
images/real/real_6fe8115ef9.jpg;C419MX777;type1;347.5,660.8,141.2,62.1;347.5,691.5,486.4,660.8,488.8,695.2,347.9,722.8;1;0;https://commons.wikimedia.org/wiki/File%3AMoscow%2C_2nd_Nagatinsky_Proezd%2C_garage_workshops%2C_June_2025_01.jpg;CC0;angle,day,glare
images/real/real_124c7db2eb.jpg;C419MX777;type1;896.1,681.4,205.5,121.1;896.1,750.3,1086.8,681.4,1101.6,728.4,912.8,802.5;1;0;https://commons.wikimedia.org/wiki/File%3AMoscow%2C_2nd_Nagatinsky_Proezd%2C_garage_workshops%2C_June_2025_02.jpg;CC0;day
images/real/real_27b9aaccf5.jpg;X032YY199;type1;684.0,1129.0,97.2,23.4;685.2,1129.0,780.1,1131.0,781.2,1152.4,684.0,1151.4;1;0;https://commons.wikimedia.org/wiki/File%3AMoscow%2C_2nd_Nagatinsky_Proezd%2C_garage_workshops%2C_June_2025_045.jpg;CC0;day
images/real/real_d5db604de2.jpg;M298KY797;type1;742.5,534.5,316.7,68.0;744.2,539.7,1059.2,534.5,1051.2,602.5,742.5,600.6;1;0;https://commons.wikimedia.org/wiki/File%3AMoscow%2C_2nd_Pavlovsky_Lane%2C_Pony_Express_van_May_2025_01.jpg;CC0;day
images/real/real_49c2a4f13c.jpg;E815OT797;type1;641.0,1066.2,293.2,72.0;641.0,1079.2,934.2,1066.2,926.2,1136.5,642.5,1138.2;1;0;https://commons.wikimedia.org/wiki/File%3AMoscow%2C_2nd_Pavlovsky_Lane%2C_Yandex_Market_van_May_2025_02.jpg;CC0;angle,day
images/real/real_3146fbaab9.jpg;E182XK799;type1;1289.7,237.7,116.2,31.1;1289.7,242.0,1404.2,237.7,1405.9,262.9,1290.1,268.8;1;0;https://commons.wikimedia.org/wiki/File%3AMoscow%2C_2nd_Pavlovsky_Lane%2C_rental_BAIC_Beijing_U5%2C_May_2025_01.jpg;CC0;day
images/real/real_3146fbaab9.jpg;P875CK797;type1;955.2,729.6,270.4,76.7;955.2,747.9,1225.6,729.6,1220.2,793.8,956.4,806.2;1;0;https://commons.wikimedia.org/wiki/File%3AMoscow%2C_2nd_Pavlovsky_Lane%2C_rental_BAIC_Beijing_U5%2C_May_2025_01.jpg;CC0;angle,day
images/real/real_06e259ae5d.jpg;B203OY797;type1;687.6,731.5,323.5,77.6;687.6,748.2,1011.1,731.5,1001.2,802.4,689.6,809.1;1;0;https://commons.wikimedia.org/wiki/File%3AMoscow%2C_2nd_Pavlovsky_Lane%2C_rental_BelkaCar_Moskvich_3%2C_May_2025_01.jpg;CC0;angle,day
images/real/real_ee70829543.jpg;B203OY797;type1;681.5,802.2,362.6,84.2;683.5,812.0,1044.1,802.2,1038.6,883.3,681.5,886.4;1;0;https://commons.wikimedia.org/wiki/File%3AMoscow%2C_2nd_Pavlovsky_Lane%2C_rental_BelkaCar_Moskvich_3%2C_May_2025_02.jpg;CC0;day
images/real/real_d3226dc589.jpg;Y334OB797;type1;921.1,706.3,229.6,65.3;921.5,719.8,1150.7,706.3,1149.7,762.2,921.1,771.7;1;0;https://commons.wikimedia.org/wiki/File%3AMoscow%2C_2nd_Pavlovsky_Lane%2C_rental_Delimobil_Jetta_VS5_2025_01.jpg;CC0;day
images/real/real_e2865a3019.jpg;A025YO797;type1;1185.8,652.4,212.0,96.5;1186.1,691.5,1393.4,652.4,1397.8,712.8,1185.8,748.9;1;0;https://commons.wikimedia.org/wiki/File%3AMoscow%2C_2nd_Syromyatnichesky_Lane%2C_rental_GAC_GS3_May_2025_01.jpg;CC0;angle,day
images/real/real_26e9b1f7eb.jpg;A025YO797;type1;624.8,797.4,368.8,97.0;624.8,797.4,993.7,800.3,988.8,893.0,629.2,894.4;1;0;https://commons.wikimedia.org/wiki/File%3AMoscow%2C_2nd_Syromyatnichesky_Lane%2C_rental_GAC_GS3_May_2025_02.jpg;CC0;day
images/real/real_daf0de0618.jpg;A025YO797;type1;1079.7,507.4,229.3,106.5;1079.7,552.5,1303.8,507.4,1309.1,572.2,1084.4,613.9;1;0;https://commons.wikimedia.org/wiki/File%3AMoscow%2C_2nd_Syromyatnichesky_Lane%2C_rental_GAC_GS3_May_2025_03.jpg;CC0;day
images/real/real_dc165ffa73.jpg;Y887MY31;type1;816.5,744.8,260.9,71.8;816.5,758.7,1077.4,744.8,1077.4,807.7,816.9,816.6;1;0;https://commons.wikimedia.org/wiki/File%3AMoscow%2C_2nd_Yuzhnoportovy_Proezd_19k1%2C_May_2025_02.jpg;CC0;day
images/real/real_8a2406fb00.jpg;Y887MY31;type1;1134.9,730.1,222.1,86.8;1134.9,757.8,1351.3,730.1,1357.0,793.5,1137.7,816.8;1;0;https://commons.wikimedia.org/wiki/File%3AMoscow%2C_2nd_Yuzhnoportovy_Proezd_19k1%2C_May_2025_03.jpg;CC0;day
images/real/real_716ad5193f.jpg;T970ET550;type1;681.5,1459.0,45.5,13.6;682.0,1461.7,726.2,1459.0,726.9,1469.1,681.5,1472.6;1;0;https://commons.wikimedia.org/wiki/File%3AMoscow%2C_3rd_Derbenyovsky_Lane%2C_Opus_building_construction%2C_July_2025_02.jpg;CC0;day
images/real/real_25a6fb82bc.jpg;O581OY777;type1;732.7,1386.5,74.6,21.5;733.8,1391.7,807.3,1386.5,804.9,1405.7,732.7,1407.9;1;0;https://commons.wikimedia.org/wiki/File%3AMoscow%2C_4th_Krutitsky_Lane%2C_July_2025_01.jpg;CC0;angle,day
images/real/real_40f2b81432.jpg;B990BK977;type1;321.7,697.6,237.9,67.5;325.2,697.6,559.6,703.1,556.4,765.1,321.7,755.9;1;0;https://commons.wikimedia.org/wiki/File%3AMoscow%2C_6th_Monetchikovsky%2C_Lixiang_Li7_May_2025_01_-_cropped.jpg;CC0;day
images/real/real_8bc20d0b6b.jpg;B990BK977;type1;416.6,706.8,206.4,58.1;416.6,712.9,623.0,706.8,620.2,764.2,417.8,764.9;1;0;https://commons.wikimedia.org/wiki/File%3AMoscow%2C_6th_Monetchikovsky%2C_Lixiang_Li7_May_2025_01.jpg;CC0;day
images/real/real_205e74bb99.jpg;M408MM150;type1;958.3,549.6,110.8,29.2;962.2,549.6,1069.1,552.0,1067.1,578.8,958.3,574.2;1;0;https://commons.wikimedia.org/wiki/File%3AMoscow%2C_AITO_M5%2C_Aug_2025_01.jpg;CC0;day
images/real/real_205e74bb99.jpg;X442YB31;type1;260.1,750.3,159.8,42.0;264.8,750.3,419.9,754.3,414.1,792.3,260.1,784.0;1;0;https://commons.wikimedia.org/wiki/File%3AMoscow%2C_AITO_M5%2C_Aug_2025_01.jpg;CC0;day
images/real/real_1ab96512c2.jpg;O566CC40;type1;1110.9,785.0,126.0,32.4;1114.2,787.8,1236.3,785.0,1236.9,816.7,1110.9,817.4;1;0;https://commons.wikimedia.org/wiki/File%3AMoscow%2C_Abelmanovskaya_Street_roadworks%2C_Sept_2025_06_cantilever_truck.jpg;CC0;day,glare
images/real/real_1ab96512c2.jpg;P458KX977;type1;244.7,805.8,156.9,38.0;246.8,808.5,401.6,805.8,399.0,843.8,244.7,843.6;1;0;https://commons.wikimedia.org/wiki/File%3AMoscow%2C_Abelmanovskaya_Street_roadworks%2C_Sept_2025_06_cantilever_truck.jpg;CC0;day
images/real/real_4e78349659.jpg;X743PB77;type1;1108.1,1405.0,69.9,15.2;1108.7,1405.1,1177.7,1405.0,1178.0,1420.2,1108.1,1419.8;1;0;https://commons.wikimedia.org/wiki/File%3AMoscow%2C_Akademika_Petrovskogo_Street%2C_HSE_buildings_May_2025_02.jpg;CC0;day
images/real/real_b02a7f6c5e.jpg;C884MA977;type1;1134.6,646.9,141.8,86.5;1134.6,691.7,1267.2,646.9,1276.4,688.3,1145.9,733.4;1;0;https://commons.wikimedia.org/wiki/File%3AMoscow%2C_Alfa_Rome_Giulia%2C_June_2025_01.jpg;CC0;day,glare
images/real/real_8062cb65b1.jpg;C884MA977;type1;291.8,565.4,272.3,81.5;300.8,565.4,564.1,579.2,553.2,646.9,291.8,625.8;1;0;https://commons.wikimedia.org/wiki/File%3AMoscow%2C_Alfa_Rome_Giulia%2C_June_2025_02.jpg;CC0;day
images/real/real_829b056607.jpg;B332AO197;type1;526.0,627.3,330.1,73.5;530.1,631.8,856.1,627.3,847.9,700.8,526.0,692.0;1;0;https://commons.wikimedia.org/wiki/File%3AMoscow%2C_Alfa_Romeo_147%2C_flat_tire%2C_Aug_2025_01.jpg;CC0;day
images/real/real_4481d9c19c.jpg;A817AA777;type1;1101.4,552.7,174.5,57.4;1106.1,563.1,1275.9,552.7,1274.5,602.9,1101.4,610.1;1;0;https://commons.wikimedia.org/wiki/File%3AMoscow%2C_Alfa_Romeo_4C_Coup%C3%A9%2C_Aug_2025_05.jpg;CC0;angle,day,glare
images/real/real_f69b63780b.jpg;C095HK716;type1;1270.0,663.2,106.5,39.9;1270.0,673.2,1374.0,663.2,1376.5,693.2,1271.4,703.2;1;0;https://commons.wikimedia.org/wiki/File%3AMoscow%2C_Atom_cars_at_Atom_engineering_center%2C_Apr_2026_02.jpg;CC0;day
images/real/real_1d42178a3a.jpg;A797KE777;type1;1226.2,484.6,66.1,22.8;1228.0,487.5,1292.3,484.6,1291.9,505.3,1226.2,507.4;1;0;https://commons.wikimedia.org/wiki/File%3AMoscow%2C_Audi_A4_red%2C_Aug_2025_01.jpg;CC0;day
images/real/real_e549dc2ad6.jpg;O634YY799;type1;1295.8,441.8,146.1,42.2;1303.2,441.8,1441.8,446.7,1435.7,484.1,1295.8,474.4;1;0;https://commons.wikimedia.org/wiki/File%3AMoscow%2C_Audi_A5_red%2C_Sept_2025_02.jpg;CC0;angle,day,glare
images/real/real_e488f58f29.jpg;T014AE39;type1;154.1,434.4,67.8,19.6;155.9,437.2,221.9,434.4,221.3,452.0,154.1,454.0;1;0;https://commons.wikimedia.org/wiki/File%3AMoscow%2C_Audi_Q5_blue%2C_Mar_2026_01.jpg;CC0;angle,day
images/real/real_fc2cfc049c.jpg;K516BA977;type1;1212.9,548.1,181.8,54.0;1212.9,562.2,1390.2,548.1,1394.7,591.3,1214.6,602.1;1;0;https://commons.wikimedia.org/wiki/File%3AMoscow%2C_Audi_Q7_blue%2C_Sept_2025_01.jpg;CC0;day,glare
images/real/real_7ecaa35fb0.jpg;T828KA199;type1;1444.4,661.6,151.2,44.3;1449.6,661.6,1595.7,665.5,1592.2,705.9,1444.4,697.8;1;0;https://commons.wikimedia.org/wiki/File%3AMoscow%2C_Audi_SUV_bright-green%2C_May_2026_01.jpg;CC0;day
images/real/real_dc383038f3.jpg;K800PA197;type1;13.5,646.7,103.7,23.9;15.5,649.4,117.0,646.7,117.2,668.9,13.5,670.6;1;0;https://commons.wikimedia.org/wiki/File%3AMoscow%2C_Audi_TT_orange%2C_dump_truck_Aug_2026_02.jpg;CC0;day,glare
images/real/real_89df4d5b20.jpg;P780PK797;type1;1276.1,288.8,118.2,29.0;1276.6,288.8,1392.0,289.4,1394.2,316.3,1276.1,317.8;1;0;https://commons.wikimedia.org/wiki/File%3AMoscow%2C_Audi_TT_purple%2C_May_2026_01.jpg;CC0;day
images/real/real_76c75cd2f9.jpg;O046YX79;type1;243.3,378.8,33.7,8.7;244.7,378.8,277.0,378.8,277.1,386.3,243.3,387.5;1;0;https://commons.wikimedia.org/wiki/File%3AMoscow%2C_Avatr_11%2C_June_2025_02.jpg;CC0;angle,day
images/real/real_eaf48cb0ae.jpg;M432XE799;type1;327.5,1249.8,40.4,8.6;327.8,1249.9,367.5,1249.8,367.9,1258.1,327.5,1258.4;1;0;https://commons.wikimedia.org/wiki/File%3AMoscow%2C_Aviakonstruktora_Mikoyana_Street%2C_CSKA-Football_hall_April_2025_13.jpg;CC0;day
images/real/real_5ceeffdfa2.jpg;P725TX797;type1;161.2,1320.4,89.7,21.8;163.0,1321.3,250.9,1320.4,250.6,1342.0,161.2,1342.2;1;0;https://commons.wikimedia.org/wiki/File%3AMoscow%2C_Avtozavodskaya_16c3%2C_April_2025_01.jpg;CC0;day
images/real/real_e305f313ae.jpg;H937PP797;type1;716.7,840.5,66.7,18.8;716.7,844.4,782.6,840.5,783.4,856.2,717.1,859.2;1;0;https://commons.wikimedia.org/wiki/File%3AMoscow%2C_Avtozavodskaya_23c753_April_2025_10.jpg;CC0;day
images/real/real_6f79a0017a.jpg;M602HY13;type1;716.7,1371.2,49.9,15.0;717.3,1373.5,766.4,1371.2,766.5,1384.5,716.7,1386.2;1;0;https://commons.wikimedia.org/wiki/File%3AMoscow%2C_Avtozavodskaya_23c753_April_2025_11.jpg;CC0;day
images/real/real_655b856a7a.jpg;OT98377;type1b;477.4,715.2,64.2,13.1;477.7,715.2,541.6,717.5,540.6,728.2,477.4,725.8;1;0;https://commons.wikimedia.org/wiki/File%3AMoscow%2C_B.Nikitskaya_10..8_corner_Aug_2024_17.jpg;CC0;day,motion_blur
images/real/real_78ed091d93.jpg;A843YT799;type1;757.1,675.2,71.5,17.7;758.6,675.2,827.8,675.2,828.6,692.8,757.1,693.0;1;0;https://commons.wikimedia.org/wiki/File%3AMoscow%2C_B.Nikitskaya_10_Aug_2024_13.jpg;CC0;day
images/real/real_c24eef37f7.jpg;OT94877;type1b;903.5,683.8,39.5,9.0;905.1,683.8,943.0,686.1,942.3,692.8,903.5,691.2;1;0;https://commons.wikimedia.org/wiki/File%3AMoscow%2C_B.Nikitskaya_24_Aug_2024_02.jpg;CC0;angle,day,motion_blur
images/real/real_d751a86827.jpg;O715BK550;type1;218.4,320.3,111.6,34.7;218.4,320.7,326.3,320.3,330.0,350.7,220.3,355.0;1;0;https://commons.wikimedia.org/wiki/File%3AMoscow%2C_BMW_120_convertible_white%2C_May_2026_01.jpg;CC0;day,glare
images/real/real_5c1477397a.jpg;H736BM12;type1;163.3,124.0,102.3,23.6;165.5,126.8,265.6,124.0,264.6,146.3,163.3,147.6;1;0;https://commons.wikimedia.org/wiki/File%3AMoscow%2C_BMW_528i_%28E28%29_grey%2C_Sept_2025_05.jpg;CC0;day
images/real/real_47c4a60566.jpg;T151AY977;type1;1272.7,454.2,108.6,29.6;1276.8,454.2,1381.2,456.7,1379.7,483.8,1272.7,478.8;1;0;https://commons.wikimedia.org/wiki/File%3AMoscow%2C_BMW_I12%2C_Aug_2025_02.jpg;CC0;angle,day
images/real/real_a581b7a74c.jpg;E318PY797;type1;91.4,663.6,64.0,51.1;96.4,663.6,155.4,668.3,153.5,714.7,91.4,706.9;1;0;https://commons.wikimedia.org/wiki/File%3AMoscow%2C_BMW_X5_blue%2C_Apr_2026_01.jpg;CC0;day
images/real/real_2393b35093.jpg;K158YA799;type1;162.3,619.5,199.4,58.8;168.5,619.5,361.8,630.5,353.1,678.3,162.3,663.2;1;0;https://commons.wikimedia.org/wiki/File%3AMoscow%2C_BMW_X5_green%2C_Sept_2025_01.jpg;CC0;day
images/real/real_46629a2e82.jpg;X700AB99;type1;1012.8,793.3,282.7,73.1;1017.1,803.4,1295.6,793.3,1291.9,862.9,1012.8,866.4;1;0;https://commons.wikimedia.org/wiki/File%3AMoscow%2C_BMW_X7_Kukla_Tanya%2C_Aug_2025_02.jpg;CC0;day
images/real/real_83c8b5807a.jpg;X700AB99;type1;206.7,445.4,192.9,56.7;213.3,445.4,399.6,455.8,389.2,502.1,206.7,486.5;1;0;https://commons.wikimedia.org/wiki/File%3AMoscow%2C_BMW_X7_Kukla_Tanya%2C_Aug_2025_04.jpg;CC0;angle,day
images/real/real_f876db8871.jpg;E406KH977;type1;1179.8,855.3,103.6,29.1;1180.4,861.7,1283.4,855.3,1282.2,880.8,1179.8,884.4;1;0;https://commons.wikimedia.org/wiki/File%3AMoscow%2C_BMW_X7_on_Gazelle_Next_tow_truck%2C_May_2026_01.jpg;CC0;day
images/real/real_65c893a22a.jpg;Y869AA250;type1;689.4,425.8,104.6,27.3;692.8,428.4,794.0,425.8,793.5,452.6,689.4,453.2;1;0;https://commons.wikimedia.org/wiki/File%3AMoscow%2C_BMW_Z_convertible%2C_May_2026_01.jpg;CC0;angle,day
images/real/real_68e0f7b4eb.jpg;H101MA199;type1;1209.2,568.6,142.8,40.2;1213.8,572.6,1352.0,568.6,1350.2,608.2,1209.2,608.8;1;0;https://commons.wikimedia.org/wiki/File%3AMoscow%2C_BYD_DM-1%2C_June_2025_01.jpg;CC0;angle,day,glare
images/real/real_845ff625e4.jpg;A246KH977;type1;217.7,567.5,142.5,40.4;222.3,567.5,359.0,568.1,360.2,607.9,217.7,604.8;1;0;https://commons.wikimedia.org/wiki/File%3AMoscow%2C_BYD_Leopard_5%2C_April_2025_01.jpg;CC0;day,glare
images/real/real_ec1eb33ff5.jpg;A246KH977;type1;1325.3,641.7,122.7,43.8;1325.3,650.8,1445.1,641.7,1448.1,676.7,1325.9,685.5;1;0;https://commons.wikimedia.org/wiki/File%3AMoscow%2C_BYD_Leopard_5%2C_April_2025_02.jpg;CC0;day
images/real/real_df7743c48a.jpg;A246KH977;type1;555.5,1120.2,206.6,53.8;559.1,1125.9,761.5,1120.2,762.1,1169.7,555.5,1173.9;1;0;https://commons.wikimedia.org/wiki/File%3AMoscow%2C_BYD_Leopard_5%2C_April_2025_04.jpg;CC0;day
images/real/real_bc5208b36e.jpg;A246KH977;type1;797.3,681.7,223.7,54.5;801.4,687.8,1021.0,681.7,1017.3,733.8,797.3,736.2;1;0;https://commons.wikimedia.org/wiki/File%3AMoscow%2C_BYD_Leopard_5%2C_April_2025_05.jpg;CC0;day
images/real/real_c5e9027b91.jpg;A246KH977;type1;588.4,813.6,324.8,82.0;589.3,832.5,913.2,813.6,906.8,887.6,588.4,895.6;1;0;https://commons.wikimedia.org/wiki/File%3AMoscow%2C_BYD_Leopard_5%2C_April_2025_06.jpg;CC0;angle,day
images/real/real_7bd2910bfc.jpg;C801OC799;type1;206.5,747.4,73.4,22.7;207.4,750.4,279.9,747.4,279.6,769.7,206.5,770.1;1;0;https://commons.wikimedia.org/wiki/File%3AMoscow%2C_Balchug-Kempinski%2C_Gazon_Next_in_Avtodor_livery%2C_Sept_2025_01.jpg;CC0;day
images/real/real_48b043b806.jpg;C801OC799;type1;716.4,780.7,50.8,21.8;716.8,780.7,767.2,788.5,766.4,802.5,716.4,794.2;1;0;https://commons.wikimedia.org/wiki/File%3AMoscow%2C_Balchug-Kempinski%2C_Gazon_Next_in_Avtodor_livery%2C_Sept_2025_02.jpg;CC0;day
images/real/real_91d812dd61.jpg;K043EE977;type1;189.2,698.3,126.0,42.8;194.8,698.3,315.2,706.3,313.0,741.2,189.2,730.0;1;0;https://commons.wikimedia.org/wiki/File%3AMoscow%2C_Balchug%2C_RAM1500_in_crypto_ads%2C_Sept_2025_02.jpg;CC0;day
images/real/real_d4c3130639.jpg;X503KH797;type1;193.4,732.5,159.9,61.6;198.6,732.5,353.3,736.6,353.0,794.1,193.4,784.2;1;0;https://commons.wikimedia.org/wiki/File%3AMoscow%2C_Balchug%2C_pink_Rolls-Royce%2C_Sept_2025_02.jpg;CC0;day,dirt
images/real/real_3b2fd8eda7.jpg;X503KH797;type1;115.3,737.3,143.1,53.8;118.4,737.3,258.4,746.7,256.2,791.1,115.3,778.1;1;0;https://commons.wikimedia.org/wiki/File%3AMoscow%2C_Balchug%2C_pink_Rolls-Royce%2C_Sept_2025_03.jpg;CC0;day
images/real/real_ffbf3062e3.jpg;K380TM797;type1;991.4,707.4,276.6,82.9;992.8,725.8,1268.0,707.4,1265.2,776.7,991.4,790.3;1;0;https://commons.wikimedia.org/wiki/File%3AMoscow%2C_Belgee_Coolray_Citydrive_white%2C_Apr_2026_02.jpg;CC0;day
images/real/real_458a72004e.jpg;P872TM797;type1;740.7,766.9,290.9,63.1;745.1,775.7,1031.6,766.9,1025.8,829.9,740.7,830.0;1;0;https://commons.wikimedia.org/wiki/File%3AMoscow%2C_Belgee_Coolray_in_rental_livery_July_2025_02.jpg;CC0;day
images/real/real_3610bc5bb6.jpg;E656XE799;type1;318.1,864.1,112.6,30.2;318.1,867.2,430.7,864.1,429.9,892.9,318.1,894.3;1;0;https://commons.wikimedia.org/wiki/File%3AMoscow%2C_Belgeee_Coolray_Citydrive_on_a_municipal_tow_truck%2C_Sept_2025_01.jpg;CC0;day
images/real/real_7b5569dff9.jpg;C725TA797;type1;171.6,691.7,177.8,80.4;178.4,691.7,349.3,726.2,339.1,772.1,171.6,737.3;1;0;https://commons.wikimedia.org/wiki/File%3AMoscow%2C_Belkacar_BAIC_Beijing_X55%2C_Aug_2025_02.jpg;CC0;day
images/real/real_6c67c194b5.jpg;T699HP797;type1;1114.3,686.6,238.9,104.4;1114.3,736.7,1351.8,686.6,1353.2,747.9,1117.5,791.0;1;0;https://commons.wikimedia.org/wiki/File%3AMoscow%2C_Belkacar_Haval_Dargo%2C_May_2025_01.jpg;CC0;angle,day
images/real/real_b788d1a886.jpg;T699HP797;type1;481.0,476.1,290.4,79.4;485.4,476.1,771.4,485.2,763.8,555.5,481.0,539.0;1;0;https://commons.wikimedia.org/wiki/File%3AMoscow%2C_Belkacar_Haval_Dargo%2C_May_2025_02.jpg;CC0;day
images/real/real_00bd1e0f47.jpg;H228CY797;type1;1235.2,630.2,154.9,39.2;1238.4,633.8,1388.8,630.2,1390.2,668.8,1235.2,669.3;1;0;https://commons.wikimedia.org/wiki/File%3AMoscow%2C_Belkacar_carsharing_graveyard%2C_Apr_2026_01.jpg;CC0;day
images/real/real_00bd1e0f47.jpg;K747TM797;type1;518.2,572.3,173.1,133.1;534.0,572.3,691.2,655.3,671.8,705.4,518.2,612.1;1;0;https://commons.wikimedia.org/wiki/File%3AMoscow%2C_Belkacar_carsharing_graveyard%2C_Apr_2026_01.jpg;CC0;angle,day
images/real/real_e863397b19.jpg;Y747TM797;type1;1217.1,617.6,70.9,45.3;1226.7,617.6,1288.0,641.0,1282.7,662.9,1217.1,638.2;1;0;https://commons.wikimedia.org/wiki/File%3AMoscow%2C_Belkacar_carsharing_graveyard%2C_Apr_2026_02.jpg;CC0;day
images/real/real_a5a5a04aef.jpg;H228CY797;type1;1105.2,564.2,77.7,19.4;1107.1,567.2,1182.9,564.2,1181.2,583.2,1105.2,583.6;1;0;https://commons.wikimedia.org/wiki/File%3AMoscow%2C_Belkacar_carsharing_graveyard%2C_Apr_2026_04.jpg;CC0;angle,day
images/real/real_99bb20a53b.jpg;X554OH799;type1;1469.5,415.8,92.2,23.5;1469.5,420.8,1561.2,415.8,1561.8,436.2,1470.0,439.3;1;0;https://commons.wikimedia.org/wiki/File%3AMoscow%2C_Bentley_Bentayga%2C_May_2026_01.jpg;CC0;day
images/real/real_71817e712b.jpg;B673EP550;type1a;230.2,573.6,181.2,180.0;253.3,573.6,411.3,627.2,392.7,753.6,230.2,694.3;1;0;https://commons.wikimedia.org/wiki/File%3AMoscow%2C_Bestune_EO5%2C_May_2025_01.jpg;CC0;angle,day
images/real/real_3352b03e7b.jpg;K727ET977;type1;1305.6,368.8,47.3,13.7;1305.6,371.1,1352.1,368.8,1352.8,380.2,1306.0,382.4;1;0;https://commons.wikimedia.org/wiki/File%3AMoscow%2C_Bestune_EO5%2C_May_2025_02.jpg;CC0;day
images/real/real_c4612b7d33.jpg;H407YT797;type1;1277.5,518.1,174.2,48.0;1280.3,530.2,1449.7,518.1,1451.8,556.7,1277.5,566.1;1;0;https://commons.wikimedia.org/wiki/File%3AMoscow%2C_Bestune_T77_Yandex.Drive_black%2C_Sept_2025_01.jpg;CC0;angle,day
images/real/real_ca650ee698.jpg;M744HB777;type1;209.2,653.0,196.5,46.6;210.0,658.8,404.8,653.0,405.7,695.5,209.2,699.6;1;0;https://commons.wikimedia.org/wiki/File%3AMoscow%2C_Bolotnaya_Embankment_turn%2C_July_2025_01.jpg;CC0;day
images/real/real_0e1b29e5ad.jpg;X312KA977;type1;903.5,1421.4,44.2,12.8;904.3,1421.4,947.4,1423.3,947.7,1434.2,903.5,1431.8;1;0;https://commons.wikimedia.org/wiki/File%3AMoscow%2C_Bolshaya_Dorogomilovskaya_Street_-_City%2C_June_2025_03.jpg;CC0;day
images/real/real_bef1c8c80d.jpg;X265XE799;type1;1030.8,743.5,84.7,33.2;1032.0,747.8,1113.7,743.5,1115.5,772.5,1030.8,776.7;1;0;https://commons.wikimedia.org/wiki/File%3AMoscow%2C_Bolshaya_Ordynka_19c9_redevelopment%2C_July_2025_03_%28crop_car%29.jpg;CC0;day
images/real/real_c7ede3cb1f.jpg;X265XE799;type1;1241.7,611.4,113.9,40.6;1241.7,620.0,1353.5,611.4,1355.6,644.2,1242.6,652.0;1;0;https://commons.wikimedia.org/wiki/File%3AMoscow%2C_Bolshaya_Ordynka_19c9_redevelopment%2C_July_2025_05_%28crop_car%29.jpg;CC0;day
images/real/real_182c1483d3.jpg;O984MP76;type1;719.7,706.7,81.2,19.3;719.7,707.3,799.5,706.7,800.9,725.1,719.7,726.0;1;0;https://commons.wikimedia.org/wiki/File%3AMoscow%2C_Bolshaya_Ordynka_19c9_redevelopment%2C_Oct_2025_01.jpg;CC0;day
images/real/real_8930eeed20.jpg;H882MC799;type1;159.9,599.1,46.1,13.3;159.9,602.3,205.2,599.1,206.0,608.2,160.2,612.4;1;0;https://commons.wikimedia.org/wiki/File%3AMoscow%2C_Bolshoy_Ustinsky_Bridge%2C_autonomous_tram_on_route_90%2C_Sept_2025_22.jpg;CC0;day,glare
images/real/real_119c4206e0.jpg;X553OO152;type1;1334.2,731.6,184.8,105.8;1334.2,787.5,1503.8,731.6,1519.0,774.9,1348.2,837.4;1;0;https://commons.wikimedia.org/wiki/File%3AMoscow%2C_Borisa_Petrovskogo_Street%2C_Changan_UNI-K_AWD%2C_April_2025_02.jpg;CC0;day
images/real/real_378ca16f74.jpg;X553OO152;type1;352.2,510.6,291.9,83.5;360.8,510.6,644.1,528.6,631.9,594.1,352.2,566.5;1;0;https://commons.wikimedia.org/wiki/File%3AMoscow%2C_Borisa_Petrovskogo_Street%2C_Changan_UNI-K_AWD%2C_April_2025_03.jpg;CC0;day
images/real/real_b9b7cd7380.jpg;X553OO152;type1;699.9,481.2,216.6,51.0;705.9,481.2,916.5,483.8,911.7,532.2,699.9,526.4;1;0;https://commons.wikimedia.org/wiki/File%3AMoscow%2C_Borisa_Petrovskogo_Street%2C_Changan_UNI-K_AWD%2C_April_2025_04.jpg;CC0;day,glare
images/real/real_c2c7f921be.jpg;X553OO152;type1;637.2,509.6,337.3,75.5;637.2,522.5,974.4,509.6,970.7,577.2,637.9,585.1;1;0;https://commons.wikimedia.org/wiki/File%3AMoscow%2C_Borisa_Petrovskogo_Street%2C_Changan_UNI-K_AWD%2C_April_2025_06.jpg;CC0;day,glare
images/real/real_aee647901e.jpg;O542YE90;type1b;1141.5,906.0,38.3,10.0;1141.8,908.2,1179.6,906.0,1179.8,912.8,1141.5,916.0;1;0;https://commons.wikimedia.org/wiki/File%3AMoscow%2C_Borisa_Petrovskogo_Street%2C_MIG_plant_site%2C_April_2025_04.jpg;CC0;day
images/real/real_b434aa0ab2.jpg;C100XA190;type1;573.1,1370.8,52.1,12.7;573.1,1372.0,624.4,1370.8,625.2,1382.1,573.2,1383.5;1;0;https://commons.wikimedia.org/wiki/File%3AMoscow%2C_Borisa_Petrovskogo_Street%2C_MIG_plant_site%2C_April_2025_05.jpg;CC0;day
images/real/real_b434aa0ab2.jpg;O563KE790;type1b;1084.9,1358.4,58.2,14.3;1086.5,1363.2,1143.2,1358.4,1141.2,1371.2,1084.9,1372.8;1;0;https://commons.wikimedia.org/wiki/File%3AMoscow%2C_Borisa_Petrovskogo_Street%2C_MIG_plant_site%2C_April_2025_05.jpg;CC0;angle,day
images/real/real_6ba2951211.jpg;P816CK29;type1;771.5,615.4,155.7,39.9;776.7,619.8,926.4,615.4,927.2,652.4,771.5,655.3;1;0;https://commons.wikimedia.org/wiki/File%3AMoscow%2C_Changah_HunterPlus%2C_April_2025_03.jpg;CC0;angle,day,glare
images/real/real_6ba2951211.jpg;E220YM799;type1;1279.4,601.0,131.6,33.1;1283.4,604.4,1409.7,601.0,1411.0,632.5,1279.4,634.1;1;0;https://commons.wikimedia.org/wiki/File%3AMoscow%2C_Changah_HunterPlus%2C_April_2025_03.jpg;CC0;angle,day,glare
images/real/real_b91325daac.jpg;A064OY797;type1;126.5,533.6,138.1,52.7;131.8,533.6,264.6,547.0,258.8,586.2,126.5,569.4;1;0;https://commons.wikimedia.org/wiki/File%3AMoscow%2C_Changan_Alswin_%282nd_gen%29_Citydrive%2C_Aug_2025_01.jpg;CC0;day
images/real/real_b91325daac.jpg;A237BY777;type1;1213.8,403.1,48.8,12.4;1213.8,404.0,1262.5,403.1,1262.3,415.5,1213.8,415.1;1;0;https://commons.wikimedia.org/wiki/File%3AMoscow%2C_Changan_Alswin_%282nd_gen%29_Citydrive%2C_Aug_2025_01.jpg;CC0;day
images/real/real_4b85a23da7.jpg;A064OY797;type1;1217.2,698.0,162.6,72.3;1217.2,724.8,1373.7,698.0,1379.7,744.5,1223.7,770.3;1;0;https://commons.wikimedia.org/wiki/File%3AMoscow%2C_Changan_Alswin_%282nd_gen%29_Citydrive%2C_Aug_2025_05.jpg;CC0;day
images/real/real_218b9dcd92.jpg;C038OP797;type1;223.2,744.4,118.4,42.1;225.0,744.4,341.6,747.2,338.6,786.5,223.2,779.8;1;0;https://commons.wikimedia.org/wiki/File%3AMoscow%2C_Changan_CS35_plus_Delimobil%2C_Aug_2025_01.jpg;CC0;day
images/real/real_218b9dcd92.jpg;O199MO777;type1;1413.3,664.2,103.1,30.4;1416.8,664.2,1516.4,666.5,1514.2,694.7,1413.3,689.0;1;0;https://commons.wikimedia.org/wiki/File%3AMoscow%2C_Changan_CS35_plus_Delimobil%2C_Aug_2025_01.jpg;CC0;day
images/real/real_8838dc2541.jpg;P126YB198;type1;117.1,675.6,123.1,50.2;119.7,675.6,240.2,684.3,236.7,725.8,117.1,713.7;1;0;https://commons.wikimedia.org/wiki/File%3AMoscow%2C_Changan_CS35_plus%2C_June_2025_02.jpg;CC0;day,glare
images/real/real_0fda05629d.jpg;A584YM790;type1;413.8,524.6,329.5,70.3;417.5,533.6,743.3,524.6,733.8,594.9,413.8,593.1;1;0;https://commons.wikimedia.org/wiki/File%3AMoscow%2C_Changan_CS35plus%2C_Aug_2025_03.jpg;CC0;angle,day
images/real/real_df585e2231.jpg;T074XP27;type1a;1393.9,434.6,72.0,67.3;1396.3,435.8,1465.4,434.6,1465.9,498.1,1393.9,501.8;1;0;https://commons.wikimedia.org/wiki/File%3AMoscow%2C_Changan_CS55_Plus_II%2C_July_2025_02.jpg;CC0;day,glare
images/real/real_ca9ab8ea7e.jpg;A484XY197;type1;309.3,600.7,184.5,61.5;314.1,600.7,493.8,614.6,486.6,662.2,309.3,639.3;1;0;https://commons.wikimedia.org/wiki/File%3AMoscow%2C_Changan_Uni-K_July_2025_01.jpg;CC0;day
images/real/real_d493cf24f0.jpg;A484XY197;type1;280.3,561.6,183.2,57.7;286.1,561.6,463.6,574.4,458.2,619.2,280.3,600.4;1;0;https://commons.wikimedia.org/wiki/File%3AMoscow%2C_Changan_Uni-K_July_2025_03.jpg;CC0;day
images/real/real_b48f158ef5.jpg;C622MM40;type1;1135.6,578.6,219.6,52.5;1137.8,579.2,1355.2,578.6,1352.2,631.1,1135.6,627.4;1;0;https://commons.wikimedia.org/wiki/File%3AMoscow%2C_Changan_Uni-T%2C_July_2025_10.jpg;CC0;day
images/real/real_beab277a67.jpg;E280PP797;type1;212.2,699.8,117.4,39.2;216.1,699.8,329.6,702.8,328.2,739.0,212.2,732.5;1;0;https://commons.wikimedia.org/wiki/File%3AMoscow%2C_Changan_Uni-V_Citydrive%2C_Aug_2025_01.jpg;CC0;day
images/real/real_fd1000f56d.jpg;T999BE177;type1;418.4,744.2,223.6,49.3;420.0,747.3,642.0,744.2,640.3,793.6,418.4,792.4;1;0;https://commons.wikimedia.org/wiki/File%3AMoscow%2C_Changan_sedan%2C_April_2025.jpg;CC0;day
images/real/real_bdec3402bb.jpg;E641HX797;type1;159.2,736.4,138.1,128.7;171.1,736.4,297.2,814.0,281.6,865.1,159.2,781.1;1;0;https://commons.wikimedia.org/wiki/File%3AMoscow%2C_Cherry_Tiggo_4X_Yandex.drive%2C_Mar_2026_01.jpg;CC0;angle,day
images/real/real_3d55a954f6.jpg;A615CP750;type1;1030.6,594.6,201.4,46.8;1034.1,599.8,1232.0,594.6,1227.8,641.3,1030.6,640.9;1;0;https://commons.wikimedia.org/wiki/File%3AMoscow%2C_Chery_A5_ready_to_fall_apart%2C_Sept_2025_01.jpg;CC0;day
images/real/real_597ce23b0c.jpg;H472MB797;type1;142.8,617.0,58.1,43.1;146.8,617.0,200.3,621.9,200.8,660.1,142.8,653.8;1;0;https://commons.wikimedia.org/wiki/File%3AMoscow%2C_Chery_Tiggo_4_Yandex.Drive%2C_Oct_2025_03.jpg;CC0;day
images/real/real_dc02791145.jpg;H628OE797;type1;241.1,491.1,146.1,39.2;244.2,491.1,387.2,493.8,382.5,530.2,241.1,522.0;1;0;https://commons.wikimedia.org/wiki/File%3AMoscow%2C_Chery_Tiggo_4_on_a_tow_truck%2C_Aug_2025_01.jpg;CC0;day
images/real/real_dc02791145.jpg;X872TA797;type1;240.3,797.8,148.2,41.5;246.5,797.8,388.5,804.7,383.3,839.2,240.3,829.1;1;0;https://commons.wikimedia.org/wiki/File%3AMoscow%2C_Chery_Tiggo_4_on_a_tow_truck%2C_Aug_2025_01.jpg;CC0;angle,day
images/real/real_b6b52c23e1.jpg;B501PT797;type1;1491.2,656.4,61.0,40.9;1492.7,663.2,1551.3,656.4,1552.2,693.4,1491.2,697.3;1;0;https://commons.wikimedia.org/wiki/File%3AMoscow%2C_Chery_Tiggo_7%2C_April_2025_11.jpg;CC0;angle,day
images/real/real_bcc342d0ad.jpg;O496OT797;type1;143.9,642.4,178.8,50.2;149.2,642.4,322.7,643.8,318.2,692.6,143.9,689.9;1;0;https://commons.wikimedia.org/wiki/File%3AMoscow%2C_Chery_Tiggo_7_Citydrive%2C_Sept_2025_01.jpg;CC0;day,glare
images/real/real_fef11b9575.jpg;X982CX154;type1;193.8,543.8,74.6,25.7;194.4,547.4,268.2,543.8,268.4,569.4,193.8,569.0;1;0;https://commons.wikimedia.org/wiki/File%3AMoscow%2C_Citro%C3%ABn_Berlingo_II%2C_Sept_2025_01.jpg;CC0;day,dirt
images/real/real_6f69896564.jpg;K079EH70;type1;20.3,325.1,117.3,43.8;20.3,333.1,136.6,325.1,137.7,359.6,22.5,368.9;1;0;https://commons.wikimedia.org/wiki/File%3AMoscow%2C_Citro%C3%ABn_DS3%2C_Sept_2025_01.jpg;CC0;day
images/real/real_074554c56e.jpg;B653YX799;type1;582.9,728.8,81.5,20.4;582.9,730.9,664.4,728.8,663.1,749.2,582.9,748.8;1;0;https://commons.wikimedia.org/wiki/File%3AMoscow%2C_Citroen_C1_on_tow_truck%2C_Sept_2025_01.jpg;CC0;day,glare
images/real/real_998c248d49.jpg;011D26877;other;1148.8,669.4,158.8,39.4;1152.9,675.7,1307.6,669.4,1305.8,705.0,1148.8,708.8;1;0;https://commons.wikimedia.org/wiki/File%3AMoscow%2C_Citroen_C4_Picasso%2C_May_2026_01.jpg;CC0;angle,day,glare
images/real/real_f02b0ceb68.jpg;M232PC797;type1;124.6,655.8,181.8,55.3;130.4,655.8,306.4,664.4,298.9,711.2,124.6,700.0;1;0;https://commons.wikimedia.org/wiki/File%3AMoscow%2C_Citydrive_Chery_Arrizo_8%2C_Aug_2025_01.jpg;CC0;day
images/real/real_559f6d3c2b.jpg;M232PC797;type1;1232.7,541.8,190.0,79.3;1232.7,577.8,1418.2,541.8,1422.7,590.8,1236.7,621.2;1;0;https://commons.wikimedia.org/wiki/File%3AMoscow%2C_Citydrive_Chery_Arrizo_8%2C_Aug_2025_03.jpg;CC0;day
images/real/real_774dcdf7b0.jpg;E843OY797;type1;1280.8,685.9,172.3,63.0;1280.8,701.5,1452.1,685.9,1453.2,736.6,1283.5,748.9;1;0;https://commons.wikimedia.org/wiki/File%3AMoscow%2C_Citydrive_Exeed_LX%2C_Aug_2025_01.jpg;CC0;day
images/real/real_74c884e04f.jpg;K299TC797;type1;349.1,528.5,300.9,77.9;352.3,528.5,650.0,537.2,638.0,606.4,349.1,588.7;1;0;https://commons.wikimedia.org/wiki/File%3AMoscow%2C_Citydrive_GAC_GS3%2C_Aug_2025_02.jpg;CC0;angle,day
images/real/real_82ff553178.jpg;H438EO777;type1;226.9,1141.0,124.9,52.5;231.5,1141.0,351.8,1149.1,348.1,1193.5,226.9,1180.1;1;0;https://commons.wikimedia.org/wiki/File%3AMoscow%2C_Coachmen_RV%2C_Apr_2026_01.jpg;CC0;day
images/real/real_114e134128.jpg;T232XY60;type1;95.1,628.4,80.3,59.4;100.1,628.4,175.4,638.8,173.7,687.8,95.1,675.4;1;0;https://commons.wikimedia.org/wiki/File%3AMoscow%2C_Daewoo_Matiz%2C_Aug_2025_01.jpg;CC0;day,glare
images/real/real_a5e0b83643.jpg;T232XY60;type1;1291.8,567.1,107.0,62.0;1294.0,575.2,1398.8,567.1,1398.6,626.0,1291.8,629.1;1;0;https://commons.wikimedia.org/wiki/File%3AMoscow%2C_Daewoo_Matiz%2C_Aug_2025_04.jpg;CC0;day
images/real/real_22e639cd62.jpg;B655TY777;type1;20.2,636.7,90.9,48.3;25.0,636.7,111.2,640.9,110.3,684.9,20.2,677.5;1;0;https://commons.wikimedia.org/wiki/File%3AMoscow%2C_Daewoo_Rezzo%2C_Aug_2025_02.jpg;CC0;day
images/real/real_0405f68fb3.jpg;B655TY777;type1;66.7,744.9,111.9,50.2;72.2,744.9,178.6,746.8,177.8,795.1,66.7,790.5;1;0;https://commons.wikimedia.org/wiki/File%3AMoscow%2C_Daewoo_Rezzo%2C_May_2026_02.jpg;CC0;day
images/real/real_baa938b38a.jpg;T991OE797;type1;260.2,550.2,161.4,41.8;262.7,550.9,421.2,550.2,421.6,592.0,260.2,588.5;1;0;https://commons.wikimedia.org/wiki/File%3AMoscow%2C_Delimobil_Jetta_VS5%2C_Aug_2025_01.jpg;CC0;day
images/real/real_ae3a57119b.jpg;O081BX977;type1;144.3,679.8,152.1,52.2;147.2,679.8,296.4,686.8,293.2,732.0,144.3,720.2;1;0;https://commons.wikimedia.org/wiki/File%3AMoscow%2C_Delimobil_Moskvich_3%2C_Aug_2025_03.jpg;CC0;day
images/real/real_7968074918.jpg;K856PO797;type1;1385.4,831.2,89.8,25.8;1388.0,831.2,1475.2,831.8,1474.7,856.9,1385.4,856.7;1;0;https://commons.wikimedia.org/wiki/File%3AMoscow%2C_Denza_N9%2C_BAIC_U5_Belkacar%2C_Aug_2025_02.jpg;CC0;day
images/real/real_3b43766330.jpg;K517EM777;type1;929.0,1237.0,79.7,20.6;930.1,1238.7,1008.7,1237.0,1005.9,1257.7,929.0,1256.6;1;0;https://commons.wikimedia.org/wiki/File%3AMoscow%2C_Derbenevskaya_7c1%2C_July_2025_03.jpg;CC0;angle,day,dirt
images/real/real_7473cc48e5.jpg;PK57377;type1b;1212.1,1381.7,37.2,10.2;1212.5,1383.0,1249.2,1381.7,1249.2,1390.2,1212.1,1391.8;1;0;https://commons.wikimedia.org/wiki/File%3AMoscow%2C_Derbenevskaya_Embankment_13-17_%28July_2024%29_01.jpg;CC0;day
images/real/real_62e584fb3b.jpg;M413YM790;type1;788.9,837.2,134.9,33.4;790.2,842.6,923.2,837.2,923.8,866.0,788.9,870.6;1;0;https://commons.wikimedia.org/wiki/File%3AMoscow%2C_Dodo_Pizza_truck%2C_Aug_2025_03.jpg;CC0;day
images/real/real_c09355ef89.jpg;X572AX977;type1;692.2,653.2,144.9,35.8;695.7,658.7,836.9,653.2,837.1,684.8,692.2,689.1;1;0;https://commons.wikimedia.org/wiki/File%3AMoscow%2C_Dongfeng_K3x-series_van%2C_Oct_2025_05.jpg;CC0;angle,day
images/real/real_4f9fbd6bf5.jpg;K777PA177;type1;1063.2,1178.2,157.9,36.3;1064.4,1182.3,1221.1,1178.2,1221.0,1212.6,1063.2,1214.5;1;0;https://commons.wikimedia.org/wiki/File%3AMoscow%2C_Dubininskaya_55..57_May_2025_19.jpg;CC0;day,dirt
images/real/real_27e780aafd.jpg;K759AB977;type1;1057.5,538.8,164.3,46.2;1057.5,546.7,1221.3,538.8,1221.8,579.9,1058.6,584.9;1;0;https://commons.wikimedia.org/wiki/File%3AMoscow%2C_Dubininskaya_55..57%2C_red_mini_May_2025_15.jpg;CC0;day,glare
images/real/real_512ec4b6ae.jpg;B994CA799;type1;383.8,678.8,88.6,24.9;385.8,679.7,472.4,678.8,471.7,703.8,383.8,703.7;1;0;https://commons.wikimedia.org/wiki/File%3AMoscow%2C_Dubininskaya_X_Stremyanny_Lane_May_2025_08.jpg;CC0;day
images/real/real_215ca6e981.jpg;Y120AA977;type1;180.4,1434.4,61.0,17.8;180.4,1438.0,241.3,1434.4,240.4,1451.1,180.5,1452.2;1;0;https://commons.wikimedia.org/wiki/File%3AMoscow%2C_Entuziastov_1%2C_Simvol_buildings%2C_Sept_2025_03.jpg;CC0;day
images/real/real_648b989a81.jpg;A144HT99;type1;1351.7,474.9,113.6,39.4;1355.2,481.4,1465.2,474.9,1462.3,513.3,1351.7,514.3;1;0;https://commons.wikimedia.org/wiki/File%3AMoscow%2C_Evolute_I-joy_new%2C_May_2026_08.jpg;CC0;angle,day,glare
images/real/real_180e33255e.jpg;B401EB977;type1;363.8,488.3,299.0,77.2;368.1,488.3,662.8,499.1,649.6,565.6,363.8,544.1;1;0;https://commons.wikimedia.org/wiki/File%3AMoscow%2C_Evolute_i-Pro_July_2025_01.jpg;CC0;angle,day
images/real/real_610e06f691.jpg;B401EB977;type1;60.0,689.2,99.9,44.8;63.5,689.2,159.3,691.8,159.9,734.0,60.0,729.7;1;0;https://commons.wikimedia.org/wiki/File%3AMoscow%2C_Evolute_i-Pro_June_2025_01.jpg;CC0;day
images/real/real_8f49adbd0c.jpg;B401EB977;type1;1384.5,510.4,96.6,41.2;1385.1,512.4,1481.1,510.4,1480.8,551.7,1384.5,551.6;1;0;https://commons.wikimedia.org/wiki/File%3AMoscow%2C_Evolute_i-Pro_June_2025_03.jpg;CC0;day
images/real/real_e284d6a958.jpg;B401EB977;type1;96.9,658.2,174.2,44.2;102.8,658.2,271.2,658.4,267.3,702.5,96.9,700.8;1;0;https://commons.wikimedia.org/wiki/File%3AMoscow%2C_Evolute_i-Pro_Sept_2025_01.jpg;CC0;day,glare
images/real/real_fdc1f44c19.jpg;H444BX250;type1;154.1,712.3,103.5,44.7;158.2,712.3,257.6,722.3,254.8,757.0,154.1,744.3;1;0;https://commons.wikimedia.org/wiki/File%3AMoscow%2C_Evolute_i-Space_blue%2C_Sept_2025_03.jpg;CC0;day,glare
images/real/real_3758269e64.jpg;C131AH977;type1;160.6,619.0,157.5,51.5;167.6,619.0,318.1,623.2,315.5,670.5,160.6,662.1;1;0;https://commons.wikimedia.org/wiki/File%3AMoscow%2C_Exeed_LX%2C_April_2025_10.jpg;CC0;day
images/real/real_75634b2e44.jpg;E320HH797;type1;264.2,636.5,158.2,51.1;268.9,636.5,422.3,647.5,419.1,687.6,264.2,674.6;1;0;https://commons.wikimedia.org/wiki/File%3AMoscow%2C_Exeed_LX%2C_April_2025_14.jpg;CC0;day
images/real/real_e8c5fa26e7.jpg;B275OY797;type1;90.3,731.2,98.4,58.8;97.7,731.2,188.8,743.5,182.2,790.0,90.3,772.7;1;0;https://commons.wikimedia.org/wiki/File%3AMoscow%2C_Exeed_LX_Citydrive%2C_Aug_2025_01.jpg;CC0;day,dirt
images/real/real_b2dc489403.jpg;B275OY797;type1;1277.1,670.7,97.8,48.3;1277.1,682.8,1371.8,670.7,1374.9,709.2,1278.9,719.0;1;0;https://commons.wikimedia.org/wiki/File%3AMoscow%2C_Exeed_LX_Citydrive%2C_Aug_2025_02.jpg;CC0;day
images/real/real_926326e83f.jpg;E322CK797;type1;1091.1,594.1,188.6,44.9;1092.0,599.9,1279.7,594.1,1279.6,635.7,1091.1,639.0;1;0;https://commons.wikimedia.org/wiki/File%3AMoscow%2C_Exeed_LX_Delimobil%2C_Sept_2025_01.jpg;CC0;day
images/real/real_5cea887338.jpg;X104TB797;type1;1316.2,554.8,119.8,38.4;1318.7,559.8,1435.5,554.8,1435.9,591.2,1316.2,593.2;1;0;https://commons.wikimedia.org/wiki/File%3AMoscow%2C_Exeed_RX_Delimobil_needs_a_wash%2C_May_2026_02.jpg;CC0;day,dirt
images/real/real_7318876ae1.jpg;H210KB977;type1;1361.1,432.9,64.5,14.7;1361.4,433.3,1424.7,432.9,1425.6,446.7,1361.1,447.6;1;0;https://commons.wikimedia.org/wiki/File%3AMoscow%2C_Exeed_RX%2C_May_2026_01.jpg;CC0;day
images/real/real_bd7961adc1.jpg;T797BM977;type1;1147.6,603.8,195.3,52.2;1149.2,610.8,1342.9,603.8,1342.7,651.7,1147.6,656.1;1;0;https://commons.wikimedia.org/wiki/File%3AMoscow%2C_Exeed_TXL%2C_Mercedes_A180%2C_Sept_2025_01.jpg;CC0;day
images/real/real_978a1d9bdc.jpg;B348XY199;type1;187.6,624.7,143.7,32.7;190.2,626.7,331.2,624.7,330.2,657.3,187.6,656.0;1;0;https://commons.wikimedia.org/wiki/File%3AMoscow%2C_Exlantix_ES%2C_Exlantix_ET%2C_Aug_2025_02.jpg;CC0;day
images/real/real_028a0344ba.jpg;X639OY77;type1;1329.7,696.9,162.0,77.9;1329.7,723.8,1486.5,696.9,1491.8,751.9,1334.2,774.8;1;0;https://commons.wikimedia.org/wiki/File%3AMoscow%2C_Fiat_500_black%2C_Oct_2025_01-1.jpg;CC0;day
images/real/real_7c20e1f86d.jpg;X468CA197;type1;898.1,801.1,180.8,46.8;900.3,806.9,1078.8,801.1,1077.3,845.2,898.1,847.9;1;0;https://commons.wikimedia.org/wiki/File%3AMoscow%2C_Fiat_Doblo%2C_June_2025_01.jpg;CC0;day
images/real/real_4bcb24fb67.jpg;X468CA197;type1;315.6,719.7,204.7,56.5;320.9,719.7,520.2,726.2,512.8,776.2,315.6,765.5;1;0;https://commons.wikimedia.org/wiki/File%3AMoscow%2C_Fiat_Doblo%2C_June_2025_02.jpg;CC0;day
images/real/real_4bcb24fb67.jpg;M621MT797;type1;99.0,342.2,76.2,18.4;99.5,343.1,173.9,342.2,175.2,359.8,99.0,360.6;1;0;https://commons.wikimedia.org/wiki/File%3AMoscow%2C_Fiat_Doblo%2C_June_2025_02.jpg;CC0;day
images/real/real_5cc86b62d7.jpg;C635YT33;type1;178.2,596.9,81.7,49.2;183.8,596.9,259.8,601.9,256.6,646.1,178.2,636.8;1;0;https://commons.wikimedia.org/wiki/File%3AMoscow%2C_Fiat_Doblo_beige%2C_Oct_2025_01.jpg;CC0;day
images/real/real_20af41045e.jpg;011D29577;other;949.3,737.9,144.8,37.1;953.0,742.3,1092.8,737.9,1094.2,773.2,949.3,775.0;1;0;https://commons.wikimedia.org/wiki/File%3AMoscow%2C_Fiat_Ducato%2C_Embassy_of_Italy%2C_June_2026_01.jpg;CC0;angle,day,glare
images/real/real_c310b12c57.jpg;E680KH790;type1;192.4,723.2,43.1,24.2;195.2,723.2,235.5,724.0,234.3,747.3,192.4,744.3;1;0;https://commons.wikimedia.org/wiki/File%3AMoscow%2C_Ford_Transit_box_truck%2C_Sept_2025_01.jpg;CC0;day
images/real/real_de24eb8120.jpg;M167MM77;type1b;831.5,709.0,79.8,63.0;831.5,726.7,908.3,709.0,911.2,755.2,832.3,772.0;1;0;https://commons.wikimedia.org/wiki/File%3AMoscow%2C_Ford_Transit_crew_truck%2C_Aug_2025_01.jpg;CC0;angle,day
images/real/real_9e66e79746.jpg;M287AX147;type1;136.1,494.0,83.4,26.1;136.5,500.4,218.9,494.0,219.5,515.0,136.1,520.1;1;0;https://commons.wikimedia.org/wiki/File%3AMoscow%2C_Forthing_U-Tour%2C_May_2026_01.jpg;CC0;day,glare
images/real/real_544361d9b0.jpg;K846TB797;type1;1147.1,593.7,196.8,57.3;1149.6,606.4,1343.9,593.7,1340.8,642.2,1147.1,651.0;1;0;https://commons.wikimedia.org/wiki/File%3AMoscow%2C_GAC_GS3%2C_Aug_2025_03.jpg;CC0;day
images/real/real_5b09a671cc.jpg;B203TE799;type1;1247.8,781.2,172.1,40.2;1249.3,787.8,1419.8,781.2,1415.9,820.8,1247.8,821.5;1;0;https://commons.wikimedia.org/wiki/File%3AMoscow%2C_GAC_GS3%2C_Kia_Rio_sedan%2C_Aug_2025_02.jpg;CC0;day
images/real/real_5d3fc949b4.jpg;B214CO799;type1;100.4,691.5,115.1,55.2;106.6,691.5,215.5,702.7,211.8,746.7,100.4,732.3;1;0;https://commons.wikimedia.org/wiki/File%3AMoscow%2C_GAC_GS8_white%2C_Apr_2026_02.jpg;CC0;day
images/real/real_0d26c29bf6.jpg;A242MO77;type1;882.6,585.8,273.4,65.8;884.2,591.7,1155.4,585.8,1156.0,647.7,882.6,651.6;1;0;https://commons.wikimedia.org/wiki/File%3AMoscow%2C_GAC_M8_April_2025_01.jpg;CC0;day
images/real/real_f188513db6.jpg;A242MO77;type1;885.9,639.8,219.1,50.8;890.2,639.8,1105.0,642.2,1102.5,690.6,885.9,685.6;1;0;https://commons.wikimedia.org/wiki/File%3AMoscow%2C_GAC_M8_April_2025_02.jpg;CC0;day
images/real/real_23bbd29797.jpg;X438BO977;type1;90.9,826.4,86.6,40.4;95.8,826.4,177.5,831.8,175.7,866.8,90.9,859.7;1;0;https://commons.wikimedia.org/wiki/File%3AMoscow%2C_GAZ_Sobol%2C_Aug_2025_01.jpg;CC0;day
images/real/real_fee4e3ebe3.jpg;P142MM977;type1;597.8,820.5,157.8,39.8;604.8,820.5,755.6,824.9,751.9,860.3,597.8,854.2;1;0;https://commons.wikimedia.org/wiki/File%3AMoscow%2C_GW_Poer_in_MTCC_green%2C_May_2026_01.jpg;CC0;angle,day,glare
images/real/real_a5a2d9316c.jpg;X839BH977;type1;726.1,873.3,106.6,26.3;728.3,873.6,832.7,873.3,831.6,899.7,726.1,897.9;1;0;https://commons.wikimedia.org/wiki/File%3AMoscow%2C_Gagarina_Square_ambulance_June_2025_01.jpg;CC0;day
images/real/real_a5a2d9316c.jpg;M222TY99;type1;1031.2,761.1,58.0,14.8;1031.8,761.1,1089.2,763.2,1089.2,775.8,1031.2,774.5;1;0;https://commons.wikimedia.org/wiki/File%3AMoscow%2C_Gagarina_Square_ambulance_June_2025_01.jpg;CC0;day
images/real/real_d9e4fa4977.jpg;P736CX790;type1;300.0,940.5,163.2,41.6;301.2,949.7,461.3,940.5,463.2,975.8,300.0,982.1;1;0;https://commons.wikimedia.org/wiki/File%3AMoscow%2C_Gazelle_repair_crew_truck%2C_Aug_2025_01.jpg;CC0;day
images/real/real_1d43e9727e.jpg;H754XE750;type1;959.9,811.7,145.0,36.1;959.9,818.0,1102.1,811.7,1104.9,843.2,961.0,847.8;1;0;https://commons.wikimedia.org/wiki/File%3AMoscow%2C_Gazon_Next_with_skip_garbage_bin%2C_Sept_2025_01.jpg;CC0;day,glare
images/real/real_2d91f5db3a.jpg;B246ME797;type1;362.2,430.8,321.0,70.3;365.1,430.8,683.2,431.6,681.8,501.1,362.2,498.7;1;0;https://commons.wikimedia.org/wiki/File%3AMoscow%2C_Geely_Atlas_Pro_260T%2C_Aug_2025_01.jpg;CC0;day
images/real/real_41869a61a8.jpg;B246ME797;type1;500.2,451.5,260.9,64.8;506.4,451.5,761.2,451.9,757.3,516.3,500.2,513.6;1;0;https://commons.wikimedia.org/wiki/File%3AMoscow%2C_Geely_Atlas_Pro_260T%2C_Aug_2025_02.jpg;CC0;day
images/real/real_571b77c252.jpg;B246ME797;type1;839.9,704.2,227.2,59.3;844.1,709.2,1067.2,704.2,1062.2,763.6,839.9,762.2;1;0;https://commons.wikimedia.org/wiki/File%3AMoscow%2C_Geely_Atlas_Pro_260T%2C_Aug_2025_04.jpg;CC0;day,glare
images/real/real_9feafd4828.jpg;H770KK977;type1;950.7,467.1,262.1,82.8;953.1,487.3,1212.8,467.1,1211.8,535.9,950.7,549.9;1;0;https://commons.wikimedia.org/wiki/File%3AMoscow%2C_Geely_Atlas_Pro%2C_June_2025_02.jpg;CC0;day
images/real/real_db6fb2b807.jpg;B383BP977;type1;1316.9,650.4,145.9,67.4;1318.4,681.0,1460.9,650.4,1462.8,690.4,1316.9,717.8;1;0;https://commons.wikimedia.org/wiki/File%3AMoscow%2C_Geely_Atlas_Pro_taxi_Mar_2026_01.jpg;CC0;angle,day
images/real/real_d70bcb8422.jpg;H992OY797;type1;419.8,487.7,357.0,75.9;424.3,497.6,776.8,487.7,767.8,563.7,419.8,561.6;1;0;https://commons.wikimedia.org/wiki/File%3AMoscow%2C_Geely_Coolray%2C_April_2025_16.jpg;CC0;angle,day
images/real/real_4d0e4eb775.jpg;Y556EB977;type1;1428.9,525.8,84.5,45.8;1428.9,532.8,1511.9,525.8,1513.4,565.3,1429.2,571.6;1;0;https://commons.wikimedia.org/wiki/File%3AMoscow%2C_Geely_Monjaro%2C_June_2025_12.jpg;CC0;day
images/real/real_cf16fb7166.jpg;C207KE977;type1;62.7,580.4,113.7,45.1;68.1,580.4,176.4,585.3,174.4,625.5,62.7,618.5;1;0;https://commons.wikimedia.org/wiki/File%3AMoscow%2C_Geely_Okavango%2C_April_2025_23.jpg;CC0;day,glare
images/real/real_aa5d86a94a.jpg;Y652TP197;type1;1405.2,381.8,68.9,18.6;1405.2,383.7,1472.6,381.8,1474.2,397.2,1406.2,400.4;1;0;https://commons.wikimedia.org/wiki/File%3AMoscow%2C_Great_Wall_Hover%2C_Sept_2025_02.jpg;CC0;day
images/real/real_ee728a004c.jpg;H572KC797;type1;0.0,361.3,120.9,31.4;2.9,361.3,120.9,361.6,117.1,392.7,0.0,387.5;1;0;https://commons.wikimedia.org/wiki/File%3AMoscow%2C_Great_Wall_Hover_black%2C_Sept_2025_01.jpg;CC0;day,motion_blur
images/real/real_50fa01807e.jpg;P083PY46;type1;897.4,696.3,271.7,72.9;901.7,707.8,1169.1,696.3,1168.4,763.0,897.4,769.2;1;0;https://commons.wikimedia.org/wiki/File%3AMoscow%2C_Great_Wall_Tank_300%2C_April_2025_01.jpg;CC0;day
images/real/real_6aa0ed890f.jpg;P083PY46;type1;971.2,733.0,241.3,61.1;976.2,742.2,1212.5,733.0,1211.0,789.3,971.2,794.1;1;0;https://commons.wikimedia.org/wiki/File%3AMoscow%2C_Great_Wall_Tank_300%2C_April_2025_02.jpg;CC0;day
images/real/real_847e2c9e87.jpg;P083PY46;type1;59.7,648.4,128.0,49.0;65.1,648.4,187.7,656.7,185.2,697.4,59.7,688.2;1;0;https://commons.wikimedia.org/wiki/File%3AMoscow%2C_Great_Wall_Tank_300%2C_April_2025_03.jpg;CC0;day,glare
images/real/real_b87a93862e.jpg;A970BB977;type1;1177.9,485.8,146.2,34.6;1182.6,487.0,1324.2,485.8,1322.0,519.5,1177.9,520.4;1;0;https://commons.wikimedia.org/wiki/File%3AMoscow%2C_GreenCamel_Storm_electric_tricycle%2C_Aug_2025_12.jpg;CC0;angle,day
images/real/real_424eacdb06.jpg;M279AM550;type1;1198.1,488.1,129.4,63.2;1198.1,502.2,1326.2,488.1,1327.5,539.8,1198.8,551.2;1;0;https://commons.wikimedia.org/wiki/File%3AMoscow%2C_Haval_Dargo%2C_April_2025_07.jpg;CC0;day
images/real/real_42f6398ab1.jpg;T445HA797;type1;170.9,681.7,193.2,68.4;178.3,681.7,364.1,694.8,357.7,750.2,170.9,730.6;1;0;https://commons.wikimedia.org/wiki/File%3AMoscow%2C_Haval_Dargo_Belkacar%2C_Nov_2025_02.jpg;CC0;day,glare
images/real/real_255309496b.jpg;T445HA797;type1;1305.1,424.8,120.5,62.6;1305.1,440.1,1424.2,424.8,1425.6,471.2,1305.5,487.4;1;0;https://commons.wikimedia.org/wiki/File%3AMoscow%2C_Haval_Dargo_Belkacar%2C_Nov_2025_06.jpg;CC0;day
images/real/real_216488352c.jpg;Y458MA797;type1;164.8,668.5,156.4,41.4;169.2,668.5,321.2,670.5,321.2,709.9,164.8,706.9;1;0;https://commons.wikimedia.org/wiki/File%3AMoscow%2C_Haval_Jolion_Yandex.Drive%2C_betting_ads%2C_Feb_2026_02.jpg;CC0;day
images/real/real_b40e8a8b50.jpg;A075TT790;type1;311.6,773.2,60.2,23.1;313.8,775.8,371.2,773.2,371.8,794.5,311.6,796.2;1;0;https://commons.wikimedia.org/wiki/File%3AMoscow%2C_Haval_M6_black%2C_May_2026_01.jpg;CC0;angle,day,dirt
images/real/real_ab47d047f0.jpg;X740PM790;type1;1499.1,385.2,56.3,37.8;1499.1,392.2,1555.4,385.2,1555.4,416.8,1501.1,423.0;1;0;https://commons.wikimedia.org/wiki/File%3AMoscow%2C_Honda_black%2C_May_2026_01.jpg;CC0;day,glare
images/real/real_ac65470691.jpg;E223XB797;type1;1382.1,556.2,86.5,42.7;1382.2,564.6,1466.8,556.2,1468.6,590.4,1382.1,598.9;1;0;https://commons.wikimedia.org/wiki/File%3AMoscow%2C_Hongqi_H5_%282nd_gen%29_Yandex.Drive%2C_Mar_2026_01.jpg;CC0;day
images/real/real_1004be72c6.jpg;H505OT197;type1;405.3,619.0,197.8,47.7;408.4,619.8,603.2,619.0,599.0,666.7,405.3,663.1;1;0;https://commons.wikimedia.org/wiki/File%3AMoscow%2C_Hummer_Limo_barely_making_a_tight_turn%2C_July_2026_01.jpg;CC0;day
images/real/real_e5073bb9d9.jpg;B181AX197;type1;1213.4,638.3,138.9,33.3;1214.2,641.4,1352.3,638.3,1351.9,670.4,1213.4,671.7;1;0;https://commons.wikimedia.org/wiki/File%3AMoscow%2C_Hummer_limo%2C_May_2026_03.jpg;CC0;day
images/real/real_e89f518d04.jpg;B181AX197;type1;993.6,587.1,123.0,37.3;994.2,595.8,1114.9,587.1,1116.6,617.0,993.6,624.4;1;0;https://commons.wikimedia.org/wiki/File%3AMoscow%2C_Hummer_limo%2C_May_2026_04.jpg;CC0;day
images/real/real_1b6e6ddd08.jpg;P267TC777;type1;683.8,541.0,269.6,107.5;687.6,541.0,953.3,566.4,940.5,648.5,683.8,614.2;1;0;https://commons.wikimedia.org/wiki/File%3AMoscow%2C_Hurtan_roadster%2C_Apr_2026_01.jpg;CC0;day
images/real/real_82b03c11b0.jpg;A720KX550;type1;1421.3,503.4,88.1,60.8;1421.3,518.6,1507.2,503.4,1509.4,549.0,1423.6,564.2;1;0;https://commons.wikimedia.org/wiki/File%3AMoscow%2C_Hyundai_Elantra_%28XD%29_liftback%2C_Feb_2026_01.jpg;CC0;day,glare
images/real/real_aa6b9bc3e2.jpg;C511XO797;type1;22.6,613.4,68.6,15.2;23.1,613.7,90.3,613.4,91.2,628.2,22.6,628.6;1;0;https://commons.wikimedia.org/wiki/File%3AMoscow%2C_Hyundai_Palisade_white%2C_May_2026_01.jpg;CC0;day
images/real/real_c06b2664e1.jpg;P165XA46;type1;1451.5,562.4,118.0,34.2;1454.6,562.4,1568.5,566.2,1569.5,596.6,1451.5,593.2;1;0;https://commons.wikimedia.org/wiki/File%3AMoscow%2C_IM_LS7%2C_June_2026_03.jpg;CC0;day
images/real/real_36f8e98d97.jpg;H400EC550;type1;119.7,796.7,51.4,23.5;120.6,796.7,171.1,797.2,169.5,820.2,119.7,820.2;1;0;https://commons.wikimedia.org/wiki/File%3AMoscow%2C_Isuzu_truck_in_KB_livery%2C_Mar_2026_01.jpg;CC0;day
images/real/real_36f8e98d97.jpg;C339TC174;type1;370.2,819.2,106.7,37.2;371.8,823.4,475.2,819.2,476.8,854.3,370.2,856.4;1;0;https://commons.wikimedia.org/wiki/File%3AMoscow%2C_Isuzu_truck_in_KB_livery%2C_Mar_2026_01.jpg;CC0;day
images/real/real_40d27142b7.jpg;C858KT977;type1;151.2,775.9,138.3,53.2;160.2,775.9,289.5,798.2,278.8,829.2,151.2,802.9;1;0;https://commons.wikimedia.org/wiki/File%3AMoscow%2C_JAC_truck%2C_Rosseti_livery%2C_Mar_2026_03.jpg;CC0;angle,day
images/real/real_f406e6442f.jpg;K769HX797;type1;1415.3,706.2,113.8,39.1;1420.3,706.2,1529.2,710.9,1527.6,745.2,1415.3,737.6;1;0;https://commons.wikimedia.org/wiki/File%3AMoscow%2C_Jaecoo_J7_Delimobile%2C_May_2026_01.jpg;CC0;day
images/real/real_f406e6442f.jpg;M191TE797;type1;158.1,740.2,110.8,49.8;164.3,740.2,268.9,748.2,267.8,789.9,158.1,779.4;1;0;https://commons.wikimedia.org/wiki/File%3AMoscow%2C_Jaecoo_J7_Delimobile%2C_May_2026_01.jpg;CC0;day
images/real/real_5b63b0281c.jpg;M191TE797;type1;118.5,660.8,67.2,67.2;124.8,660.8,185.7,667.2,182.8,728.0,118.5,716.9;1;0;https://commons.wikimedia.org/wiki/File%3AMoscow%2C_Jaecoo_J7_Delimobile%2C_May_2026_02.jpg;CC0;day,dirt
images/real/real_2ea97d9fb8.jpg;M191TE797;type1;1344.8,539.7,90.3,45.8;1345.8,545.0,1433.7,539.7,1435.2,581.8,1344.8,585.5;1;0;https://commons.wikimedia.org/wiki/File%3AMoscow%2C_Jaecoo_J7_Delimobile%2C_May_2026_03.jpg;CC0;day
images/real/real_de1022450d.jpg;T776HK777;type1;12.2,583.8,90.8,31.8;14.2,584.8,103.0,583.8,101.6,615.7,12.2,614.3;1;0;https://commons.wikimedia.org/wiki/File%3AMoscow%2C_Jaguar_F-pace_black%2C_Mar_2026_01.jpg;CC0;day
images/real/real_24c7c4d08f.jpg;X849CA797;type1;67.5,659.5,70.0,52.2;73.6,659.5,137.5,668.3,135.6,711.7,67.5,699.3;1;0;https://commons.wikimedia.org/wiki/File%3AMoscow%2C_Jetta_VA3_Yandex_Drive%2C_Apr_2026_01.jpg;CC0;day
images/real/real_2f17f659d3.jpg;X050KB197;type1;1282.4,731.2,87.0,20.8;1282.5,731.2,1369.1,732.4,1369.4,752.0,1282.4,750.4;1;0;https://commons.wikimedia.org/wiki/File%3AMoscow%2C_Kamaz_crane_truck_blue%2C_Mar_2026_01.jpg;CC0;day
images/real/real_2f17f659d3.jpg;B727KX977;type1;706.5,800.9,93.4,26.0;707.8,800.9,798.6,805.2,799.9,826.9,706.5,824.7;1;0;https://commons.wikimedia.org/wiki/File%3AMoscow%2C_Kamaz_crane_truck_blue%2C_Mar_2026_01.jpg;CC0;day
images/real/real_2f17f659d3.jpg;A855MC799;type1;386.3,157.0,59.7,15.4;386.8,158.1,444.5,157.0,446.0,169.8,386.3,172.4;1;0;https://commons.wikimedia.org/wiki/File%3AMoscow%2C_Kamaz_crane_truck_blue%2C_Mar_2026_01.jpg;CC0;day
images/real/real_ad5f0f7c9b.jpg;P366YO177;type1;494.8,780.5,116.7,30.4;497.7,780.5,611.4,781.4,610.2,810.9,494.8,806.7;1;0;https://commons.wikimedia.org/wiki/File%3AMoscow%2C_Kamaz_truck_with_hot_asphalt_barrel%2C_Mar_2026_01.jpg;CC0;day
images/real/real_eb0c463f14.jpg;T841OC777;type1;30.4,285.4,96.8,29.9;30.4,290.8,124.3,285.4,127.2,308.3,31.3,315.3;1;0;https://commons.wikimedia.org/wiki/File%3AMoscow%2C_Kia_K5_with_landau_bars%2C_Mar_2026_01.jpg;CC0;day
images/real/real_3cb15e37fb.jpg;M139KC197;type1;684.4,776.3,305.7,68.6;685.6,782.8,990.1,776.3,981.3,844.9,684.4,842.9;1;0;https://commons.wikimedia.org/wiki/File%3AMoscow%2C_Kia_Picanto_%28SA%29_May_2026_01.jpg;CC0;angle,day
images/real/real_d0ce03a5a3.jpg;M763OM35;type1;187.5,655.6,167.2,50.2;190.9,655.6,354.7,663.2,349.9,705.8,187.5,695.5;1;0;https://commons.wikimedia.org/wiki/File%3AMoscow%2C_Kia_Sportage_%28NQ5%29_white%2C_June_2026_01.jpg;CC0;day
images/real/real_47c112f1a5.jpg;X342MO177;type1;99.4,310.3,57.5,63.8;99.4,329.0,154.8,310.3,156.9,353.9,101.8,374.1;1;0;https://commons.wikimedia.org/wiki/File%3AMoscow%2C_Kia_Sportage_black%2C_Mar_2026_03.jpg;CC0;angle,day
images/real/real_957043f01e.jpg;H996TT797;type1;186.7,461.9,179.1,48.8;190.4,461.9,365.8,467.3,361.4,510.8,186.7,504.2;1;0;https://commons.wikimedia.org/wiki/File%3AMoscow%2C_Lada_Granta_sedan_in_Yandex_Delivery%2C_Feb_2026_01.jpg;CC0;day
images/real/real_fc32cb7971.jpg;O953TT48;type1;47.5,676.7,35.9,47.8;52.9,676.7,83.4,687.3,80.3,724.6,47.5,712.4;1;0;https://commons.wikimedia.org/wiki/File%3AMoscow%2C_Lada_Granta_sedan_silver%2C_Apr_2026_02.jpg;CC0;angle,day
images/real/real_02e73dd298.jpg;B734KT977;type1;1427.3,498.5,148.2,37.1;1429.9,501.7,1575.5,498.5,1571.2,535.6,1427.3,533.8;1;0;https://commons.wikimedia.org/wiki/File%3AMoscow%2C_Lada_Granta_van%2C_Feb_2026_01.jpg;CC0;day
images/real/real_02e73dd298.jpg;H346YC799;type1;360.7,687.2,167.6,57.0;361.9,700.2,527.7,687.2,528.2,732.3,360.7,744.2;1;0;https://commons.wikimedia.org/wiki/File%3AMoscow%2C_Lada_Granta_van%2C_Feb_2026_01.jpg;CC0;day
images/real/real_59eaace1b9.jpg;Y060PP799;type1;110.7,652.5,46.0,37.5;111.8,657.8,156.7,652.5,155.5,684.4,110.7,690.0;1;0;https://commons.wikimedia.org/wiki/File%3AMoscow%2C_Lada_Largus_Prima_refrigerator_van%2C_Feb_2026_02.jpg;CC0;angle,day,motion_blur
images/real/real_d04a639e51.jpg;X722OM797;type1;139.0,681.5,82.2,40.7;142.6,683.0,221.2,681.5,220.1,722.2,139.0,721.7;1;0;https://commons.wikimedia.org/wiki/File%3AMoscow%2C_Lamborghini_Gallardo_Spyder_blue%2C_June_2026_01.jpg;CC0;day
images/real/real_4c060e41a9.jpg;X089AA198;type1;116.8,642.2,81.3,44.6;120.2,642.2,198.2,645.9,194.6,686.7,116.8,681.5;1;0;https://commons.wikimedia.org/wiki/File%3AMoscow%2C_Land_Rover_Range_Rover_%284th_generation%29_white%2C_Mar_2026_03.jpg;CC0;day
images/real/real_99ed7b9db4.jpg;Y538EO799;type1;279.2,902.2,93.8,25.3;280.7,905.8,371.2,902.2,373.0,923.6,279.2,927.6;1;0;https://commons.wikimedia.org/wiki/File%3AMoscow%2C_MAN_Lions_Coach_Fortuna%2C_May_2026_02.jpg;CC0;day
images/real/real_803bbb97f2.jpg;P949MA977;type1;399.2,611.4,107.8,26.7;403.0,611.4,507.0,612.1,505.2,638.1,399.2,635.0;1;0;https://commons.wikimedia.org/wiki/File%3AMoscow%2C_MTCC_car_on_MTCC_tow_truck%2C_May_2026_01.jpg;CC0;angle,day
images/real/real_803bbb97f2.jpg;X947AP777;type1;250.2,827.5,109.5,30.0;254.4,827.5,359.7,830.2,356.3,857.5,250.2,851.7;1;0;https://commons.wikimedia.org/wiki/File%3AMoscow%2C_MTCC_car_on_MTCC_tow_truck%2C_May_2026_01.jpg;CC0;angle,day
images/real/real_441dfda78a.jpg;C707BP550;type1;1363.1,667.3,74.6,24.3;1363.1,671.3,1437.7,667.3,1437.0,687.3,1363.5,691.7;1;0;https://commons.wikimedia.org/wiki/File%3AMoscow%2C_MUL_electric_van%2C_Jetour_Dashing%2C_Feb_2026_04.jpg;CC0;day
images/real/real_1c1c289fa3.jpg;P584MT797;type1;1291.6,600.7,101.2,28.9;1291.6,600.7,1391.2,606.9,1392.8,629.6,1292.3,625.9;1;0;https://commons.wikimedia.org/wiki/File%3AMoscow%2C_Mercedes-Benz_Sprinter_Tourer_319cdi_black_Mar_2026_01.jpg;CC0;day
images/real/real_21bb19e422.jpg;M013AA797;type1;1203.8,577.2,89.2,25.3;1207.1,583.2,1293.0,577.2,1290.1,599.5,1203.8,602.6;1;0;https://commons.wikimedia.org/wiki/File%3AMoscow%2C_Mercedes-Benz_W121BII_convertible_on_tow_truck%2C_May_2026_02.jpg;CC0;angle,day
images/real/real_05ab15db12.jpg;O791BE154;type1;200.1,711.6,80.5,51.2;205.5,711.6,280.6,722.8,278.0,762.8,200.1,751.9;1;0;https://commons.wikimedia.org/wiki/File%3AMoscow%2C_Mercedes-Benz_coupe_dark-reddish%2C_May_2026_13.jpg;CC0;day
images/real/real_fa91980dc9.jpg;C784TK797;type1;266.8,762.2,95.6,34.6;272.0,762.2,362.4,771.6,358.0,796.7,266.8,785.3;1;0;https://commons.wikimedia.org/wiki/File%3AMoscow%2C_Mira_116%2C_Isuzu_and_Gaz_trucks%2C_Mar_2026_01.jpg;CC0;day
images/real/real_fa91980dc9.jpg;A240OC797;type1;1085.1,642.7,55.0,12.7;1085.2,642.7,1139.8,644.2,1140.1,655.4,1085.1,654.2;1;0;https://commons.wikimedia.org/wiki/File%3AMoscow%2C_Mira_116%2C_Isuzu_and_Gaz_trucks%2C_Mar_2026_01.jpg;CC0;day
images/real/real_6593493c5f.jpg;HO19477;type1b;374.3,720.3,34.5,8.1;374.5,721.0,408.8,720.3,408.8,726.2,374.3,728.4;1;0;https://commons.wikimedia.org/wiki/File%3AMoscow%2C_Mitinskaya_26_Aug_2024_01.jpg;CC0;day
images/real/real_6ba68ae88c.jpg;A466BH977;type1;302.1,695.8,247.4,60.4;308.2,695.8,549.5,702.2,539.7,756.2,302.1,744.1;1;0;https://commons.wikimedia.org/wiki/File%3AMoscow%2C_Moskvich-3_in_firefighting_livery%2C_Mar_2025_01.jpg;CC0;angle,day
images/real/real_91c781185a.jpg;Y281BA977;type1;76.2,640.0,83.4,45.2;80.8,640.0,159.7,644.8,159.1,685.2,76.2,679.8;1;0;https://commons.wikimedia.org/wiki/File%3AMoscow%2C_Omoda_S5_Delimobil%2C_Apr_2026_01.jpg;CC0;day,glare
images/real/real_c401290ac6.jpg;Y281BA977;type1;1438.4,596.3,65.2,43.2;1441.0,597.8,1503.6,596.3,1503.4,638.2,1438.4,639.5;1;0;https://commons.wikimedia.org/wiki/File%3AMoscow%2C_Omoda_S5_Delimobil%2C_Apr_2026_04.jpg;CC0;day
images/real/real_01e446a0c8.jpg;H868BY550;type1;365.7,807.5,142.4,37.8;365.7,810.7,508.1,807.5,506.7,844.9,366.0,845.3;1;0;https://commons.wikimedia.org/wiki/File%3AMoscow%2C_Peugeot_truck_in_Vi.ru_livery%2C_Feb_2026_01.jpg;CC0;day,glare
images/real/real_d662e4d671.jpg;C446KH550;type1;136.1,275.5,124.4,35.7;141.7,275.5,260.5,279.6,257.1,311.2,136.1,304.1;1;0;https://commons.wikimedia.org/wiki/File%3AMoscow%2C_Porsche_Boxster_black_rusty%2C_June_2026_01.jpg;CC0;angle,day
images/real/real_a25973a58c.jpg;X399EX196;type1;361.5,288.2,111.5,33.2;363.0,289.9,471.8,288.2,473.0,318.6,361.5,321.3;1;0;https://commons.wikimedia.org/wiki/File%3AMoscow%2C_Porsche_GT4_green%2C_Mar_2026_01.jpg;CC0;day,motion_blur
images/real/real_dbe42aa612.jpg;M79K111;other;149.9,584.6,78.8,34.2;154.1,584.6,228.8,588.0,227.6,618.8,149.9,613.8;1;0;https://commons.wikimedia.org/wiki/File%3AMoscow%2C_Porsche_races_Maybach%2C_May_2026_01.jpg;CC0;day
images/real/real_5233bf29c1.jpg;P084BY977;type1;75.6,683.8,71.0,18.8;75.6,685.2,145.6,683.8,146.6,700.2,75.8,702.6;1;0;https://commons.wikimedia.org/wiki/File%3AMoscow%2C_RAM_1500_black%2C_Mar_2026_01.jpg;CC0;day
images/real/real_43dda0568e.jpg;O555YC777;type1;144.0,683.4,128.9,62.0;150.7,683.4,272.9,706.2,267.9,745.4,144.0,721.5;1;0;https://commons.wikimedia.org/wiki/File%3AMoscow%2C_Ram_truck_in_grey-blue_patterns%2C_Apr_2026_01.jpg;CC0;day
images/real/real_384c8d7219.jpg;M338PT799;type1;436.2,317.2,105.5,25.4;440.1,317.2,541.7,317.7,539.7,342.6,436.2,338.8;1;0;https://commons.wikimedia.org/wiki/File%3AMoscow%2C_Ravon_R2_white%2C_May_2026_01.jpg;CC0;angle,day
images/real/real_23e43c08a3.jpg;B525YP799;type1;722.9,811.1,42.4,10.8;723.4,811.7,764.9,811.1,765.3,820.8,722.9,821.8;1;0;https://commons.wikimedia.org/wiki/File%3AMoscow%2C_%27Rotterdam%27_under_construction%2C_June_2025_01.jpg;CC0;day
images/real/real_195a948133.jpg;X263MX977;type1;1049.7,829.9,75.8,19.5;1052.1,831.4,1125.5,829.9,1125.2,849.4,1049.7,849.3;1;0;https://commons.wikimedia.org/wiki/File%3AMoscow%2C_SANY_concrete_mixer_truck%2C_Mar_2026_01.jpg;CC0;angle,day
images/real/real_817c775074.jpg;M250TB67;type1;324.1,824.6,101.9,24.9;325.2,825.4,426.0,824.6,425.7,848.9,324.1,849.5;1;0;https://commons.wikimedia.org/wiki/File%3AMoscow%2C_Serpukhovskaya_Square%2C_Gazelle_Next%2C_May_2026_01.jpg;CC0;day
images/real/real_4ebcee7414.jpg;H177OX797;type1;1449.9,699.5,97.6,43.8;1451.0,707.0,1545.6,699.5,1547.5,735.6,1449.9,743.2;1;0;https://commons.wikimedia.org/wiki/File%3AMoscow%2C_Skywell_ET5_Citydrive%2C_Mar_2026_01.jpg;CC0;day
images/real/real_c555f1364d.jpg;H177OX797;type1;153.6,682.8,105.3,38.8;157.2,685.1,258.9,682.8,256.7,721.5,153.6,718.9;1;0;https://commons.wikimedia.org/wiki/File%3AMoscow%2C_Skywell_ET5_Citydrive%2C_Mar_2026_05.jpg;CC0;day
images/real/real_3ac1517bad.jpg;B373TK797;type1;1523.5,177.2,75.5,44.7;1527.2,180.0,1599.0,177.2,1599.0,216.5,1523.5,222.0;1;0;https://commons.wikimedia.org/wiki/File%3AMoscow%2C_Smart_Roadster%2C_Apr_2026_01.jpg;CC0;angle,day,motion_blur
images/real/real_2b72ef8e6f.jpg;A902TO797;type1;333.0,554.3,210.1,55.7;338.0,554.4,543.1,554.3,538.8,610.0,333.0,606.7;1;0;https://commons.wikimedia.org/wiki/File%3AMoscow%2C_Solaris_HC_%28Hyundai_Creta%29%2C_Belkacar%2C_Mar_2026_01.jpg;CC0;day
images/real/real_d5a35b64b4.jpg;P647OH797;type1;112.9,786.6,58.9,40.4;117.5,786.6,171.8,791.7,169.9,827.0,112.9,821.2;1;0;https://commons.wikimedia.org/wiki/File%3AMoscow%2C_Sollers_Atlant%2C_Yandex.Drive_livery%2C_Feb_2026_01.jpg;CC0;day
images/real/real_28e65993b9.jpg;H902KH777;type1;55.2,723.2,73.5,44.1;60.3,723.2,128.7,730.8,126.7,767.2,55.2,759.8;1;0;https://commons.wikimedia.org/wiki/File%3AMoscow%2C_SsangYong_Stavic_%282013%29_Apr_2026_02.jpg;CC0;day
images/real/real_98bbf5c59c.jpg;K831AK159;type1;1129.3,725.8,244.1,82.8;1130.8,746.6,1373.2,725.8,1373.4,792.2,1129.3,808.7;1;0;https://commons.wikimedia.org/wiki/File%3AMoscow%2C_Tagaz_Vortex_Estina_%28Chery_A5%29_decrepit_Sept_2026_02.jpg;CC0;day,glare
images/real/real_874cc8abdc.jpg;B688OT197;type1b;340.7,766.4,91.5,28.2;343.6,766.4,432.2,768.1,430.2,794.6,340.7,789.4;1;0;https://commons.wikimedia.org/wiki/File%3AMoscow%2C_Vavilova_Street%2C_Mosvodokanal_Kamaz_crew_truck%2C_Apr_2026_02.jpg;CC0;day,glare
images/real/real_1937d2af37.jpg;H906XH777;type1;189.4,817.6,68.6,30.9;190.9,817.6,258.0,821.7,255.6,848.5,189.4,843.0;1;0;https://commons.wikimedia.org/wiki/File%3AMoscow%2C_Zhukov_Proezd%2C_Kamaz_crane_truck%2C_Apr_2026_01.jpg;CC0;day,glare
images/real/real_3d31e65005.jpg;P340XT777;type1;705.5,745.0,143.8,109.3;718.7,745.0,849.2,808.2,839.1,854.3,705.5,788.1;1;0;https://commons.wikimedia.org/wiki/File%3AMoscow%2C_ambulance_graveyard_May_2025_01.jpg;CC0;angle,day
images/real/real_f6b0c00d50.jpg;A450YT716;type1;996.4,721.0,64.2,23.4;998.0,721.2,1060.7,721.0,1059.7,744.4,996.4,743.5;1;0;https://commons.wikimedia.org/wiki/File%3AMoscow%2C_big_and_small_cars_%28Jaecoo_J8%2C_Smart_Fortwo%29_Nov_2025_06.jpg;CC0;day
images/real/real_d0c0b8af05.jpg;E070BH977;type1;1072.6,470.2,241.9,52.1;1077.5,470.2,1314.5,470.7,1308.2,522.2,1072.6,517.8;1;0;https://commons.wikimedia.org/wiki/File%3AMoscow%2C_black_Exeed_SUV%2C_April_2025.jpg;CC0;day
images/real/real_db97cf015d.jpg;B660PB797;type1;1133.7,484.7,190.2,51.8;1135.4,499.0,1323.9,484.7,1321.9,527.9,1133.7,536.5;1;0;https://commons.wikimedia.org/wiki/File%3AMoscow%2C_black_Hongqi_H5%2C_April_2025_08.jpg;CC0;day,glare
images/real/real_3d240db921.jpg;O322HE136;type1;1275.5,383.1,151.8,53.6;1275.5,395.3,1424.0,383.1,1427.3,427.2,1275.8,436.7;1;0;https://commons.wikimedia.org/wiki/File%3AMoscow%2C_black_Jetour_Dashing%2C_April_2025_01.jpg;CC0;day
images/real/real_fc31af8b01.jpg;O322HE136;type1;221.4,552.3,164.8,47.7;228.1,552.3,386.2,559.6,382.5,600.0,221.4,590.6;1;0;https://commons.wikimedia.org/wiki/File%3AMoscow%2C_black_Jetour_Dashing%2C_April_2025_02.jpg;CC0;day,glare
images/real/real_2a258696b1.jpg;E828BH977;type1;1078.2,669.1,233.1,53.8;1080.4,669.1,1311.2,669.7,1310.5,722.8,1078.2,719.6;1;0;https://commons.wikimedia.org/wiki/File%3AMoscow%2C_black_Moskvich_3%2C_April_2025.jpg;CC0;day
images/real/real_d54b768317.jpg;C834TY750;type1;940.3,644.8,188.5,53.2;944.5,650.7,1128.8,644.8,1126.9,695.4,940.3,698.0;1;0;https://commons.wikimedia.org/wiki/File%3AMoscow%2C_black_UAZ_Patriot%2C_April_2025_01.jpg;CC0;day
images/real/real_ee8833a8f6.jpg;O915HM977;type1;328.9,650.4,148.8,48.8;334.2,650.4,477.7,658.9,474.9,699.2,328.9,687.8;1;0;https://commons.wikimedia.org/wiki/File%3AMoscow%2C_blue-white_Volga-21%2C_Apr_2026_01.jpg;CC0;day
images/real/real_35301af2e7.jpg;E480KT750;type1;7.4,791.1,143.2,47.8;12.8,791.1,150.6,803.5,144.8,838.8,7.4,823.6;1;0;https://commons.wikimedia.org/wiki/File%3AMoscow%2C_blue-white_cherrypicker_truck%2C_Sept_2025_01.jpg;CC0;day
images/real/real_4e65cee9c2.jpg;HT33977;type1b;1073.3,897.3,110.5,29.4;1074.4,897.3,1183.8,899.4,1183.8,926.7,1073.3,923.2;1;0;https://commons.wikimedia.org/wiki/File%3AMoscow_bus_010312_2024-12_1734277126_Przhevalskogo_street_NefAZ-5299-40.tif;CC BY 4.0;day
images/real/real_46924c2bd0.jpg;PB06277;type1b;1318.3,852.2,89.7,23.1;1318.9,852.2,1407.1,855.5,1408.0,875.2,1318.3,872.2;1;0;https://commons.wikimedia.org/wiki/File%3AMoscow_bus_010781_2024-09_1725820751_Mosrentgen_NefAZ-5299-40.tif;CC BY 4.0;day,motion_blur
images/real/real_49fcbb4278.jpg;B033YP177;type1;381.2,861.9,68.0,18.8;382.5,866.2,449.2,861.9,447.3,878.4,381.2,880.7;1;0;https://commons.wikimedia.org/wiki/File%3AMoscow_bus_011324_2024-12_Bolshaya_Ochakovskaya_Street_NefAZ-5299-40_008.tif;CC BY 4.0;angle,day
images/real/real_585f9c8753.jpg;PO92977;type1b;944.5,973.4,67.2,15.1;944.5,973.4,1011.7,975.5,1010.2,988.5,944.6,984.8;1;0;https://commons.wikimedia.org/wiki/File%3AMoscow_bus_011348_2024-09_1725817241_Miklukho-Maklaya_Street_NefAZ-5299-40.jpg;CC BY 4.0;day
images/real/real_605c5f9458.jpg;HA17077;type1b;895.8,877.7,76.6,19.8;896.0,877.7,972.3,881.7,972.3,897.4,895.8,892.8;1;0;https://commons.wikimedia.org/wiki/File%3AMoscow_bus_011359_2024-12_1734277115_Przhevalskogo_street_NefAZ-5299-40.tif;CC BY 4.0;day
images/real/real_1284ff75d3.jpg;H625YB777;type1;978.8,731.6,60.7,13.6;979.1,731.8,1038.9,731.6,1039.5,744.8,978.8,745.2;1;0;https://commons.wikimedia.org/wiki/File%3AMoscow_bus_012809_2024-10_1728739794_Mosgortrans_Alabushevo_vehicle_collection_LiAZ-4292.jpg;CC BY 4.0;day
images/real/real_9526afde39.jpg;HT33877;type1b;919.7,759.9,79.2,17.1;919.7,761.6,998.6,759.9,998.8,775.6,919.7,777.0;1;0;https://commons.wikimedia.org/wiki/File%3AMoscow_bus_022510_2024-09_1727173058_Sergiya_Radonezskogo_street_tram_line_NefAZ-5299-40.jpg;CC BY 4.0;day
images/real/real_9526afde39.jpg;P105HM62;type1;1467.8,637.1,39.4,14.6;1467.8,641.6,1506.5,637.1,1507.2,647.1,1468.0,651.7;1;0;https://commons.wikimedia.org/wiki/File%3AMoscow_bus_022510_2024-09_1727173058_Sergiya_Radonezskogo_street_tram_line_NefAZ-5299-40.jpg;CC BY 4.0;day
images/real/real_25d3deb734.jpg;XY07377;type1b;703.4,896.2,64.2,16.7;704.0,896.2,767.6,901.2,767.5,912.9,703.4,909.2;1;0;https://commons.wikimedia.org/wiki/File%3AMoscow_bus_030104_2024-10_1st_Naprudnaya_Street_LiAZ-5292_163.JPG;CC BY 4.0;day
images/real/real_25d3deb734.jpg;X644PC799;type1;1211.9,914.3,75.4,16.5;1213.3,914.3,1287.3,914.6,1285.2,930.8,1211.9,929.9;1;0;https://commons.wikimedia.org/wiki/File%3AMoscow_bus_030104_2024-10_1st_Naprudnaya_Street_LiAZ-5292_163.JPG;CC BY 4.0;day
images/real/real_5ffda053e6.jpg;YY07377;type1b;446.2,798.8,38.9,8.0;447.1,798.8,485.2,799.2,484.8,806.7,446.2,806.2;1;0;https://commons.wikimedia.org/wiki/File%3AMoscow_bus_030104_2024-10_Malygina_Street_LiAZ-5292_162.JPG;CC BY 4.0;day,motion_blur
images/real/real_aeccdebafc.jpg;P367TA99;type1;33.9,739.3,42.7,13.0;33.9,743.1,75.2,739.3,76.7,748.5,34.7,752.3;1;0;https://commons.wikimedia.org/wiki/File%3AMoscow_bus_030117_2024-10_Rudnevoy_Street_LiAZ-6213_114.JPG;CC BY 4.0;day,motion_blur
images/real/real_1fc0984c9b.jpg;HT23177;type1b;608.4,805.3,46.0,12.7;609.6,805.3,654.2,808.5,654.4,818.0,608.4,815.0;1;0;https://commons.wikimedia.org/wiki/File%3AMoscow_bus_030131_2024-10_1st_Naprudnaya_Street_LiAZ-6213_158.JPG;CC BY 4.0;day,motion_blur
images/real/real_7915f064fd.jpg;H542YA799;type1;910.9,895.9,51.8,17.8;911.2,901.7,962.7,895.9,961.7,908.9,910.9,913.8;1;0;https://commons.wikimedia.org/wiki/File%3AMoscow_bus_030138_2024-10_Malygina_Street_LiAZ-6213_171.JPG;CC BY 4.0;angle,day
images/real/real_12ff56c1ea.jpg;H542YA799;type1;1023.8,894.7,61.4,18.7;1023.8,899.1,1083.7,894.7,1085.2,908.8,1024.1,913.4;1;0;https://commons.wikimedia.org/wiki/File%3AMoscow_bus_030138_2024-10_Malygina_Street_LiAZ-6213_172.JPG;CC BY 4.0;day
images/real/real_3460752b5a.jpg;Y167XM799;type1;608.4,859.5,42.2,13.9;608.8,862.2,649.8,859.5,650.7,870.8,608.4,873.4;1;0;https://commons.wikimedia.org/wiki/File%3AMoscow_bus_030340_2024-10_Malygina_Street_LiAZ-6213_242.JPG;CC BY 4.0;day
images/real/real_3a2090ef56.jpg;XY06577;type1b;912.9,851.9,73.8,18.8;912.9,851.9,986.7,855.4,986.4,870.8,913.2,867.2;1;0;https://commons.wikimedia.org/wiki/File%3AMoscow_bus_030479_2024-10_Menzhinskogo_Street_LiAZ-5292_147.JPG;CC BY 4.0;day
images/real/real_3a2090ef56.jpg;P978OO777;type1;1267.2,798.8,51.3,15.1;1268.4,801.8,1318.5,798.8,1316.8,811.2,1267.2,813.8;1;0;https://commons.wikimedia.org/wiki/File%3AMoscow_bus_030479_2024-10_Menzhinskogo_Street_LiAZ-5292_147.JPG;CC BY 4.0;angle,day
images/real/real_64ca57a1c6.jpg;PB06077;type1b;909.0,880.5,89.6,20.5;909.7,880.5,997.9,882.1,998.6,901.0,909.0,899.5;1;0;https://commons.wikimedia.org/wiki/File%3AMoscow_bus_030961_2024-04_1712394235_Durova_Street_NefAZ-5299-40.tif;CC BY 4.0;day
images/real/real_5b53e84237.jpg;HT46377;type1b;828.6,918.8,84.6,18.6;828.8,918.8,912.8,919.3,913.2,937.3,828.6,936.7;1;0;https://commons.wikimedia.org/wiki/File%3AMoscow_bus_030974_2024-04_1712394812_Durova_Street_NefAZ-5299-40.tif;CC BY 4.0;day
images/real/real_7a5c193260.jpg;E653MM777;type1;210.2,919.2,38.3,14.2;210.2,923.2,247.4,919.2,248.6,928.7,210.3,933.3;1;0;https://commons.wikimedia.org/wiki/File%3AMoscow_bus_031357_2024-12_Gospitalny_Val_LiAZ-6213_03.tif;CC BY 4.0;day,motion_blur
images/real/real_9441646f74.jpg;MX65277;type1b;945.6,857.8,65.3,19.4;945.6,864.2,1009.5,857.8,1010.8,871.5,946.8,877.2;1;0;https://commons.wikimedia.org/wiki/File%3AMoscow_bus_031526_2024-04_1713870340_Novobasmanny_overpass_NefAZ-5299-40.jpg;CC BY 4.0;day
images/real/real_9441646f74.jpg;K027AA799;type1;1517.8,765.7,53.9,17.6;1517.8,769.5,1569.9,765.7,1571.7,778.6,1518.2,783.2;1;0;https://commons.wikimedia.org/wiki/File%3AMoscow_bus_031526_2024-04_1713870340_Novobasmanny_overpass_NefAZ-5299-40.jpg;CC BY 4.0;day
images/real/real_43d17b29b6.jpg;MX65277;type1b;1101.7,908.0,88.1,27.3;1101.7,916.1,1187.7,908.0,1189.7,927.5,1102.1,935.2;1;0;https://commons.wikimedia.org/wiki/File%3AMoscow_bus_031526_2024-04_1713870341_Novobasmanny_overpass_NefAZ-5299-40.jpg;CC BY 4.0;day
images/real/real_3c9fb4be48.jpg;AP39199;type1b;1036.2,845.8,101.1,22.9;1039.1,848.2,1136.8,845.8,1137.2,867.6,1036.2,868.7;1;0;https://commons.wikimedia.org/wiki/File%3AMoscow_bus_031950_2024-01_1705592250_Novoryazanskaya_Street_LiAZ-5292.jpg;CC BY-SA 4.0;angle,day
images/real/real_8c1e981da4.jpg;PA58177;type1b;412.4,871.3,55.2,12.4;412.8,871.3,467.6,873.2,466.9,883.8,412.4,881.7;1;0;https://commons.wikimedia.org/wiki/File%3AMoscow_bus_032160_2024-10_Menzhinskogo_Street_LiAZ-6213_145.JPG;CC BY 4.0;day,motion_blur
images/real/real_78ae85ebf5.jpg;CK71677;type1b;413.2,855.2,53.7,14.0;413.7,855.2,466.8,858.5,465.7,869.2,413.2,864.9;1;0;https://commons.wikimedia.org/wiki/File%3AMoscow_bus_032195_2024-10_Menzhinskogo_Street_LiAZ-6213_151.JPG;CC BY 4.0;day
images/real/real_558dc03699.jpg;Y761TC777;type1;528.3,820.8,39.8,12.5;529.0,820.8,567.8,823.2,568.2,833.3,528.3,831.5;1;0;https://commons.wikimedia.org/wiki/File%3AMoscow_bus_032422_2024-10_Snezhnaya_Street_LiAZ-5292_010.JPG;CC BY 4.0;day
images/real/real_0f6e44d1bb.jpg;K105YB799;type1;1128.8,818.9,69.0,17.0;1128.8,818.9,1196.8,819.2,1197.8,835.9,1129.7,835.8;1;0;https://commons.wikimedia.org/wiki/File%3AMoscow_bus_032539_2024-09_1727173508_Sergiya_Radonezskogo_street_tram_line_NefAZ-5299-40.jpg;CC BY 4.0;day
images/real/real_fad32d7db6.jpg;C563KY777;type1;297.2,746.0,44.8,10.8;298.4,746.0,341.8,747.1,341.9,756.8,297.2,756.0;1;0;https://commons.wikimedia.org/wiki/File%3AMoscow_bus_080201_2024-10_1728740093_Mosgortrans_Alabushevo_vehicle_collection_LiAZ-6213.jpg;CC BY 4.0;day
images/real/real_0fc80bb2e6.jpg;C563KY777;type1;353.8,767.2,70.7,14.1;353.8,767.6,424.4,767.2,423.8,781.2,354.0,780.8;1;0;https://commons.wikimedia.org/wiki/File%3AMoscow_bus_080201_2024-10_1728740135_Mosgortrans_Alabushevo_vehicle_collection_LiAZ-6213.jpg;CC BY 4.0;day
images/real/real_467d05edb0.jpg;K352YB799;type1;455.1,850.4,78.2,23.3;457.4,850.4,533.3,852.2,532.7,873.8,455.1,870.6;1;0;https://commons.wikimedia.org/wiki/File%3AMoscow_bus_083221_2024-12_1734275633_Veyernaya_Street_NefAZ-5299-40.tif;CC BY 4.0;day
images/real/real_bb79839fe4.jpg;PA25877;type1b;1139.7,751.0,43.3,10.8;1140.9,751.8,1182.9,751.0,1183.0,758.8,1139.7,761.8;1;0;https://commons.wikimedia.org/wiki/File%3AMoscow_bus_090754_2024-02_1707477628_Marshala_Shestopalova_Street_MAN_Lion%27s_Coach_%28R07%29.jpg;CC BY 4.0;angle,day
images/real/real_bb79839fe4.jpg;PK99177;type1b;625.1,755.8,44.8,8.4;625.4,755.8,669.8,756.3,669.0,764.2,625.1,763.6;1;0;https://commons.wikimedia.org/wiki/File%3AMoscow_bus_090754_2024-02_1707477628_Marshala_Shestopalova_Street_MAN_Lion%27s_Coach_%28R07%29.jpg;CC BY 4.0;day,motion_blur
images/real/real_d9e1c01259.jpg;X756BH790;type1;726.8,899.0,113.6,32.3;727.7,904.2,840.4,899.0,839.8,929.2,726.8,931.3;1;0;https://commons.wikimedia.org/wiki/File%3AMoscow_bus_1319005_2024-02_1707573114_Lyublinskaya_Street_NefAZ-5299-40.jpg;CC BY 4.0;day,glare
images/real/real_effd8b39a1.jpg;Y413BT790;type1;715.2,794.5,46.6,10.9;715.6,795.7,761.2,794.5,761.8,804.2,715.2,805.4;1;0;https://commons.wikimedia.org/wiki/File%3AMoscow_bus_1320003_2024-10_Malygina_Street_MAZ-206_164.JPG;CC BY 4.0;day
images/real/real_effd8b39a1.jpg;O435PP197;type1;1421.2,724.4,32.2,9.7;1422.0,726.7,1453.4,724.4,1453.2,731.8,1421.2,734.1;1;0;https://commons.wikimedia.org/wiki/File%3AMoscow_bus_1320003_2024-10_Malygina_Street_MAZ-206_164.JPG;CC BY 4.0;angle,day,motion_blur
images/real/real_06fe1bc594.jpg;Y413BT790;type1;595.7,884.8,84.7,21.4;596.4,885.9,680.3,884.8,680.2,905.8,595.7,906.2;1;0;https://commons.wikimedia.org/wiki/File%3AMoscow_bus_1320003_2024-10_Malygina_Street_MAZ-206_165.JPG;CC BY 4.0;day
images/real/real_3725436de4.jpg;E342BH790;type1;443.4,832.8,39.0,10.8;443.4,833.1,481.8,832.8,482.4,843.2,443.5,843.6;1;0;https://commons.wikimedia.org/wiki/File%3AMoscow_bus_1321054_2024-12_1734275394_Veyernaya_Street_NefAZ-5299-40.tif;CC BY 4.0;day
images/real/real_71de234046.jpg;PT33777;type1b;801.3,776.5,64.5,14.1;801.8,776.5,865.8,777.6,865.8,790.6,801.3,788.5;1;0;https://commons.wikimedia.org/wiki/File%3AMoscow_bus_1322046_2024-11_1732452824_Sergeya_Eyzenshteyna_Street_LiAZ-5292.jpg;CC BY 4.0;day
images/real/real_b04ecaed50.jpg;PT35177;type1b;477.0,870.2,61.1,13.5;477.6,870.2,538.1,872.6,537.9,883.8,477.0,882.7;1;0;https://commons.wikimedia.org/wiki/File%3AMoscow_bus_1322057_2024-10_Menzhinskogo_Street_LiAZ-5292_149.JPG;CC BY 4.0;day
images/real/real_682068da4a.jpg;PT35477;type1b;1020.7,845.2,46.2,11.2;1021.4,846.7,1066.1,845.2,1066.8,853.8,1020.7,856.5;1;0;https://commons.wikimedia.org/wiki/File%3AMoscow_bus_1322058_2024-10_Shirokaya_Street_LiAZ-5292_302.JPG;CC BY 4.0;day
images/real/real_65229777ac.jpg;PT39277;type1b;510.1,845.4,51.8,18.4;511.9,845.4,561.8,852.8,561.6,863.8,510.1,858.2;1;0;https://commons.wikimedia.org/wiki/File%3AMoscow_bus_1322092_2024-10_1st_Naprudnaya_Street_LiAZ-5292_161.JPG;CC BY 4.0;day
images/real/real_59a6bcdf0e.jpg;K233TP75;type1;997.8,869.2,27.0,8.0;998.2,871.3,1024.5,869.2,1024.7,875.1,997.8,877.2;1;0;https://commons.wikimedia.org/wiki/File%3AMoscow_bus_%D0%A3153%D0%92%D0%90797_2024-09_Selskokhozyaistvennaya_street_Ikarus_280_053.jpg;CC BY 4.0;angle,day,motion_blur
images/real/real_59a6bcdf0e.jpg;Y153BA193;type1;851.8,853.5,57.8,16.6;853.3,854.8,909.7,853.5,908.7,870.1,851.8,869.8;1;0;https://commons.wikimedia.org/wiki/File%3AMoscow_bus_%D0%A3153%D0%92%D0%90797_2024-09_Selskokhozyaistvennaya_street_Ikarus_280_053.jpg;CC BY 4.0;day
images/real/real_0f75fcd0f1.jpg;OY57477;type1b;431.6,844.7,65.5,18.4;432.9,844.7,496.7,849.8,497.1,863.1,431.6,860.1;1;0;https://commons.wikimedia.org/wiki/File%3AMoscow_bus_160117_2024-11_1731232626_Pererva_Street_NefAZ-5299-40.tif;CC BY 4.0;day
images/real/real_0ba1fe9a4e.jpg;PK11877;type1b;767.2,851.4,129.2,31.5;769.7,858.3,896.4,851.4,896.2,880.8,767.2,882.9;1;0;https://commons.wikimedia.org/wiki/File%3AMoscow_bus_160294_2024-02_1707570827_Kashirskoye_Highway_LiAZ-6213.jpg;CC BY 4.0;angle,day
images/real/real_0ba1fe9a4e.jpg;K345CY28;type1;1306.2,689.8,61.4,17.7;1306.5,693.7,1366.8,689.8,1367.7,703.8,1306.2,707.5;1;0;https://commons.wikimedia.org/wiki/File%3AMoscow_bus_160294_2024-02_1707570827_Kashirskoye_Highway_LiAZ-6213.jpg;CC BY 4.0;day
images/real/real_357eb8d74f.jpg;PK89677;type1b;673.5,839.4,55.2,12.8;674.2,839.4,727.9,839.4,728.7,850.6,673.5,852.2;1;0;https://commons.wikimedia.org/wiki/File%3AMoscow_bus_160329_2024-02_1707572184_Novocherkassky_Boulevard_NefAZ-5299-40.jpg;CC BY 4.0;day
images/real/real_75288c82db.jpg;MX69077;type1b;1124.9,772.9,51.7,14.9;1124.9,777.4,1175.9,772.9,1176.6,783.5,1125.3,787.8;1;0;https://commons.wikimedia.org/wiki/File%3AMoscow_bus_160419_2024-11_1731240887_Kapotnya_Street_NefAZ-5299-40.tif;CC BY 4.0;day
images/real/real_d65689af54.jpg;MX69077;type1b;822.6,866.7,66.2,14.5;822.6,866.7,888.8,867.8,887.4,881.2,822.8,878.7;1;0;https://commons.wikimedia.org/wiki/File%3AMoscow_bus_160419_2024-11_1731248212_1st_Kapotninsky_drive_NefAZ-5299-40.tif;CC BY 4.0;day
images/real/real_d272e21356.jpg;MX69077;type1b;423.5,871.8,113.8,31.0;428.1,871.8,537.2,877.7,534.1,902.8,423.5,895.8;1;0;https://commons.wikimedia.org/wiki/File%3AMoscow_bus_160419_2024-11_1731248215_1st_Kapotninsky_drive_NefAZ-5299-40.tif;CC BY 4.0;day
images/real/real_13b06987fc.jpg;OY99677;type1b;871.9,843.2,64.9,16.5;871.9,846.2,936.7,843.2,936.8,856.5,872.3,859.7;1;0;https://commons.wikimedia.org/wiki/File%3AMoscow_bus_160475_2024-11_1730730265_Lyublinskaya_Street_NefAZ-5299-40.JPG;CC BY 4.0;day,motion_blur
images/real/real_9b82ca988f.jpg;PK58077;type1b;980.8,868.6,92.8,21.3;980.8,869.7,1072.4,868.6,1073.7,889.2,981.7,889.9;1;0;https://commons.wikimedia.org/wiki/File%3AMoscow_bus_161090_2024-11_1730638188_Sharikopodshipnikovskaya_street_NefAZ-5299-40.jpg;CC BY 4.0;day
images/real/real_faa04efc03.jpg;CA72677;type1b;971.4,774.6,125.0,32.0;972.9,780.8,1095.0,774.6,1096.4,801.1,971.4,806.6;1;0;https://commons.wikimedia.org/wiki/File%3AMoscow_bus_161251_2024-11_1731232588_Pererva_Street_LiAZ-6213.tif;CC BY 4.0;day
images/real/real_a2c6d27730.jpg;CA51577;type1b;748.0,900.2,49.4,11.6;749.2,900.6,797.2,900.2,797.4,909.4,748.0,911.7;1;0;https://commons.wikimedia.org/wiki/File%3AMoscow_bus_161443_2024-11_1731248132_Ivan_Geraskin_street_LiAZ-6213.tif;CC BY 4.0;angle,day
images/real/real_175a6da360.jpg;CA77077;type1b;1015.8,824.1,105.1,26.8;1017.9,830.1,1120.8,824.1,1120.6,848.9,1015.8,850.9;1;0;https://commons.wikimedia.org/wiki/File%3AMoscow_bus_161452_2024-11_1731232653_Pererva_Street_LiAZ-6213.tif;CC BY 4.0;angle,day
images/real/real_586e9eca80.jpg;CA74077;type1b;371.4,835.8,88.1,25.1;371.4,835.8,458.2,841.0,459.5,860.8,371.4,857.5;1;0;https://commons.wikimedia.org/wiki/File%3AMoscow_bus_161547_2024-02_1707572192_Novocherkassky_Boulevard_LiAZ-6213.jpg;CC BY 4.0;day
images/real/real_6361b05f37.jpg;CA76877;type1b;1095.1,862.0,82.9,20.1;1095.1,862.0,1177.4,864.0,1178.0,882.1,1095.4,881.0;1;0;https://commons.wikimedia.org/wiki/File%3AMoscow_bus_161836_2024-02_1707477774_Kashirskoye_Highway_LiAZ-6213.jpg;CC BY 4.0;day
images/real/real_edc53c67f7.jpg;MX61477;type1b;470.7,799.9,57.7,14.2;471.7,799.9,528.3,802.2,528.0,814.1,470.7,811.2;1;0;https://commons.wikimedia.org/wiki/File%3AMoscow_bus_161858_2024-07_1720859927_Paveletskaya_Square_NefAZ-5299-40.jpg;CC BY 4.0;day
images/real/real_2c6d8fd363.jpg;OY71577;type1b;773.8,892.5,129.4,37.6;773.8,901.6,902.6,892.5,903.2,925.6,774.2,930.1;1;0;https://commons.wikimedia.org/wiki/File%3AMoscow_bus_161980_2024-02_1707067783_Shosseynaya_Street_NefAZ-5299-40.tif;CC BY 4.0;day
images/real/real_c8d27c86a6.jpg;AX06099;type1b;777.5,804.2,96.0,20.7;777.5,804.8,872.4,804.2,873.5,824.2,778.1,824.9;1;0;https://commons.wikimedia.org/wiki/File%3AMoscow_bus_162534_2024-09_1725827829_Solntsevo%E2%80%93Butovo%E2%80%93Vidnoye_Highway_LiAZ-5292.tif;CC BY 4.0;day
images/real/real_c8d27c86a6.jpg;K099KA799;type1;200.2,756.2,87.0,21.7;202.2,759.8,287.1,756.2,287.2,777.1,200.2,777.9;1;0;https://commons.wikimedia.org/wiki/File%3AMoscow_bus_162534_2024-09_1725827829_Solntsevo%E2%80%93Butovo%E2%80%93Vidnoye_Highway_LiAZ-5292.tif;CC BY 4.0;angle,day
images/real/real_4a7202d3fc.jpg;PM39777;type1b;661.2,695.6,43.8,7.7;661.6,695.6,705.1,695.7,705.0,703.2,661.2,703.2;1;0;https://commons.wikimedia.org/wiki/File%3AMoscow_bus_163093_2024-11_1731232618_Pererva_Street_NefAZ-5299-40.tif;CC BY 4.0;day,motion_blur
images/real/real_4a7202d3fc.jpg;X523OM177;type1;1194.8,716.2,78.6,20.2;1196.4,716.5,1273.0,716.2,1273.4,735.6,1194.8,736.5;1;0;https://commons.wikimedia.org/wiki/File%3AMoscow_bus_163093_2024-11_1731232618_Pererva_Street_NefAZ-5299-40.tif;CC BY 4.0;day,motion_blur
images/real/real_224fb8fb9c.jpg;YE29677;type1b;951.2,807.6,67.7,15.4;951.4,807.7,1018.3,807.6,1018.9,822.4,951.2,823.0;1;0;https://commons.wikimedia.org/wiki/File%3AMoscow_bus_1757885_2024-02_1707572244_Novocherkassky_Boulevard_LiAZ-5292.jpg;CC BY 4.0;day
images/real/real_06134c8db0.jpg;YE29077;type1b;760.9,878.2,85.7,21.1;761.1,878.2,844.8,880.2,846.6,899.3,760.9,899.3;1;0;https://commons.wikimedia.org/wiki/File%3AMoscow_bus_1757892_2024-02_1707572094_Novocherkassky_Boulevard_LiAZ-5292.jpg;CC BY 4.0;day
images/real/real_6e6b515379.jpg;YE29177;type1b;507.7,926.2,36.4,7.8;509.2,926.2,544.1,926.6,543.8,933.6,507.7,934.0;1;0;https://commons.wikimedia.org/wiki/File%3AMoscow_bus_1757900_2024-02_1707572840_Novocherkassky_Boulevard_LiAZ-5292.jpg;CC BY 4.0;angle,day,motion_blur
images/real/real_6e6b515379.jpg;T856MT797;type1;1357.7,925.2,61.2,16.9;1357.9,929.2,1418.5,925.2,1418.8,938.5,1357.7,942.2;1;0;https://commons.wikimedia.org/wiki/File%3AMoscow_bus_1757900_2024-02_1707572840_Novocherkassky_Boulevard_LiAZ-5292.jpg;CC BY 4.0;day
images/real/real_38989550aa.jpg;M621TE777;type1;535.7,809.9,53.3,12.3;536.2,809.9,588.7,810.0,589.0,822.2,535.7,822.2;1;0;https://commons.wikimedia.org/wiki/File%3AMoscow_bus_1764027_2024-02_1707572189_Novocherkassky_Boulevard_MAZ-203.jpg;CC BY 4.0;day
images/real/real_128c2da06a.jpg;T690PP777;type1;835.9,819.1,41.5,11.8;836.5,820.8,877.0,819.1,877.4,827.7,835.9,830.9;1;0;https://commons.wikimedia.org/wiki/File%3AMoscow_bus_1764052_2024-02_1707572979_Novocherkassky_Boulevard_MAZ-203.jpg;CC BY 4.0;day
images/real/real_88390caf5d.jpg;H950EA977;type1;873.2,835.4,52.9,17.2;873.2,840.2,925.4,835.4,926.2,846.6,873.2,852.6;1;0;https://commons.wikimedia.org/wiki/File%3AMoscow_bus_190518_2024-10_Menzhinskogo_Street_LiAZ-5292_033.JPG;CC BY 4.0;day
images/real/real_aeb99e27fa.jpg;H950EA977;type1;583.9,836.0,89.9,21.4;586.7,836.0,673.8,836.7,673.1,857.4,583.9,856.3;1;0;https://commons.wikimedia.org/wiki/File%3AMoscow_bus_190518_2024-10_Menzhinskogo_Street_LiAZ-5292_035.JPG;CC BY 4.0;day
images/real/real_45f4ce49c9.jpg;MY05877;type1b;772.2,767.6,32.2,6.5;772.4,767.6,803.4,767.6,804.4,773.0,772.2,774.1;1;0;https://commons.wikimedia.org/wiki/File%3AMoscow_bus_191264_2024-10_1728139435_Sosnovaya_alleya_NefAZ-5299-40.jpg;CC BY 4.0;angle,day
images/real/real_3150d43002.jpg;PO67777;type1b;783.2,942.3,28.2,8.3;783.9,944.2,811.5,942.3,811.5,949.5,783.2,950.7;1;0;https://commons.wikimedia.org/wiki/File%3AMoscow_bus_191385_2024-10_1728747701_Prospekt_Generala_Alekseeva_NefAZ-5299-40.jpg;CC BY 4.0;angle,day
images/real/real_b5bce5a494.jpg;CK04977;type1b;954.6,853.5,106.8,25.7;956.8,858.8,1061.2,853.5,1061.4,875.8,954.6,879.2;1;0;https://commons.wikimedia.org/wiki/File%3AMoscow_bus_191394_2024-10_1728739547_Alabushevo_cemetery_NefAZ-5299-40.jpg;CC BY 4.0;angle,day
images/real/real_544ab0fea8.jpg;OA98477;type1b;435.6,848.1,55.1,17.2;437.0,848.1,490.7,853.5,489.9,865.2,435.6,860.4;1;0;https://commons.wikimedia.org/wiki/File%3AMoscow_bus_191576_2024-10_Menzhinskogo_Street_LiAZ-6213_150.JPG;CC BY 4.0;day
images/real/real_544ab0fea8.jpg;M594EP790;type1;1443.2,863.8,59.8,14.8;1443.2,865.1,1501.2,863.8,1503.0,875.7,1444.7,878.6;1;0;https://commons.wikimedia.org/wiki/File%3AMoscow_bus_191576_2024-10_Menzhinskogo_Street_LiAZ-6213_150.JPG;CC BY 4.0;day,motion_blur
images/real/real_9bae49796a.jpg;AO94699;type1b;586.2,857.7,61.3,12.9;586.8,857.7,647.1,859.1,647.5,870.5,586.2,870.6;1;0;https://commons.wikimedia.org/wiki/File%3AMoscow_bus_2168302_2024-02_1707572892_Novocherkassky_Boulevard_LiAZ-5292.jpg;CC BY 4.0;day
images/real/real_9bae49796a.jpg;K554OB799;type1;1208.0,764.6,34.5,10.8;1208.6,767.3,1242.5,764.6,1242.5,772.2,1208.0,775.4;1;0;https://commons.wikimedia.org/wiki/File%3AMoscow_bus_2168302_2024-02_1707572892_Novocherkassky_Boulevard_LiAZ-5292.jpg;CC BY 4.0;angle,day,motion_blur
images/real/real_53aef6e115.jpg;HT35577;type1b;393.4,957.9,45.9,9.6;394.6,957.9,439.3,959.1,438.9,967.5,393.4,966.2;1;0;https://commons.wikimedia.org/wiki/File%3AMoscow_bus_410522_2024-02_1707572757_Novocherkassky_Boulevard_KamAZ-6282.jpg;CC BY 4.0;day
images/real/real_f5b0209820.jpg;HT35377;type1b;702.2,886.2,74.8,16.8;702.2,886.7,775.8,886.2,776.9,900.7,703.2,903.0;1;0;https://commons.wikimedia.org/wiki/File%3AMoscow_bus_410533_2024-02_1707572123_Novocherkassky_Boulevard_KamAZ-6282.jpg;CC BY 4.0;day
images/real/real_9f7fa10bca.jpg;HT35377;type1b;760.6,864.7,75.3,18.2;762.2,867.7,835.5,864.7,835.9,880.4,760.6,882.8;1;0;https://commons.wikimedia.org/wiki/File%3AMoscow_bus_410533_2024-02_1707572135_Novocherkassky_Boulevard_KamAZ-6282.jpg;CC BY 4.0;angle,day
images/real/real_38709bf7c4.jpg;CB84077;type1b;536.5,798.1,52.2,10.8;537.1,798.1,588.5,798.3,588.7,808.8,536.5,808.5;1;0;https://commons.wikimedia.org/wiki/File%3AMoscow_bus_410547_2024-02_1707572324_Novocherkassky_Boulevard_KamAZ-6282.jpg;CC BY 4.0;day,motion_blur
images/real/real_1a71bdb044.jpg;C648BE977;type1;848.9,966.7,38.3,10.2;849.3,967.8,886.5,966.7,887.2,974.5,848.9,976.8;1;0;https://commons.wikimedia.org/wiki/File%3AMoscow_bus_410571_2024-02_1707572789_Novocherkassky_Boulevard_KamAZ-6282.jpg;CC BY 4.0;day
images/real/real_298366f3c1.jpg;C648BE977;type1;1290.5,726.7,40.3,12.9;1290.5,730.5,1330.1,726.7,1330.8,734.6,1290.6,739.6;1;0;https://commons.wikimedia.org/wiki/File%3AMoscow_bus_410571_2024-02_1707572804_Novocherkassky_Boulevard_KamAZ-6282.jpg;CC BY 4.0;day
images/real/real_aa82e05cbe.jpg;HT72377;type1b;616.6,920.4,132.9,36.9;619.2,920.4,749.5,923.8,743.8,957.3,616.6,947.4;1;0;https://commons.wikimedia.org/wiki/File%3AMoscow_bus_411513_2024-11_1731232632_Pererva_Street_KamAZ-6282.tif;CC BY 4.0;angle,day
images/real/real_127a01cc7d.jpg;A798YX799;type1;1281.8,867.7,47.8,12.9;1281.8,870.7,1329.2,867.7,1329.6,877.3,1282.6,880.6;1;0;https://commons.wikimedia.org/wiki/File%3AMoscow_bus_430110_2024-09_1725711857_Mira_Avenue_LiAZ-6274.jpg;CC BY 4.0;day
images/real/real_3713461646.jpg;CK72677;type1b;953.2,797.1,47.7,7.9;953.8,797.1,1000.8,797.2,1000.2,804.9,953.2,805.0;1;0;https://commons.wikimedia.org/wiki/File%3AMoscow_bus_430217_2024-09_1725726686_Sokolnicheskaya_square_LiAZ-6274.jpg;CC BY 4.0;day,motion_blur
images/real/real_a9e5846f69.jpg;OP51577;type1b;795.8,834.6,95.2,20.6;795.8,834.6,890.9,836.2,890.9,855.2,796.2,854.2;1;0;https://commons.wikimedia.org/wiki/File%3AMoscow_bus_430260_2024-09_1725712442_Selskokhozyaistvennaya_street_LiAZ-6274.jpg;CC BY 4.0;day
images/real/real_642eced0bf.jpg;MP55977;type1b;931.1,894.2,58.9,15.3;931.1,897.8,989.8,894.2,990.0,905.6,931.2,909.5;1;0;https://commons.wikimedia.org/wiki/File%3AMoscow_bus_430374_2024-04_1712394031_Durova_Street_LiAZ-6274.tif;CC BY 4.0;day
images/real/real_8877987004.jpg;OT58677;type1b;1101.0,904.0,72.1,20.8;1101.0,908.3,1172.0,904.0,1173.1,921.7,1101.4,924.8;1;0;https://commons.wikimedia.org/wiki/File%3AMoscow_bus_430393_2024-04_1712394495_Durova_Street_LiAZ-6274.tif;CC BY 4.0;day
images/real/real_d9648cd8bc.jpg;CK66477;type1b;870.2,743.9,62.9,13.2;870.3,744.9,933.2,743.9,932.4,757.1,870.2,756.7;1;0;https://commons.wikimedia.org/wiki/File%3AMoscow_bus_430665_2024-09_1725726578_Sokolnicheskaya_square_KamAZ-6282.jpg;CC BY 4.0;day
images/real/real_d9648cd8bc.jpg;T598EX797;type1;1142.2,674.9,53.2,20.4;1142.2,682.6,1193.6,674.9,1195.4,687.3,1143.2,695.3;1;0;https://commons.wikimedia.org/wiki/File%3AMoscow_bus_430665_2024-09_1725726578_Sokolnicheskaya_square_KamAZ-6282.jpg;CC BY 4.0;day,motion_blur
images/real/real_b10ee52ebc.jpg;CK65777;type1b;1289.6,804.9,57.1,11.2;1289.8,804.9,1346.3,806.2,1346.7,815.2,1289.6,816.1;1;0;https://commons.wikimedia.org/wiki/File%3AMoscow_bus_430678_2024-10_Shirokaya_Street_KamAZ-6282_307.JPG;CC BY 4.0;day
images/real/real_0a9c4ef9a4.jpg;PB24377;type1b;636.5,855.7,44.4,10.0;636.7,855.7,680.9,857.2,680.6,865.7,636.5,863.7;1;0;https://commons.wikimedia.org/wiki/File%3AMoscow_bus_431420_2024-10_Malygina_Street_KamAZ-6282_244.JPG;CC BY 4.0;day,motion_blur
images/real/real_f448aa1c3f.jpg;PB25077;type1b;754.1,833.2,100.8,22.1;754.1,833.2,854.7,834.2,854.8,855.2,754.2,854.3;1;0;https://commons.wikimedia.org/wiki/File%3AMoscow_bus_431625_2024-09_1725728799_Rusakovskaya_Street_KamAZ-6282.jpg;CC BY 4.0;day
images/real/real_f448aa1c3f.jpg;B380XY777;type1;1459.3,714.8,61.6,17.0;1459.3,717.2,1519.5,714.8,1520.9,729.7,1459.9,731.8;1;0;https://commons.wikimedia.org/wiki/File%3AMoscow_bus_431625_2024-09_1725728799_Rusakovskaya_Street_KamAZ-6282.jpg;CC BY 4.0;day
images/real/real_a853905e73.jpg;X703KO797;type1;874.4,802.1,123.5,32.3;877.9,805.6,996.2,802.1,997.9,832.0,874.4,834.4;1;0;https://commons.wikimedia.org/wiki/File%3AMoscow_bus_%D0%A5703%D0%9A%D0%9E797_2024-10_1728149634_Central_square_LiAZ-677M.jpg;CC BY 4.0;angle,day
images/real/real_efbf67f6eb.jpg;X703KO797;type1;676.7,739.9,170.5,44.2;681.1,739.9,847.2,745.8,843.6,784.1,676.7,775.0;1;0;https://commons.wikimedia.org/wiki/File%3AMoscow_bus_%D0%A5703%D0%9A%D0%9E797_2024-10_1728149756_Central_square_LiAZ-677M.jpg;CC BY 4.0;day
images/real/real_6bf18f4f04.jpg;X703KO797;type1;378.6,627.3,209.8,195.6;378.6,653.3,588.3,627.3,587.6,809.5,381.8,822.9;1;0;https://commons.wikimedia.org/wiki/File%3AMoscow_bus_%D0%A5703%D0%9A%D0%9E797_2024-10_1728149797_Central_square_LiAZ-677M.jpg;CC BY 4.0;day
images/real/real_cf2793990f.jpg;X703KO797;type1;726.8,787.6,49.3,12.1;726.9,787.6,776.2,788.8,775.8,799.7,726.8,797.2;1;0;https://commons.wikimedia.org/wiki/File%3AMoscow_bus_%D0%A5703%D0%9A%D0%9E797_2024-10_1728150616_Central_square_LiAZ-677M.jpg;CC BY 4.0;day,glare
images/real/real_c3bb9f09dc.jpg;CE95677;type1b;882.3,751.9,33.0,8.8;883.2,753.5,915.3,751.9,915.3,759.1,882.3,760.7;1;0;https://commons.wikimedia.org/wiki/File%3AMoscow_bus_8500938_2024-11_1730735933_Myachkovsky_boulevard_LiAZ-5292.JPG;CC BY 4.0;angle,day
images/real/real_5dd8fecb91.jpg;H507TK797;type1;418.4,533.2,168.8,44.9;421.7,540.8,587.2,533.2,585.4,574.8,418.4,578.2;1;0;https://commons.wikimedia.org/wiki/File%3AMoscow%2C_disabled_Johnston_Sweepers_stranded_in_traffic%2C_Sept_2025_02.jpg;CC0;day,glare
images/real/real_8a03524cb1.jpg;H716KO799;type1;866.1,1247.3,73.6,19.0;866.1,1247.3,939.7,1251.7,939.5,1266.2,866.1,1262.5;1;0;https://commons.wikimedia.org/wiki/File%3AMoscow%2C_former_ZIL_powerplant_demolition_April_2025_04.jpg;CC0;day
images/real/real_eeecf521d4.jpg;Y307EP977;type1;1467.4,594.0,49.3,62.6;1467.4,609.2,1516.8,594.0,1516.7,644.6,1468.3,656.6;1;0;https://commons.wikimedia.org/wiki/File%3AMoscow%2C_grey_Jetour_Dashing_July_2025_02.jpg;CC0;angle,day,glare
images/real/real_2a72f3faa9.jpg;O032OE799;type1;943.9,920.4,111.8,25.8;944.6,921.1,1055.8,920.4,1055.2,946.2,943.9,946.0;1;0;https://commons.wikimedia.org/wiki/File%3AMoscow%2C_red_tour_bus_on_Kamenny_bridge_July_2024_03.jpg;CC0;day
images/real/real_889e35c370.jpg;T281EM977;type1;161.7,670.4,108.6,29.3;164.4,670.4,270.2,674.5,269.4,699.8,161.7,695.4;1;0;https://commons.wikimedia.org/wiki/File%3AMoscow%2C_respawn_point_overload%2C_May_2026_01.jpg;CC0;day
images/real/real_d73eba393a.jpg;M346PP799;type1;523.5,771.2,321.2,78.0;528.7,771.2,844.7,776.2,836.9,849.2,523.5,836.7;1;0;https://commons.wikimedia.org/wiki/File%3AMoscow%2C_rusty_dusty_GAZ-24_with_Pikachu%2C_Mar_2026_01.jpg;CC0;day
images/real/real_6e5ac5d912.jpg;AE52177;type1b;1192.7,756.2,51.4,10.2;1192.7,756.2,1244.1,757.4,1243.5,766.4,1192.8,764.5;1;0;https://commons.wikimedia.org/wiki/File%3AMoscow_trolleybus_BKM-321_8333_2024-10_1728740370_Mosgortrans_Alabushevo_vehicle_collection.jpg;CC BY 4.0;day,motion_blur
images/real/real_45c4d9d1bc.jpg;C105MX790;type1;1332.8,767.8,57.9,23.0;1334.4,772.2,1390.8,767.8,1389.5,786.3,1332.8,790.8;1;0;https://commons.wikimedia.org/wiki/File%3AMosow%2C_Sitrak_4-axle_dump_truck%2C_Feb_2026_01.jpg;CC0;angle,day
images/real/real_32a7326969.jpg;B868OE790;type1;1143.4,793.5,161.4,38.1;1148.2,796.1,1304.1,793.5,1304.8,830.9,1143.4,831.6;1;0;https://commons.wikimedia.org/wiki/File%3AMostransavto_bus_on_Moscow_Oblast_route_1063_in_Maryino%2C_Moscow_%2821.01.2024%29.jpg;CC BY-SA 4.0;angle,day,glare
images/real/real_499bf9e27c.jpg;HT48077;type1b;958.4,730.7,53.1,13.4;959.7,732.8,1011.5,730.7,1011.3,742.2,958.4,744.1;1;0;https://commons.wikimedia.org/wiki/File%3APlescheyeva_street_20241021_124915.jpg;CC BY-SA 4.0;angle,day
images/real/real_1436988a58.jpg;H878CP750;type1;419.8,789.4,50.6,11.8;419.8,789.8,468.6,789.4,470.3,799.6,420.3,801.2;1;0;https://commons.wikimedia.org/wiki/File%3ARamenskoye_Gurieva_street_2024-12_1735657067.JPG;CC BY 4.0;angle,day
images/real/real_1436988a58.jpg;Y658EE750;type1;265.5,780.0,39.4,8.2;265.7,780.0,304.5,781.2,304.9,788.2,265.5,787.9;1;0;https://commons.wikimedia.org/wiki/File%3ARamenskoye_Gurieva_street_2024-12_1735657067.JPG;CC BY 4.0;day
images/real/real_533a14391c.jpg;B259MC790;type1;851.1,877.5,82.1,21.7;852.3,881.2,933.2,877.5,933.1,896.7,851.1,899.2;1;0;https://commons.wikimedia.org/wiki/File%3ARamenskoye_bus_%D0%92259%D0%9C%D0%A1790_2024-12_1735655888_Mikhalevich_street_GAZelle_City.JPG;CC BY 4.0;day
images/real/real_d62cf621dc.jpg;B292TT790;type1;475.0,756.4,75.9,18.8;475.7,757.7,549.2,756.4,550.9,773.2,475.0,775.2;1;0;https://commons.wikimedia.org/wiki/File%3ARamenskoye_bus_%D0%92292%D0%A2%D0%A2790_2024-11_1731157026_Chugunova_street_Gazelle_City.jpg;CC BY 4.0;day
images/real/real_1de16c5333.jpg;H452PE790;type1;875.8,743.6,98.3,31.9;875.8,752.9,970.6,743.6,974.2,766.7,876.9,775.5;1;0;https://commons.wikimedia.org/wiki/File%3ARamenskoye_bus_%D0%9D452%D0%A0%D0%95790_2024-12_1735655978_Mikhalevich_street_GAZelle_Next.jpg;CC BY 4.0;day
images/real/real_c0ea5338de.jpg;H452PE790;type1;500.0,749.3,97.1,23.9;501.9,749.3,597.1,750.1,597.1,773.2,500.0,772.2;1;0;https://commons.wikimedia.org/wiki/File%3ARamenskoye_bus_%D0%9D452%D0%A0%D0%95790_2024-12_1735655982_Mikhalevich_street_GAZelle_Next.jpg;CC BY 4.0;day
images/real/real_4f784cb5cc.jpg;X505KX790;type1;1043.1,840.6,90.8,27.1;1043.1,844.5,1131.8,840.6,1133.9,862.9,1043.5,867.7;1;0;https://commons.wikimedia.org/wiki/File%3ARamenskoye_bus_%D0%A5505%D0%9A%D0%A5790_2024-12_1735656998_Mikhalevich_street_GAZelle_City.JPG;CC BY 4.0;day
images/real/real_808f02b090.jpg;A596CB750;type1;443.8,840.4,117.3,29.7;447.7,840.4,561.1,841.7,560.5,870.1,443.8,867.2;1;0;https://commons.wikimedia.org/wiki/File%3ARamenskoye_bus_%D0%90596%D0%A1%D0%92750_2024-12_1735657210_Mikhalevich_street_PAZ_Vector_Next.JPG;CC BY 4.0;night
images/real/real_cf1361e8f2.jpg;O749BA550;type1;1021.3,865.3,94.9,22.2;1023.4,867.8,1116.2,865.3,1116.0,887.6,1021.3,887.2;1;0;https://commons.wikimedia.org/wiki/File%3ARamenskoye_bus_%D0%9E749%D0%92%D0%90550_2024-12_1735655868_Mikhalevich_street_GAZelle_City.JPG;CC BY 4.0;day
images/real/real_958cfbad6d.jpg;K860AM550;type1;494.0,840.7,102.5,27.2;496.2,840.7,596.5,842.3,595.8,867.8,494.0,863.7;1;0;https://commons.wikimedia.org/wiki/File%3ARamenskoye_bus_%D0%9A860%D0%90%D0%9C550_2024-12_1735653817_Mikhalevich_street_GAZelle_City.JPG;CC BY 4.0;day
images/real/real_cf15f4c0ca.jpg;A579MB797;type1;522.5,824.4,98.8,25.3;524.7,824.4,621.2,824.6,619.7,849.8,522.5,846.7;1;0;https://commons.wikimedia.org/wiki/File%3ARed_tourist_bus_on_Bolotnaya_Embankment_-_Moscow.jpg;CC BY 4.0;day
images/real/real_9525903267.jpg;A579MB797;type1;425.0,1012.1,127.6,31.8;427.3,1014.4,551.5,1012.1,552.6,1043.3,425.0,1043.9;1;0;https://commons.wikimedia.org/wiki/File%3ARed_tourist_bus_on_Bolotnaya_Embankment_-_Moscow_%28cropped%29.jpg;CC BY 4.0;day
images/real/real_de0ce8b484.jpg;Y075PO750;type1;685.0,826.2,51.7,12.2;685.0,827.3,735.5,826.2,736.7,837.2,685.5,838.5;1;0;https://commons.wikimedia.org/wiki/File%3ARoshal_bus_%D0%A3075%D0%A0%D0%9E750_2024-10_1729353137_October_Revolution_street_LiAZ-5250.tif;CC BY 4.0;day
images/real/real_de0ce8b484.jpg;B727CT750;type1;1490.2,835.2,68.6,17.2;1490.2,837.2,1556.9,835.2,1558.8,848.8,1490.5,852.4;1;0;https://commons.wikimedia.org/wiki/File%3ARoshal_bus_%D0%A3075%D0%A0%D0%9E750_2024-10_1729353137_October_Revolution_street_LiAZ-5250.tif;CC BY 4.0;day
images/real/real_7b37f91a5f.jpg;A679AE790;type1;1032.0,803.8,73.2,21.6;1033.3,807.8,1105.2,803.8,1105.2,823.0,1032.0,825.4;1;0;https://commons.wikimedia.org/wiki/File%3ARoshal_bus_%D0%90679%D0%90%D0%95790_2024-10_1729353677_October_Revolution_street_LiAZ-5292.tif;CC BY 4.0;day,motion_blur
images/real/real_f7508ad5c1.jpg;B901OT790;type1;815.5,797.6,84.2,22.0;815.8,802.1,899.7,797.6,898.1,818.4,815.5,819.6;1;0;https://commons.wikimedia.org/wiki/File%3ARoshal_bus_%D0%92901%D0%9E%D0%A2790_2024-10_1729354659_October_Revolution_street_LiAZ-4292.tif;CC BY 4.0;day,motion_blur
images/real/real_b138d770cb.jpg;H367YA62;type1;872.7,822.3,82.6,26.9;873.7,829.4,953.5,822.3,955.2,842.8,872.7,849.2;1;0;https://commons.wikimedia.org/wiki/File%3ARyazan_bus_1215_2024-05_1715358582_Lenin_Street_LiAZ-5292.tif;CC BY 4.0;day
images/real/real_4705b10c76.jpg;H264YA62;type1;1026.6,747.2,75.1,26.7;1027.5,754.8,1099.9,747.2,1101.7,767.3,1026.6,773.9;1;0;https://commons.wikimedia.org/wiki/File%3ARyazan_bus_1224_2024-05_1715358614_Lenin_Street_LiAZ-5292.tif;CC BY 4.0;angle,day
images/real/real_acf27b526d.jpg;H203YA62;type1;1069.9,777.1,48.8,23.7;1069.9,782.3,1115.9,777.1,1118.7,795.1,1070.8,800.8;1;0;https://commons.wikimedia.org/wiki/File%3ARyazan_bus_1228_2024-05_1715440399_Sobornaya_Street_LiAZ-5292.tif;CC BY 4.0;day,motion_blur
images/real/real_477c3e57df.jpg;T801TY62;type1;846.8,810.2,89.6,25.6;848.2,817.1,936.4,810.2,935.6,831.8,846.8,835.8;1;0;https://commons.wikimedia.org/wiki/File%3ARyazan_bus_1245_2024-05_1715433882_Lenin_Street_LiAZ-5292.tif;CC BY 4.0;angle,day
images/real/real_1d82933695.jpg;B869YA62;type1;1113.5,673.8,41.0,13.4;1114.0,677.4,1153.8,673.8,1154.5,682.6,1113.5,687.2;1;0;https://commons.wikimedia.org/wiki/File%3ARyazan_trolleybus_2117_2024-05_1715430908_Lenin_Street_ZiU-9.tif;CC BY 4.0;angle,day
images/real/real_f77ab7b3fd.jpg;B869YA62;type1;1486.8,783.5,63.3,20.2;1486.8,791.4,1547.8,783.5,1550.1,796.2,1488.0,803.8;1;0;https://commons.wikimedia.org/wiki/File%3ARyazan_trolleybus_2117_2024-05_1715430937_Lenin_Street_ZiU-9.tif;CC BY 4.0;day
images/real/real_9c14bcc326.jpg;C171CP62;type1;357.6,771.0,58.2,14.8;357.6,772.5,415.2,771.0,415.8,784.1,357.6,785.8;1;0;https://commons.wikimedia.org/wiki/File%3ARyazan_trolleybus_2128_2024-05_1715433857_Lenin_Street_VMZ-5298.01-50.tif;CC BY 4.0;day
images/real/real_a2ef8bc12e.jpg;O579TY62;type1;1319.2,753.2,48.5,14.2;1319.2,755.5,1366.8,753.2,1367.8,765.0,1319.2,767.4;1;0;https://commons.wikimedia.org/wiki/File%3ARyazan_trolleybus_3074_2024-05_1715370322_Yesenin_Street_VZTM-5284.tif;CC BY 4.0;day,motion_blur
images/real/real_1b0c42247f.jpg;E596TE62;type1;343.2,747.2,51.0,19.5;343.3,752.8,393.8,747.2,394.2,761.8,343.2,766.7;1;0;https://commons.wikimedia.org/wiki/File%3ARyazan_trolleybus_3079_2024-05_1715434570_Lenin_Street_ZiU-9.tif;CC BY 4.0;day,motion_blur
images/real/real_6edfa5338e.jpg;P302OX17;type1;1182.5,870.1,28.5,7.3;1182.5,870.1,1211.0,871.7,1211.0,877.4,1182.6,876.4;1;0;https://commons.wikimedia.org/wiki/File%3ARyazan_trolleybus_3128_2024-05_1715431173_Lenin_Street_ZiU-9.tif;CC BY 4.0;day
images/real/real_9e86ebdf03.jpg;K911CA62;type1;1174.6,819.9,76.8,23.8;1174.6,828.6,1248.8,819.9,1251.4,836.2,1176.0,843.8;1;0;https://commons.wikimedia.org/wiki/File%3ARyazan_trolleybus_3134_2024-05_1715432399_Lenin_Street_PKTS-6281.tif;CC BY 4.0;day,motion_blur
images/real/real_a69e16c3e9.jpg;O972XT77;type1;1425.2,691.1,41.8,10.3;1425.2,692.3,1466.0,691.1,1466.9,698.9,1425.2,701.4;1;0;https://commons.wikimedia.org/wiki/File%3ARyazan_trolleybus_3143_2024-05_1715434252_Lenin_Street_MAZ-T203.tif;CC BY 4.0;day,motion_blur
images/real/real_1200274cac.jpg;T829TO62;type1;371.2,738.2,46.4,14.5;371.2,742.2,416.0,738.2,417.6,747.8,371.8,752.8;1;0;https://commons.wikimedia.org/wiki/File%3ARyazan_trolleybus_3144_2024-05_1715341216_Yesenin_Street_MAZ-T203.tif;CC BY 4.0;day
images/real/real_6eb50fbb5c.jpg;A310TH62;type1;1352.4,782.5,35.8,8.3;1352.9,782.5,1388.0,783.0,1388.2,790.8,1352.4,790.7;1;0;https://commons.wikimedia.org/wiki/File%3ARyazan_trolleybus_3158_2024-05_1715422023_Tsiolkovsky_Street_PKTS-6281.tif;CC BY 4.0;day
images/real/real_8e88b5d43d.jpg;E584YC763;type1;878.6,744.5,71.7,19.2;880.4,747.8,950.3,744.5,949.6,762.0,878.6,763.7;1;0;https://commons.wikimedia.org/wiki/File%3ASAZ_LE60_%D0%9C%D0%A2%D0%90_%D0%BD%D0%B0_%D1%81%D1%8A%D0%B5%D0%B7%D0%B4%D0%B5_%D0%BD%D0%B0_%D0%9C%D0%B8%D0%BD%D1%81%D0%BA%D1%83%D1%8E_%D1%83%D0%BB%D0%B8%D1%86%D1%83_%D0%BC%D0%B0%D1%80%D1%88%D1%80%D1%83%D1%82_%D0%9C%D0%9E_139_%D1%81%D0%B7%D0%B0%D0%B4%D0%B8.jpg;CC BY-SA 4.0;angle,day,motion_blur
images/real/real_a741a02fd8.jpg;X703KO797;type1;815.3,740.3,66.8,19.8;816.6,744.9,882.1,740.3,881.5,757.2,815.3,760.1;1;0;https://commons.wikimedia.org/wiki/File%3ASavyolki_District_bus_%D0%A5703%D0%9A%D0%9E797_2024-10_1728139661_Sosnovaya_alleya_LiAZ-677M.jpg;CC BY 4.0;angle,day
images/real/real_41f3fb12a9.jpg;X703KO797;type1;1072.6,762.2,130.2,33.2;1073.2,765.9,1202.8,762.2,1202.4,793.8,1072.6,795.4;1;0;https://commons.wikimedia.org/wiki/File%3ASavyolki_District_bus_%D0%A5703%D0%9A%D0%9E797_2024-10_1728141520_Nikolsky_drive_LiAZ-677M.jpg;CC BY 4.0;day
images/real/real_5efb79ba4e.jpg;EO00577;type1b;441.2,767.9,54.6,17.9;442.5,767.9,495.8,773.8,495.4,785.8,441.2,780.9;1;0;https://commons.wikimedia.org/wiki/File%3ASilino_District_bus_%D0%95%D0%9E00577_2024-10_1728739870_Mosgortrans_Alabushevo_vehicle_collection_Fiat_Ducato_244.jpg;CC BY 4.0;day,motion_blur
images/real/real_5efb79ba4e.jpg;EE74077;type1b;279.5,686.2,45.5,9.0;280.3,686.2,324.8,686.6,325.0,694.4,279.5,695.2;1;0;https://commons.wikimedia.org/wiki/File%3ASilino_District_bus_%D0%95%D0%9E00577_2024-10_1728739870_Mosgortrans_Alabushevo_vehicle_collection_Fiat_Ducato_244.jpg;CC BY 4.0;day,motion_blur
images/real/real_cd70e468d7.jpg;H625YB777;type1;423.3,692.7,59.6,15.2;423.3,694.7,482.3,692.7,482.9,706.7,423.8,707.8;1;0;https://commons.wikimedia.org/wiki/File%3ASilino_District_bus_%D0%90%D0%95521_77_2024-10_1728739779_Mosgortrans_Alabushevo_vehicle_collection_LiAZ-5256.jpg;CC BY 4.0;day
images/real/real_0e9ddc0544.jpg;AE52177;type1b;489.8,745.8,45.4,13.2;491.5,745.8,535.2,750.2,535.0,759.1,489.8,755.8;1;0;https://commons.wikimedia.org/wiki/File%3ASilino_District_bus_%D0%90%D0%95521_77_2024-10_1728740336_Mosgortrans_Alabushevo_vehicle_collection_LiAZ-5256.jpg;CC BY 4.0;day,motion_blur
images/real/real_bd6defab2a.jpg;X703KO797;type1;925.2,680.8,135.1,40.4;926.3,689.2,1057.7,680.8,1060.2,715.1,925.2,721.2;1;0;https://commons.wikimedia.org/wiki/File%3ASilino_District_bus_%D0%A5703%D0%9A%D0%9E797_2024-10_1728146114_Konstrutora_Lukina_street_LiAZ-677M.jpg;CC BY 4.0;day
images/real/real_4b3573f8ad.jpg;E196AA761;type1;1185.0,866.5,44.8,11.7;1185.0,868.2,1229.3,866.5,1229.8,876.0,1185.8,878.2;1;0;https://commons.wikimedia.org/wiki/File%3ASverdlovskiy_Nabereznaya_street_13_2024-10_1729439135.tif;CC BY 4.0;day,motion_blur
images/real/real_1bfce7d319.jpg;O032OE799;type1;1432.4,893.7,56.9,31.9;1433.0,902.0,1488.8,893.7,1489.3,917.1,1432.4,925.6;1;0;https://commons.wikimedia.org/wiki/File%3ATourist_bus_at_Bolotnaya_Embankment_in_Moscow_2024-8_%281%29.jpg;CC BY 4.0;angle,day
images/real/real_53b937dc7c.jpg;O032OE799;type1;1343.2,898.8,53.2,38.1;1343.2,910.6,1392.6,898.8,1396.5,923.7,1345.0,936.8;1;0;https://commons.wikimedia.org/wiki/File%3ATourist_bus_at_Bolotnaya_Embankment_in_Moscow_2024-8_%282%29.jpg;CC BY 4.0;angle,day
images/real/real_36b5e38f98.jpg;A579MB797;type1;1330.2,846.1,50.7,21.4;1330.2,850.7,1380.4,846.1,1380.8,863.7,1330.6,867.5;1;0;https://commons.wikimedia.org/wiki/File%3ATourist_buses_on_Bolotnaya_Embankment_-_Moscow.jpg;CC BY 4.0;day
images/real/real_0810a86224.jpg;O032OE799;type1;625.8,779.5,49.3,12.5;625.8,781.3,674.4,779.5,675.2,790.4,625.9,792.0;1;0;https://commons.wikimedia.org/wiki/File%3ATourist_buses_on_Bolotnaya_Embankment%2C_Moscow.jpg;CC BY 4.0;day
images/real/real_0810a86224.jpg;E270OM799;type1;1307.7,719.2,30.0,10.8;1308.2,722.7,1337.2,719.2,1337.7,725.9,1307.7,730.0;1;0;https://commons.wikimedia.org/wiki/File%3ATourist_buses_on_Bolotnaya_Embankment%2C_Moscow.jpg;CC BY 4.0;angle,day
images/real/real_d9fcdce2b9.jpg;X737KT72;type1;1248.7,906.0,101.8,25.4;1251.8,907.0,1350.5,906.0,1350.0,931.1,1248.7,931.4;1;0;https://commons.wikimedia.org/wiki/File%3AUAZ-452_en_la_aerodromo_de_DOSAAF_en_Jalutorovsko_01.jpg;CC BY 4.0;day
images/real/real_98c4adc098.jpg;X737KT72;type1;476.5,838.1,124.2,36.2;477.2,844.7,597.8,838.1,600.7,867.4,476.5,874.3;1;0;https://commons.wikimedia.org/wiki/File%3AUAZ-452_en_la_aerodromo_de_DOSAAF_en_Jalutorovsko_02.jpg;CC BY 4.0;day
images/real/real_0b6d09a744.jpg;E020OC198;type1;473.0,854.0,114.1,31.0;476.6,854.0,587.1,856.2,584.9,885.0,473.0,879.1;1;0;https://commons.wikimedia.org/wiki/File%3AVidnoye_bus_%D0%95020%D0%9E%D0%A1198_2024-11_1731860478_Sovetskaya_street_PAZ-3203.jpg;CC BY 4.0;day
images/real/real_dad609e952.jpg;E020OC198;type1;881.4,810.3,130.3,40.2;881.4,823.8,1010.8,810.3,1011.7,840.9,881.8,850.5;1;0;https://commons.wikimedia.org/wiki/File%3AVidnoye_bus_%D0%95020%D0%9E%D0%A1198_2024-11_1731860489_Sovetskaya_street_PAZ-3203.jpg;CC BY 4.0;day
images/real/real_78ea28cd9c.jpg;E020OC198;type1;942.9,880.0,117.9,40.8;943.8,893.3,1058.9,880.0,1060.8,910.4,942.9,920.8;1;0;https://commons.wikimedia.org/wiki/File%3AVidnoye_bus_%D0%95020%D0%9E%D0%A1198_2024-11_1732367737_Sovetskaya_street_PAZ-3203.jpg;CC BY 4.0;angle,day
images/real/real_a0598c29aa.jpg;C900MT777;type1;1350.9,835.9,111.5,29.8;1354.4,835.9,1462.4,840.2,1458.8,865.8,1350.9,857.5;1;0;https://commons.wikimedia.org/wiki/File%3AVidnoye_bus_%D0%95020%D0%9E%D0%A1198_2024-11_1732367822_Sovetskaya_street_PAZ-3203.jpg;CC BY 4.0;day
images/real/real_ef664bf747.jpg;E036MM790;type1;876.7,786.3,105.3,35.5;876.9,796.7,978.6,786.3,982.0,812.8,876.7,821.8;1;0;https://commons.wikimedia.org/wiki/File%3AVidnoye_bus_%D0%95036%D0%9C%D0%9C790_2024-11_1732358903_Leninsky_Komsomol_avenue_Lotos-105.jpg;CC BY 4.0;day
images/real/real_c4e96e0d0b.jpg;M042TT790;type1;812.9,869.0,75.3,21.0;813.2,874.4,888.2,869.0,887.5,887.2,812.9,890.0;1;0;https://commons.wikimedia.org/wiki/File%3AVidnoye_bus_%D0%9C042%D0%A2%D0%A2790_2024-11_1732360021_Leninsky_Komsomol_avenue_LiAZ-5292.jpg;CC BY 4.0;day
images/real/real_1850c74c71.jpg;Y174PO790;type1;882.6,798.1,61.7,19.2;882.7,802.8,943.8,798.1,944.2,813.5,882.6,817.2;1;0;https://commons.wikimedia.org/wiki/File%3AVidnoye_bus_%D0%A3174%D0%A0%D0%9E790_2024-11_1731850387_Tinkova_street_PAZ_Vector_Next.jpg;CC BY 4.0;day
images/real/real_4ca9648f2b.jpg;Y184KP790;type1;987.8,851.3,75.7,30.8;988.8,860.1,1062.5,851.3,1063.5,874.8,987.8,882.1;1;0;https://commons.wikimedia.org/wiki/File%3AVidnoye_bus_%D0%A3184%D0%9A%D0%A0790_2024-11_1732365252_Sovetskaya_street_GAZelle_Next_minibus.jpg;CC BY 4.0;angle,day
images/real/real_6d968a30b9.jpg;X220BM750;type1;1142.4,847.4,70.0,34.6;1143.8,857.8,1210.6,847.4,1212.4,872.2,1142.4,882.0;1;0;https://commons.wikimedia.org/wiki/File%3AVidnoye_bus_%D0%A5220%D0%92%D0%9C750_2024-11_1732363686_Sovetskaya_street_Mercedes-Benz_Sprinter.jpg;CC BY 4.0;angle,day
images/real/real_179b947d85.jpg;M306OB790;type1;868.2,815.7,64.7,19.2;868.2,821.8,931.9,815.7,932.9,829.7,869.3,834.8;1;0;https://commons.wikimedia.org/wiki/File%3AVidnoye_bus_%D0%9C306%D0%9E%D0%92790_2024-11_1731850368_Tinkova_street_NefAZ-5299-31-52.jpg;CC BY 4.0;day
images/real/real_0f272e327f.jpg;C358MY790;type1;843.6,882.8,99.2,29.6;843.6,885.6,939.5,882.8,942.8,906.9,844.2,912.3;1;0;https://commons.wikimedia.org/wiki/File%3AVidnoye_bus_%D0%A1358%D0%9C%D0%A3790_2024-11_1732363027_Leninsky_Komsomol_avenue_Lotos-105.jpg;CC BY 4.0;day
images/real/real_e2c5ee6f1b.jpg;Y421OY799;type1;313.8,809.6,162.2,55.5;320.4,809.6,475.9,825.7,469.2,865.1,313.8,848.0;1;0;https://commons.wikimedia.org/wiki/File%3AVidnoye_bus_%D0%A3421%D0%9E%D0%A3799_2024-11_1731860516_Sovetskaya_street_VSN700_Nizhegorodets.jpg;CC BY 4.0;day
images/real/real_08a6c6a3a8.jpg;X465CX750;type1;393.6,857.3,128.6,32.0;398.2,857.3,521.6,860.4,522.2,889.3,393.6,885.0;1;0;https://commons.wikimedia.org/wiki/File%3AVidnoye_bus_%D0%A5465%D0%A1%D0%A5750_2024-11_1731853907_Shkolnaya_street_Volgabus_CityRhythm-10_suburban.jpg;CC BY 4.0;day
images/real/real_2c229a59eb.jpg;Y619MY750;type1;264.2,882.3,81.9,35.0;269.4,882.3,346.2,893.6,342.7,917.3,264.2,905.1;1;0;https://commons.wikimedia.org/wiki/File%3AVidnoye_bus_%D0%A3619%D0%9C%D0%A3750_2024-11_1732373119_Sovetskiy_drive_Neman-4202.jpg;CC BY 4.0;day
images/real/real_603626f0ac.jpg;KA62550;type1b;1140.5,770.7,57.8,18.9;1140.5,777.0,1197.7,770.7,1198.2,782.8,1141.1,789.6;1;0;https://commons.wikimedia.org/wiki/File%3AVidnoye_bus_%D0%9A%D0%90652_50_2024-11_1731841002_Vokzalnaya_street_LiAZ-5292.jpg;CC BY 4.0;day
images/real/real_d91e09bd7c.jpg;M803ME790;type1;867.6,795.5,58.5,21.1;867.7,801.3,926.1,795.5,925.6,811.8,867.6,816.6;1;0;https://commons.wikimedia.org/wiki/File%3AVidnoye_bus_%D0%9C803%D0%9C%D0%95790_2024-11_1732364027_Sovetskaya_street_LiAZ-4292.jpg;CC BY 4.0;day
images/real/real_b3db049034.jpg;X811TB790;type1;784.8,853.0,51.0,14.9;785.2,856.8,834.8,853.0,835.8,865.0,784.8,867.9;1;0;https://commons.wikimedia.org/wiki/File%3AVidnoye_bus_%D0%A5811%D0%A2%D0%92790_2024-11_1732365331_Sovetskaya_street_LiAZ-4292.jpg;CC BY 4.0;day
images/real/real_05c4d79701.jpg;H840YA790;type1;1031.4,831.0,59.6,22.2;1032.5,836.7,1090.8,831.0,1091.0,847.8,1031.4,853.2;1;0;https://commons.wikimedia.org/wiki/File%3AVidnoye_bus_%D0%A3840%D0%A3%D0%90790_2024-11_1732362981_Prospekt_Leninskogo_Komsomola_-_Sovetskaya_street_LiAZ-5292.jpg;CC BY 4.0;angle,day
images/real/real_55aa72bebf.jpg;X944MH790;type1;266.6,938.0,88.9,49.2;274.6,938.0,355.5,959.7,353.5,987.2,266.6,964.9;1;0;https://commons.wikimedia.org/wiki/File%3AVidnoye_bus_%D0%A5944%D0%9C%D0%9D790_2024-11_1732365164_Sovetskaya_street_LiAZ-5292.jpg;CC BY 4.0;angle,day
images/real/real_fc9085ca1e.jpg;C159YX190;type1;18.2,765.2,58.2,15.3;18.7,767.8,75.5,765.2,76.4,778.8,18.2,780.6;1;0;https://commons.wikimedia.org/wiki/File%3AVidnoye_trolleybus_27_2024-11_1732364132_Sovetskaya_street_Trolza-5275.0x.jpg;CC BY 4.0;day
images/real/real_19b2a3c58a.jpg;O969XY777;type1;344.6,767.7,33.4,8.1;344.6,768.1,378.0,767.7,377.9,774.4,344.8,775.8;1;0;https://commons.wikimedia.org/wiki/File%3AVidnoye_trolleybus_28_2024-11_1732359871_Leninsky_Komsomol_avenue_MAZ-206.jpg;CC BY 4.0;day
images/real/real_55fbe47640.jpg;A807MY198;type1;1004.5,891.7,154.3,38.0;1009.1,892.8,1158.8,891.7,1156.3,929.7,1004.5,927.4;1;0;https://commons.wikimedia.org/wiki/File%3AVolosovo-20240827_PAZ-320412-04_Vector_Route-36.jpg;CC0;day
images/real/real_d88486ebbd.jpg;K197EA147;type1;1261.2,873.5,107.7,31.8;1264.2,876.7,1367.2,873.5,1368.9,902.4,1261.2,905.3;1;0;https://commons.wikimedia.org/wiki/File%3AVolosovo-20240827_PAZ-320412-05_Route-37.jpg;CC0;day
images/real/real_c076afd1be.jpg;P483CC198;type1;936.2,844.7,123.3,31.8;939.2,848.4,1058.7,844.7,1059.6,875.8,936.2,876.4;1;0;https://commons.wikimedia.org/wiki/File%3AVolosovo-20240827_PAZ-320412-05_Route-38.jpg;CC0;day
images/real/real_deeb14520d.jpg;A025OT147;type1;1147.0,863.8,88.4,25.7;1149.5,866.7,1234.5,863.8,1235.4,888.2,1147.0,889.4;1;0;https://commons.wikimedia.org/wiki/File%3AVolosovo-20240827_Scania_CL94UB4x2LB_OmniLink_Route-33a.jpg;CC0;angle,day
images/real/real_7cadb9d830.jpg;T264TY196;type1;1148.0,969.4,76.7,18.5;1150.2,970.8,1224.7,969.4,1223.3,987.9,1148.0,986.6;1;0;https://commons.wikimedia.org/wiki/File%3AYekaterinburg_trolleybus_160_2024-07_1720001100_Malysheva_Street_ZiU-9.tif;CC BY 4.0;angle,day
images/real/real_7cadb9d830.jpg;E888CX96;type1;258.3,942.8,45.0,11.8;258.3,942.8,302.5,942.8,303.3,954.5,258.7,954.5;1;0;https://commons.wikimedia.org/wiki/File%3AYekaterinburg_trolleybus_160_2024-07_1720001100_Malysheva_Street_ZiU-9.tif;CC BY 4.0;day
images/real/real_d831cdbf2c.jpg;H004YM196;type1;739.1,800.3,45.4,14.8;739.1,803.8,783.3,800.3,784.5,810.8,739.7,815.1;1;0;https://commons.wikimedia.org/wiki/File%3AYekaterinburg_trolleybus_160_2024-07_1720031067_Malysheva_Street_ZiU-9.jpg;CC BY 4.0;day
images/real/real_570b2c6a80.jpg;B400MC190;type1;283.1,891.8,82.7,34.0;283.1,906.7,365.8,891.8,365.4,914.1,284.7,925.8;1;0;https://commons.wikimedia.org/wiki/File%3AYekaterinburg_trolleybus_160_2024-07_1720031080_Malysheva_Street_ZiU-9.jpg;CC BY 4.0;angle,day
images/real/real_d8c38b892c.jpg;KE37986;type1b;322.2,834.4,39.4,10.5;322.7,837.6,361.2,834.4,361.7,840.8,322.2,844.9;1;0;https://commons.wikimedia.org/wiki/File%3AYekaterinburg_trolleybus_191_2024-07_1720034642_Malysheva_Street_ZiU-9.jpg;CC BY 4.0;angle,day
images/real/real_18a8b24041.jpg;K924CB196;type1;1147.9,788.2,40.8,11.5;1148.0,790.5,1187.8,788.2,1188.8,796.7,1147.9,799.7;1;0;https://commons.wikimedia.org/wiki/File%3AYekaterinburg_trolleybus_389_2024-06_1719769678_Kosmonautov_prospect_ZiU-9.tif;CC BY 4.0;day
images/real/real_18a8b24041.jpg;C841PA196;type1;81.7,853.7,48.4,12.2;81.7,853.7,129.8,854.2,130.1,865.9,81.7,864.9;1;0;https://commons.wikimedia.org/wiki/File%3AYekaterinburg_trolleybus_389_2024-06_1719769678_Kosmonautov_prospect_ZiU-9.tif;CC BY 4.0;day
images/real/real_1a3551122f.jpg;K210PK196;type1;159.1,957.9,103.7,30.5;165.0,957.9,262.7,963.2,258.8,988.4,159.1,979.3;1;0;https://commons.wikimedia.org/wiki/File%3AYekaterinburg_trolleybus_421_2024-07_1720001083_Malysheva_Street_BKM-321.tif;CC BY 4.0;angle,day,dirt
images/real/real_a440e43479.jpg;X703KO797;type1;1099.2,745.4,67.9,27.9;1099.2,752.9,1164.6,745.4,1167.2,764.9,1099.7,773.3;1;0;https://commons.wikimedia.org/wiki/File%3AZelenograd_bus_%D0%A5703%D0%9A%D0%9E797_2024-10_1728142496_Shtyki_Memorial_LiAZ-677M.jpg;CC BY 4.0;day
images/real/real_fb953ecf24.jpg;X703KO797;type1;1142.2,768.8,69.2,24.9;1142.2,776.2,1211.4,768.8,1211.4,788.0,1142.2,793.8;1;0;https://commons.wikimedia.org/wiki/File%3AZelenograd_bus_%D0%A5703%D0%9A%D0%9E797_2024-10_1728142500_Shtyki_Memorial_LiAZ-677M.jpg;CC BY 4.0;day
images/real/real_aea869f07c.jpg;X703KO797;type1;607.4,766.2,43.3,10.4;607.7,766.8,650.2,766.2,650.8,776.1,607.4,776.7;1;0;https://commons.wikimedia.org/wiki/File%3AZelenograd_bus_%D0%A5703%D0%9A%D0%9E797_2024-10_1728142508_Shtyki_Memorial_LiAZ-677M.jpg;CC BY 4.0;day
images/real/real_8d73a23dbe.jpg;X703KO797;type1;431.5,806.7,43.8,12.7;432.7,806.7,475.2,808.9,475.3,819.4,431.5,817.2;1;0;https://commons.wikimedia.org/wiki/File%3AZelenograd_bus_%D0%A5703%D0%9A%D0%9E797_2024-10_1728143355_Shtyki_Memorial_LiAZ-677M.jpg;CC BY 4.0;day
images/real/real_d801cfde64.jpg;P105MM97;type1;1471.0,869.6,80.2,26.9;1472.2,875.2,1549.2,869.6,1551.2,892.0,1471.0,896.5;1;0;https://commons.wikimedia.org/wiki/File%3AZelenograd_bus_%D0%A5703%D0%9A%D0%9E797_2024-10_1728147136_Filaretovskaya_street_LiAZ-677M.jpg;CC BY 4.0;day
images/real/real_3556eaaaeb.jpg;X703KO797;type1;266.1,789.2,105.4,27.2;270.0,790.2,371.5,789.2,370.8,816.3,266.1,815.4;1;0;https://commons.wikimedia.org/wiki/File%3AZelenograd_bus_%D0%A5703%D0%9A%D0%9E797_2024-10_1728148320_Filaretovskaya_street_LiAZ-677M.jpg;CC BY 4.0;angle,day
images/real/real_e10f6c85b6.jpg;X703KO797;type1;213.4,1369.2,25.3,7.8;214.1,1369.2,238.7,1370.0,238.4,1377.0,213.4,1375.9;1;0;https://commons.wikimedia.org/wiki/File%3AZelenograd_bus_%D0%A5703%D0%9A%D0%9E797_2024-10_1728149521_Zelyony_Grad_building_LiAZ-677M.jpg;CC BY 4.0;day
images/real/real_f01507054d.jpg;X703KO797;type1;253.2,1466.2,75.9,23.0;255.8,1466.2,328.6,1468.0,329.1,1489.2,253.2,1488.0;1;0;https://commons.wikimedia.org/wiki/File%3AZelenograd_bus_%D0%A5703%D0%9A%D0%9E797_2024-10_1728149547_Zelyony_Grad_building_LiAZ-677M.jpg;CC BY 4.0;day
images/real/real_79de1bbba7.jpg;2101#A#;other;1044.4,792.2,276.8,141.2;1044.4,860.9,1313.3,792.2,1321.2,861.7,1056.7,933.4;1;0;https://commons.wikimedia.org/wiki/File%3A%D0%92%D0%90%D0%97-2101_IMG_150822.jpg;CC0;angle,day,dirt,glare
images/real/real_3411d9d51c.jpg;C608PT70;type1;1059.3,671.7,246.4,153.2;1059.3,758.4,1288.8,671.7,1305.8,725.6,1080.4,824.8;1;0;https://commons.wikimedia.org/wiki/File%3A%D0%93%D0%90%D0%97-21_IMG_145730.jpg;CC0;day
images/real/real_7569b04dc3.jpg;X516AB70;type1;1193.1,886.2,230.2,173.7;1193.1,998.1,1407.0,886.2,1423.2,936.4,1217.1,1059.9;1;0;https://commons.wikimedia.org/wiki/File%3A%D0%93%D0%90%D0%97-21_IMG_150038.jpg;CC0;angle,day
images/real/real_a6fcb680b3.jpg;C809CA70;type1;1034.2,700.9,290.2,142.1;1034.2,768.5,1310.3,700.9,1324.4,772.8,1046.4,843.0;1;0;https://commons.wikimedia.org/wiki/File%3A%D0%93%D0%90%D0%97-21_IMG_150223.jpg;CC0;day
images/real/real_a88e59f049.jpg;K077EC70;type1a;1173.8,816.4,148.5,158.6;1173.8,852.0,1317.0,816.4,1322.3,941.1,1185.1,975.0;1;0;https://commons.wikimedia.org/wiki/File%3A%D0%93%D0%90%D0%97-21_IMG_150316.jpg;CC0;angle,day
images/real/real_8c7afc8489.jpg;H490PY70;type1;910.6,873.2,297.3,125.2;910.6,933.4,1204.0,873.2,1207.9,944.5,917.2,998.4;1;0;https://commons.wikimedia.org/wiki/File%3A%D0%93%D0%90%D0%97-24_IMG_150251.jpg;CC0;angle,day
images/real/real_fc280dfac8.jpg;H792KA70;type1;1068.8,751.1,203.0,164.3;1068.8,858.8,1256.5,751.1,1271.8,794.3,1089.4,915.4;1;0;https://commons.wikimedia.org/wiki/File%3A%D0%9C%D0%BE%D1%81%D0%BA%D0%B2%D0%B8%D1%87-4xx_IMG_151738.jpg;CC0;angle,day
images/real/real_18e7d20fdb.jpg;A529AE70;type1;1076.8,824.7,260.4,175.3;1076.8,928.8,1321.8,824.7,1337.2,887.0,1098.4,1000.0;1;0;https://commons.wikimedia.org/wiki/File%3A%D0%9C%D0%BE%D1%81%D0%BA%D0%B2%D0%B8%D1%87-4xx_IMG_151904.jpg;CC0;angle,day
images/real/real_107072016c.jpg;A471XH70;type1;1118.4,863.7,213.3,150.2;1118.4,959.1,1326.0,863.7,1331.8,912.5,1136.3,1013.9;1;0;https://commons.wikimedia.org/wiki/File%3A%D0%9C%D0%BE%D1%81%D0%BA%D0%B2%D0%B8%D1%87-4xx_IMG_152010.jpg;CC0;angle,day
images/real/real_545b45830b.jpg;A283EO70;type1;1047.5,850.8,234.5,172.1;1047.5,946.3,1266.2,850.8,1282.0,916.2,1067.2,1022.9;1;0;https://commons.wikimedia.org/wiki/File%3A%D0%9C%D0%BE%D1%81%D0%BA%D0%B2%D0%B8%D1%87-4xx_IMG_152107.jpg;CC0;angle,day
images/real/real_33506e9df8.jpg;C745EC72;type1;1233.1,852.2,183.2,167.8;1233.1,949.3,1399.1,852.2,1416.2,906.6,1252.8,1020.1;1;0;https://commons.wikimedia.org/wiki/File%3A%D0%9C%D0%BE%D1%81%D0%BA%D0%B2%D0%B8%D1%87-4xx_IMG_152228.jpg;CC0;angle,day,glare
images/real/real_9c45be35f2.jpg;M682YB790;type1;944.4,938.9,56.8,21.0;944.4,942.6,999.0,938.9,1001.2,955.8,944.9,959.8;1;0;https://commons.wikimedia.org/wiki/File%3A%D0%9B%D0%B8%D0%90%D0%97-5292.65-03_%D0%BE%D0%B1%D1%80%D0%B0%D0%B7%D1%86%D0%B0_2024_%D0%B3%D0%BE%D0%B4%D0%B0_%D0%9C%D0%A2%D0%90_%D1%83_%D0%BC%D0%B5%D1%82%D1%80%D0%BE_%D0%94%D0%BE%D0%BC%D0%BE%D0%B4%D0%B5%D0%B4%D0%BE%D0%B2%D1%81%D0%BA%D0%B0%D1%8F_%D0%BC%D0%B0%D1%80%D1%88%D1%80%D1%83%D1%82_%D0%9C%D0%9E_367%D0%9F.jpg;CC BY-SA 4.0;day
images/real/real_7d385c68a3.jpg;PB25377;type1b;1150.6,760.0,48.2,17.3;1150.6,765.6,1197.2,760.0,1198.8,770.1,1151.8,777.3;1;0;https://commons.wikimedia.org/wiki/File%3A%D0%9B%D0%B8%D0%90%D0%97-6274_%D0%BE%D0%B1%D1%80%D0%B0%D0%B7%D1%86%D0%B0_2023_%D0%B3%D0%BE%D0%B4%D0%B0_%D0%9C%D0%93%D0%A2_%D1%81%D0%BF%D0%B5%D1%80%D0%B5%D0%B4%D0%B8_%D1%81%D0%BF%D1%80%D0%B0%D0%B2%D0%B0.jpg;CC BY-SA 4.0;day,motion_blur
images/real/real_03f9fea74b.jpg;PB25377;type1b;710.2,724.6,66.8,15.4;710.6,726.6,776.9,724.6,777.1,738.6,710.2,740.0;1;0;https://commons.wikimedia.org/wiki/File%3A%D0%9B%D0%B8%D0%90%D0%97-6274_%D0%BE%D0%B1%D1%80%D0%B0%D0%B7%D1%86%D0%B0_2023_%D0%B3%D0%BE%D0%B4%D0%B0_%D0%9C%D0%93%D0%A2_%D1%81%D0%BF%D0%B5%D1%80%D0%B5%D0%B4%D0%B8.jpg;CC BY-SA 4.0;day
images/real/real_4fc503c7b9.jpg;PB25377;type1b;519.9,1014.1,126.1,33.2;521.5,1023.4,646.0,1014.1,645.0,1042.6,519.9,1047.3;1;0;https://commons.wikimedia.org/wiki/File%3A%D0%9B%D0%B8%D0%90%D0%97-6274_%D0%BE%D0%B1%D1%80%D0%B0%D0%B7%D1%86%D0%B0_2023_%D0%B3%D0%BE%D0%B4%D0%B0_%D0%9C%D0%93%D0%A2_%D1%81%D0%B7%D0%B0%D0%B4%D0%B8.jpg;CC BY-SA 4.0;angle,day
images/real/real_22754b0064.jpg;PB25377;type1b;543.1,790.3,86.7,26.6;543.6,790.3,629.8,798.3,629.5,816.9,543.1,809.5;1;0;https://commons.wikimedia.org/wiki/File%3A%D0%9B%D0%B8%D0%90%D0%97-6274_%D0%BE%D0%B1%D1%80%D0%B0%D0%B7%D1%86%D0%B0_2023_%D0%B3%D0%BE%D0%B4%D0%B0_%D0%9C%D0%93%D0%A2_%D1%81%D0%BF%D0%B5%D1%80%D0%B5%D0%B4%D0%B8_%D1%81%D0%BB%D0%B5%D0%B2%D0%B0.jpg;CC BY-SA 4.0;day
images/real/real_cc0b40d976.jpg;PB25377;type1b;410.6,864.7,75.7,35.3;416.6,864.7,486.2,877.6,484.5,900.0,410.6,889.0;1;0;https://commons.wikimedia.org/wiki/File%3A%D0%9B%D0%B8%D0%90%D0%97-6274_%D0%BE%D0%B1%D1%80%D0%B0%D0%B7%D1%86%D0%B0_2023_%D0%B3%D0%BE%D0%B4%D0%B0_%D0%9C%D0%93%D0%A2_%D1%81%D0%B7%D0%B0%D0%B4%D0%B8_%D1%81%D0%BF%D1%80%D0%B0%D0%B2%D0%B0.jpg;CC BY-SA 4.0;day
images/real/real_9b09da52e6.jpg;HO28177;type1b;596.4,974.2,58.1,15.6;596.4,978.0,653.8,974.2,654.5,986.6,596.7,989.7;1;0;https://commons.wikimedia.org/wiki/File%3A%D0%9A%D0%B0%D0%BC%D0%90%D0%97-6282-490164_%D0%BD%D0%B0_%D0%BC%D0%B0%D1%80%D1%88%D1%80%D1%83%D1%82%D0%B5_%D1%8111_%D0%B2_%D0%9C%D0%BE%D1%81%D0%BA%D0%B2%D0%B5.jpg;CC BY-SA 4.0;day,motion_blur
images/real/real_8ad72c8b48.jpg;PY64077;type1b;422.7,725.9,72.7,20.7;423.1,725.9,495.2,731.9,495.4,746.6,422.7,741.8;1;0;https://commons.wikimedia.org/wiki/File%3A%D0%9A%D0%B0%D0%BC%D0%90%D0%97-6282_%D1%80%D0%B5%D1%81%D1%82%D0%B0%D0%B9%D0%BB%D0%B8%D0%BD%D0%B3_%D0%9C%D0%93%D0%A2_%D0%BD%D0%B0_%D0%BF%D0%BB%D0%BE%D1%89%D0%B0%D0%B4%D0%B8_%D0%9A%D0%B8%D0%B5%D0%B2%D1%81%D0%BA%D0%BE%D0%B3%D0%BE_%D0%B2%D0%BE%D0%BA%D0%B7%D0%B0%D0%BB%D0%B0_%D0%BC%D0%B0%D1%80%D1%88%D1%80%D1%83%D1%82_205_%D1%81%D0%B7%D0%B0%D0%B4%D0%B8.jpg;CC BY-SA 4.0;day
images/real/real_4fb13445d3.jpg;PY64077;type1b;696.4,841.2,92.1,21.9;696.7,841.2,786.8,842.1,788.5,863.1,696.4,863.1;1;0;https://commons.wikimedia.org/wiki/File%3A%D0%9A%D0%B0%D0%BC%D0%90%D0%97-6282_%D1%80%D0%B5%D1%81%D1%82%D0%B0%D0%B9%D0%BB%D0%B8%D0%BD%D0%B3_%D0%9C%D0%93%D0%A2_%D0%BD%D0%B0_%D0%BF%D0%BB%D0%BE%D1%89%D0%B0%D0%B4%D0%B8_%D0%9A%D0%B8%D0%B5%D0%B2%D1%81%D0%BA%D0%BE%D0%B3%D0%BE_%D0%B2%D0%BE%D0%BA%D0%B7%D0%B0%D0%BB%D0%B0_%D0%BD%D0%B0_%D0%B7%D0%B0%D1%80%D1%8F%D0%B4%D0%BA%D0%B5_%D0%BC%D0%B0%D1%80%D1%88%D1%80%D1%83%D1%82_205.jpg;CC BY-SA 4.0;day
images/real/real_958e7dd67e.jpg;H925MO198;type1;837.8,664.1,43.9,16.1;837.8,669.0,880.6,664.1,881.7,674.9,838.3,680.2;1;0;https://commons.wikimedia.org/wiki/File%3A%D0%A1%D0%B0%D0%BD%D0%BA%D1%82-%D0%9F%D0%B5%D1%82%D0%B5%D1%80%D0%B1%D1%83%D1%80%D0%B3%2C_%D0%B0%D0%B2%D1%82%D0%BE%D0%B1%D1%83%D1%81_%D0%BD%D0%B0_%D0%9F%D0%BE%D1%82%D1%91%D0%BC%D0%BA%D0%B8%D0%BD%D1%81%D0%BA%D0%BE%D0%B9.jpg;CC BY-SA 4.0;day
images/real/real_04e3d9c35a.jpg;P939OM198;type1;732.2,766.8,118.8,33.7;732.2,774.1,848.3,766.8,851.0,793.6,733.1,800.5;1;0;https://commons.wikimedia.org/wiki/File%3A%D0%A1%D0%B0%D0%BD%D0%BA%D1%82-%D0%9F%D0%B5%D1%82%D0%B5%D1%80%D0%B1%D1%83%D1%80%D0%B3%2C_%D0%B0%D0%B2%D1%82%D0%BE%D0%B1%D1%83%D1%81_%D0%BD%D0%B0_%D0%BF%D0%BB%D0%BE%D1%89%D0%B0%D0%B4%D0%B8_%D0%9B%D0%B5%D0%BD%D0%B8%D0%BD%D0%B0.jpg;CC BY-SA 4.0;day
images/real/real_37d86504c2.jpg;K963BB198;type1;1545.0,643.6,44.8,11.9;1545.2,643.6,1589.8,644.8,1589.8,655.5,1545.0,654.7;1;0;https://commons.wikimedia.org/wiki/File%3A%D0%A1%D0%B0%D0%BD%D0%BA%D1%82-%D0%9F%D0%B5%D1%82%D0%B5%D1%80%D0%B1%D1%83%D1%80%D0%B3%2C_%D0%B0%D0%B2%D1%82%D0%BE%D0%B1%D1%83%D1%81_%D0%BD%D0%B0_%D0%A7%D0%B0%D0%B9%D0%BA%D0%BE%D0%B2%D1%81%D0%BA%D0%BE%D0%B3%D0%BE.jpg;CC BY-SA 4.0;day
images/real/real_37d86504c2.jpg;P789EK198;type1;1092.8,773.3,74.3,24.2;1093.8,780.4,1164.5,773.3,1167.1,790.7,1092.8,797.5;1;0;https://commons.wikimedia.org/wiki/File%3A%D0%A1%D0%B0%D0%BD%D0%BA%D1%82-%D0%9F%D0%B5%D1%82%D0%B5%D1%80%D0%B1%D1%83%D1%80%D0%B3%2C_%D0%B0%D0%B2%D1%82%D0%BE%D0%B1%D1%83%D1%81_%D0%BD%D0%B0_%D0%A7%D0%B0%D0%B9%D0%BA%D0%BE%D0%B2%D1%81%D0%BA%D0%BE%D0%B3%D0%BE.jpg;CC BY-SA 4.0;angle,day
images/real/real_89293370a6.jpg;M999HP198;type1;914.9,853.5,126.6,37.6;916.5,862.1,1038.4,853.5,1041.5,883.1,914.9,891.1;1;0;https://commons.wikimedia.org/wiki/File%3A%D0%9A%D1%80%D0%BE%D0%BD%D1%88%D1%82%D0%B0%D0%B4%D1%82%2C_2%D0%9A%D1%80_%D1%83_%D1%84%D0%BE%D1%80%D1%82%D0%B0_%D0%A8%D0%B0%D0%BD%D0%B5%D1%86_%D0%B7%D0%B8%D0%BC%D0%BE%D0%B9.jpg;CC BY-SA 4.0;day
images/real/real_89293370a6.jpg;X053EE178;type1;1482.1,554.2,51.2,10.3;1482.1,554.2,1533.2,554.6,1533.3,564.4,1482.2,564.5;1;0;https://commons.wikimedia.org/wiki/File%3A%D0%9A%D1%80%D0%BE%D0%BD%D1%88%D1%82%D0%B0%D0%B4%D1%82%2C_2%D0%9A%D1%80_%D1%83_%D1%84%D0%BE%D1%80%D1%82%D0%B0_%D0%A8%D0%B0%D0%BD%D0%B5%D1%86_%D0%B7%D0%B8%D0%BC%D0%BE%D0%B9.jpg;CC BY-SA 4.0;day
images/real/real_246b55d237.jpg;T638TE799;type1;691.2,640.3,70.4,22.3;694.3,640.3,761.3,643.1,761.7,662.7,691.2,660.2;1;0;https://commons.wikimedia.org/wiki/File%3A%D0%93%D0%90%D0%97%D0%B5%D0%BB%D1%8C_Next_electro_7720_%D0%92%D0%94%D0%9D%D0%A5_%D0%BD%D0%B0_%D0%9A%D0%BE%D0%BB%D1%8C%D1%86%D0%B5%D0%B2%D0%BE%D0%B9_%D0%B4%D0%BE%D1%80%D0%BE%D0%B3%D0%B5_%D0%B1%D0%B5%D1%81%D0%BF%D0%BB%D0%B0%D1%82%D0%BD%D1%8B%D0%B9_%D0%BA%D0%BE%D0%BB%D1%8C%D1%86%D0%B5%D0%B2%D0%BE%D0%B9_%D0%BC%D0%B0%D1%80%D1%88%D1%80%D1%83%D1%82_%D0%9A.jpg;CC BY-SA 4.0;day
images/real/real_ae5d71bbc3.jpg;O310OE799;type1;405.1,978.5,43.8,12.1;405.2,980.6,448.2,978.5,448.9,988.7,405.1,990.6;1;0;https://commons.wikimedia.org/wiki/File%3A%D0%A1olumn_of_tourist_buses_on_Bolotnaya_Embankment%2C_Moscow.jpg;CC BY 4.0;day
images/real/real_d1368303e1.jpg;A364OA147;type1;439.7,740.2,268.4,82.0;447.0,740.2,708.1,745.8,706.7,822.2,439.7,814.8;1;0;https://commons.wikimedia.org/wiki/File%3A030528-SaintPetersburg-IMG_0643-2.jpg;CC BY 4.0;day,glare
images/real/real_3d48eebe20.jpg;O351BM178;type1;1204.9,778.8,140.1,107.6;1204.9,841.3,1335.5,778.8,1345.0,818.0,1217.2,886.4;1;0;https://commons.wikimedia.org/wiki/File%3A2009_Volkswagen_New_Beetle_%D0%B2_%D0%A1%D0%B0%D0%BD%D0%BA%D1%82-%D0%9F%D0%B5%D1%82%D0%B5%D1%80%D0%B1%D1%83%D1%80%D0%B3%D0%B5_01.jpg;CC BY-SA 4.0;angle,day
images/real/real_30332d6571.jpg;O351BM178;type1;483.7,1175.0,256.6,58.6;487.9,1179.0,740.3,1175.0,736.9,1233.5,483.7,1232.9;1;0;https://commons.wikimedia.org/wiki/File%3A2009_Volkswagen_New_Beetle_%D0%B2_%D0%A1%D0%B0%D0%BD%D0%BA%D1%82-%D0%9F%D0%B5%D1%82%D0%B5%D1%80%D0%B1%D1%83%D1%80%D0%B3%D0%B5_02.jpg;CC BY-SA 4.0;day
images/real/real_531fbd516c.jpg;B590OP190;type1;669.2,905.9,140.0,33.2;674.2,906.6,808.2,905.9,809.2,939.2,669.2,937.3;1;0;https://commons.wikimedia.org/wiki/File%3A20160729_084216_July_2016_in_Russia.jpg;CC0;angle,day
images/real/real_531fbd516c.jpg;C400EO750;type1;147.5,811.2,81.5,22.5;148.2,815.3,228.9,811.2,229.0,830.8,147.5,833.7;1;0;https://commons.wikimedia.org/wiki/File%3A20160729_084216_July_2016_in_Russia.jpg;CC0;day,glare
images/real/real_f46b89b81c.jpg;A083AX750;type1;1078.9,805.3,126.1,33.0;1081.4,808.8,1203.8,805.3,1205.0,836.7,1078.9,838.3;1;0;https://commons.wikimedia.org/wiki/File%3A20160729_084225_July_2016_in_Russia.jpg;CC0;day
images/real/real_0cf56121ee.jpg;B590OP190;type1;558.3,733.1,115.4,42.4;562.4,733.1,673.8,747.4,671.3,775.5,558.3,760.8;1;0;https://commons.wikimedia.org/wiki/File%3A20160729_084236_July_2016_in_Russia.jpg;CC0;day
images/real/real_0cf56121ee.jpg;C400EO750;type1;227.6,613.3,65.3,23.3;228.8,613.3,292.7,619.7,292.9,636.7,227.6,630.8;1;0;https://commons.wikimedia.org/wiki/File%3A20160729_084236_July_2016_in_Russia.jpg;CC0;day
images/real/real_a2686f08b1.jpg;B590OP190;type1;153.1,908.6,127.0,37.3;158.5,908.6,280.1,913.6,279.0,945.9,153.1,938.5;1;0;https://commons.wikimedia.org/wiki/File%3A20160729_084255_July_2016_in_Russia.jpg;CC0;day
images/real/real_0ad067135b.jpg;A238BB197;type1;752.2,511.2,146.0,36.4;752.2,514.1,897.9,511.2,898.2,546.9,753.0,547.6;1;0;https://commons.wikimedia.org/wiki/File%3A20160729_095805_July_2016_in_Vladimir_Oblast.jpg;CC0;day
images/real/real_e65c7e6c4b.jpg;A743AA178;type1;733.7,584.2,116.4,27.9;738.1,585.2,849.3,584.2,850.1,611.8,733.7,612.2;1;0;https://commons.wikimedia.org/wiki/File%3A20160803_104503_August_2016_in_Moscow.jpg;CC0;angle,day
images/real/real_8abeaa9aa3.jpg;E996KC177;type1;686.4,786.8,119.3,35.1;688.9,792.6,805.6,786.8,805.8,817.1,686.4,821.9;1;0;https://commons.wikimedia.org/wiki/File%3A20160803_121807_August_2016_in_Moscow.jpg;CC0;day
images/real/real_9cb4726fba.jpg;M556BX159;type1;595.7,543.0,306.7,86.6;597.1,564.2,902.3,543.0,897.8,613.2,595.7,629.6;1;0;https://commons.wikimedia.org/wiki/File%3A20190525_152217_Russian_car_plate%2C_Minsk.jpg;CC BY 3.0;day,glare
images/real/real_45db9f4fd3.jpg;E789HA763;type1;87.2,804.8,128.0,39.8;91.4,804.8,215.2,806.9,214.5,844.6,87.2,838.9;1;0;https://commons.wikimedia.org/wiki/File%3A2021_GAZ_GAZelle_NN_A31R32_white_front.jpg;CC BY 4.0;day
images/real/real_df5703bcec.jpg;T331EO198;type1;176.3,790.9,179.3,51.3;180.2,790.9,355.7,798.7,351.1,842.2,176.3,834.1;1;0;https://commons.wikimedia.org/wiki/File%3A2024_UAZ_Profi_with_tent_light_grey_front.JPG;CC BY 4.0;day
images/real/real_6e6a9f7048.jpg;B107TP750;type1;1282.5,693.2,164.5,49.8;1284.8,705.7,1447.0,693.2,1445.6,736.5,1282.5,743.1;1;0;https://commons.wikimedia.org/wiki/File%3A20250727_Moskvich_402_at_Tverskaya_street_in_Moscow.jpg;CC BY 4.0;day
images/real/real_e6e5e7495e.jpg;AK654867;other;769.3,820.2,208.2,50.0;769.3,825.8,977.5,820.2,975.8,869.0,769.7,870.2;1;0;https://commons.wikimedia.org/wiki/File%3A4757_License_plate_Russia_July_2019.JPG;Public domain;day
images/real/real_f1e1d62318.jpg;X102OP777;type1;755.8,1078.7,56.6,43.9;755.8,1096.5,809.1,1078.7,812.3,1105.4,757.2,1122.6;1;0;https://commons.wikimedia.org/wiki/File%3AA2018-09-05_12-04-01.jpg;CC BY-SA 4.0;angle,day
images/real/real_985ca9eab0.jpg;T069CK190;type1;1231.2,796.1,97.0,48.1;1231.2,809.5,1325.2,796.1,1328.2,830.1,1232.8,844.2;1;0;https://commons.wikimedia.org/wiki/File%3AAZLK-408E_Yar2016_%2830059045870%29.jpg;CC BY-SA 2.0;day
images/real/real_0c2eda5a11.jpg;3701MO77;other;1372.9,805.9,81.3,27.3;1373.8,810.3,1454.2,805.9,1451.4,831.8,1372.9,833.2;1;0;https://commons.wikimedia.org/wiki/File%3AAlabino220415part1-02.jpg;CC BY-SA 4.0;angle,day
images/real/real_0c2eda5a11.jpg;3702MO77;other;428.5,664.8,67.6,20.4;428.9,668.8,495.6,664.8,496.1,682.1,428.5,685.2;1;0;https://commons.wikimedia.org/wiki/File%3AAlabino220415part1-02.jpg;CC BY-SA 4.0;day
images/real/real_a39bf44aad.jpg;K968PY26;type1;413.9,589.2,127.3,37.6;417.2,591.2,540.8,589.2,541.2,626.8,413.9,625.2;1;0;https://commons.wikimedia.org/wiki/File%3AAlterna-4216_oldtimergallery2023_3.jpg;CC BY-SA 4.0;day
images/real/real_0e7df4b47d.jpg;K968PY26;type1;912.6,462.2,126.5,50.7;920.8,462.2,1039.1,484.3,1033.9,513.0,912.6,489.4;1;0;https://commons.wikimedia.org/wiki/File%3AAlterna-4216_oldtimergallery2023.jpg;CC BY-SA 4.0;day
images/real/real_5b759dd2b3.jpg;B166XX27;type1;222.2,680.2,117.4,29.3;223.0,684.4,339.6,680.2,338.6,708.4,222.2,709.5;1;0;https://commons.wikimedia.org/wiki/File%3AAmbulance_in_Moscow.jpg;CC BY-SA 4.0;day
images/real/real_5b759dd2b3.jpg;K794AH777;type1;975.8,885.2,182.4,43.1;982.1,887.7,1158.2,885.2,1154.7,928.3,975.8,926.2;1;0;https://commons.wikimedia.org/wiki/File%3AAmbulance_in_Moscow.jpg;CC BY-SA 4.0;angle,day
images/real/real_37236b379c.jpg;P622HY78;type1;1030.1,775.0,61.1,14.9;1032.3,775.0,1091.2,775.8,1089.3,789.9,1030.1,786.7;1;0;https://commons.wikimedia.org/wiki/File%3AAuto_Datsun_Saint_Petersburg_Turbinnaya_Street_9%2C_Saint_Petersburg_%D0%A0622%D0%9D%D0%A378_2025-03_873.JPG;CC BY 4.0;angle,day
images/real/real_d9e1bae99c.jpg;P622HY78;type1;162.4,792.8,146.2,39.4;165.5,792.8,308.6,794.8,307.0,832.2,162.4,826.7;1;0;https://commons.wikimedia.org/wiki/File%3AAuto_Datsun_Saint_Petersburg_Turbinnaya_Street_9%2C_Saint_Petersburg_%D0%A0622%D0%9D%D0%A378_2025-03_876.JPG;CC BY 4.0;day
images/real/real_d9e1bae99c.jpg;P622HY78;type1;962.3,794.8,145.1,38.6;966.2,794.8,1107.4,795.9,1107.0,833.4,962.3,830.0;1;0;https://commons.wikimedia.org/wiki/File%3AAuto_Datsun_Saint_Petersburg_Turbinnaya_Street_9%2C_Saint_Petersburg_%D0%A0622%D0%9D%D0%A378_2025-03_876.JPG;CC BY 4.0;day
images/real/real_d1b1d33e80.jpg;P602EE797;type1;1423.8,702.8,77.4,20.1;1425.2,702.8,1501.2,705.2,1501.2,722.9,1423.8,719.4;1;0;https://commons.wikimedia.org/wiki/File%3AAuto_GAZ-12_ZIM_Moscow_Bibip-Bibop_2026_2026-07_030.JPG;CC BY 4.0;day
images/real/real_719b327e65.jpg;A227KE977;type1;682.8,608.9,42.7,13.4;682.8,610.9,723.0,608.9,725.5,620.1,682.8,622.3;1;0;https://commons.wikimedia.org/wiki/File%3AAuto_GAZ-24_Moscow_Stromynka_Street_%D0%90227%D0%9A%D0%95977_2026-08_1786893276.JPG;CC BY 4.0;angle,day
images/real/real_a134cde6e4.jpg;E858XT197;type1;691.9,831.2,71.5,19.4;691.9,835.9,762.6,831.2,763.4,846.6,692.2,850.6;1;0;https://commons.wikimedia.org/wiki/File%3AAuto_KamAZ-53605_Moscow_Sevastopolsky_prospekt_%D0%95858%D0%A5%D0%A2197_2025-02_1149.JPG;CC BY 4.0;day
images/real/real_4e658ecb06.jpg;M414YK797;type1;1369.9,255.9,39.1,8.6;1370.4,255.9,1409.0,255.9,1409.0,263.4,1369.9,264.5;1;0;https://commons.wikimedia.org/wiki/File%3AAuto_Moskvich_2335_Moscow_Bibip-Bibop_2026_2026-07_091.JPG;CC BY 4.0;day
images/real/real_e1a45675f0.jpg;EE2777;other;1541.8,634.8,57.2,38.2;1545.0,635.2,1599.0,634.8,1599.0,671.4,1541.8,672.9;1;0;https://commons.wikimedia.org/wiki/File%3AAuto_Nissan_Silvia_Moscow_Chelyabinskaya_Street_%D0%A5266%D0%9C%D0%9D177_2025-09_166.jpg;CC BY 4.0;day,motion_blur
images/real/real_bbae9df714.jpg;T882YY198;type1;961.8,713.2,136.9,47.5;963.9,726.4,1097.2,713.2,1098.8,750.1,961.8,760.7;1;0;https://commons.wikimedia.org/wiki/File%3AAuto_Toyota_Pixis_Van_Saint_Petersburg_Ligovsky_Avenue_%D0%A2882%D0%A3%D0%A3198_2025-03_309.JPG;CC BY 4.0;angle,day
images/real/real_3d77c0afa5.jpg;P492MM177;type1;737.8,740.5,52.3,14.7;738.7,740.5,789.7,742.2,790.1,755.2,737.8,752.9;1;0;https://commons.wikimedia.org/wiki/File%3AAuto_UAZ-31514_drob_31519_Moscow_Kuskovskaya_Street_%D0%A0492%D0%9C%D0%9C177_2023-06_1687029126.jpg;CC BY 4.0;day
images/real/real_0a314a623d.jpg;T331EO198;type1;110.4,786.3,80.4,23.0;113.1,786.3,190.8,786.5,190.1,809.3,110.4,808.7;1;0;https://commons.wikimedia.org/wiki/File%3AAuto_UAZ_Patriot_Saint_Petersburg_Turbinnaya_Street_%D0%A2331%D0%95%D0%9E198_2025-03_906.JPG;CC BY 4.0;day
images/real/real_0a314a623d.jpg;T331EO198;type1;921.0,786.7,81.9,22.3;922.4,788.2,1002.9,786.7,1002.1,809.0,921.0,808.1;1;0;https://commons.wikimedia.org/wiki/File%3AAuto_UAZ_Patriot_Saint_Petersburg_Turbinnaya_Street_%D0%A2331%D0%95%D0%9E198_2025-03_906.JPG;CC BY 4.0;day
images/real/real_32ce82ee53.jpg;4208MC#;other;1152.8,633.3,125.4,89.2;1152.8,649.2,1278.2,633.3,1278.0,712.4,1154.8,722.6;1;0;https://commons.wikimedia.org/wiki/File%3AAuto_VAZ-2103_Moscow_Bibip-Bibop_2026_4208%D0%9C%D0%A1%D0%93_2026-07_191.JPG;CC BY 4.0;day
images/real/real_02e158c9e2.jpg;X609XP197;type1;708.3,476.3,146.7,49.7;708.3,491.0,853.3,476.3,855.0,513.1,711.4,526.0;1;0;https://commons.wikimedia.org/wiki/File%3AAutomobile_with_Ribbon_of_St._George.jpg;CC BY-SA 3.0;day
images/real/real_8a30e2f25d.jpg;B546PA29;type1;204.7,800.2,134.2,61.3;211.4,800.2,338.8,817.1,335.5,861.6,204.7,841.4;1;0;https://commons.wikimedia.org/wiki/File%3AAvtoKuban_T12.02.jpg;CC0;day,glare
images/real/real_62455fece0.jpg;X369CX797;type1;321.5,758.2,169.3,134.8;337.5,758.2,490.8,837.3,473.5,893.1,321.5,809.2;1;0;https://commons.wikimedia.org/wiki/File%3ABeijing_u5_plus_Belca_car_carsharing_2025-05_Russia_Moscow.jpg;CC BY-SA 4.0;angle,day
images/real/real_ddad8b42b0.jpg;E654OK190;type1;896.2,792.5,95.8,42.0;896.2,804.5,987.8,792.5,992.0,822.2,898.5,834.5;1;0;https://commons.wikimedia.org/wiki/File%3ABurning_automobile_02.jpg;CC BY-SA 3.0;day
images/real/real_664a3a851f.jpg;M801XO197;type1;815.4,776.9,220.7,59.8;819.7,776.9,1036.1,784.8,1029.0,836.7,815.4,824.2;1;0;https://commons.wikimedia.org/wiki/File%3AChristmas_tour_of_Estonia_Russian_license_plate.jpg;CC BY 2.0;day
images/real/real_01802d63bc.jpg;O439TA05;type1;442.2,633.8,116.3,55.7;448.5,633.8,558.5,652.2,556.2,689.5,442.2,668.2;1;0;https://commons.wikimedia.org/wiki/File%3ADagestan-022.jpg;CC BY-SA 4.0;day
images/real/real_53482e3cd5.jpg;H172YB152;type1;1074.2,849.5,149.3,65.8;1074.2,873.9,1215.2,849.5,1223.5,888.8,1079.3,915.2;1;0;https://commons.wikimedia.org/wiki/File%3ADecorated_vehicle_in_Nizhny_Novgorod_03.jpg;CC BY-SA 4.0;day
images/real/real_0ac7ffdb7e.jpg;X468MT54;type1;339.6,944.2,254.7,56.4;346.0,947.2,594.2,944.2,587.3,1000.6,339.6,996.0;1;0;https://commons.wikimedia.org/wiki/File%3ADiabla_Honda_02.jpg;CC BY-SA 4.0;angle,day
images/real/real_82dbc304f9.jpg;X468MT54;type1;1221.6,639.5,111.6,76.8;1221.6,674.0,1330.1,639.5,1333.2,685.8,1229.3,716.2;1;0;https://commons.wikimedia.org/wiki/File%3ADiabla_Honda_03.jpg;CC BY-SA 4.0;angle,day
images/real/real_d150e32df5.jpg;P838KT67;type1;1463.4,776.0,72.5,22.2;1464.5,780.5,1534.4,776.0,1535.9,794.0,1463.4,798.2;1;0;https://commons.wikimedia.org/wiki/File%3AEco_Bunino%2C_Moscow_-_autumn_2024_7.jpg;CC BY 4.0;day
images/real/real_d150e32df5.jpg;P295XA777;type1;1011.5,666.3,39.4,11.1;1012.1,669.9,1050.9,666.3,1050.4,673.8,1011.5,677.4;1;0;https://commons.wikimedia.org/wiki/File%3AEco_Bunino%2C_Moscow_-_autumn_2024_7.jpg;CC BY 4.0;angle,day
images/real/real_98d93f7c91.jpg;HY70477;type1b;935.6,661.8,103.5,38.9;935.6,675.5,1035.6,661.8,1039.1,687.6,935.6,700.7;1;0;https://commons.wikimedia.org/wiki/File%3AElektrobus_in_Moscow%2C_76_route_%282018%29.jpg;CC BY 4.0;day
images/real/real_cd5ab1c09f.jpg;Y803EE90;type1;968.8,754.2,220.1,58.0;971.1,754.2,1188.8,762.2,1180.7,812.2,968.8,797.9;1;0;https://commons.wikimedia.org/wiki/File%3AFCW4E6PFe7c.jpg;CC BY-SA 4.0;day
images/real/real_9d803b478b.jpg;A692KT39;type1;1171.6,777.5,142.6,75.4;1171.6,808.8,1309.5,777.5,1314.2,823.4,1176.0,852.9;1;0;https://commons.wikimedia.org/wiki/File%3AGAZ-21_Chernyakhovsk_%D0%90692%D0%9A%D0%A239_20250506_145226.jpg;CC BY 4.0;day
images/real/real_dd73c96051.jpg;X006EP78;type1;734.1,704.2,71.0,50.7;741.5,704.2,805.1,727.0,801.3,754.9,734.1,736.1;1;0;https://commons.wikimedia.org/wiki/File%3AGAZ-69_trailer_oldtimergallery2023.jpg;CC BY-SA 4.0;angle,day
images/real/real_172607282c.jpg;M021878;other;80.8,674.2,62.5,43.3;85.8,674.2,143.2,676.7,140.8,717.5,80.8,713.4;1;0;https://commons.wikimedia.org/wiki/File%3AGAZ_2330_Zubr_in_SPB.jpg;CC BY-SA 4.0;day
images/real/real_9896f3a9da.jpg;A301699;other;0.0,708.3,149.5,54.3;0.0,708.3,149.5,722.9,145.5,762.7,0.0,744.4;1;0;https://commons.wikimedia.org/wiki/File%3AGolunov_march_011.jpg;CC0;day
images/real/real_8f6e7967ed.jpg;A301699;other;76.5,676.3,148.2,55.0;82.1,676.3,224.7,693.2,220.5,731.3,76.5,711.3;1;0;https://commons.wikimedia.org/wiki/File%3AGolunov_march_012.jpg;CC0;day
images/real/real_1cd45d68d3.jpg;K633YT178;type1;285.3,780.6,37.5,17.1;286.1,780.8,322.7,780.6,322.8,797.7,285.3,796.3;1;0;https://commons.wikimedia.org/wiki/File%3AGriboyedov_Canal_Embankment_-_panoramio_%283%29.jpg;CC BY-SA 3.0;day
images/real/real_e25e599950.jpg;M410AH750;type1;1093.8,822.8,204.7,94.8;1093.8,866.6,1293.5,822.8,1298.4,877.8,1102.8,917.6;1;0;https://commons.wikimedia.org/wiki/File%3AHonda_Freed_Spike_%2835971708763%29.jpg;CC BY 2.0;day
images/real/real_828e42492e.jpg;M410AH750;type1;1176.8,649.6,265.8,114.5;1176.8,703.6,1441.7,649.6,1442.7,719.2,1181.8,764.1;1;0;https://commons.wikimedia.org/wiki/File%3AHonda_Freed_Spike_%28front%29.jpg;CC BY 2.0;angle,day
images/real/real_f10a86f162.jpg;H511BE29;type1;343.6,751.3,94.5,30.5;346.2,753.1,436.5,751.3,438.1,781.6,343.6,781.8;1;0;https://commons.wikimedia.org/wiki/File%3AHose_tender_%28ZiL-131%29%2C_Kotlas_%2801%29.jpg;CC0;day
images/real/real_b4cdff79e2.jpg;H511MC29;type1;844.7,725.2,97.3,30.8;847.8,728.9,942.0,725.2,941.1,755.1,844.7,756.0;1;0;https://commons.wikimedia.org/wiki/File%3AHose_tender_%28ZiL-131%29%2C_Kotlas_%2802%29.jpg;CC0;angle,day,dirt
images/real/real_2f76961828.jpg;K227TM152;type1;888.3,629.9,74.1,33.5;888.3,645.8,959.8,629.9,962.4,646.7,891.2,663.4;1;0;https://commons.wikimedia.org/wiki/File%3AIm_Schlamm_stecken_-_panoramio_%281%29.jpg;CC BY 3.0;day,glare
images/real/real_63697346d8.jpg;K679KE30;type1;489.1,896.2,70.7,26.7;490.6,904.2,558.2,896.2,559.8,914.7,489.1,922.8;1;0;https://commons.wikimedia.org/wiki/File%3AKaravannoye_Store.jpg;CC BY-SA 4.0;angle,day
images/real/real_4a3daed043.jpg;E070MO63;type1;490.4,448.2,210.1,62.7;493.1,448.2,700.5,458.9,695.3,510.9,490.4,495.5;1;0;https://commons.wikimedia.org/wiki/File%3ALada_110_during_criminal_wars_in_Russia.jpg;Public domain;day
images/real/real_667b26e7aa.jpg;M570CK197;type1;1383.6,773.1,77.0,18.9;1385.2,776.0,1460.6,773.1,1459.1,790.8,1383.6,792.0;1;0;https://commons.wikimedia.org/wiki/File%3ALada_Samara_Moscow_%D1%80233%D0%BD%D1%85797_20250223_172140.JPG;CC BY 4.0;day,motion_blur
images/real/real_a535d8c3aa.jpg;Y694XB124;type1;322.2,739.8,180.6,52.2;324.7,740.2,502.7,739.8,500.4,791.9,322.2,786.2;1;0;https://commons.wikimedia.org/wiki/File%3ALivan_X3_Pro_test_drive_car_in_Tomsk_01.jpg;CC BY-SA 4.0;day
images/real/real_ab1fdf7565.jpg;P666XC93;type1;1160.8,751.2,46.3,22.7;1160.8,760.6,1206.7,751.2,1207.1,764.5,1162.8,773.8;1;0;https://commons.wikimedia.org/wiki/File%3ALong_Hummer_SPb_%2831993250106%29.jpg;CC BY-SA 2.0;angle,day
images/real/real_e064234886.jpg;5353AM77;other;315.1,679.2,152.3,33.8;318.3,683.1,466.6,679.2,467.4,712.9,315.1,713.1;1;0;https://commons.wikimedia.org/wiki/File%3AManezhnaya_Square_soldiers_next_to_red_square_july_2016.jpg;CC0;day
images/real/real_d26277bd8f.jpg;O847MT777;type1;404.3,799.6,80.6,22.8;405.3,801.3,484.9,799.6,482.5,822.3,404.3,821.4;1;0;https://commons.wikimedia.org/wiki/File%3AMercedes-Benz_O345_in_Moscow.jpg;CC BY-SA 4.0;day
images/real/real_57c3652bab.jpg;X229PP78;type1;60.1,859.7,71.3,29.5;62.0,859.7,130.7,860.6,131.4,889.2,60.1,888.8;1;0;https://commons.wikimedia.org/wiki/File%3AMercedes-Benz_W123_Saint_Petersburg_%D1%85229%D1%80%D1%8078_20150705_192410.JPG;CC BY 4.0;day,motion_blur
images/real/real_57c3652bab.jpg;M360AC98;type1;971.4,828.8,63.0,19.1;973.8,829.9,1034.4,828.8,1034.0,847.3,971.4,847.8;1;0;https://commons.wikimedia.org/wiki/File%3AMercedes-Benz_W123_Saint_Petersburg_%D1%85229%D1%80%D1%8078_20150705_192410.JPG;CC BY 4.0;angle,day
images/real/real_342d04be48.jpg;3004C##;other;451.6,713.4,83.4,44.5;457.6,713.4,535.0,724.4,534.0,757.9,451.6,746.5;1;0;https://commons.wikimedia.org/wiki/File%3AMetro_SPB_Line5_Prospekt_Slavy_%28img10%29.jpg;CC BY-SA 4.0;day
images/real/real_c4625f04c5.jpg;3079MP99;other;637.9,687.0,53.3,32.3;637.9,699.3,689.2,687.0,691.2,707.8,639.2,719.3;1;0;https://commons.wikimedia.org/wiki/File%3AMilitary_engineers_on_previous_on_Scarlet_Sails_2019_01.jpg;CC BY 4.0;angle,day
images/real/real_daa1cfdf69.jpg;7490AE43;other;605.3,417.0,57.3,19.7;605.3,421.9,662.6,417.0,662.4,432.7,605.3,436.7;1;0;https://commons.wikimedia.org/wiki/File%3AMilitary_engineers_on_previous_on_Scarlet_Sails_2019_02.jpg;CC BY 4.0;day
images/real/real_cfe135a672.jpg;7477AE43;other;623.1,489.4,95.6,25.7;624.6,494.3,717.2,489.4,718.7,511.8,623.1,515.1;1;0;https://commons.wikimedia.org/wiki/File%3AMilitary_engineers_on_previous_on_Scarlet_Sails_2019_03.jpg;CC BY 4.0;day
images/real/real_3b4b644bbd.jpg;7481AE43;other;418.9,618.9,55.3,17.4;418.9,621.8,474.2,618.9,474.0,633.8,418.9,636.3;1;0;https://commons.wikimedia.org/wiki/File%3AMilitary_engineers_on_previous_on_Scarlet_Sails_2019_04.jpg;CC BY 4.0;day
images/real/real_1da299c840.jpg;7473AE43;other;367.1,511.1,94.9,23.9;370.4,511.7,462.0,511.1,461.5,535.0,367.1,532.7;1;0;https://commons.wikimedia.org/wiki/File%3AMilitary_engineers_on_previous_on_Scarlet_Sails_2019_05.jpg;CC BY 4.0;angle,day
images/real/real_e36a862ee9.jpg;K581HP123;type1;288.2,761.2,186.9,65.8;293.8,761.2,475.1,785.3,469.4,827.0,288.2,803.5;1;0;https://commons.wikimedia.org/wiki/File%3AMinsk%2C_Belarus_-_panoramio_%28401%29.jpg;CC BY 3.0;day
images/real/real_3a21d4da45.jpg;P460HC71;type1;471.7,734.6,118.7,56.8;471.7,756.7,585.9,734.6,590.4,771.4,474.1,791.3;1;0;https://commons.wikimedia.org/wiki/File%3AMoscow%2C_Gospitalny_Lane_4-6_%2831481982571%29.jpg;CC BY 2.0;day
images/real/real_9d76b3ef17.jpg;P078EK977;type1;365.5,670.1,249.7,54.8;369.8,670.2,615.2,670.1,608.7,724.8,365.5,720.2;1;0;https://commons.wikimedia.org/wiki/File%3AMoscow%2C_Moskvich_3_parking_police_car_April_2025_01.jpg;CC0;day
images/real/real_539acf41c0.jpg;P078EK977;type1;798.9,678.5,283.4,72.2;802.4,695.5,1082.3,678.5,1079.0,742.5,798.9,750.8;1;0;https://commons.wikimedia.org/wiki/File%3AMoscow%2C_Moskvich_3_parking_police_car_April_2025_02.jpg;CC0;day,dirt
images/real/real_49c4b78d95.jpg;O001TK97;type1;813.3,569.6,125.4,30.6;816.9,569.6,938.8,570.2,937.0,600.2,813.3,597.7;1;0;https://commons.wikimedia.org/wiki/File%3AMoscow_Moskvitch-2140_green_%2817478618848%29.jpg;CC BY 2.0;day
images/real/real_1249817fe5.jpg;B402HE77;type1;1195.2,981.7,90.0,24.7;1197.7,981.7,1285.2,982.2,1283.8,1006.4,1195.2,1002.8;1;0;https://commons.wikimedia.org/wiki/File%3AMoscow_Retro_Tram_Parade_2019%2C_Shabolovka_Street_-_5395.jpg;CC BY-SA 3.0;day
images/real/real_9f426ab62c.jpg;B402HE77;type1;1197.0,976.2,90.4,21.7;1200.0,976.6,1287.4,976.2,1286.0,998.0,1197.0,995.4;1;0;https://commons.wikimedia.org/wiki/File%3AMoscow_Retro_Tram_Parade_2019%2C_Shabolovka_Street_-_5396.jpg;CC BY-SA 3.0;angle,day
images/real/real_957f0a9abd.jpg;B402HE77;type1;647.4,931.9,81.2,25.5;648.0,937.9,728.6,931.9,728.1,954.3,647.4,957.4;1;0;https://commons.wikimedia.org/wiki/File%3AMoscow_Retro_Tram_Parade_2019%2C_Shabolovka_Street_-_5397.jpg;CC BY-SA 3.0;day
images/real/real_102297f30e.jpg;B402HE77;type1;614.1,932.0,84.8,29.0;614.8,937.9,698.7,932.0,698.9,956.2,614.1,961.0;1;0;https://commons.wikimedia.org/wiki/File%3AMoscow_Retro_Tram_Parade_2019%2C_Shabolovka_Street_-_5398.jpg;CC BY-SA 3.0;day
images/real/real_102297f30e.jpg;K964HC777;type1;298.3,827.8,46.0,13.1;298.3,831.1,343.2,827.8,344.3,836.6,299.0,840.9;1;0;https://commons.wikimedia.org/wiki/File%3AMoscow_Retro_Tram_Parade_2019%2C_Shabolovka_Street_-_5398.jpg;CC BY-SA 3.0;day
images/real/real_4f9d104539.jpg;Y022KC777;type1;380.8,746.5,147.1,37.3;383.1,746.5,527.8,750.6,526.9,783.8,380.8,778.8;1;0;https://commons.wikimedia.org/wiki/File%3AMoscow%2C_Rochdelskaya_Street%2C_Volga_GAZ-21_%2822146436426%29.jpg;CC BY 2.0;day
images/real/real_b1e092a649.jpg;A646XB197;type1;535.1,694.8,170.8,51.3;539.9,694.8,705.8,706.7,702.1,746.2,535.1,730.2;1;0;https://commons.wikimedia.org/wiki/File%3AMoscow%2C_Shmitovsky_48_surveillance_car_May_2025_01.jpg;CC0;day,glare
images/real/real_ab75ba2b93.jpg;A646XB197;type1;313.2,691.9,149.9,62.3;321.9,691.9,463.1,716.1,457.8,754.2,313.2,727.2;1;0;https://commons.wikimedia.org/wiki/File%3AMoscow%2C_Shmitovsky_48_surveillance_car_May_2025_02.jpg;CC0;day,glare
images/real/real_f1422e23b3.jpg;A012AB777;type1;339.2,754.9,168.6,39.7;344.8,754.9,507.8,756.7,506.8,794.6,339.2,791.6;1;0;https://commons.wikimedia.org/wiki/File%3AMoscow%2C_Taganka%2C_cars_April_2025_01.jpg;CC0;angle,day
images/real/real_f1422e23b3.jpg;C514BC550;type1;805.4,627.1,117.7,23.7;808.1,627.7,923.1,627.1,922.2,649.8,805.4,650.8;1;0;https://commons.wikimedia.org/wiki/File%3AMoscow%2C_Taganka%2C_cars_April_2025_01.jpg;CC0;day
images/real/real_a53748d314.jpg;H334EX977;type1;315.7,658.0,274.7,79.3;317.2,665.4,587.1,658.0,590.4,727.7,315.7,737.3;1;0;https://commons.wikimedia.org/wiki/File%3AMoscow%2C_Taganka%2C_cars_April_2025_13.jpg;CC0;day
images/real/real_3efa7fcc31.jpg;E222CE199;type1;736.3,805.0,214.7,54.8;739.6,810.3,951.0,805.0,948.4,856.9,736.3,859.8;1;0;https://commons.wikimedia.org/wiki/File%3AMoscow_car_meet_2025-07-12_Alfa_Romeo_1925_04.jpg;CC0;day
images/real/real_580b10148a.jpg;E222CE199;type1;613.6,620.2,203.2,47.7;617.6,623.1,815.8,620.2,816.7,666.3,613.6,667.9;1;0;https://commons.wikimedia.org/wiki/File%3AMoscow_car_meet_2025-07-12_Alfa_Romeo_1925_05.jpg;CC0;day
images/real/real_03e0e8fea0.jpg;E222CE199;type1;944.7,662.8,202.4,57.8;949.2,671.2,1147.2,662.8,1146.2,713.7,944.7,720.7;1;0;https://commons.wikimedia.org/wiki/File%3AMoscow_car_meet_2025-07-12_Alfa_Romeo_1925_07.jpg;CC0;day
images/real/real_ede1baa3a8.jpg;E222CE199;type1;554.1,726.6,316.8,82.2;561.2,726.6,870.8,740.1,857.2,808.8,554.1,783.6;1;0;https://commons.wikimedia.org/wiki/File%3AMoscow_car_meet_2025-07-12_Alfa_Romeo_1925_09.jpg;CC0;angle,day
images/real/real_2aaa85fe1a.jpg;M610MB790;type1;1001.4,647.8,252.8,55.9;1005.4,652.3,1254.2,647.8,1247.0,703.7,1001.4,701.8;1;0;https://commons.wikimedia.org/wiki/File%3AMoscow_car_meet_2025-07-12_Audi_80_01.jpg;CC0;angle,day
images/real/real_481f2a805a.jpg;E114EA797;type1;414.2,676.7,176.7,45.0;415.3,682.3,589.6,676.7,590.8,718.4,414.2,721.7;1;0;https://commons.wikimedia.org/wiki/File%3AMoscow_car_meet_2025-07-12_BMW_row_01.jpg;CC0;day
images/real/real_fd95c1a1c5.jpg;E114EA797;type1;193.3,706.1,215.2,50.7;196.0,706.1,408.5,706.2,405.2,756.7,193.3,754.2;1;0;https://commons.wikimedia.org/wiki/File%3AMoscow_car_meet_2025-07-12_BMW_row_02.jpg;CC0;day
images/real/real_3ca1a39604.jpg;K030AC99;type1;250.2,675.1,181.0,52.5;255.3,675.1,431.2,685.2,423.5,727.6,250.2,715.2;1;0;https://commons.wikimedia.org/wiki/File%3AMoscow_car_meet_2025-07-12_BMW_row_03.jpg;CC0;day
images/real/real_8aa8513c27.jpg;K030AC99;type1;26.0,635.2,102.7,51.1;32.7,635.2,128.7,638.9,127.2,686.3,26.0,680.8;1;0;https://commons.wikimedia.org/wiki/File%3AMoscow_car_meet_2025-07-12_BMW_row_04.jpg;CC0;day
images/real/real_77e6d19642.jpg;E558AC550;type1;401.7,814.0,314.9,80.1;407.7,815.2,712.3,814.0,716.6,893.5,401.7,894.1;1;0;https://commons.wikimedia.org/wiki/File%3AMoscow_car_meet_2025-07-12_Fiat_01.jpg;CC0;day
images/real/real_27d7fff976.jpg;Y048EE777;type1;337.5,518.2,346.7,105.6;340.1,518.2,684.2,544.5,673.6,623.8,337.5,596.9;1;0;https://commons.wikimedia.org/wiki/File%3AMoscow_car_meet_2025-07-12_Jaguar_row_01.jpg;CC0;day
images/real/real_df1dc6b890.jpg;Y048EE777;type1;393.8,631.4,246.9,68.0;398.7,631.4,640.8,641.0,636.0,699.4,393.8,687.8;1;0;https://commons.wikimedia.org/wiki/File%3AMoscow_car_meet_2025-07-12_Jaguar_row_02.jpg;CC0;day
images/real/real_2bc7a67bf5.jpg;K951ET156;type1;255.4,608.7,265.3,71.9;257.7,608.7,520.8,618.8,510.6,680.6,255.4,661.0;1;0;https://commons.wikimedia.org/wiki/File%3AMoscow_car_meet_2025-07-12_Jaguar_row_03.jpg;CC0;day
images/real/real_042a0bf658.jpg;Y048EE777;type1;1401.1,229.8,192.2,48.7;1401.9,229.8,1593.3,230.9,1587.2,278.4,1401.1,269.0;1;0;https://commons.wikimedia.org/wiki/File%3AMoscow_car_meet_2025-07-12_Jaguar_row_11.jpg;CC0;day
images/real/real_042a0bf658.jpg;E558AC150;type1a;10.9,40.2,75.0,51.0;13.9,41.6,85.9,40.2,83.7,91.2,10.9,90.4;1;0;https://commons.wikimedia.org/wiki/File%3AMoscow_car_meet_2025-07-12_Jaguar_row_11.jpg;CC0;day,motion_blur
images/real/real_1399b325b5.jpg;O973AO799;type1a;802.0,611.2,137.5,82.6;808.4,611.2,938.8,618.3,939.5,693.8,802.0,687.2;1;0;https://commons.wikimedia.org/wiki/File%3AMoscow_car_meet_2025-07-12_M-2140_01.jpg;CC0;day
images/real/real_1399b325b5.jpg;C550BK797;type1;1060.0,346.3,70.2,21.3;1061.9,348.0,1129.1,346.3,1130.2,365.8,1060.0,367.7;1;0;https://commons.wikimedia.org/wiki/File%3AMoscow_car_meet_2025-07-12_M-2140_01.jpg;CC0;day
images/real/real_0bb7ec15dc.jpg;C9909MK;other;422.4,735.8,224.0,64.7;422.4,753.7,643.0,735.8,646.4,785.7,425.7,800.5;1;0;https://commons.wikimedia.org/wiki/File%3AMoscow_car_meet_2025-07-12_M-2141_01.jpg;CC0;day,dirt
images/real/real_0bb7ec15dc.jpg;C934HK750;type1;1327.9,655.3,139.2,42.5;1329.0,665.8,1465.6,655.3,1467.1,690.3,1327.9,697.8;1;0;https://commons.wikimedia.org/wiki/File%3AMoscow_car_meet_2025-07-12_M-2141_01.jpg;CC0;day
images/real/real_61d4fa61a3.jpg;B077EO797;type1;751.5,589.6,261.9,75.2;756.2,594.1,1010.4,589.6,1013.4,655.1,751.5,664.8;1;0;https://commons.wikimedia.org/wiki/File%3AMoscow_car_meet_2025-07-12_M-2141_02.jpg;CC0;day
images/real/real_385337a2e3.jpg;B077EO797;type1;274.3,793.5,295.9,70.7;277.3,799.8,570.2,793.5,563.6,864.2,274.3,861.3;1;0;https://commons.wikimedia.org/wiki/File%3AMoscow_car_meet_2025-07-12_M-2141_03.jpg;CC0;day
images/real/real_00bfe263b4.jpg;P894MP82;type1;669.0,735.2,377.4,94.3;669.0,735.2,1046.4,747.5,1037.7,829.6,672.6,818.3;1;0;https://commons.wikimedia.org/wiki/File%3AMoscow_car_meet_2025-07-12_M-407_01.jpg;CC0;day
images/real/real_4dfcfe71f6.jpg;P894MP82;type1;280.0,692.5,347.1,86.0;286.2,692.5,627.1,699.8,617.2,778.5,280.0,761.2;1;0;https://commons.wikimedia.org/wiki/File%3AMoscow_car_meet_2025-07-12_M-407_02.jpg;CC0;day
images/real/real_1359b6e9da.jpg;E063TH777;type1;1279.9,779.4,164.7,82.6;1279.9,820.5,1437.3,779.4,1444.6,826.2,1290.0,862.0;1;0;https://commons.wikimedia.org/wiki/File%3AMoscow_car_meet_2025-07-12_M-407_03.jpg;CC0;day
images/real/real_9dcc75d87a.jpg;P655BE797;type1;946.5,887.8,254.0,90.3;946.5,918.6,1194.4,887.8,1200.5,950.0,950.1,978.2;1;0;https://commons.wikimedia.org/wiki/File%3AMoscow_car_meet_2025-07-12_M-407_04.jpg;CC0;day
images/real/real_e21856fb87.jpg;Y381YA797;type1;1220.1,704.4,128.6,71.9;1220.1,735.2,1340.3,704.4,1348.7,742.9,1227.1,776.3;1;0;https://commons.wikimedia.org/wiki/File%3AMoscow_car_meet_2025-07-12_M-408_01.jpg;CC0;day
images/real/real_7cb63d8cae.jpg;P452PC790;type1a;268.9,627.4,113.8,89.1;277.4,627.4,382.7,646.0,378.1,716.5,268.9,693.7;1;0;https://commons.wikimedia.org/wiki/File%3AMoscow_car_meet_2025-07-12_M-408_02.jpg;CC0;angle,day
images/real/real_2228c7495e.jpg;O209AT777;type1;928.6,767.6,260.6,89.9;928.6,795.7,1189.2,767.6,1187.8,833.0,929.3,857.5;1;0;https://commons.wikimedia.org/wiki/File%3AMoscow_car_meet_2025-07-12_M-411_01.jpg;CC0;day
images/real/real_977eee2144.jpg;X017HB790;type1a;176.9,516.3,127.3,90.8;184.9,516.3,304.2,528.5,297.7,607.2,176.9,591.7;1;0;https://commons.wikimedia.org/wiki/File%3AMoscow_car_meet_2025-07-12_MG_01.jpg;CC0;day
images/real/real_1324784a78.jpg;X017HB790;type1a;54.3,777.7,329.8,226.8;57.2,777.7,384.1,803.1,382.1,1004.4,54.3,990.0;1;0;https://commons.wikimedia.org/wiki/File%3AMoscow_car_meet_2025-07-12_MG_03.jpg;CC0;day
images/real/real_0a2255a14f.jpg;T017XH790;type1;223.1,859.8,252.9,99.3;230.8,859.8,476.0,881.2,464.5,959.2,223.1,931.1;1;0;https://commons.wikimedia.org/wiki/File%3AMoscow_car_meet_2025-07-12_MG_B-GT_01.jpg;CC0;day
images/real/real_f2d0249e32.jpg;T017XH790;type1;289.0,761.2,357.6,90.2;294.2,761.2,646.6,764.2,644.1,851.4,289.0,845.8;1;0;https://commons.wikimedia.org/wiki/File%3AMoscow_car_meet_2025-07-12_MG_B-GT_02.jpg;CC0;day
images/real/real_4448a41243.jpg;T017XH790;type1;215.0,618.3,80.8,45.0;218.1,618.9,295.8,618.3,293.9,663.3,215.0,661.4;1;0;https://commons.wikimedia.org/wiki/File%3AMoscow_car_meet_2025-07-12_MG_B-GT_03.jpg;CC0;day
images/real/real_4448a41243.jpg;Y796BX97;type1;70.9,532.6,58.5,34.4;74.6,532.6,129.4,536.5,129.0,567.0,70.9,562.6;1;0;https://commons.wikimedia.org/wiki/File%3AMoscow_car_meet_2025-07-12_MG_B-GT_03.jpg;CC0;day
images/real/real_51d163b215.jpg;T017XH790;type1;323.6,621.4,262.1,96.8;327.9,621.4,585.7,643.2,575.3,718.2,323.6,691.3;1;0;https://commons.wikimedia.org/wiki/File%3AMoscow_car_meet_2025-07-12_MG_B-GT_04.jpg;CC0;day
images/real/real_ac08377055.jpg;T438TO71;type1a;1212.2,689.2,119.4,114.7;1212.2,707.5,1327.5,689.2,1331.6,785.7,1214.2,803.9;1;0;https://commons.wikimedia.org/wiki/File%3AMoscow_car_meet_2025-07-12_MG_Midget_02.jpg;CC0;day
images/real/real_11f4231e63.jpg;T438TO71;type1;569.8,828.3,403.1,88.5;569.8,828.3,972.8,833.7,968.4,916.8,578.1,911.2;1;0;https://commons.wikimedia.org/wiki/File%3AMoscow_car_meet_2025-07-12_MG_Midget_04.jpg;CC0;day
images/real/real_f8d24243f2.jpg;X230HP199;type1;399.9,739.2,297.6,84.3;408.5,739.2,697.5,754.8,687.6,823.6,399.9,800.5;1;0;https://commons.wikimedia.org/wiki/File%3AMoscow_car_meet_2025-07-12_Mercedes_row_05.jpg;CC0;day
images/real/real_eaca1715e7.jpg;X009OO77;type1;742.3,843.2,363.9,93.6;742.3,843.2,1106.2,848.3,1099.8,936.7,747.1,931.0;1;0;https://commons.wikimedia.org/wiki/File%3AMoscow_car_meet_2025-07-12_Mercedes_row_06.jpg;CC0;day
images/real/real_10df9dc7e4.jpg;H002XY199;type1;248.2,733.5,203.8,66.7;255.4,733.5,452.0,750.5,443.4,800.2,248.2,781.3;1;0;https://commons.wikimedia.org/wiki/File%3AMoscow_car_meet_2025-07-12_Mercedes_row_07.jpg;CC0;day
images/real/real_4ef5942a4b.jpg;X002YA150;type1;527.6,945.8,323.8,72.2;533.8,945.8,851.4,950.8,849.8,1018.0,527.6,1014.2;1;0;https://commons.wikimedia.org/wiki/File%3AMoscow_car_meet_2025-07-12_Mercedes_row_08.jpg;CC0;day
images/real/real_1656fd259d.jpg;H002XY199;type1;946.7,775.5,312.0,97.3;946.7,807.3,1258.7,775.5,1254.7,850.2,949.2,872.8;1;0;https://commons.wikimedia.org/wiki/File%3AMoscow_car_meet_2025-07-12_Mercedes_row_09.jpg;CC0;angle,day
images/real/real_baf6b9903e.jpg;M300KE750;type1;272.7,725.9,223.8,67.0;281.5,725.9,496.5,739.2,490.7,792.9,272.7,779.6;1;0;https://commons.wikimedia.org/wiki/File%3AMoscow_car_meet_2025-07-12_Mercedes_row_11.jpg;CC0;day
images/real/real_892b553e8d.jpg;M300KE750;type1;1070.2,790.8,189.2,80.0;1073.1,822.7,1255.0,790.8,1259.5,841.7,1070.2,870.8;1;0;https://commons.wikimedia.org/wiki/File%3AMoscow_car_meet_2025-07-12_Mercedes_row_12.jpg;CC0;angle,day
images/real/real_1226aae013.jpg;M300KE750;type1;981.7,758.1,180.9,68.0;981.7,780.0,1158.3,758.1,1162.6,804.6,987.2,826.1;1;0;https://commons.wikimedia.org/wiki/File%3AMoscow_car_meet_2025-07-12_Mercedes_row_15.jpg;CC0;day
images/real/real_49ff858989.jpg;E222CE199;type1;1032.8,846.7,188.2,54.0;1033.3,853.6,1221.1,846.7,1220.8,894.7,1032.8,900.8;1;0;https://commons.wikimedia.org/wiki/File%3AMoscow_car_meet_2025-07-12_NKVD_reenactor_04.jpg;CC0;day
images/real/real_5b81708462.jpg;E256EC790;type1;5.3,1446.1,215.0,104.1;5.3,1496.1,212.8,1446.1,220.3,1504.1,12.7,1550.2;1;0;https://commons.wikimedia.org/wiki/File%3AMoscow_car_meet_2025-07-12_NKVD_reenactor_12.jpg;CC0;day
images/real/real_bcfd43b0e2.jpg;T898OB790;type1;252.8,672.7,142.6,59.4;261.1,672.7,395.4,681.1,392.0,732.1,252.8,719.1;1;0;https://commons.wikimedia.org/wiki/File%3AMoscow_car_meet_2025-07-12_NKVD_reenactor_13.jpg;CC0;day
images/real/real_18dabd9451.jpg;K039AO71;type1;1465.4,344.0,108.0,37.8;1465.4,354.3,1571.4,344.0,1573.4,372.7,1467.8,381.8;1;0;https://commons.wikimedia.org/wiki/File%3AMoscow_car_meet_2025-07-12_Pininfarina_Spider_02.jpg;CC0;day
images/real/real_be8505cae8.jpg;P888CO197;type1a;142.1,678.1,76.2,79.4;146.6,678.1,218.2,703.7,215.7,757.5,142.1,733.3;1;0;https://commons.wikimedia.org/wiki/File%3AMoscow_car_meet_2025-07-12_Pininfarina_Spider_04.jpg;CC0;angle,day
images/real/real_ba0b2e1cd8.jpg;P888CO197;type1a;489.8,666.9,127.1,81.8;495.6,666.9,615.7,670.7,616.8,748.7,489.8,742.8;1;0;https://commons.wikimedia.org/wiki/File%3AMoscow_car_meet_2025-07-12_Pininfarina_Spider_08.jpg;CC0;day
images/real/real_ba0b2e1cd8.jpg;E918BY977;type1;79.9,451.0,54.4,17.5;81.6,451.3,133.6,451.0,134.3,468.5,79.9,467.8;1;0;https://commons.wikimedia.org/wiki/File%3AMoscow_car_meet_2025-07-12_Pininfarina_Spider_08.jpg;CC0;day
images/real/real_dfc741f0cb.jpg;X955KY797;type1a;651.7,747.9,142.8,87.8;656.7,747.9,794.6,764.7,793.2,835.8,651.7,813.2;1;0;https://commons.wikimedia.org/wiki/File%3AMoscow_car_meet_2025-07-12_Plymouth_Prowler_01.jpg;CC0;day
images/real/real_dfc741f0cb.jpg;E920EM799;type1;1273.0,396.6,142.7,38.3;1279.2,396.6,1415.7,398.3,1409.4,434.9,1273.0,430.1;1;0;https://commons.wikimedia.org/wiki/File%3AMoscow_car_meet_2025-07-12_Plymouth_Prowler_01.jpg;CC0;angle,day
images/real/real_46d5c10087.jpg;P181EO977;type1;404.2,784.1,212.2,72.7;409.8,784.1,616.5,798.4,608.2,856.8,404.2,836.4;1;0;https://commons.wikimedia.org/wiki/File%3AMoscow_car_meet_2025-07-12_Porsche_row_01.jpg;CC0;day
images/real/real_8570607490.jpg;P181EO977;type1;202.4,674.8,201.6,73.7;211.0,674.8,404.0,692.0,396.9,748.4,202.4,728.2;1;0;https://commons.wikimedia.org/wiki/File%3AMoscow_car_meet_2025-07-12_Porsche_row_02.jpg;CC0;day
images/real/real_5042ec4af4.jpg;E256EC790;type1;112.3,803.1,198.0,73.7;119.5,803.1,310.3,822.8,299.4,876.8,112.3,846.1;1;0;https://commons.wikimedia.org/wiki/File%3AMoscow_car_meet_2025-07-12_Porsche_row_03.jpg;CC0;day
images/real/real_eaab6893d4.jpg;E256EC790;type1;141.2,817.8,193.6,77.2;145.7,817.8,334.8,833.5,328.4,894.9,141.2,869.7;1;0;https://commons.wikimedia.org/wiki/File%3AMoscow_car_meet_2025-07-12_Porsche_row_04.jpg;CC0;day
images/real/real_47e2e1c6ea.jpg;P911MT40;type1a;241.0,758.6,161.2,114.2;250.0,758.6,402.2,772.5,395.1,872.8,241.0,856.2;1;0;https://commons.wikimedia.org/wiki/File%3AMoscow_car_meet_2025-07-12_Porsche_row_07.jpg;CC0;day
images/real/real_7e3524c631.jpg;P911MT40;type1a;277.5,704.2,85.6,71.6;282.9,704.2,363.1,711.4,357.9,775.8,277.5,763.0;1;0;https://commons.wikimedia.org/wiki/File%3AMoscow_car_meet_2025-07-12_Porsche_row_08.jpg;CC0;day
images/real/real_7b7c5561e3.jpg;P911MT40;type1a;221.2,750.2,132.5,102.4;230.8,750.2,353.7,759.2,348.4,852.6,221.2,832.2;1;0;https://commons.wikimedia.org/wiki/File%3AMoscow_car_meet_2025-07-12_Porsche_row_09.jpg;CC0;day
images/real/real_7d689b79af.jpg;T770PY71;type1;1265.5,500.9,72.8,23.4;1267.7,500.9,1338.2,501.6,1337.3,524.3,1265.5,523.0;1;0;https://commons.wikimedia.org/wiki/File%3AMoscow_car_meet_2025-07-12_RC_cars_01.jpg;CC0;day
images/real/real_7d4cafab4b.jpg;Y017CM790;type1;226.2,610.8,213.7,66.2;231.3,610.8,439.8,620.1,433.8,677.0,226.2,662.1;1;0;https://commons.wikimedia.org/wiki/File%3AMoscow_car_meet_2025-07-12_Saab_96_V4_05.jpg;CC0;day
images/real/real_9986f43d86.jpg;H226KY178;type1;914.7,580.4,107.9,27.9;917.8,582.0,1022.2,580.4,1022.6,607.1,914.7,608.3;1;0;https://commons.wikimedia.org/wiki/File%3AMoscow_car_meet_2025-07-12_Soviet_row_01.jpg;CC0;day
images/real/real_9986f43d86.jpg;P894MP82;type1;1248.0,557.0,105.0,31.5;1249.0,562.8,1351.2,557.0,1353.0,582.8,1248.0,588.5;1;0;https://commons.wikimedia.org/wiki/File%3AMoscow_car_meet_2025-07-12_Soviet_row_01.jpg;CC0;day
images/real/real_9986f43d86.jpg;O973AO799;type1a;428.6,600.2,73.1,51.2;430.3,603.9,499.7,600.2,501.7,644.8,428.6,651.3;1;0;https://commons.wikimedia.org/wiki/File%3AMoscow_car_meet_2025-07-12_Soviet_row_01.jpg;CC0;day
images/real/real_538075aaf0.jpg;P655BE797;type1a;501.9,893.9,98.5,105.6;502.5,903.8,596.5,893.9,600.4,984.0,501.9,999.5;1;0;https://commons.wikimedia.org/wiki/File%3AMoscow_car_meet_2025-07-12_Soviet_row_04.jpg;CC0;angle,day
images/real/real_eece7d5bdb.jpg;T898OB790;type1;229.8,833.2,226.3,71.8;237.8,833.2,456.1,849.9,450.8,905.0,229.8,884.4;1;0;https://commons.wikimedia.org/wiki/File%3AMoscow_car_meet_2025-07-12_Triumph_TR3_01.jpg;CC0;day
images/real/real_806b8930d5.jpg;T898OB790;type1;226.7,798.3,240.3,66.6;231.9,798.3,467.0,800.2,463.2,864.9,226.7,860.9;1;0;https://commons.wikimedia.org/wiki/File%3AMoscow_car_meet_2025-07-12_Triumph_TR3_03.jpg;CC0;day
images/real/real_547e3c2789.jpg;T898OB790;type1;192.6,807.3,189.3,61.1;196.2,807.3,381.9,809.2,376.2,868.4,192.6,858.9;1;0;https://commons.wikimedia.org/wiki/File%3AMoscow_car_meet_2025-07-12_Triumph_TR3_05.jpg;CC0;day
images/real/real_026af66e4c.jpg;T898OB790;type1;1027.4,582.8,332.0,85.2;1027.4,582.8,1359.4,586.8,1354.8,668.0,1032.8,664.9;1;0;https://commons.wikimedia.org/wiki/File%3AMoscow_car_meet_2025-07-12_Triumph_TR3_06.jpg;CC0;day
images/real/real_f498e39782.jpg;T898OB790;type1;1110.6,690.2,187.0,47.2;1112.9,692.8,1297.6,690.2,1293.2,737.5,1110.6,733.7;1;0;https://commons.wikimedia.org/wiki/File%3AMoscow_car_meet_2025-07-12_Triumph_TR3_15.jpg;CC0;day
images/real/real_408debf475.jpg;A344BK190;type1;589.0,977.2,224.2,60.3;594.8,977.2,813.2,991.9,807.9,1037.5,589.0,1020.9;1;0;https://commons.wikimedia.org/wiki/File%3AMoscow_car_meet_2025-07-12_UAZ-469_01.jpg;CC0;day
images/real/real_c981a9e461.jpg;A889TM97;type1;731.7,762.7,183.2,68.1;731.7,790.2,912.1,762.7,914.9,809.5,737.5,830.8;1;0;https://commons.wikimedia.org/wiki/File%3AMoscow_car_meet_2025-07-12_VAZ-21011%2CVAZ-2102_08.jpg;CC0;day
images/real/real_cd641497b6.jpg;H226KY178;type1;265.2,677.3,223.6,67.6;269.6,677.3,488.8,683.0,481.3,744.9,265.2,731.6;1;0;https://commons.wikimedia.org/wiki/File%3AMoscow_car_meet_2025-07-12_VAZ-2101_01.jpg;CC0;day
images/real/real_14a821eb26.jpg;H226KY178;type1;723.2,653.0,294.1,72.6;725.5,658.9,1017.2,653.0,1017.0,720.5,723.2,725.6;1;0;https://commons.wikimedia.org/wiki/File%3AMoscow_car_meet_2025-07-12_VAZ-2101_02.jpg;CC0;day
images/real/real_1c40e5d202.jpg;O323MM799;type1;1278.9,791.0,128.2,88.5;1278.9,829.3,1399.8,791.0,1407.2,842.7,1289.2,879.5;1;0;https://commons.wikimedia.org/wiki/File%3AMoscow_car_meet_2025-07-12_VAZ-2102_01.jpg;CC0;angle,day
images/real/real_1c40e5d202.jpg;E953BE977;type1;9.4,368.1,49.9,12.2;9.7,369.8,59.1,368.1,59.3,378.9,9.4,380.2;1;0;https://commons.wikimedia.org/wiki/File%3AMoscow_car_meet_2025-07-12_VAZ-2102_01.jpg;CC0;day
images/real/real_e713c428bb.jpg;Y911AA550;type1;301.0,705.9,267.2,67.5;306.8,707.2,568.2,705.9,567.9,771.8,301.0,773.4;1;0;https://commons.wikimedia.org/wiki/File%3AMoscow_car_meet_2025-07-12_VAZ-2103_02.jpg;CC0;day
images/real/real_698a49caa3.jpg;Y911AA550;type1;332.2,701.0,279.2,70.2;337.7,701.0,611.5,703.7,602.7,771.2,332.2,759.2;1;0;https://commons.wikimedia.org/wiki/File%3AMoscow_car_meet_2025-07-12_VAZ-2103_03.jpg;CC0;day
images/real/real_e54dc25ce9.jpg;E832BE99;type1;447.2,768.3,293.6,65.2;450.0,771.7,740.8,768.3,730.4,833.5,447.2,829.0;1;0;https://commons.wikimedia.org/wiki/File%3AMoscow_car_meet_2025-07-12_VAZ-2103_04.jpg;CC0;angle,day
images/real/real_5e34daa47d.jpg;E832BE99;type1;418.8,768.7,304.2,69.0;420.5,776.1,723.0,768.7,712.0,837.7,418.8,834.6;1;0;https://commons.wikimedia.org/wiki/File%3AMoscow_car_meet_2025-07-12_VAZ-2103_05.jpg;CC0;angle,day
images/real/real_4d6b607b8d.jpg;M850TH78;type1a;834.8,598.8,130.6,82.6;838.9,598.8,965.4,605.0,962.2,681.4,834.8,668.3;1;0;https://commons.wikimedia.org/wiki/File%3AMoscow_car_meet_2025-07-12_VAZ-2103_06.jpg;CC0;day
images/real/real_98cf711ea3.jpg;M850TH78;type1a;762.8,474.4,254.4,237.7;762.8,526.1,1013.8,474.4,1017.2,647.2,781.2,712.2;1;0;https://commons.wikimedia.org/wiki/File%3AMoscow_car_meet_2025-07-12_VAZ-2103_07.jpg;CC0;angle,day
images/real/real_83b2fd9892.jpg;M850TH78;type1;1050.9,771.1,240.7,95.7;1050.9,812.5,1283.7,771.1,1291.6,825.9,1056.2,866.8;1;0;https://commons.wikimedia.org/wiki/File%3AMoscow_car_meet_2025-07-12_VAZ-2103_09.jpg;CC0;day
images/real/real_1971407528.jpg;M850TH78;type1;1085.3,831.2,197.4,83.8;1085.3,864.0,1278.6,831.2,1282.8,884.0,1093.0,915.1;1;0;https://commons.wikimedia.org/wiki/File%3AMoscow_car_meet_2025-07-12_VAZ-2103_11.jpg;CC0;day
images/real/real_281d939a1a.jpg;X292PH790;type1;211.3,765.9,254.0,70.1;213.7,777.0,465.3,765.9,463.8,829.6,211.3,836.0;1;0;https://commons.wikimedia.org/wiki/File%3AMoscow_car_meet_2025-07-12_VAZ-2108_cabrio_July_2025_01.jpg;CC0;day
images/real/real_fd283abb32.jpg;E340YB790;type1;183.9,769.9,191.8,50.7;186.7,769.9,375.7,772.3,374.1,820.7,183.9,816.7;1;0;https://commons.wikimedia.org/wiki/File%3AMoscow_car_meet_2025-07-12_VAZ-2108_cabrio_July_2025_02.jpg;CC0;day
images/real/real_a8f4dd8bdd.jpg;T400MB799;type1;1241.7,695.7,169.5,103.3;1241.7,751.0,1398.6,695.7,1411.2,741.7,1255.6,799.0;1;0;https://commons.wikimedia.org/wiki/File%3AMoscow_car_meet_2025-07-12_VAZ-2121_02.jpg;CC0;day
images/real/real_be326180d4.jpg;T400MB799;type1;287.3,632.7,221.9,57.9;292.0,632.7,509.2,639.8,501.6,690.6,287.3,677.2;1;0;https://commons.wikimedia.org/wiki/File%3AMoscow_car_meet_2025-07-12_VAZ-2121_July_2025_01.jpg;CC0;day
images/real/real_2ca9ef171c.jpg;T515YE197;type1;141.8,802.5,215.4,62.3;144.5,805.2,357.2,802.5,350.2,864.8,141.8,858.1;1;0;https://commons.wikimedia.org/wiki/File%3AMoscow_car_meet_2025-07-12_VW_TypI_01.jpg;CC0;day
images/real/real_7737a958dd.jpg;B536OO777;type1;185.9,611.8,107.2,29.9;189.1,611.8,293.2,613.2,291.5,641.7,185.9,636.6;1;0;https://commons.wikimedia.org/wiki/File%3AMoscow_car_meet_2025-07-12_Volga-21_row_02.jpg;CC0;day,glare
images/real/real_7737a958dd.jpg;C131PP797;type1a;906.1,616.7,70.7,45.8;910.2,616.7,975.3,617.6,976.7,662.6,906.1,661.6;1;0;https://commons.wikimedia.org/wiki/File%3AMoscow_car_meet_2025-07-12_Volga-21_row_02.jpg;CC0;day,glare
images/real/real_2b914dc223.jpg;C131PP797;type1a;861.7,612.9,69.8,50.1;865.6,612.9,931.5,614.7,930.3,663.0,861.7,660.8;1;0;https://commons.wikimedia.org/wiki/File%3AMoscow_car_meet_2025-07-12_Volga-21_row_03.jpg;CC0;day,glare
images/real/real_2b914dc223.jpg;B536OO777;type1;137.7,608.5,107.0,28.8;139.6,608.5,243.6,609.0,244.7,637.2,137.7,635.2;1;0;https://commons.wikimedia.org/wiki/File%3AMoscow_car_meet_2025-07-12_Volga-21_row_03.jpg;CC0;day,glare
images/real/real_c95c61f45f.jpg;C131PP797;type1a;275.2,531.7,118.3,78.0;281.2,531.7,393.5,538.4,392.2,609.7,275.2,598.3;1;0;https://commons.wikimedia.org/wiki/File%3AMoscow_car_meet_2025-07-12_Volga-21_row_04.jpg;CC0;day,glare
images/real/real_edaf47340d.jpg;C470TE77;type1;129.2,606.5,118.3,46.8;133.6,606.5,247.5,618.0,244.5,653.2,129.2,639.8;1;0;https://commons.wikimedia.org/wiki/File%3AMoscow_car_meet_2025-07-12_Volga-21_row_07.jpg;CC0;day,glare
images/real/real_02394e1258.jpg;C470TE77;type1;1169.0,643.9,113.2,36.5;1169.8,649.1,1281.0,643.9,1282.2,677.1,1169.0,680.4;1;0;https://commons.wikimedia.org/wiki/File%3AMoscow_car_meet_2025-07-12_Volga-21_row_09.jpg;CC0;day
images/real/real_36e8305b87.jpg;K504YY177;type1;455.4,757.2,168.7,37.7;455.8,759.2,624.2,757.2,624.0,794.5,455.4,794.8;1;0;https://commons.wikimedia.org/wiki/File%3AMoscow_car_meet_2025-07-12_Volga-21_row_11.jpg;CC0;day
images/real/real_a78e66ba9e.jpg;Y386TO790;type1;273.4,746.4,190.3,46.5;277.2,746.7,463.7,746.4,462.4,792.9,273.4,789.1;1;0;https://commons.wikimedia.org/wiki/File%3AMoscow_car_meet_2025-07-12_Volga-21_row_15.jpg;CC0;day
images/real/real_110043dab9.jpg;K021ET199;type1;306.5,719.1,219.2,51.7;312.1,721.7,525.7,719.1,520.7,770.0,306.5,770.8;1;0;https://commons.wikimedia.org/wiki/File%3AMoscow_car_meet_2025-07-12_Volga-21_row_16.jpg;CC0;day
images/real/real_a9e074d9d3.jpg;E0606MO;other;918.4,670.3,246.4,58.8;920.8,670.3,1164.8,671.9,1161.0,729.2,918.4,723.6;1;0;https://commons.wikimedia.org/wiki/File%3AMoscow_car_meet_2025-07-12_Volga-21_row_17.jpg;CC0;day
images/real/real_b016b2eea9.jpg;K021ET199;type1;787.9,578.3,86.4,24.2;788.7,584.8,874.3,578.3,874.0,597.5,787.9,602.6;1;0;https://commons.wikimedia.org/wiki/File%3AMoscow_car_meet_2025-07-12_Volga-21_row_18.jpg;CC0;day
images/real/real_b016b2eea9.jpg;K504YY177;type1;284.8,609.8,75.9,17.9;285.0,614.3,360.8,609.8,359.6,626.4,284.8,627.7;1;0;https://commons.wikimedia.org/wiki/File%3AMoscow_car_meet_2025-07-12_Volga-21_row_18.jpg;CC0;day
images/real/real_f46666f26f.jpg;K021ET199;type1;182.8,722.8,141.1,40.0;185.3,726.7,322.3,722.8,323.9,758.6,182.8,762.8;1;0;https://commons.wikimedia.org/wiki/File%3AMoscow_car_meet_2025-07-12_Volga-21_row_20.jpg;CC0;day
images/real/real_f46666f26f.jpg;K504YY177;type1;1220.5,832.9,190.8,41.5;1223.0,832.9,1411.3,834.3,1408.6,874.4,1220.5,871.9;1;0;https://commons.wikimedia.org/wiki/File%3AMoscow_car_meet_2025-07-12_Volga-21_row_20.jpg;CC0;day
images/real/real_7ba7ca1d4e.jpg;B189BB777;type1a;290.8,695.4,104.6,77.0;295.7,695.4,395.3,695.8,393.9,772.4,290.8,765.1;1;0;https://commons.wikimedia.org/wiki/File%3AMoscow_car_meet_2025-07-12_Volga-24_row_01.jpg;CC0;day
images/real/real_e6b9f34af6.jpg;1980#A#;other;966.7,639.7,123.1,81.7;971.8,639.7,1089.8,641.3,1088.9,721.3,966.7,712.9;1;0;https://commons.wikimedia.org/wiki/File%3AMoscow_car_meet_2025-07-12_Volga-24_row_02.jpg;CC0;day
images/real/real_5ce5ab9a07.jpg;P830CT790;type1;1319.7,608.2,116.0,36.5;1320.7,616.7,1434.2,608.2,1435.7,639.0,1319.7,644.7;1;0;https://commons.wikimedia.org/wiki/File%3AMoscow_car_meet_2025-07-12_Volga-24_row_04.jpg;CC0;day
images/real/real_c80fed2c15.jpg;E031EX799;type1;132.4,556.6,84.8,28.4;132.4,561.9,217.2,556.6,216.0,579.6,135.2,585.0;1;0;https://commons.wikimedia.org/wiki/File%3AMoscow_car_meet_2025-07-12_Volga-24_row_05.jpg;CC0;day
images/real/real_6527800db2.jpg;M202CT82;type1;1085.6,550.0,90.9,24.7;1086.5,554.8,1176.5,550.0,1175.0,573.3,1085.6,574.7;1;0;https://commons.wikimedia.org/wiki/File%3AMoscow_car_meet_2025-07-12_ZAZ%2C_M-401_01.jpg;CC0;day,dirt
images/real/real_c720b1c186.jpg;A505MK99;type1;262.9,649.3,180.8,46.6;265.2,655.2,443.2,649.3,443.7,694.5,262.9,695.9;1;0;https://commons.wikimedia.org/wiki/File%3AMoscow_car_meet_2025-07-12_ZIL-4104_01.jpg;CC0;day
images/real/real_6670191f18.jpg;A977YY37;type1;1377.2,629.2,46.9,46.2;1377.2,637.4,1424.1,629.2,1424.0,666.9,1377.5,675.5;1;0;https://commons.wikimedia.org/wiki/File%3AMoscow_car_meet_2025-07-12_custom_2-seat_Pobeda_07.jpg;CC0;angle,day
images/real/real_967da053a8.jpg;A977YY37;type1;591.4,1169.2,491.1,114.8;591.4,1169.2,1082.5,1176.8,1074.9,1284.1,595.5,1270.9;1;0;https://commons.wikimedia.org/wiki/File%3AMoscow_car_meet_2025-07-12_custom_2-seat_Pobeda_08.jpg;CC0;day
images/real/real_39478d9dc5.jpg;A977YY37;type1;326.6,876.8,352.2,140.2;331.2,876.8,678.8,926.9,668.1,1017.0,326.6,973.8;1;0;https://commons.wikimedia.org/wiki/File%3AMoscow_car_meet_2025-07-12_custom_2-seat_Pobeda_14.jpg;CC0;day
images/real/real_d3abe530cf.jpg;B890OK777;type1;628.2,699.7,167.5,37.7;629.6,703.3,795.7,699.7,795.8,736.2,628.2,737.3;1;0;https://commons.wikimedia.org/wiki/File%3AMoscow_car_meet_2025-07-12_roadblocks_09.jpg;CC0;day
images/real/real_c5ac8d3055.jpg;B890OK777;type1;1036.4,856.9,55.8,17.7;1036.7,859.7,1091.6,856.9,1092.2,870.8,1036.4,874.6;1;0;https://commons.wikimedia.org/wiki/File%3AMoscow_car_meet_2025-07-12_roadblocks_10.jpg;CC0;day,dirt
images/real/real_996cfc5626.jpg;C108899;other;327.8,579.1,155.8,34.5;330.5,580.4,482.2,579.1,483.6,613.6,327.8,612.2;1;0;https://commons.wikimedia.org/wiki/File%3AMoscow_car_meet_2025-07-12_roadblocks_11.jpg;CC0;day,glare
images/real/real_f9a747177d.jpg;X695AO777;type1;493.0,724.2,130.7,34.1;495.5,724.2,622.0,725.6,623.7,758.2,493.0,757.1;1;0;https://commons.wikimedia.org/wiki/File%3AMoscow_car_meet_2025-07-12_roadblocks_12.jpg;CC0;day
images/real/real_ba2d204c9f.jpg;C108899;other;155.7,842.1,100.7,23.1;157.4,845.8,256.3,842.1,254.3,865.2,155.7,865.0;1;0;https://commons.wikimedia.org/wiki/File%3AMoscow_car_meet_2025-07-12_street_view_02.jpg;CC0;day
images/real/real_2050c1df3d.jpg;X001MX197;type1;1058.0,671.2,262.8,68.3;1062.6,683.3,1320.8,671.2,1318.3,733.4,1058.0,739.6;1;0;https://commons.wikimedia.org/wiki/File%3AMoscow_car_show_2025-08-03_Bentley_01.jpg;CC0;day
images/real/real_e96a4d81d3.jpg;X001MX197;type1;950.6,678.8,308.1,85.8;950.6,697.6,1256.9,678.8,1258.7,747.8,953.8,764.6;1;0;https://commons.wikimedia.org/wiki/File%3AMoscow_car_show_2025-08-03_Bentley_02.jpg;CC0;day
images/real/real_83cbced0ff.jpg;X001MX197;type1;880.4,720.8,406.6,111.7;880.4,729.3,1287.0,720.8,1282.9,820.0,887.4,832.5;1;0;https://commons.wikimedia.org/wiki/File%3AMoscow_car_show_2025-08-03_Bentley_03.jpg;CC0;day
images/real/real_35dd6b6bf2.jpg;X001MX197;type1;348.8,533.8,270.6,59.8;353.1,533.8,619.4,533.8,618.1,593.5,348.8,593.3;1;0;https://commons.wikimedia.org/wiki/File%3AMoscow_car_show_2025-08-03_Bentley_04.jpg;CC0;day
images/real/real_35dd6b6bf2.jpg;M744CX790;type1;1426.0,636.3,122.5,29.4;1429.8,639.8,1548.5,636.3,1546.7,665.8,1426.0,664.0;1;0;https://commons.wikimedia.org/wiki/File%3AMoscow_car_show_2025-08-03_Bentley_04.jpg;CC0;angle,day,motion_blur
images/real/real_d73ccb34ec.jpg;M021OA750;type1;428.5,663.4,272.2,60.9;429.9,668.2,700.7,663.4,693.7,724.3,428.5,721.2;1;0;https://commons.wikimedia.org/wiki/File%3AMoscow_car_show_2025-08-03_GAZ-21_black_01.jpg;CC0;day,glare
images/real/real_dff5ab5efc.jpg;M021OA750;type1;629.2,752.3,285.2,67.2;629.2,762.2,914.3,752.3,910.6,816.7,629.5,819.6;1;0;https://commons.wikimedia.org/wiki/File%3AMoscow_car_show_2025-08-03_GAZ-21_black_02.jpg;CC0;day
images/real/real_c2a5468467.jpg;A021PT77;type1;254.5,878.4,214.6,200.2;270.2,878.4,469.1,920.8,453.6,1078.7,254.5,1024.7;1;0;https://commons.wikimedia.org/wiki/File%3AMoscow_car_show_2025-08-03_GAZ-21_row_08.jpg;CC0;angle,day
images/real/real_ba69808024.jpg;P927KT797;type1;1151.5,636.1,202.1,51.5;1157.2,639.3,1353.6,636.1,1347.8,687.6,1151.5,684.4;1;0;https://commons.wikimedia.org/wiki/File%3AMoscow_car_show_2025-08-03_GAZ-21_street_tour_01.jpg;CC0;angle,day
images/real/real_526b3e2f52.jpg;H736CX799;type1;1078.9,849.3,181.4,69.9;1083.8,873.8,1257.8,849.3,1260.3,898.9,1078.9,919.2;1;0;https://commons.wikimedia.org/wiki/File%3AMoscow_car_show_2025-08-03_GAZ-24-02_1972_01.jpg;CC0;angle,day
images/real/real_936ac2fff2.jpg;3412O#M;other;795.8,821.7,298.9,66.5;798.2,825.0,1092.0,821.7,1094.7,883.2,795.8,888.2;1;0;https://commons.wikimedia.org/wiki/File%3AMoscow_car_show_2025-08-03_GAZ-24-1980-Olympics_01.jpg;CC0;day
images/real/real_fad2b497e5.jpg;3412O#M;other;296.1,616.2,251.2,63.7;297.1,616.2,547.2,622.8,542.3,679.8,296.1,667.9;1;0;https://commons.wikimedia.org/wiki/File%3AMoscow_car_show_2025-08-03_GAZ-24-1980-Olympics_02.jpg;CC0;day
images/real/real_41ce5dc55b.jpg;5519MKM;other;677.2,830.9,265.7,79.3;680.4,830.9,942.8,846.5,942.9,910.2,677.2,893.2;1;0;https://commons.wikimedia.org/wiki/File%3AMoscow_car_show_2025-08-03_GAZ-24-police_02.jpg;CC0;day
images/real/real_a3c8721b8c.jpg;5519MKM;other;417.8,822.1,291.6,222.5;435.9,822.1,709.4,871.7,694.1,1044.6,417.8,983.5;1;0;https://commons.wikimedia.org/wiki/File%3AMoscow_car_show_2025-08-03_GAZ-24-police_05.jpg;CC0;day
images/real/real_f2ed5af595.jpg;K024HB797;type1;1057.5,791.7,223.5,75.8;1060.5,820.2,1274.4,791.7,1281.0,840.2,1057.5,867.6;1;0;https://commons.wikimedia.org/wiki/File%3AMoscow_car_show_2025-08-03_GAZ-24_01.jpg;CC0;angle,day
images/real/real_c2f40b15fd.jpg;O069AA750;type1;945.8,745.1,274.9,72.3;950.3,756.7,1220.8,745.1,1218.7,810.9,945.8,817.4;1;0;https://commons.wikimedia.org/wiki/File%3AMoscow_car_show_2025-08-03_GAZ-69_01.jpg;CC0;day
images/real/real_48a1d0bb44.jpg;O069AA750;type1;940.8,755.6,115.4,45.8;940.8,766.4,1054.8,755.6,1056.2,792.4,941.9,801.4;1;0;https://commons.wikimedia.org/wiki/File%3AMoscow_car_show_2025-08-03_GAZ-69%2CGAZ-67B_01.jpg;CC0;day
images/real/real_3860ec31ec.jpg;X020CX799;type1;363.0,715.9,284.9,75.6;371.2,715.9,647.9,723.8,639.2,791.5,363.0,778.6;1;0;https://commons.wikimedia.org/wiki/File%3AMoscow_car_show_2025-08-03_GAZ-M20-Pobeda-Convertible_1949_03.jpg;CC0;day
images/real/real_fca6b3f465.jpg;X000XT99;type1a;375.3,507.5,56.7,37.9;375.7,510.8,431.0,507.5,432.0,541.8,375.3,545.4;1;0;https://commons.wikimedia.org/wiki/File%3AMoscow_car_show_2025-08-03_GAZ-M20%2C_GAZ-21_et_al_01.jpg;CC0;day
images/real/real_64f1d2e68f.jpg;K068ET799;type1;308.1,709.4,268.5,81.2;315.6,709.4,576.6,727.9,565.6,790.6,308.1,765.1;1;0;https://commons.wikimedia.org/wiki/File%3AMoscow_car_show_2025-08-03_M-2142-KnyazVladimir_01.jpg;CC0;day
images/real/real_314ce6dbec.jpg;K068ET799;type1;174.9,744.1,267.9,96.8;186.0,744.1,442.8,774.8,438.0,840.9,174.9,808.2;1;0;https://commons.wikimedia.org/wiki/File%3AMoscow_car_show_2025-08-03_M-2142-KnyazVladimir_02.jpg;CC0;day
images/real/real_c6e8050ce8.jpg;A839AY197;type1;232.7,744.3,174.8,42.7;234.5,744.6,407.6,744.3,407.2,787.0,232.7,782.9;1;0;https://commons.wikimedia.org/wiki/File%3AMoscow_car_show_2025-08-03_Mercury_Gr-Marq_street_tour_01.jpg;CC0;day
images/real/real_d7b3c12ea1.jpg;Y077MH777;type1a;1181.0,515.6,117.0,58.9;1188.0,515.6,1298.0,523.0,1296.2,574.5,1181.0,567.4;1;0;https://commons.wikimedia.org/wiki/File%3AMoscow_car_show_2025-08-03_Plymouth_Barracuda_street_tour_01.jpg;CC0;day
images/real/real_a098562806.jpg;K#C8730;other;396.7,536.6,204.1,58.1;401.0,536.6,600.8,547.7,595.2,594.7,396.7,579.1;1;0;https://commons.wikimedia.org/wiki/File%3AMoscow_car_show_2025-08-03_VAZ-2108-racing_03.jpg;CC0;day
images/real/real_97e0aad703.jpg;T515YE197;type1;1193.8,706.7,138.2,69.1;1193.8,726.7,1327.2,706.7,1332.0,758.6,1198.9,775.8;1;0;https://commons.wikimedia.org/wiki/File%3AMoscow_car_show_2025-08-03_VW_Kafer_street_tour_02.jpg;CC0;day
images/real/real_f735126d26.jpg;T515YE197;type1;1329.6,708.3,120.6,30.2;1333.4,708.8,1448.2,708.3,1450.2,738.6,1329.6,738.4;1;0;https://commons.wikimedia.org/wiki/File%3AMoscow_car_show_2025-08-03_VW_Kafer_street_tour_03.jpg;CC0;day
images/real/real_58e3309313.jpg;P241KE123;type1;861.7,849.6,315.3,92.7;861.7,876.0,1177.1,849.6,1175.8,918.6,863.1,942.2;1;0;https://commons.wikimedia.org/wiki/File%3AMoscow_car_show_2026-08-01_GAZ_lowriders%2C_pale_blue_01.jpg;CC0;day
images/real/real_918daebe56.jpg;C167XX716;type1;986.5,756.8,111.8,37.2;988.3,763.2,1096.2,756.8,1098.3,787.6,986.5,794.0;1;0;https://commons.wikimedia.org/wiki/File%3AMoscow%2C_militarist_propaganda_car%2C_June_2025_01.jpg;CC0;day
images/real/real_918daebe56.jpg;K939MX799;type1;462.4,575.5,67.2,20.0;462.6,579.9,528.1,575.5,529.6,590.8,462.4,595.5;1;0;https://commons.wikimedia.org/wiki/File%3AMoscow%2C_militarist_propaganda_car%2C_June_2025_01.jpg;CC0;day
images/real/real_796690ab18.jpg;H356XT197;type1;1091.8,661.1,172.4,116.8;1091.8,722.8,1245.1,661.1,1264.2,708.4,1110.8,777.8;1;0;https://commons.wikimedia.org/wiki/File%3AMoskvich_1500_sl_%D0%B8_%D0%9C%D0%BE%D1%81%D0%BA%D0%B2%D0%BE%D1%80%D0%B5%D1%86%D0%BA%D0%B0%D1%8F_%D0%B1%D0%B0%D1%88%D0%BD%D1%8F_%2816176319173%29.jpg;CC BY 2.0;day
images/real/real_0b573273f5.jpg;Y680KY102;type1;968.9,780.2,110.2,30.3;970.6,784.5,1078.8,780.2,1079.1,807.8,968.9,810.6;1;0;https://commons.wikimedia.org/wiki/File%3AMoskvitch-2140_Ufa_2022-05_2.jpg;CC BY-SA 4.0;day
images/real/real_ac15643f0e.jpg;Y680KY102;type1;514.2,795.3,98.0,34.2;516.2,795.3,612.2,797.8,612.2,829.5,514.2,826.2;1;0;https://commons.wikimedia.org/wiki/File%3AMoskvitch-2140_Ufa_2022-05.jpg;CC BY-SA 4.0;day
images/real/real_4adc0877b7.jpg;T638PH19;type1;1557.2,588.2,41.8,15.1;1557.6,592.0,1599.0,588.2,1599.0,598.9,1557.2,603.3;1;0;https://commons.wikimedia.org/wiki/File%3AMostransavto_Domodedovo_bus_%D0%9A240%D0%A0%D0%A3_750.jpg;CC0;angle,day
images/real/real_1116a23c8e.jpg;MH98277;type1b;1095.6,663.8,64.3,31.2;1095.6,677.0,1156.8,663.8,1159.8,681.8,1097.9,695.1;1;0;https://commons.wikimedia.org/wiki/File%3ANefAZ_5299-40-52_under_number_161931_on_9_route_in_Moscow.jpg;CC BY-SA 4.0;day
images/real/real_19a3aa0b6f.jpg;C594MT51;type1;1294.1,688.5,130.2,42.5;1294.2,697.5,1421.8,688.5,1424.2,722.8,1294.1,731.0;1;0;https://commons.wikimedia.org/wiki/File%3ANikel-036.jpg;CC BY-SA 4.0;day
images/real/real_765cb177fb.jpg;O047452;other;779.6,614.9,95.6,26.5;780.6,619.2,874.1,614.9,875.2,637.2,779.6,641.4;1;0;https://commons.wikimedia.org/wiki/File%3ANizhny_Novgorod_Stadium_04-2019.jpg_06.jpg;CC BY-SA 4.0;day
images/real/real_82dd94a365.jpg;T557OE124;type1;1472.4,834.8,103.4,30.3;1477.1,834.8,1575.8,842.1,1572.6,865.2,1472.4,855.9;1;0;https://commons.wikimedia.org/wiki/File%3AOld_Town%2C_Tbilisi%2C_Georgia_%2848808629881%29.jpg;CC BY 2.0;angle,day
images/real/real_2e3a4130ef.jpg;C281BE98;type1;614.1,1011.7,76.2,27.1;614.1,1011.7,689.9,1020.8,690.2,1038.8,614.4,1030.0;1;0;https://commons.wikimedia.org/wiki/File%3AOld_walls_of_St._Petersburg_%2849972472196%29.jpg;CC BY 2.0;day
images/real/real_97d5509f6c.jpg;3084#A#;other;1033.2,647.6,184.4,159.1;1033.2,682.9,1208.4,647.6,1217.6,774.6,1044.6,806.7;1;0;https://commons.wikimedia.org/wiki/File%3APfingsttreffen_Puetnitz_2018%2C_Ribnitz-Damgarten_%281X7A2591%29.jpg;CC BY-SA 4.0;day
images/real/real_b16926d900.jpg;X655PY190;type1;206.8,945.0,289.2,187.7;219.3,945.0,496.0,1060.5,481.2,1132.7,206.8,1010.6;1;0;https://commons.wikimedia.org/wiki/File%3APontiac_Grand_Prix_oldtimergallery2023.jpg;CC BY-SA 4.0;angle,day,dirt
images/real/real_50b52abdd0.jpg;Y884XT178;type1;171.7,1116.2,77.8,21.2;171.7,1122.6,249.2,1116.2,249.4,1132.7,172.1,1137.4;1;0;https://commons.wikimedia.org/wiki/File%3APre_firefighting_station.jpg;CC BY-SA 4.0;day,glare
images/real/real_6cecac67b2.jpg;Y955ET50;type1;1285.8,706.0,116.8,43.8;1288.3,708.1,1402.7,706.0,1402.5,749.8,1285.8,749.2;1;0;https://commons.wikimedia.org/wiki/File%3APurple_Car_with_Moscow_Oblast_numbers.jpg;CC BY-SA 2.0;day,glare
images/real/real_5e3885d2bb.jpg;K800BY50;type1;952.0,834.5,122.0,33.8;952.6,840.6,1074.0,834.5,1072.7,865.0,952.0,868.2;1;0;https://commons.wikimedia.org/wiki/File%3ARAF-2203_Moscow_2022.jpg;CC BY-SA 4.0;day
images/real/real_357f5fbb01.jpg;P075MK178;type1;525.4,851.8,103.1,27.6;528.6,851.8,628.5,853.4,627.6,879.4,525.4,876.3;1;0;https://commons.wikimedia.org/wiki/File%3ARiver_embankment_Fontanka_-_panoramio.jpg;CC BY-SA 3.0;day
images/real/real_357f5fbb01.jpg;M805PE178;type1;70.9,708.5,48.4,10.3;70.9,708.5,119.3,709.0,119.2,718.8,71.0,717.8;1;0;https://commons.wikimedia.org/wiki/File%3ARiver_embankment_Fontanka_-_panoramio.jpg;CC BY-SA 3.0;day
images/real/real_73033205bc.jpg;B111OC98;type1;1413.6,752.0,63.8,16.4;1414.3,756.2,1477.4,752.0,1476.2,766.8,1413.6,768.4;1;0;https://commons.wikimedia.org/wiki/File%3ARussia%2C_Saint_Petersburg%2C_Promyshlennaya_street%2C_5_bld.jpg;CC BY-SA 4.0;angle,day
images/real/real_6f605f1a33.jpg;E584YC763;type1;517.6,746.5,78.9,23.2;520.8,746.5,596.5,747.8,595.0,769.7,517.6,767.4;1;0;https://commons.wikimedia.org/wiki/File%3ASAZ_LE60_%D0%9C%D0%A2%D0%90_%D0%BD%D0%B0_%D1%81%D1%8A%D0%B5%D0%B7%D0%B4%D0%B5_%D0%BD%D0%B0_%D0%9C%D0%B8%D0%BD%D1%81%D0%BA%D1%83%D1%8E_%D1%83%D0%BB%D0%B8%D1%86%D1%83_%D0%BC%D0%B0%D1%80%D1%88%D1%80%D1%83%D1%82_%D0%9C%D0%9E_139.jpg;CC BY-SA 4.0;day
images/real/real_e96b527a04.jpg;X725YX78;type1;914.3,387.1,83.3,19.8;914.3,387.1,996.2,388.0,997.7,405.3,915.2,406.9;1;0;https://commons.wikimedia.org/wiki/File%3ASaint-Petersburg_SAAB_900_Turbo_%D0%A5725%D0%A3%D0%A578_%2828132262113%29.jpg;CC BY 2.0;day
images/real/real_c095096781.jpg;K039TO98;type1;194.4,595.6,270.4,64.6;199.6,599.4,464.8,595.6,458.1,660.2,194.4,656.7;1;0;https://commons.wikimedia.org/wiki/File%3ASaint-Petersburg_Suzuki_Alto_FX_Frist_generation_%D0%9A039%D0%A2%D0%9E78_%2828132221063%29.jpg;CC BY 2.0;day
images/real/real_a07c95f62b.jpg;K039TO98;type1;192.8,777.3,106.5,24.9;193.2,777.6,297.5,777.3,299.2,801.1,192.8,802.2;1;0;https://commons.wikimedia.org/wiki/File%3ASaint-Petersburg_Suzuki_Alto_FX_Frist_generation_%D0%9A039%D0%A2%D0%9E78_%2828463172200%29.jpg;CC BY 2.0;day
images/real/real_38967ab08e.jpg;Y614BB98;type1;1106.1,783.9,61.2,59.5;1107.3,791.9,1166.4,783.9,1167.3,835.0,1106.1,843.4;1;0;https://commons.wikimedia.org/wiki/File%3ASaint-Petersburg_Toyota_Will_Cypha_%D0%A3614%D0%92%D0%9298_%2828130009454%29.jpg;CC BY 2.0;angle,day
images/real/real_f9c3e069e8.jpg;Y614BB98;type1;574.4,731.2,106.2,62.8;582.2,731.2,680.7,752.3,675.7,794.0,574.4,767.8;1;0;https://commons.wikimedia.org/wiki/File%3ASaint-Petersburg_Toyota_Will_Cypha_%D0%A3614%D0%92%D0%9298_%2828130017084%29.jpg;CC BY 2.0;day
images/real/real_1b281c84a4.jpg;Y614BB98;type1;751.8,1425.9,67.3,20.4;753.2,1429.1,819.2,1425.9,818.7,1444.2,751.8,1446.3;1;0;https://commons.wikimedia.org/wiki/File%3ASaint-Petersburg_Toyota_Will_Cypha_%D0%A3614%D0%92%D0%9298_%2828132254083%29.jpg;CC BY 2.0;day
images/real/real_2794c4a9d4.jpg;X984OM797;type1;1451.5,831.3,44.6,11.2;1452.3,833.6,1496.1,831.3,1495.5,840.2,1451.5,842.5;1;0;https://commons.wikimedia.org/wiki/File%3ASetun%27_River_Valley_16.jpg;CC BY 4.0;angle,day
images/real/real_2794c4a9d4.jpg;P289CX799;type1;1185.8,815.8,42.6,12.2;1185.8,818.4,1227.4,815.8,1228.4,823.8,1186.3,827.9;1;0;https://commons.wikimedia.org/wiki/File%3ASetun%27_River_Valley_16.jpg;CC BY 4.0;day
images/real/real_7aa4de0776.jpg;K975HC74;type1;991.2,665.6,139.2,44.4;991.2,681.9,1126.4,665.6,1130.3,693.7,991.4,710.0;1;0;https://commons.wikimedia.org/wiki/File%3ASilk_Way_Rally_2024_in_Tomsk_02.jpg;CC BY-SA 4.0;day
images/real/real_a0e85e0074.jpg;K224TX152;type1;969.7,729.5,135.0,49.3;973.8,746.5,1103.8,729.5,1104.7,765.3,969.7,778.8;1;0;https://commons.wikimedia.org/wiki/File%3ASilk_Way_Rally_2024_in_Tomsk_03.jpg;CC BY-SA 4.0;angle,day
images/real/real_4b56e71182.jpg;E366YX763;type1;1032.3,742.8,170.1,73.5;1032.3,776.4,1196.5,742.8,1202.4,782.8,1040.3,816.3;1;0;https://commons.wikimedia.org/wiki/File%3ASilk_Way_Rally_2024_in_Tomsk_04.jpg;CC BY-SA 4.0;day
images/real/real_4b56e71182.jpg;E366YX763;type1;1039.7,627.3,59.6,29.3;1039.7,642.8,1097.6,627.3,1099.3,641.7,1040.9,656.7;1;0;https://commons.wikimedia.org/wiki/File%3ASilk_Way_Rally_2024_in_Tomsk_04.jpg;CC BY-SA 4.0;angle,day,glare
images/real/real_780c9688c7.jpg;A917AY61;type1;743.7,907.4,175.8,101.5;743.7,969.7,907.9,907.4,919.5,946.0,758.6,1008.9;1;0;https://commons.wikimedia.org/wiki/File%3ASome_Alfa_Romeos.jpg;CC BY-SA 4.0;day
images/real/real_71a8a5a21f.jpg;M091HE123;type1;556.1,654.3,98.1,30.4;560.4,654.3,654.2,660.8,651.1,684.8,556.1,676.2;1;0;https://commons.wikimedia.org/wiki/File%3ASpb_bus_%D0%A7%D0%9C-2018.jpg;CC BY-SA 4.0;day
images/real/real_a05134c940.jpg;Y470HX197;type1;410.4,866.7,234.8,73.0;411.2,888.2,643.7,866.7,645.3,922.2,410.4,939.8;1;0;https://commons.wikimedia.org/wiki/File%3ASsangYong_Actyon%2C_RU%2C_WAW%281%29.jpg;CC BY-SA 4.0;day
images/real/real_a05134c940.jpg;WF50200;other;7.3,348.6,53.1,13.0;7.4,349.4,60.1,348.6,60.4,361.2,7.3,361.6;1;0;https://commons.wikimedia.org/wiki/File%3ASsangYong_Actyon%2C_RU%2C_WAW%281%29.jpg;CC BY-SA 4.0;day
images/real/real_de73e3dad4.jpg;Y470HX197;type1;767.9,384.7,183.2,93.3;767.9,429.3,945.2,384.7,951.1,436.7,771.0,478.0;1;0;https://commons.wikimedia.org/wiki/File%3ASsangYong_Actyon%2C_RU%2C_WAW%282%29.jpg;CC BY-SA 4.0;angle,day
images/real/real_3a37b9cff3.jpg;E069EK78;type1;528.7,714.4,87.0,21.2;531.3,714.4,615.7,715.4,614.3,735.6,528.7,731.9;1;0;https://commons.wikimedia.org/wiki/File%3ASt._Petersburg_%2833790370705%29.jpg;CC BY 2.0;day
images/real/real_3a37b9cff3.jpg;P944YP178;type1;878.0,755.5,104.2,28.9;882.3,755.5,982.2,759.5,979.9,784.4,878.0,778.7;1;0;https://commons.wikimedia.org/wiki/File%3ASt._Petersburg_%2833790370705%29.jpg;CC BY 2.0;angle,day
images/real/real_3a37b9cff3.jpg;C770XE178;type1;119.6,622.0,81.6,23.4;121.0,625.2,201.2,622.0,198.7,644.7,119.6,645.4;1;0;https://commons.wikimedia.org/wiki/File%3ASt._Petersburg_%2833790370705%29.jpg;CC BY 2.0;angle,day
images/real/real_fff98e1ac8.jpg;M410HP10;type1;437.5,687.3,117.4,28.8;441.3,687.9,554.9,687.3,554.6,716.1,437.5,714.8;1;0;https://commons.wikimedia.org/wiki/File%3AStaraya_Titovka_-_02.jpg;CC BY-SA 4.0;angle,day,glare
images/real/real_ab57c41f79.jpg;B844XH777;type1;1050.8,861.8,73.8,15.4;1050.8,862.9,1124.3,861.8,1124.5,876.4,1051.6,877.2;1;0;https://commons.wikimedia.org/wiki/File%3ATambov_g_sovetskaya_61g.jpg;CC BY-SA 4.0;day
images/real/real_139468d443.jpg;M686OY777;type1;527.5,259.0,79.7,51.4;527.5,286.7,600.6,259.0,607.2,280.3,535.0,310.4;1;0;https://commons.wikimedia.org/wiki/File%3AUAZ_Pickup_%282%29.jpg;CC0;day
images/real/real_975e45219e.jpg;M026578;other;309.7,731.1,153.9,39.3;313.2,732.5,463.6,731.1,463.0,770.4,309.7,769.2;1;0;https://commons.wikimedia.org/wiki/File%3AUral-4320_Police_Vehicle_in_SPB.jpg;CC BY-SA 4.0;day
images/real/real_4bf0b521ba.jpg;O949CK72;type1;257.4,676.1,146.8,37.5;257.4,681.2,404.2,676.1,404.2,711.8,257.4,713.6;1;0;https://commons.wikimedia.org/wiki/File%3AVila%C4%9Do_Dubrovnoje_%28Tjumena_provinco%29_20.jpg;CC BY 4.0;day
images/real/real_4ce3f7ad60.jpg;T021KT199;type1;304.1,821.2,267.2,109.5;311.9,821.2,571.2,856.0,563.2,930.8,304.1,891.5;1;0;https://commons.wikimedia.org/wiki/File%3AVolga_GAZ-M-21_Shark_01.jpg;CC BY-SA 3.0;day
images/real/real_e8dc47407b.jpg;T021KT199;type1;377.7,638.2,351.7,100.3;387.4,638.2,729.4,657.4,718.3,738.6,377.7,710.4;1;0;https://commons.wikimedia.org/wiki/File%3AVolga_GAZ-M-21_Shark_02.jpg;CC BY-SA 3.0;day
images/real/real_b45c44a3c7.jpg;K761TP10;type1;1187.0,609.2,128.9,44.6;1189.5,617.0,1314.4,609.2,1315.9,648.7,1187.0,653.8;1;0;https://commons.wikimedia.org/wiki/File%3AVolga_with_low_ground_clearance_2020_June_Ptz.jpg;Public domain;day
images/real/real_87b6386291.jpg;K745XH197;type1;139.9,335.0,122.0,29.9;141.0,335.0,261.9,335.0,255.7,364.9,139.9,359.2;1;0;https://commons.wikimedia.org/wiki/File%3AVolkswagen_Crafter_%284%29.jpg;CC0;angle,day
images/real/real_0e5c995b02.jpg;K227TM152;type1;736.8,494.8,68.8,32.0;737.4,509.3,804.0,494.8,805.7,512.9,736.8,526.7;1;0;https://commons.wikimedia.org/wiki/File%3AWaldstra%C3%9Fen_-_panoramio.jpg;CC BY 3.0;angle,day,glare
images/real/real_faef18cd73.jpg;K227TM152;type1;1027.2,564.6,103.8,47.6;1027.2,585.7,1126.8,564.6,1131.1,592.1,1030.8,612.2;1;0;https://commons.wikimedia.org/wiki/File%3AWaldwege_-_panoramio_%281%29.jpg;CC BY 3.0;day,glare
images/real/real_d47bd31669.jpg;T498AC799;type1;1263.8,737.2,155.9,55.3;1265.3,748.8,1417.8,737.2,1419.7,782.2,1263.8,792.4;1;0;https://commons.wikimedia.org/wiki/File%3AYakitoriya_delivery_car.jpg;CC BY-SA 3.0;day
images/real/real_e8fbb7e366.jpg;X908CC178;type1;179.6,628.2,121.2,36.8;179.6,641.3,296.9,628.2,300.8,653.1,180.7,665.0;1;0;https://commons.wikimedia.org/wiki/File%3AZ-shaped_marking_on_civilian_vehicle_2022-03-12.jpeg;CC BY-SA 4.0;day
images/real/real_e8fbb7e366.jpg;Y659BY178;type1;800.1,522.7,74.9,21.6;800.5,526.9,875.0,522.7,874.7,542.4,800.1,544.3;1;0;https://commons.wikimedia.org/wiki/File%3AZ-shaped_marking_on_civilian_vehicle_2022-03-12.jpeg;CC BY-SA 4.0;day
images/real/real_0a5c9fb149.jpg;M097CH102;type1;666.5,672.2,90.0,33.6;669.2,672.2,756.5,673.7,756.0,705.8,666.5,702.2;1;0;https://commons.wikimedia.org/wiki/File%3AZaz-968M_Ufa_2022-05_2.jpg;CC BY-SA 4.0;day
images/real/real_a15e03f805.jpg;M097CH102;type1;765.7,681.4,145.1,39.3;767.5,685.6,908.7,681.4,910.8,718.8,765.7,720.8;1;0;https://commons.wikimedia.org/wiki/File%3AZaz-968M_Ufa_2022-05.jpg;CC BY-SA 4.0;day
images/real/real_755f10eab0.jpg;K330PO197;type1;387.4,657.6,137.6,70.8;387.4,695.8,514.4,657.6,525.0,689.6,399.0,728.3;1;0;https://commons.wikimedia.org/wiki/File%3AZelenograd%2C_Savyolkinsky_Proezd%2C_the_Flute_Building_%2821221389516%29.jpg;CC BY 2.0;day,dirt
images/real/real_755f10eab0.jpg;E992PC64;type1;1386.9,576.3,91.0,72.1;1386.9,606.5,1476.4,576.3,1477.9,620.8,1394.7,648.4;1;0;https://commons.wikimedia.org/wiki/File%3AZelenograd%2C_Savyolkinsky_Proezd%2C_the_Flute_Building_%2821221389516%29.jpg;CC BY 2.0;angle,day,dirt
images/real/real_05c32a3ac6.jpg;H282BM761;type1;538.4,843.1,104.1,48.8;538.4,866.1,640.9,843.1,642.5,870.9,541.1,891.9;1;0;https://commons.wikimedia.org/wiki/File%3A%D0%92%D0%90%D0%97-2106_%D0%A8%D0%B0%D0%BA%D0%B0%D0%BB._%D0%9E%D1%82_%D0%B2%D0%BB%D0%B0%D0%B4%D0%B5%D0%BB%D1%8C%D1%86%D0%B0.jpg;CC BY-SA 4.0;angle,night
images/real/real_649c9e97b7.jpg;BK34278;type1b;1104.9,896.5,69.4,20.8;1104.9,902.2,1172.8,896.5,1174.3,910.6,1106.3,917.3;1;0;https://commons.wikimedia.org/wiki/File%3A%D0%9B%D0%B8%D0%90%D0%97-4292.60_2021_%D0%B3%D0%BE%D0%B4%D0%B0_%D0%B2_%D0%9C%D0%BE%D1%81%D0%BA%D0%B2%D0%B5.jpg;CC BY-SA 4.0;day,motion_blur
images/real/real_01031699f1.jpg;EK34277;type1b;630.5,613.8,32.3,6.8;632.4,613.8,662.8,615.1,662.3,620.2,630.5,620.7;1;0;https://commons.wikimedia.org/wiki/File%3A%D0%9B%D0%B8%D0%90%D0%97-4292_2021_%D0%B3%D0%BE%D0%B4%D0%B0_%D1%81%D0%B7%D0%B0%D0%B4%D0%B8_02.jpg;CC BY-SA 4.0;angle,day
images/real/real_6e2743d9f6.jpg;BK34278;type1b;547.0,630.8,70.8,16.8;547.1,630.8,617.8,633.0,617.2,647.5,547.0,644.8;1;0;https://commons.wikimedia.org/wiki/File%3A%D0%9B%D0%B8%D0%90%D0%97-4292_2021_%D0%B3%D0%BE%D0%B4%D0%B0_%D0%B2_%D0%9C%D0%BE%D1%81%D0%BA%D0%B2%D0%B5_%D1%81%D0%B7%D0%B0%D0%B4%D0%B8.jpg;CC BY-SA 4.0;day
images/real/real_898aa4bc50.jpg;HX77377;type1b;1112.8,975.7,104.4,26.7;1114.6,980.4,1215.9,975.7,1217.2,998.9,1112.8,1002.4;1;0;https://commons.wikimedia.org/wiki/File%3A%D0%9B%D0%B8%D0%90%D0%97-6274%2C_%D0%9C%D0%BE%D1%81%D0%BA%D0%B2%D0%B0_-_LiAZ-6274%2C_Moscow_2.jpg;CC BY-SA 4.0;day
images/real/real_0eeff49800.jpg;O259KC799;type1;880.8,1000.5,155.3,44.1;880.8,1011.7,1036.0,1000.5,1036.1,1037.8,881.5,1044.6;1;0;https://commons.wikimedia.org/wiki/File%3A%D0%9A%D0%B0%D0%BC%D0%90%D0%97-6282%2C_%D0%9C%D0%BE%D1%81%D0%BA%D0%B2%D0%B0_-_KamAZ-6282%2C_Moscow_3.jpg;CC BY-SA 4.0;day
images/real/real_85292e39c9.jpg;Y712CP750;type1;303.1,808.8,97.6,27.4;305.2,811.5,400.7,808.8,400.2,834.5,303.1,836.2;1;0;https://commons.wikimedia.org/wiki/File%3A%D0%97%D0%98%D0%9B-%D0%AE%D0%BD%D0%BE%D1%81%D1%82%D1%8C_%D0%A3712%D0%A1%D0%A0750_%D0%A1%D0%B0%D0%BD%D0%BA%D1%82-%D0%9F%D0%B5%D1%82%D0%B5%D1%80%D0%B1%D1%83%D1%80%D0%B3_2021-05_2.jpg;CC0;day
images/real/real_cb4f0141bd.jpg;K025PM198;type1;657.1,689.2,70.8,37.8;663.5,689.2,727.8,702.4,725.2,726.9,657.1,713.1;1;0;https://commons.wikimedia.org/wiki/File%3A%D0%9A%D1%83%D0%BB%D0%B8%D0%BA%D0%BE%D0%B2%D0%BE%2C_%D0%B2%D0%B8%D0%BA%D0%B8-%D0%BA%D1%80%D0%B0%D0%B5%D0%B2%D0%B5%D0%B4%D1%8B_%D0%BD%D0%B0_%D0%BA%D0%BB%D0%B0%D0%B4%D0%B1%D0%B8%D1%89%D0%B5.jpg;CC BY-SA 4.0;day
images/real/real_c041eabb5e.jpg;M256YO178;type1;392.3,937.8,35.5,8.2;392.3,939.2,426.7,937.8,427.8,944.9,392.6,946.0;1;0;https://commons.wikimedia.org/wiki/File%3A%D0%9D%D0%B5%D0%BC%D0%B0%D0%BD%D1%81%D0%BA%D0%B8%D0%B9_%D0%BF%D0%B5%D1%80%D0%B5%D1%83%D0%BB%D0%BE%D0%BA_03.jpg;CC BY-SA 4.0;day
images/real/real_b1171f63ff.jpg;C786PX53;type1;1178.4,822.2,64.6,20.7;1180.8,827.4,1241.8,822.2,1243.0,837.4,1178.4,842.8;1;0;https://commons.wikimedia.org/wiki/File%3A%D0%9F%D0%BB%D0%BE%D1%89%D0%B0%D0%B4%D1%8C_%D0%A1%D0%B2%D0%BE%D0%B1%D0%BE%D0%B4%D1%8B%2C_11%2C_%D0%92%D0%B0%D0%BB%D0%B4%D0%B0%D0%B9.jpg;CC BY-SA 4.0;angle,day
images/real/real_a65d55fc46.jpg;B651OE53;type1;457.7,811.1,61.6,15.2;458.9,812.2,519.3,811.1,517.8,826.0,457.7,826.2;1;0;https://commons.wikimedia.org/wiki/File%3A%D0%9F%D0%BB%D0%BE%D1%89%D0%B0%D0%B4%D1%8C_%D0%A1%D0%B2%D0%BE%D0%B1%D0%BE%D0%B4%D1%8B%2C_13%2C_%D0%92%D0%B0%D0%BB%D0%B4%D0%B0%D0%B9.jpg;CC BY-SA 4.0;day
images/real/real_a65d55fc46.jpg;E271KP53;type1;1044.0,786.2,61.2,17.4;1044.0,788.2,1104.2,786.2,1105.2,800.9,1044.5,803.6;1;0;https://commons.wikimedia.org/wiki/File%3A%D0%9F%D0%BB%D0%BE%D1%89%D0%B0%D0%B4%D1%8C_%D0%A1%D0%B2%D0%BE%D0%B1%D0%BE%D0%B4%D1%8B%2C_13%2C_%D0%92%D0%B0%D0%BB%D0%B4%D0%B0%D0%B9.jpg;CC BY-SA 4.0;day
images/real/real_d8d01a2283.jpg;H678YA161;type1;243.1,448.5,89.9,76.4;249.4,448.5,333.0,481.9,328.3,524.9,243.1,488.9;1;0;https://commons.wikimedia.org/wiki/File%3A%D0%9C%D0%BE%D1%81%D0%BA%D0%B2%D0%B8%D1%87_2141.jpg;CC BY-SA 4.0;angle,day
images/real/real_9ffa87e063.jpg;X105XO178;type1;1132.9,789.2,67.1,17.3;1134.0,790.7,1198.8,789.2,1200.0,805.6,1132.9,806.5;1;0;https://commons.wikimedia.org/wiki/File%3A%D0%94%D0%B2%D0%BE%D1%80%D1%86%D0%BE%D0%B2%D1%8B%D0%B9_%D0%BC%D0%BE%D1%81%D1%82_%D0%B8_%D0%A0%D0%BE%D1%81%D1%82%D1%80%D0%B0%D0%BB%D1%8C%D0%BD%D1%8B%D0%B5_%D0%9A%D0%BE%D0%BB%D0%BE%D0%BD%D0%BD%D1%8B_2H1A5329WI.jpg;CC BY-SA 4.0;day
images/real/real_630b55fd08.jpg;H064HC53;type1;125.7,697.8,112.6,48.0;132.4,697.8,238.2,710.9,237.8,745.8,125.7,731.6;1;0;https://commons.wikimedia.org/wiki/File%3A%D0%AD%D0%B8%D0%9B_%D0%9C%D0%A7%D0%A1_%D0%A0%D0%BE%D1%81%D1%81%D0%B8%D0%B8_%D0%A4%D0%BE%D1%82%D0%BE3.JPG;Public domain;day
images/real/real_18f5d9176e.jpg;B201MK42;type1;176.1,616.5,178.5,70.4;178.9,616.5,354.6,620.2,349.0,686.9,176.1,674.3;1;0;https://commons.wikimedia.org/wiki/File%3A%D0%9C%D0%BE%D1%81%D0%BA%D0%B2%D0%B8%D1%87_412-2140_%D0%BF%D0%B5%D1%80%D0%B5%D1%85%D0%BE%D0%B4%D0%BD%D0%BE%D0%B9_%281%29.jpg;CC BY-SA 4.0;day
images/real/real_b6a2367a1d.jpg;E942BT177;type1;821.9,1249.2,130.2,61.5;821.9,1267.5,947.2,1249.2,952.1,1294.4,823.9,1310.7;1;0;https://commons.wikimedia.org/wiki/File%3A%D0%98%D0%B6_412%D0%98%D0%AD-028_%D0%95942%D0%92%D0%A2177_%2835925662326%29.jpg;CC BY 2.0;day
images/real/real_9b138f6b61.jpg;E546CY177;type1;1359.1,864.3,35.2,13.2;1359.7,867.5,1394.2,864.3,1394.2,874.0,1359.1,877.5;1;0;https://commons.wikimedia.org/wiki/File%3A%D0%9F%D1%83%D0%BB%D0%BA%D0%BE456.jpg;CC BY-SA 4.0;angle,day,dirt
images/real/real_7a43680581.jpg;E864YY98;type1;52.2,858.8,60.0,14.3;52.6,860.3,111.4,858.8,112.2,871.5,52.2,873.2;1;0;https://commons.wikimedia.org/wiki/File%3A%D0%93%D0%B0%D0%B2%D0%B0%D0%BD%D1%81%D0%BA%D0%B0%D1%8F%2C_47%2C_%D1%81%D0%BB%D1%83%D0%B6%D0%B1%D0%B0_01.jpg;CC BY-SA 4.0;day
images/real/real_7a43680581.jpg;O567XE178;type1;650.8,922.8,69.7,17.7;650.8,924.7,718.8,922.8,720.5,937.5,650.8,940.5;1;0;https://commons.wikimedia.org/wiki/File%3A%D0%93%D0%B0%D0%B2%D0%B0%D0%BD%D1%81%D0%BA%D0%B0%D1%8F%2C_47%2C_%D1%81%D0%BB%D1%83%D0%B6%D0%B1%D0%B0_01.jpg;CC BY-SA 4.0;day
images/real/real_f6a6174236.jpg;K187XX198;type1;259.8,841.4,54.8,36.9;259.8,854.0,312.5,841.4,314.6,866.8,263.2,878.3;1;0;https://commons.wikimedia.org/wiki/File%3A%D0%93%D0%B0%D0%B2%D0%B0%D0%BD%D1%81%D0%BA%D0%B0%D1%8F%2C_47%2C_%D1%81%D0%BB%D1%83%D0%B6%D0%B1%D0%B0_04.jpg;CC BY-SA 4.0;angle,day
images/real/real_9914faa874.jpg;H064HC53;type1;664.8,877.9,282.3,64.7;666.5,881.5,945.4,877.9,947.1,936.9,664.8,942.6;1;0;https://commons.wikimedia.org/wiki/File%3A%D0%AD%D0%B8%D0%9B_%D0%9C%D0%A7%D0%A1_%D0%A0%D0%BE%D1%81%D1%81%D0%B8%D0%B8_%D0%A4%D0%BE%D1%82%D0%BE5.JPG;Public domain;day
images/real/real_eaf7055856.jpg;H064HC53;type1;1141.5,759.5,80.0,40.3;1141.8,764.7,1219.7,759.5,1221.5,794.0,1141.5,799.8;1;0;https://commons.wikimedia.org/wiki/File%3A%D0%AD%D0%B8%D0%9B_%D0%9C%D0%A7%D0%A1_%D0%A0%D0%BE%D1%81%D1%81%D0%B8%D0%B8_%D0%A4%D0%BE%D1%82%D0%BE6.JPG;Public domain;day
images/real/real_563bc94d2b.jpg;E446XM40;type1;939.2,675.4,174.8,56.7;939.2,691.7,1108.7,675.4,1114.1,718.2,940.6,732.1;1;0;https://commons.wikimedia.org/wiki/File%3A%D0%91%D0%B8%D1%88%D0%BA%D0%B5%D0%BA%2C_Audi_100_%D0%BD%D0%B0_%D0%A0%D1%8B%D1%81%D0%BA%D1%83%D0%BB%D0%BE%D0%B2%D0%B0-%D0%9C%D0%B0%D0%BD%D0%B0%D1%81%D0%B0.jpg;CC BY-SA 4.0;day
images/real/real_c30d1396e0.jpg;P617EO198;type1;281.5,604.4,163.8,141.7;296.1,604.4,445.3,690.2,428.6,746.1,281.5,657.4;1;0;https://commons.wikimedia.org/wiki/File%3A%D0%90%D0%BB%D0%BC%D0%B0%D1%82%D1%8B%2C_Porsche_911_%D1%83_Globus_%D0%BD%D0%B0_%D0%90%D0%B1%D0%B0%D1%8F.jpg;CC BY-SA 4.0;angle,day
images/real/real_a287be8259.jpg;M284CM750;type1;151.7,858.0,67.8,18.6;153.1,858.0,218.5,862.8,219.5,876.6,151.7,874.0;1;0;https://commons.wikimedia.org/wiki/File%3A%D0%9A%D1%83%D0%B7%D1%8C%D0%BC%D0%B8%D0%BD%D0%BA%D0%B8_%2C_%D0%B3%D0%BB%D0%B0%D0%B2%D0%BD%D0%B0%D1%8F_%D0%B4%D0%BE%D1%80%D0%BE%D0%B3%D0%B0.jpg;CC0;angle,day,glare
images/real/real_2187dad371.jpg;E656AC178;type1;825.4,1099.2,45.2,21.4;825.4,1104.2,869.2,1099.2,870.6,1116.8,826.1,1120.6;1;0;https://commons.wikimedia.org/wiki/File%3A%D0%94%D0%BE%D0%BC_%D0%B2_%D0%A1%D0%BC%D0%BE%D0%BB%D0%B5%D0%BD%D1%81%D0%BA%D0%B5.jpeg;CC BY-SA 3.0;day,motion_blur
images/real/real_b913c6d3d5.jpg;T908PX777;type1;754.4,508.3,83.4,20.9;756.3,509.9,837.8,508.3,837.3,528.8,754.4,529.2;1;0;https://commons.wikimedia.org/wiki/File%3A%D0%92%D1%8B%D0%B4%D0%B5%D0%BB%D0%B5%D0%BD%D0%BD%D0%B0%D1%8F_%D0%BF%D0%BE%D0%BB%D0%BE%D1%81%D0%B0_%D0%B4%D0%BB%D1%8F_%D0%BE%D0%B1%D1%89%D0%B5%D1%81%D1%82%D0%B2%D0%B5%D0%BD%D0%BD%D0%BE%D0%B3%D0%BE_%D1%82%D1%80%D0%B0%D0%BD%D1%81%D0%BF%D0%BE%D1%80%D1%82%D0%B0_%D0%B2_%D0%9C%D0%BE%D1%81%D0%BA%D0%B2%D0%B5.jpg;CC BY 4.0;day
images/real/real_b913c6d3d5.jpg;B892OE77;type1;1213.4,403.8,42.7,12.0;1214.2,406.0,1256.1,403.8,1256.1,412.6,1213.4,415.8;1;0;https://commons.wikimedia.org/wiki/File%3A%D0%92%D1%8B%D0%B4%D0%B5%D0%BB%D0%B5%D0%BD%D0%BD%D0%B0%D1%8F_%D0%BF%D0%BE%D0%BB%D0%BE%D1%81%D0%B0_%D0%B4%D0%BB%D1%8F_%D0%BE%D0%B1%D1%89%D0%B5%D1%81%D1%82%D0%B2%D0%B5%D0%BD%D0%BD%D0%BE%D0%B3%D0%BE_%D1%82%D1%80%D0%B0%D0%BD%D1%81%D0%BF%D0%BE%D1%80%D1%82%D0%B0_%D0%B2_%D0%9C%D0%BE%D1%81%D0%BA%D0%B2%D0%B5.jpg;CC BY 4.0;angle,day
images/real/real_d9aef27ded.jpg;E423AE198;type1;1109.2,747.7,76.5,56.4;1109.2,763.6,1180.1,747.7,1185.8,787.6,1112.8,804.1;1;0;https://commons.wikimedia.org/wiki/File%3A%D0%90%D0%B2%D1%82%D0%BE%D0%BC%D0%BE%D0%B1%D0%B8%D0%BB%D1%8C_%D0%BD%D0%B0_%D1%83%D0%BB%D0%B8%D1%86%D0%B5_%D0%A0%D0%B5%D0%BF%D0%B8%D0%BD%D0%B0.jpg;CC BY-SA 4.0;day,glare
images/real/real_a5fa63948b.jpg;K561CO190;type1;527.4,992.1,187.7,49.3;532.4,992.1,715.1,997.2,709.2,1041.4,527.4,1031.4;1;0;https://commons.wikimedia.org/wiki/File%3A%D0%94%D0%BE%D1%80%D0%BE%D0%B6%D0%BD%D1%8B%D0%B5_%D0%B7%D0%BD%D0%B0%D0%BA%D0%B8_%D0%BF%D0%BE%D0%B4_%D1%8D%D1%81%D1%82%D0%B0%D0%BA%D0%B0%D0%B4%D0%BE%D0%B9_%D0%B2%D0%BE%D0%B7%D0%BB%D0%B5_%D1%81%D1%82%D0%B0%D0%BD%D1%86%D0%B8%D0%B8_%D0%9A%D1%80%D1%8E%D0%BA%D0%BE%D0%B2%D0%BE_%28cropped%29.jpg;CC BY-SA 4.0;day
images/real/real_0077cb9d58.jpg;Y431OO799;type1a;260.2,521.0,102.4,68.3;263.7,521.0,362.6,525.5,358.9,589.3,260.2,581.2;1;0;https://commons.wikimedia.org/wiki/File%3A2026-06-27_Moscow_electric_vehicle_parade%2C_riding_64_Chevrolet_Bolt.jpg;CC0;day
images/real/real_fba3e7e667.jpg;P907EP799;type1;1287.5,599.9,141.1,34.9;1289.0,603.4,1428.4,599.9,1428.6,632.6,1287.5,634.8;1;0;https://commons.wikimedia.org/wiki/File%3AMoscow%2C_Toyota_RAV4%2C_Mitsubishi_ASX_2022-05-11.jpg;CC0;day
images/real/real_76c75cd2f9.jpg;Y748TX797;type1;174.1,814.0,317.2,153.5;185.7,814.0,491.3,885.5,478.2,967.5,174.1,898.5;1;0;https://commons.wikimedia.org/wiki/File%3AMoscow%2C_Avatr_11%2C_June_2025_02.jpg;CC0;day
images/real/real_a53badf456.jpg;YK95877;type1b;941.3,800.2,49.1,11.0;941.3,801.0,990.4,800.2,990.3,810.6,941.3,811.2;1;0;https://commons.wikimedia.org/wiki/File%3AMoscow_bus_162257_2025-03_Kavkazsky_Boulevard_LiAZ-6213_349.jpg;CC BY 4.0;day
images/real/real_ecc769f61b.jpg;K225TK797;type1;1351.9,651.4,75.5,18.7;1352.8,651.4,1427.4,651.9,1427.4,670.1,1351.9,669.9;1;0;https://commons.wikimedia.org/wiki/File%3AMoscow%2C_Mosvdokanal_Hyundai_Mighty_%282nd_gen%29_truck%2C_Sept_2025_02.jpg;CC0;day
images/real/real_667b26e7aa.jpg;P233HX797;type1;1031.7,887.9,61.7,52.7;1031.7,916.9,1089.3,887.9,1093.4,912.7,1036.4,940.6;1;0;https://commons.wikimedia.org/wiki/File%3ALada_Samara_Moscow_%D1%80233%D0%BD%D1%85797_20250223_172140.JPG;CC BY 4.0;angle,day
images/real/real_1fee28a94c.jpg;B071HP763;type1;64.8,810.8,68.4,19.9;64.8,814.9,132.7,810.8,133.2,826.7,64.8,830.7;1;0;https://commons.wikimedia.org/wiki/File%3ASamara_bus_Belkommunmash_E420_%D0%B5667%D1%83%D1%81763_2023-09_1693641518.tif;CC BY-SA 4.0;day,motion_blur
images/real/real_b913c6d3d5.jpg;T553BH777;type1;1519.6,452.0,78.1,20.3;1520.2,454.8,1597.5,452.0,1597.7,470.0,1519.6,472.3;1;0;https://commons.wikimedia.org/wiki/File%3A%D0%92%D1%8B%D0%B4%D0%B5%D0%BB%D0%B5%D0%BD%D0%BD%D0%B0%D1%8F_%D0%BF%D0%BE%D0%BB%D0%BE%D1%81%D0%B0_%D0%B4%D0%BB%D1%8F_%D0%BE%D0%B1%D1%89%D0%B5%D1%81%D1%82%D0%B2%D0%B5%D0%BD%D0%BD%D0%BE%D0%B3%D0%BE_%D1%82%D1%80%D0%B0%D0%BD%D1%81%D0%BF%D0%BE%D1%80%D1%82%D0%B0_%D0%B2_%D0%9C%D0%BE%D1%81%D0%BA%D0%B2%D0%B5.jpg;CC BY 4.0;day
images/real/real_338225d8f4.jpg;CA17218;type1b;377.5,715.3,104.2,24.9;377.9,715.3,481.7,716.8,481.3,740.2,377.5,738.2;1;0;https://commons.wikimedia.org/wiki/File%3ASarapul_buses_1.jpg;CC BY-SA 4.0;day
images/real/real_37236b379c.jpg;P622HY78;type1;230.9,776.1,63.0,17.2;231.4,776.9,293.9,776.1,293.6,793.3,230.9,792.9;1;0;https://commons.wikimedia.org/wiki/File%3AAuto_Datsun_Saint_Petersburg_Turbinnaya_Street_9%2C_Saint_Petersburg_%D0%A0622%D0%9D%D0%A378_2025-03_873.JPG;CC BY 4.0;day
images/real/real_dd91aee6de.jpg;A325HP13;type1a;248.3,553.7,50.7,27.9;248.4,554.2,298.3,553.7,299.0,581.0,248.3,581.6;1;0;https://commons.wikimedia.org/wiki/File%3AMoscow_car_show_2025-08-03_GAZ-13-Chayka_1959_08.jpg;CC0;day,motion_blur
images/real/real_67665519bc.jpg;Y923XM790;type1;1248.0,763.3,72.9,21.6;1248.2,768.6,1320.7,763.3,1320.9,780.3,1248.0,784.9;1;0;https://commons.wikimedia.org/wiki/File%3AMoscow%2C_Mokhovaya_Street_July_2024_03.jpg;CC0;day
images/real/real_c80fed2c15.jpg;Y446YO77;type1;1256.6,637.4,73.4,44.9;1256.6,651.5,1326.5,637.4,1330.0,667.1,1259.8,682.3;1;0;https://commons.wikimedia.org/wiki/File%3AMoscow_car_meet_2025-07-12_Volga-24_row_05.jpg;CC0;day
images/real/real_49652463be.jpg;4926KM5;other;1089.9,710.8,199.0,79.9;1089.9,744.0,1281.3,710.8,1288.9,758.3,1094.8,790.7;1;0;https://commons.wikimedia.org/wiki/File%3AChery_car_in_Minsk%2C_Belarus_-_1.jpg;CC BY-SA 3.0;day
images/real/real_909731329c.jpg;O121EK797;type1;98.3,1339.8,79.9,21.7;98.9,1341.4,178.2,1339.8,178.2,1360.5,98.3,1361.5;1;0;https://commons.wikimedia.org/wiki/File%3AMoscow%2C_Bakhrushina_10_July_2022_01.jpg;CC0;day
images/real/real_31b1b03319.jpg;C115XM199;type1;1239.7,718.4,55.1,31.9;1239.7,729.9,1292.4,718.4,1294.8,739.3,1242.2,750.3;1;0;https://commons.wikimedia.org/wiki/File%3AAuto_Izh_2126_Moscow_Kavkazsky_Boulevard_%D0%9C022%D0%95%D0%9E97_2025-03_08049.jpg;CC BY 4.0;day
images/real/real_421a2b26ff.jpg;E351PX777;type1;837.5,857.5,114.5,25.4;837.8,858.7,951.9,857.5,952.0,881.9,837.5,882.9;1;0;https://commons.wikimedia.org/wiki/File%3AMoscow%2C_Taganka%2C_buses_April_2025_06.jpg;CC0;day
images/real/real_759a16dbde.jpg;Y793BH797;type1;618.2,736.8,63.4,17.1;619.4,736.8,681.6,739.2,680.6,753.9,618.2,751.3;1;0;https://commons.wikimedia.org/wiki/File%3A%D0%9B%D0%90%D0%97-699%D0%A0_%D1%83793%D0%B2%D0%BD797_2021-05.jpg;CC0;day
images/real/real_4adc0877b7.jpg;K240PY750;type1;1072.4,604.9,52.2,13.0;1072.8,606.3,1124.5,604.9,1124.6,616.4,1072.4,617.9;1;0;https://commons.wikimedia.org/wiki/File%3AMostransavto_Domodedovo_bus_%D0%9A240%D0%A0%D0%A3_750.jpg;CC0;day
images/real/real_716ad5193f.jpg;B693XA799;type1;102.0,1493.8,54.1,15.5;102.9,1493.8,156.1,1495.3,155.5,1509.3,102.0,1507.5;1;0;https://commons.wikimedia.org/wiki/File%3AMoscow%2C_3rd_Derbenyovsky_Lane%2C_Opus_building_construction%2C_July_2025_02.jpg;CC0;day
images/real/real_a3c609550c.jpg;E393AA94;type1;234.6,592.8,113.5,59.5;239.8,592.8,348.1,613.9,342.9,652.3,234.6,630.4;1;0;https://commons.wikimedia.org/wiki/File%3A%D0%91%D0%B0%D0%B9%D0%BA%D0%BE%D0%BD%D1%83%D1%80%2C_Chevrolet_Niva_%D0%B2%D0%BE_%D0%B4%D0%B2%D0%BE%D1%80%D0%B5_%D0%93%D0%BE%D1%80%D1%8C%D0%BA%D0%BE%D0%B3%D0%BE_16%D0%B0.jpg;CC BY-SA 4.0;day
images/real/real_549914297b.jpg;C963CT750;type1;1359.5,279.2,76.9,21.4;1360.9,279.2,1436.4,280.8,1435.5,300.6,1359.5,298.4;1;0;https://commons.wikimedia.org/wiki/File%3AMoscow%2C_Chevrolet_Spark_LT_white_with_KG_plates%2C_Aug_2026_01.jpg;CC0;day
images/real/real_15cfcab35d.jpg;O341EK797;type1;387.5,814.6,110.8,36.0;390.3,814.6,498.3,819.1,496.7,850.6,387.5,843.9;1;0;https://commons.wikimedia.org/wiki/File%3AMoscow%2C_Danilovsky_Val_13a_June_2024_09_%28DXO%29.jpg;CC0;day
images/real/real_a5a5a04aef.jpg;K747TM797;type1;723.7,544.8,78.9,53.1;729.9,544.8,802.6,575.5,797.3,597.9,723.7,564.0;1;0;https://commons.wikimedia.org/wiki/File%3AMoscow%2C_Belkacar_carsharing_graveyard%2C_Apr_2026_04.jpg;CC0;angle,day
images/real/real_a25973a58c.jpg;T458CT750;type1;1476.0,277.3,101.4,25.2;1476.6,277.3,1577.4,277.7,1576.6,302.5,1476.0,301.4;1;0;https://commons.wikimedia.org/wiki/File%3AMoscow%2C_Porsche_GT4_green%2C_Mar_2026_01.jpg;CC0;day
images/real/real_6c67c194b5.jpg;#580OO199;type1;0.0,375.5,98.3,35.9;0.0,384.1,96.6,375.5,98.3,402.6,0.0,411.4;1;0;https://commons.wikimedia.org/wiki/File%3AMoscow%2C_Belkacar_Haval_Dargo%2C_May_2025_01.jpg;CC0;day
images/real/real_97b176aadc.jpg;P567AB797;type1;1346.6,844.9,105.2,87.6;1346.6,897.6,1444.3,844.9,1451.8,880.3,1356.3,932.5;1;0;https://commons.wikimedia.org/wiki/File%3ANissan_Qashqai_%D0%BA%D0%B0%D1%80%D1%88%D0%B5%D1%80%D0%B8%D0%BD%D0%B3%D0%B0_%D0%A1%D0%B8%D1%82%D0%B8%D0%B4%D1%80%D0%B0%D0%B9%D0%B2_%D0%B2_%D0%9C%D0%BE%D1%81%D0%BA%D0%B2%D0%B5_%2801%29.jpg;CC BY-SA 4.0;angle,day
images/real/real_2bc7a67bf5.jpg;T438TO71;type1a;81.4,303.6,59.9,40.6;82.2,303.6,141.3,304.3,139.1,344.2,81.4,342.0;1;0;https://commons.wikimedia.org/wiki/File%3AMoscow_car_meet_2025-07-12_Jaguar_row_03.jpg;CC0;day
images/real/real_b13daccbeb.jpg;Y358YB178;type1;869.7,778.0,74.7,22.3;869.7,783.8,943.3,778.0,944.4,794.9,870.1,800.3;1;0;https://commons.wikimedia.org/wiki/File%3AAvtobus13.jpg;CC BY-SA 4.0;day,motion_blur
images/real/real_c2ee3b787c.jpg;M023OO77;type1;1290.1,454.9,68.2,17.9;1290.4,456.9,1357.9,454.9,1358.3,471.2,1290.1,472.8;1;0;https://commons.wikimedia.org/wiki/File%3AMoscow%2C_Yandex_self-driving_Hyundai_Sonata%2C_Robotaxi_livery%2C_Mar_2026_02.jpg;CC0;day
images/real/real_dd7173d045.jpg;Y404CY797;type1;296.6,865.9,81.8,20.9;296.7,869.1,378.1,865.9,378.4,883.4,296.6,886.8;1;0;https://commons.wikimedia.org/wiki/File%3AMoscow%2C_1st_Derbenyovsky_Lane%2C_Opus_building_construction%2C_July_2025_03.jpg;CC0;day
images/real/real_abd36a9d0b.jpg;C609MC797;type1a;1153.8,611.5,124.1,119.2;1153.8,637.4,1272.6,611.5,1277.9,701.5,1159.4,730.7;1;0;https://commons.wikimedia.org/wiki/File%3AMoscow%2C_Burdenko_Street%2C_Suzuki_Spacia_Hybrid_Oct_2024_03.jpg;CC0;angle,day
images/real/real_0cd77ad127.jpg;BC56699;type1b;417.9,1143.6,124.8,32.0;418.9,1148.0,542.2,1143.6,542.7,1172.4,417.9,1175.6;1;0;https://commons.wikimedia.org/wiki/File%3AMoscow%2C_red_tour_bus_on_Kamenny_bridge_July_2024_01.jpg;CC0;day
images/real/real_d4348571d9.jpg;C588HB154;type1;829.2,631.9,69.7,21.9;831.0,631.9,898.9,637.6,897.3,653.8,829.2,647.7;1;0;https://commons.wikimedia.org/wiki/File%3A%D0%9A%D1%80%D0%B0%D1%81%D0%BD%D1%8B%D0%B9_%D0%BF%D1%80%D0%BE%D1%81%D0%BF%D0%B5%D0%BA%D1%82%2C_%D0%9D%D0%BE%D0%B2%D0%BE%D1%81%D0%B8%D0%B1%D0%B8%D1%80%D1%81%D0%BA_20.jpg;CC BY-SA 4.0;day
images/real/real_f6b0c00d50.jpg;A385HA977;type1;75.9,700.6,71.1,27.2;78.0,700.6,147.0,704.4,145.9,727.8,75.9,722.8;1;0;https://commons.wikimedia.org/wiki/File%3AMoscow%2C_big_and_small_cars_%28Jaecoo_J8%2C_Smart_Fortwo%29_Nov_2025_06.jpg;CC0;day
images/real/real_64644976ce.jpg;XO31677;type1b;757.6,749.0,41.8,9.6;757.8,749.0,799.4,749.4,799.3,758.6,757.6,758.1;1;0;https://commons.wikimedia.org/wiki/File%3AMoscow%2C_Kievsky_Terminal_square%2C_bus_station%2C_June_2025_13.jpg;CC0;day
images/real/real_a7f2a06080.jpg;H565ET797;type1;1402.2,163.0,41.5,23.7;1402.2,173.3,1442.5,163.0,1443.7,178.0,1403.6,186.7;1;0;https://commons.wikimedia.org/wiki/File%3A%D0%AD%D0%BB%D0%B5%D0%BA%D1%82%D1%80%D0%BE%D0%B2%D0%B5%D0%BB%D0%BE%D1%81%D0%B8%D0%BF%D0%B5%D0%B4_%D0%AF%D0%BD%D0%B4%D0%B5%D0%BA%D1%81%D0%B0_%D0%B4%D0%BB%D1%8F_%D0%BA%D1%83%D1%80%D1%8C%D0%B5%D1%80%D0%BE%D0%B2_%D0%BD%D0%B0_%D0%9F%D1%8F%D1%82%D0%BD%D0%B8%D1%86%D0%BA%D0%BE%D0%B9.jpg;CC BY-SA 4.0;angle,day
images/real/real_1b90c6911d.jpg;K992BX977;type1;1080.8,827.1,60.5,15.6;1081.1,828.1,1140.8,827.1,1141.3,841.4,1080.8,842.7;1;0;https://commons.wikimedia.org/wiki/File%3AMoscow_bus_431410_2025-01_1737298451_Cherepovetskaya_Street_KamAZ-6282.JPG;CC BY 4.0;day
images/real/real_c2b6fd50cd.jpg;O121EK797;type1;195.6,1231.8,71.4,16.6;196.0,1233.2,267.0,1231.8,267.0,1248.1,195.6,1248.4;1;0;https://commons.wikimedia.org/wiki/File%3AMoscow%2C_Bakhrushina_10_July_2022_02.jpg;CC0;day
images/real/real_eedbe11452.jpg;4528HT5;other;588.5,868.6,142.0,53.8;588.5,890.7,729.0,868.6,730.5,901.1,591.1,922.4;1;0;https://commons.wikimedia.org/wiki/File%3A2025.05.21_Vintage_automobiles_in_Sluck%2C_Minsk_Region%2C_Belarus_05.jpg;CC BY-SA 4.0;day
images/real/real_eb0c463f14.jpg;T850YB797;type1;244.8,691.2,269.1,87.6;252.3,691.2,513.9,720.0,508.1,778.8,244.8,750.3;1;0;https://commons.wikimedia.org/wiki/File%3AMoscow%2C_Kia_K5_with_landau_bars%2C_Mar_2026_01.jpg;CC0;day,glare
images/real/real_10d4262cee.jpg;M637OH48;type1;1368.6,867.6,66.0,21.7;1368.6,871.8,1433.6,867.6,1434.6,884.6,1368.9,889.3;1;0;https://commons.wikimedia.org/wiki/File%3ALipetsk%2C_Lipetsk_Oblast%2C_Russia_-_panoramio_%2825%29.jpg;CC BY 3.0;day
images/real/real_0b799845c8.jpg;O333PC59;type1;1149.2,753.4,60.3,62.4;1149.2,786.9,1204.5,753.4,1209.5,785.1,1158.0,815.8;1;0;https://commons.wikimedia.org/wiki/File%3AMoscow%2C_Ford_Focus_RS_acid-green%2C_June_2026_01.jpg;CC0;angle,day,glare
images/real/real_82a5a0c78f.jpg;H053OA15;type1;54.3,622.1,82.2,25.2;54.3,628.1,135.4,622.1,136.5,641.2,54.5,647.3;1;0;https://commons.wikimedia.org/wiki/File%3AMoscow%2C_Taganka%2C_trucks_and_tractors_April_2025_04.jpg;CC0;day
images/real/real_fb18f13496.jpg;B252MB797;type1;1470.7,774.0,63.0,14.3;1471.4,774.3,1533.7,774.0,1533.5,788.1,1470.7,788.3;1;0;https://commons.wikimedia.org/wiki/File%3AMoscow%2C_JAC_K7_tractor-trailer%2C_May_2026_02.jpg;CC0;day
images/real/real_664d7d7e43.jpg;E799PO125;type1;1269.5,779.4,50.8,13.6;1270.3,779.4,1320.3,780.4,1319.6,793.0,1269.5,791.5;1;0;https://commons.wikimedia.org/wiki/File%3AVladivostok_Pushkinskaya_Street_37_2024-09_1725381336.tif;CC BY 4.0;day,motion_blur
images/real/real_b709969b72.jpg;P468EK977;type1;36.0,533.7,51.3,23.0;37.5,533.7,87.3,538.5,86.0,556.7,36.0,551.7;1;0;https://commons.wikimedia.org/wiki/File%3AMoscow%2C_respawn_point_overload%2C_May_2026_19.jpg;CC0;day
images/real/real_ceed640724.jpg;PA15377;type1b;1243.6,908.5,152.1,93.3;1243.6,958.8,1387.1,908.5,1395.7,952.2,1252.5,1001.8;1;0;https://commons.wikimedia.org/wiki/File%3AFord_Transit_%D0%9C%D0%93%D0%A2_%D1%81%D0%BE%D1%86%D0%B8%D0%B0%D0%BB%D1%8C%D0%BD%D0%BE%D0%B5_%D1%82%D0%B0%D0%BA%D1%81%D0%B8_%D0%9E%D1%81%D1%82%D1%80%D0%BE%D0%B2_%D0%9C%D0%B5%D1%87%D1%82%D1%8B_05.jpg;CC BY-SA 4.0;angle,day
images/real/real_29ac01ac12.jpg;E820KA797;type1;1527.9,483.7,54.6,13.1;1528.5,484.1,1582.5,483.7,1582.5,496.6,1527.9,496.8;1;0;https://commons.wikimedia.org/wiki/File%3A2026-05-16_Moscow_motorcycle_parade%2C_arrival_08.jpg;CC0;day
images/real/real_ed20fe0309.jpg;K683OX177;type1;1087.6,96.3,45.6,12.8;1088.0,96.5,1133.2,96.3,1133.1,109.0,1087.6,109.1;1;0;https://commons.wikimedia.org/wiki/File%3AMoscow%2C_Zongshen_Cyclone_motorcycle%2C_May_2026_02.jpg;CC0;day,glare,motion_blur
images/real/real_7ace2a4403.jpg;M552TA97;type1;1402.4,680.7,58.3,13.7;1402.9,680.7,1460.7,680.8,1460.4,694.4,1402.4,693.7;1;0;https://commons.wikimedia.org/wiki/File%3AAuto_KrAZ-6444_Silino_District_Mosgortrans_Alabushevo_vehicle_collection_%D0%92538%D0%90%D0%A2977_2024-10_1728739988.jpg;CC BY 4.0;day
images/real/real_e91c88a763.jpg;Y215ME50;type1;1255.0,988.6,84.0,19.9;1255.4,990.3,1338.4,988.6,1339.0,1007.1,1255.0,1008.5;1;0;https://commons.wikimedia.org/wiki/File%3AMoscow_bus_431624_2025-01_1737297567_Cherepovetskaya_Street_KamAZ-6282.JPG;CC BY 4.0;day
images/real/real_231db4375e.jpg;M737OT799;type1;236.4,577.6,81.8,20.1;237.9,577.6,318.2,579.6,317.4,597.7,236.4,595.0;1;0;https://commons.wikimedia.org/wiki/File%3AMoscow%2C_Taganka%2C_buses_April_2025_03.jpg;CC0;day
images/real/real_4d0e4eb775.jpg;E593YX799;type1;22.9,459.5,92.2,44.2;22.9,470.2,112.9,459.5,115.1,491.6,24.8,503.7;1;0;https://commons.wikimedia.org/wiki/File%3AMoscow%2C_Geely_Monjaro%2C_June_2025_12.jpg;CC0;day
images/real/real_b7e10cf5d9.jpg;C228AO797;type1;1115.0,189.2,50.9,12.6;1115.5,189.2,1165.9,189.4,1165.9,201.8,1115.0,201.7;1;0;https://commons.wikimedia.org/wiki/File%3AMoscow%2C_Triumph_motorcycle_04%28DXO%29.jpg;CC0;day
images/real/real_b1e3c6d67a.jpg;AP14521;type1b;635.3,670.2,64.3,15.0;635.3,671.7,698.9,670.2,699.6,683.2,635.5,685.2;1;0;https://commons.wikimedia.org/wiki/File%3AVolgabus-5270.GH_%D0%BD%D0%B0_%D0%BF%D1%80%D0%BE%D1%81%D0%BF%D0%B5%D0%BA%D1%82%D0%B5_%D0%9B%D0%B5%D0%BD%D0%B8%D0%BD%D0%B0_%D0%B2_%D0%A7%D0%B5%D0%B1%D0%BE%D0%BA%D1%81%D0%B0%D1%80%D0%B0%D1%85.jpg;CC BY-SA 4.0;day
images/real/real_338225d8f4.jpg;H147OO18;type1a;1513.6,685.5,85.4,21.8;1513.9,686.5,1599.0,685.5,1599.0,706.2,1513.6,707.3;0;0;https://commons.wikimedia.org/wiki/File%3ASarapul_buses_1.jpg;CC BY-SA 4.0;day
images/real/real_f0f97d305a.jpg;E790OC124;type1;1280.3,631.7,40.8,11.4;1280.3,633.2,1321.0,631.7,1321.1,641.8,1280.3,643.1;1;0;https://commons.wikimedia.org/wiki/File%3A%D0%9B%D0%B8%D0%90%D0%97-5292.65.jpg;CC BY-SA 4.0;day
images/real/real_b9de87c6d9.jpg;M264AX31;type1;1143.9,574.1,46.6,12.6;1144.1,574.7,1190.3,574.1,1190.5,585.9,1143.9,586.7;1;0;https://commons.wikimedia.org/wiki/File%3ABelgorod_bus_03.JPG;CC BY-SA 3.0;day
images/real/real_049561b48b.jpg;H848XY777;type1;24.6,712.0,43.3,10.5;24.9,712.6,67.9,712.0,67.9,722.0,24.6,722.5;1;0;https://commons.wikimedia.org/wiki/File%3AMoscow_Retro_Tram_Parade_2019%2C_Shabolovka_Street_-_5382.jpg;CC BY-SA 3.0;day
images/real/real_28143123c6.jpg;P114TP198;type1;714.7,812.3,65.7,16.3;714.9,814.9,779.9,812.3,780.4,826.0,714.7,828.6;1;0;https://commons.wikimedia.org/wiki/File%3ASaint_Petersburg_bus_6954_2025-03_Moscow_Square_Volgabus-5270_148.JPG;CC BY 4.0;day
images/real/real_4e608f702a.jpg;C470XC799;type1;294.2,771.2,270.2,104.6;302.4,771.2,564.4,809.4,554.6,875.8,294.2,836.1;1;0;https://commons.wikimedia.org/wiki/File%3AMoscow%2C_1st_Neopalimovsky_Lane%2C_Dongfeng_Fengon_ix7_SUV%2C_June_2025_02.jpg;CC0;day
images/real/real_fcc99d7c3e.jpg;HT53977;type1b;280.6,722.6,51.3,11.1;280.7,722.6,331.8,722.6,331.9,733.7,280.6,733.6;1;0;https://commons.wikimedia.org/wiki/File%3AAuto_KamAZ-43253_Moscow_Przhevalskogo_street_2024-12_009.tif;CC BY 4.0;day
images/real/real_124c7db2eb.jpg;O288BT197;type1;274.3,349.2,66.8,17.9;274.4,352.0,340.3,349.3,340.9,364.0,274.5,366.8;1;0;https://commons.wikimedia.org/wiki/File%3AMoscow%2C_2nd_Nagatinsky_Proezd%2C_garage_workshops%2C_June_2025_02.jpg;CC0;day
images/real/real_c5d5d190d8.jpg;T860AH977;type1;111.4,752.8,47.7,15.8;111.4,756.4,159.1,752.8,159.1,765.7,111.9,768.6;1;0;https://commons.wikimedia.org/wiki/File%3AMoscow%2C_Shlyuzovaya_Embankment%2C_red_bus%2C_May_2025_01.jpg;CC0;day,glare
images/real/real_809d1d38d7.jpg;X230HP199;type1;74.6,499.7,59.6,38.8;77.9,499.7,134.2,510.6,131.1,538.5,74.6,526.1;1;0;https://commons.wikimedia.org/wiki/File%3AMoscow_car_meet_2025-07-12_Mercedes_row_03.jpg;CC0;day
images/real/real_2d8156a6ba.jpg;4528HT5;other;185.3,776.5,128.5,48.5;188.6,776.5,313.8,793.6,310.9,825.0,185.3,808.3;1;0;https://commons.wikimedia.org/wiki/File%3A2025.05.21_Vintage_automobiles_in_Sluck%2C_Minsk_Region%2C_Belarus_03.jpg;CC BY-SA 4.0;day
images/real/real_fef3cc8f39.jpg;E070CK197;type1;1306.9,872.9,63.6,16.3;1307.3,874.4,1370.5,872.9,1370.5,887.6,1306.9,889.2;1;0;https://commons.wikimedia.org/wiki/File%3AMoscow_perspective_%2814573779890%29.jpg;CC BY 2.0;day
images/real/real_ae98c8b994.jpg;O447CH799;type1;1481.6,268.9,51.3,14.5;1481.7,270.9,1532.6,268.9,1532.9,281.6,1481.6,283.4;1;0;https://commons.wikimedia.org/wiki/File%3AMoscow._Police_car%2C_Okhotny_Ryad-Mokhovaya.jpg;CC BY 4.0;day
images/real/real_ae43adf118.jpg;K108EO763;type1;1530.5,144.6,49.1,12.1;1530.6,145.6,1579.6,144.6,1579.6,155.9,1530.5,156.7;1;0;https://commons.wikimedia.org/wiki/File%3AMoscow_-_Red_Audi_on_Rechnikov_Street.jpg;CC BY 4.0;day,motion_blur
images/real/real_fef3cc8f39.jpg;E682BH777;type1;843.5,910.4,58.2,13.5;843.7,911.5,901.2,910.4,901.7,922.6,843.5,923.9;1;0;https://commons.wikimedia.org/wiki/File%3AMoscow_perspective_%2814573779890%29.jpg;CC BY 2.0;day
images/real/real_dade50e9a9.jpg;T698XT174;type1;118.1,1045.2,48.1,19.1;118.1,1052.3,165.1,1045.2,166.2,1057.4,118.7,1064.3;1;0;https://commons.wikimedia.org/wiki/File%3A%D0%A3%D0%BB%D0%B8%D1%86%D0%B0_%D0%A1%D1%82%D1%83%D0%B4%D0%B5%D0%BD%D1%87%D0%B5%D1%81%D0%BA%D0%B0%D1%8F%2C_3_%D0%B2_%D0%9E%D0%B7%D1%91%D1%80%D1%81%D0%BA%D0%B5_2023-03-17.jpg;CC BY-SA 2.0;day
images/real/real_2af6615cb3.jpg;E932EP7;other;668.0,972.9,226.0,103.6;668.0,1021.1,886.2,972.9,894.0,1027.6,675.6,1076.5;1;0;https://commons.wikimedia.org/wiki/File%3A2026.07.05_Lilac_Dongfeng_Automobile_in_Minsk_Belarus_02.jpg;CC0;day
images/real/real_c44714b532.jpg;B160AC96;type1b;1172.9,735.2,60.8,15.0;1173.2,735.2,1233.2,735.4,1233.7,750.2,1172.9,750.2;1;0;https://commons.wikimedia.org/wiki/File%3AIkarus-283_Saint-Petersburg_museum_2021-05.jpg;CC0;day
images/real/real_5781db625d.jpg;Y680XM98;type1;1530.6,366.9,46.8,13.0;1530.8,367.7,1577.4,366.9,1577.4,379.4,1530.6,379.9;1;0;https://commons.wikimedia.org/wiki/File%3A1968_Ford_LTD_in_Blokhina_Street%2C_SPb_%282021-06-24%29_04.jpg;CC BY-SA 4.0;day
images/real/real_5317870e2e.jpg;YY98377;type1b;927.7,600.4,120.2,31.8;928.2,605.5,1047.2,600.4,1047.9,628.7,927.7,632.2;1;0;https://commons.wikimedia.org/wiki/File%3AYandex_taxi_car_moscow.jpg;CC BY 2.0;day
images/real/real_b577eb64b9.jpg;A901AP37;type1;1140.2,656.9,43.8,11.5;1140.2,658.3,1183.7,656.9,1184.0,667.2,1140.2,668.4;1;0;https://commons.wikimedia.org/wiki/File%3ASovetskiy_rayon%2C_Ivanovo%2C_Ivanovskaya_oblast%27%2C_Russia_-_panoramio_%2818%29.jpg;CC BY 3.0;day
images/real/real_4dc6a467a9.jpg;Y125PO790;type1;1025.4,866.5,62.8,15.2;1025.8,867.1,1088.0,866.5,1088.2,880.4,1025.4,881.7;1;0;https://commons.wikimedia.org/wiki/File%3AMoscow_bus_%D0%A3125%D0%A0%D0%9E790_2025-01_1737301707_Altufyevskoye_Highway_PAZ_Vector_Next.tif;CC BY 4.0;day,motion_blur
images/real/real_360f73ec7d.jpg;E297MA177;type1;371.5,830.8,59.0,23.6;373.1,830.8,430.5,833.8,429.5,854.4,371.5,850.7;1;0;https://commons.wikimedia.org/wiki/File%3AAuto_MAZ-5337_Silino_District_Mosgortrans_Alabushevo_vehicle_collection_%D0%95297%D0%9C%D0%90177_2024-10_1728739909.jpg;CC BY 4.0;day
images/real/real_2955e1be7a.jpg;P743XP47;type1;1441.1,806.4,73.1,17.6;1442.2,806.4,1514.2,808.0,1513.5,824.0,1441.1,821.7;1;0;https://commons.wikimedia.org/wiki/File%3AMAZ-5336.jpg;CC BY-SA 3.0;day,motion_blur
images/real/real_91381589fa.jpg;A997YX799;type1;946.8,769.1,38.8,9.4;946.9,769.9,985.2,769.1,985.6,777.4,946.8,778.5;1;0;https://commons.wikimedia.org/wiki/File%3AMoscow_bus_430469_2025-01_1737301600_Altufyevskoye_Highway_KamAZ-6282.tif;CC BY 4.0;day
images/real/real_5acf6d621f.jpg;E357AA977;type1;1429.2,685.8,36.8,9.5;1429.4,686.6,1465.8,685.8,1466.0,694.5,1429.2,695.3;1;0;https://commons.wikimedia.org/wiki/File%3AMoscow%2C_JAC_K7_tractor-trailer%2C_May_2026_01.jpg;CC0;day
images/real/real_a5ea632b48.jpg;1756XH7;other;627.0,852.5,403.0,105.7;627.0,874.3,1028.4,852.5,1030.0,937.7,628.8,958.2;1;0;https://commons.wikimedia.org/wiki/File%3A2026.03.16_IZH_2125_Kombi_%D0%98%D0%96_2125_%D0%9A%D0%BE%D0%BC%D0%B1%D0%B8_%D0%90%D0%B2%D1%82%D0%BE%D1%81%D1%82%D0%BE%D1%8F%D0%BD%D0%BA%D0%B0_%D0%9A%D0%BE%D1%80%D0%BE%D0%BD%D0%B0_%D0%A3%D1%80%D1%83%D1%87%D1%8C%D0%B5_%D0%9C%D0%B0%D1%82%D0%B5%D1%80%D0%B8%D0%BA_1756.jpg;CC BY-SA 4.0;day
images/real/real_754aa72664.jpg;142D08277;other;312.2,784.7,130.4,33.0;313.9,784.7,442.6,788.8,441.2,817.7,312.2,813.4;1;0;https://commons.wikimedia.org/wiki/File%3AMoscow%2C_Toyota_HiAce_%28H200%29_Sept_2025_01.jpg;CC0;day
images/real/real_0fc80bb2e6.jpg;EA67177;type1b;1166.5,655.7,36.6,9.0;1166.5,656.4,1202.8,655.7,1203.1,663.6,1166.6,664.7;1;0;https://commons.wikimedia.org/wiki/File%3AMoscow_bus_080201_2024-10_1728740135_Mosgortrans_Alabushevo_vehicle_collection_LiAZ-6213.jpg;CC BY 4.0;day
images/real/real_276e086d77.jpg;T426KO190;type1;1467.5,512.7,42.7,15.3;1468.4,512.7,1510.2,514.1,1510.0,528.0,1467.5,526.3;1;0;https://commons.wikimedia.org/wiki/File%3A%D0%90%D0%B2%D1%82%D0%BE%D0%B1%D1%83%D1%81_14._%D0%9A%D0%90_144_50.jpg;CC BY-SA 3.0;day,glare,motion_blur
images/real/real_ebc00de946.jpg;7272BO77;other;532.7,402.6,56.4,70.2;532.7,420.4,583.9,402.6,589.1,457.1,538.1,472.8;1;0;https://commons.wikimedia.org/wiki/File%3AMoscow%2C_Mira_Prospect%2C_bikes_May_2025_01.jpg;CC0;angle,day
images/real/real_3596273110.jpg;B813TX799;type1;271.8,673.1,55.9,12.6;271.8,674.1,327.2,673.1,327.7,684.6,271.8,685.7;1;0;https://commons.wikimedia.org/wiki/File%3AAuto_Moskvich_403_Moscow_Novaya_Basmannaya_Street_%D0%A1403%D0%9E%D0%9E977_2026-05_1779392763.JPG;CC BY 4.0;day,motion_blur
images/real/real_cff922fd07.jpg;M228XO24;type1;1445.3,460.6,53.1,22.2;1445.3,466.5,1497.4,460.6,1498.4,476.7,1446.1,482.8;1;0;https://commons.wikimedia.org/wiki/File%3A%D0%A3%D0%90%D0%97-3151_%D0%A5%D0%B0%D0%B1%D0%B0%D1%80%D0%BE%D0%B2%D1%81%D0%BA_%D1%842.JPG;CC BY-SA 4.0;day
images/real/real_b475bea51b.jpg;H221BM799;type1;234.7,573.4,74.0,17.8;235.0,574.8,308.5,573.4,308.7,590.1,234.7,591.2;1;0;https://commons.wikimedia.org/wiki/File%3AMoscow%2C_BMW%2C_Nissan_Note%2C_Mazda6_2022-06-04.jpg;CC0;day
images/real/real_4f4a6888b8.jpg;P732OO790;type1;545.5,678.0,66.4,16.1;546.9,678.0,611.9,679.6,611.5,694.1,545.5,692.2;1;0;https://commons.wikimedia.org/wiki/File%3A%D0%9B%D0%B8%D0%90%D0%97-4292_%D1%81_%D0%BF%D0%B5%D1%82%D0%B5%D1%80%D0%B1%D1%83%D1%80%D0%B3%D1%81%D0%BA%D0%B8%D0%BC_%D0%AD%D0%9C%D0%A3_%D0%B2_%D0%A1%D0%B5%D1%80%D0%BF%D1%83%D1%85%D0%BE%D0%B2%D0%B5.jpg;CC BY-SA 4.0;day
images/real/real_e6b6308b2c.jpg;E014BE99;type1;51.9,459.4,90.5,21.8;52.4,460.1,142.4,459.4,142.3,480.6,51.9,481.2;1;0;https://commons.wikimedia.org/wiki/File%3AMoscow_car_meet_2025-07-12_Ford_F-100_05.jpg;CC0;day
images/real/real_7a43680581.jpg;Y526XK98;type1;1277.9,900.1,61.3,16.6;1277.9,903.2,1338.9,900.1,1339.2,914.2,1277.9,916.7;1;0;https://commons.wikimedia.org/wiki/File%3A%D0%93%D0%B0%D0%B2%D0%B0%D0%BD%D1%81%D0%BA%D0%B0%D1%8F%2C_47%2C_%D1%81%D0%BB%D1%83%D0%B6%D0%B1%D0%B0_01.jpg;CC BY-SA 4.0;day
images/real/real_bb79839fe4.jpg;OY73477;type1b;1287.7,731.1,36.5,10.6;1287.7,733.3,1324.2,731.1,1324.2,740.1,1287.8,741.7;0;0;https://commons.wikimedia.org/wiki/File%3AMoscow_bus_090754_2024-02_1707477628_Marshala_Shestopalova_Street_MAN_Lion%27s_Coach_%28R07%29.jpg;CC BY 4.0;day
images/real/real_9933fadca3.jpg;E589YO797;type1;375.4,382.0,37.6,36.4;379.6,382.0,413.0,395.2,409.6,418.4,375.4,404.1;1;0;https://commons.wikimedia.org/wiki/File%3AA%C5%ADtoj_de_Yandex_Drive_en_Tjumeno_03.jpg;CC BY 4.0;angle,day
images/real/real_cc368382a5.jpg;X899EM99;type1;240.9,766.0,59.3,12.6;241.0,767.1,300.2,766.0,300.1,778.3,240.9,778.6;1;0;https://commons.wikimedia.org/wiki/File%3AMoscow_bus_190508_2025-01_1737299055_Altufyevskoye_Highway_LiAZ-5292.JPG;CC BY 4.0;day
images/real/real_e669fedc85.jpg;P111OO18;type1;1255.5,579.4,43.4,13.2;1255.5,582.2,1298.5,579.4,1298.9,590.5,1255.7,592.6;1;0;https://commons.wikimedia.org/wiki/File%3A%D0%98%D0%B6%D0%B5%D0%B2%D1%81%D0%BA%D0%B8%D0%B9_%D0%B0%D0%B2%D1%82%D0%BE%D0%B1%D1%83%D1%81_2025.jpg;CC0;day,glare,motion_blur
images/real/real_4ead90c34a.jpg;C317KE977;type1;669.5,935.9,39.9,20.2;669.5,941.1,708.5,935.9,709.4,951.2,670.0,956.1;1;0;https://commons.wikimedia.org/wiki/File%3AAuto_UAZ-452_Moscow_Proletarsky_Prospect_18_k3%2C_Moscow_%D0%A1317%D0%9A%D0%95977_2025-03_411.JPG;CC BY 4.0;day
images/real/real_225e0e5af4.jpg;P565PM797;type1;1309.4,508.7,57.0,16.2;1309.4,512.3,1365.6,508.7,1366.4,521.9,1309.6,524.9;1;0;https://commons.wikimedia.org/wiki/File%3ABus_160352_on_route_%D0%B585_on_Kashirskoye_Shosse%2C_Moscow_%2808.05.2025%29.jpg;CC BY-SA 4.0;day
images/real/real_5251313066.jpg;PK82577;type1b;1055.9,684.3,27.8,6.7;1056.1,684.6,1083.7,684.3,1083.6,690.7,1055.9,691.0;1;0;https://commons.wikimedia.org/wiki/File%3AMoscow_Yerevanskaya_street_bus_terminus_2025-03_129.jpg;CC BY 4.0;day,motion_blur
images/real/real_957f0a9abd.jpg;K964HC777;type1;334.3,824.6,45.0,11.7;334.4,826.1,379.2,824.6,379.3,834.8,334.3,836.3;1;0;https://commons.wikimedia.org/wiki/File%3AMoscow_Retro_Tram_Parade_2019%2C_Shabolovka_Street_-_5397.jpg;CC BY-SA 3.0;day
images/real/real_030a0a6d52.jpg;T850CA797;type1;1234.8,337.2,61.4,14.2;1235.5,337.2,1296.2,337.7,1296.0,351.4,1234.8,350.7;1;0;https://commons.wikimedia.org/wiki/File%3A2026-05-16_Moscow_motorcycle_parade%2C_group_45.jpg;CC0;day
images/real/real_9c14bcc326.jpg;C626OX62;type1;198.6,720.5,42.2,10.5;199.2,721.9,240.8,720.5,240.7,730.0,198.6,731.0;1;0;https://commons.wikimedia.org/wiki/File%3ARyazan_trolleybus_2128_2024-05_1715433857_Lenin_Street_VMZ-5298.01-50.tif;CC BY 4.0;day
images/real/real_3e30c94023.jpg;C363OP797;type1;662.1,154.4,67.1,27.4;662.1,158.4,728.4,154.4,729.2,177.9,662.3,181.8;1;0;https://commons.wikimedia.org/wiki/File%3AMoscow_car_show_2026-08-01_Honda_Goldwing_white_06.jpg;CC0;day
images/real/real_e67ad6847e.jpg;CE92377;type1b;1168.2,473.7,73.6,40.8;1168.2,487.2,1239.3,473.7,1241.8,502.0,1170.5,514.5;1;0;https://commons.wikimedia.org/wiki/File%3AMoscow%2C_Geely_Emgrand_taxi%2C_Oct_2025_01.jpg;CC0;day
images/real/real_599b7734af.jpg;T218OA124;type1;771.6,475.8,32.9,26.2;771.6,484.5,803.1,475.8,804.5,493.1,773.3,502.0;1;0;https://commons.wikimedia.org/wiki/File%3A%D0%90%D0%B2%D1%82%D0%BE%D0%B1%D1%83%D1%81_9.jpg;CC0;angle,day
images/real/real_85aed3f9d9.jpg;#3677MT;other;621.4,852.5,378.2,80.3;621.4,852.5,999.6,853.8,999.1,930.5,622.7,932.8;1;0;https://commons.wikimedia.org/wiki/File%3AMoscow_car_meet_2025-07-12_Cadillac_01.jpg;CC0;day
images/real/real_aee647901e.jpg;C100XA190;type1;795.6,913.1,37.6,10.7;795.8,913.1,832.7,913.9,833.2,923.8,795.6,923.0;1;0;https://commons.wikimedia.org/wiki/File%3AMoscow%2C_Borisa_Petrovskogo_Street%2C_MIG_plant_site%2C_April_2025_04.jpg;CC0;day
images/real/real_8e29caa1c0.jpg;PA15377;type1b;488.7,783.6,104.3,64.9;494.7,783.6,593.0,810.2,589.3,848.5,488.7,821.8;1;0;https://commons.wikimedia.org/wiki/File%3AFord_Transit_%D0%9C%D0%93%D0%A2_%D1%81%D0%BE%D1%86%D0%B8%D0%B0%D0%BB%D1%8C%D0%BD%D0%BE%D0%B5_%D1%82%D0%B0%D0%BA%D1%81%D0%B8_%D0%9E%D1%81%D1%82%D1%80%D0%BE%D0%B2_%D0%9C%D0%B5%D1%87%D1%82%D1%8B_01.jpg;CC BY-SA 4.0;angle,day
images/real/real_51f3d30346.jpg;P249HY799;type1;125.7,1232.9,30.8,7.9;125.7,1233.6,156.2,1232.9,156.5,1240.0,125.7,1240.8;1;0;https://commons.wikimedia.org/wiki/File%3AMoscow%2C_Nakhimovsky_58_%28Icube%29%2C_bus_Apr_2025_01.jpg;CC0;day
images/real/real_ceed640724.jpg;A878CY799;type1;274.5,562.0,52.7,16.3;274.5,566.5,326.3,562.0,327.2,573.4,275.2,578.3;1;0;https://commons.wikimedia.org/wiki/File%3AFord_Transit_%D0%9C%D0%93%D0%A2_%D1%81%D0%BE%D1%86%D0%B8%D0%B0%D0%BB%D1%8C%D0%BD%D0%BE%D0%B5_%D1%82%D0%B0%D0%BA%D1%81%D0%B8_%D0%9E%D1%81%D1%82%D1%80%D0%BE%D0%B2_%D0%9C%D0%B5%D1%87%D1%82%D1%8B_05.jpg;CC BY-SA 4.0;day
images/real/real_7cadb9d830.jpg;C762AO196;type1;1046.5,888.3,48.8,11.1;1046.7,888.4,1095.2,888.3,1095.3,899.4,1046.5,899.2;1;0;https://commons.wikimedia.org/wiki/File%3AYekaterinburg_trolleybus_160_2024-07_1720001100_Malysheva_Street_ZiU-9.tif;CC BY 4.0;day
images/real/real_f950c99cb2.jpg;X074OY55;type1;1488.8,385.0,50.4,12.8;1489.0,386.6,1539.2,385.0,1539.2,397.0,1488.8,397.8;1;0;https://commons.wikimedia.org/wiki/File%3AMoscow%2C_UMO_5_taxi%2C_Apr_2026_03.jpg;CC0;day
images/real/real_1d26fe2acb.jpg;T298YY799;type1;843.4,722.4,39.1,14.3;843.4,726.2,881.9,722.4,882.5,732.8,843.7,736.7;1;0;https://commons.wikimedia.org/wiki/File%3AAuto_Volvo_200_Series_Moscow_Kavkazsky_Boulevard_%D0%9D676%D0%9D%D0%9A97_2025-03_08097.JPG;CC BY 4.0;day
images/real/real_2b72ef8e6f.jpg;Y784TM797;type1;93.8,504.6,81.1,21.0;95.5,504.6,174.9,504.9,173.1,525.6,93.8,523.0;1;0;https://commons.wikimedia.org/wiki/File%3AMoscow%2C_Solaris_HC_%28Hyundai_Creta%29%2C_Belkacar%2C_Mar_2026_01.jpg;CC0;day
images/real/real_1249817fe5.jpg;K964HC777;type1;872.6,851.6,40.6,9.8;872.6,852.2,912.9,851.6,913.2,861.0,872.6,861.4;1;0;https://commons.wikimedia.org/wiki/File%3AMoscow_Retro_Tram_Parade_2019%2C_Shabolovka_Street_-_5395.jpg;CC BY-SA 3.0;day
images/real/real_2794c4a9d4.jpg;C533TY790;type1;724.2,823.5,44.0,12.1;724.2,824.7,768.2,823.5,768.2,835.0,724.4,835.6;1;0;https://commons.wikimedia.org/wiki/File%3ASetun%27_River_Valley_16.jpg;CC BY 4.0;day
images/real/real_20b52a6ed6.jpg;K472TX763;type1;1011.7,736.9,53.5,13.9;1011.7,738.8,1065.0,736.9,1065.2,748.9,1011.7,750.8;1;0;https://commons.wikimedia.org/wiki/File%3ASyzran_bus_PAZ-3205_%D0%BE208%D0%B2%D0%BD57_2023-09_1693667133.tif;CC BY-SA 4.0;day
images/real/real_b2d19203da.jpg;276APJ05;other;1198.0,733.0,48.5,28.8;1198.0,744.6,1244.7,733.0,1246.5,749.9,1200.4,761.8;1;0;https://commons.wikimedia.org/wiki/File%3A%D0%A2%D0%B0%D0%BB%D0%B3%D0%B0%D1%80%2C_%D0%B0%D0%B2%D1%82%D0%BE%D0%B1%D1%83%D1%81_%D0%BD%D0%B0_%D0%9A%D1%83%D0%BD%D0%B0%D0%B5%D0%B2%D0%B0.jpg;CC BY-SA 4.0;angle,day
images/real/real_d3d04a701e.jpg;Y959BC199;type1;155.0,833.4,59.6,16.0;155.6,833.4,214.6,835.1,214.5,849.4,155.0,847.0;1;0;https://commons.wikimedia.org/wiki/File%3AMoscow_bus_012219_2025-02_1738497092_Kantemirovskaya_Street_LiAZ-6213_265.tif;CC BY 4.0;day
images/real/real_441dfda78a.jpg;Y234XT799;type1;2.6,601.8,65.2,18.1;3.2,601.9,67.8,601.8,67.0,619.5,2.6,619.9;1;0;https://commons.wikimedia.org/wiki/File%3AMoscow%2C_MUL_electric_van%2C_Jetour_Dashing%2C_Feb_2026_04.jpg;CC0;day
images/real/real_b1e3c6d67a.jpg;M902KT14;type1;166.9,613.4,40.6,10.4;166.9,615.4,207.1,613.4,207.5,621.6,167.2,623.8;1;0;https://commons.wikimedia.org/wiki/File%3AVolgabus-5270.GH_%D0%BD%D0%B0_%D0%BF%D1%80%D0%BE%D1%81%D0%BF%D0%B5%D0%BA%D1%82%D0%B5_%D0%9B%D0%B5%D0%BD%D0%B8%D0%BD%D0%B0_%D0%B2_%D0%A7%D0%B5%D0%B1%D0%BE%D0%BA%D1%81%D0%B0%D1%80%D0%B0%D1%85.jpg;CC BY-SA 4.0;day
images/real/real_d30c95eab6.jpg;539FD02;other;117.3,655.6,57.5,17.3;117.4,655.6,174.5,656.1,174.8,672.5,117.3,672.9;1;0;https://commons.wikimedia.org/wiki/File%3A%D0%9C%D0%B5%D0%B4%D0%B5%D0%BE%2C_%D1%8D%D0%BB%D0%B5%D0%BA%D1%82%D1%80%D0%BE%D0%BC%D0%BE%D0%B1%D0%B8%D0%BB%D0%B8_%D0%BD%D0%B0_%D0%BF%D0%BB%D0%BE%D1%82%D0%B8%D0%BD%D0%B5.jpg;CC BY-SA 4.0;day
images/real/real_933f14cd6c.jpg;5442MH77;other;655.2,548.8,55.3,51.3;656.9,548.8,710.5,555.0,709.4,600.1,655.2,594.7;1;0;https://commons.wikimedia.org/wiki/File%3AMoscow%2C_Belarus_tractor_with_salt-spreader_trailer%2C_Feb_2026_01.jpg;CC0;day
images/real/real_44a1f4e539.jpg;P979YB152;type1;416.2,852.1,36.1,26.9;418.4,852.1,452.3,858.6,449.9,879.0,416.2,871.8;1;0;https://commons.wikimedia.org/wiki/File%3ANN_28-08-2021_01.jpg;CC BY-SA 4.0;day
images/real/real_9226e588b9.jpg;A871KO125;type1;251.3,828.3,41.7,9.6;252.0,828.4,293.0,828.3,292.7,837.9,251.3,837.8;1;0;https://commons.wikimedia.org/wiki/File%3ANakhodka_Sportivnaya_street_2022-08_1660713878.jpg;CC BY 4.0;day
images/real/real_c6920beba1.jpg;B092PT152;type1;505.2,929.9,48.3,12.4;505.6,931.0,553.5,929.9,553.3,941.8,505.2,942.3;1;0;https://commons.wikimedia.org/wiki/File%3AHauptverkehrszeit_-_panoramio.jpg;CC BY 3.0;day
images/real/real_87e177a693.jpg;C482CH198;type1;73.0,718.9,61.7,16.2;73.1,722.6,134.7,718.9,134.5,732.4,73.0,735.1;1;0;https://commons.wikimedia.org/wiki/File%3ASaint_Petersburg_bus_38393_2025-03_Moscow_Square_MAZ-206_154.JPG;CC BY 4.0;day,motion_blur
images/real/real_fbb6ac068c.jpg;H670KA197;type1;635.7,976.4,50.2,12.1;635.7,977.2,685.4,976.4,685.9,987.3,635.8,988.5;1;0;https://commons.wikimedia.org/wiki/File%3A%D0%9C%D1%8F%D1%87%D0%BA%D0%BE%D0%B2%D1%81%D0%BA%D0%B8%D0%B9_%D0%B1%D1%83%D0%BB%D1%8C%D0%B2%D0%B0%D1%80_%28%D0%9C%D0%BE%D1%81%D0%BA%D0%B2%D0%B0%29.jpg;CC BY-SA 3.0;day
images/real/real_128c2da06a.jpg;H038BM793;type1;1072.3,796.8,39.2,10.9;1072.6,798.2,1111.3,796.8,1111.5,806.2,1072.3,807.7;1;0;https://commons.wikimedia.org/wiki/File%3AMoscow_bus_1764052_2024-02_1707572979_Novocherkassky_Boulevard_MAZ-203.jpg;CC BY 4.0;day
images/real/real_c94e37727f.jpg;A191OB252;type1;1001.2,704.4,39.6,14.2;1001.2,708.8,1040.1,704.4,1040.8,714.1,1001.8,718.6;1;0;https://commons.wikimedia.org/wiki/File%3AArzamas_bus_531%D0%A3%D0%A0252_2026-08_1787323057_Sobornaya_Square_LiAZ-5256.jpg;CC BY 4.0;day
images/real/real_61a630dfc6.jpg;M035CM48;type1;1448.4,763.6,38.4,10.0;1448.6,764.2,1486.8,763.6,1486.8,773.3,1448.4,773.6;1;0;https://commons.wikimedia.org/wiki/File%3ALipetsk%2C_Lipetsk_Oblast%2C_Russia_-_panoramio_%2824%29.jpg;CC BY 3.0;day
images/real/real_0e1b29e5ad.jpg;E282AP790;type1;119.2,1399.4,33.5,8.3;119.2,1399.7,152.6,1399.4,152.7,1407.4,119.2,1407.7;1;0;https://commons.wikimedia.org/wiki/File%3AMoscow%2C_Bolshaya_Dorogomilovskaya_Street_-_City%2C_June_2025_03.jpg;CC0;day
images/real/real_a5a2d9316c.jpg;T142KB05;type1;1164.3,811.4,56.9,12.5;1164.9,811.7,1221.2,811.4,1221.0,823.6,1164.3,823.9;1;0;https://commons.wikimedia.org/wiki/File%3AMoscow%2C_Gagarina_Square_ambulance_June_2025_01.jpg;CC0;day,motion_blur
images/real/real_1fc0984c9b.jpg;X644PC799;type1;1404.2,880.5,61.2,14.1;1404.9,880.5,1465.4,881.2,1464.9,894.6,1404.2,894.0;1;0;https://commons.wikimedia.org/wiki/File%3AMoscow_bus_030131_2024-10_1st_Naprudnaya_Street_LiAZ-6213_158.JPG;CC BY 4.0;day,motion_blur
images/real/real_1d26fe2acb.jpg;T298YY799;type1;20.4,724.1,39.0,12.7;20.4,726.8,59.0,724.1,59.4,733.9,20.8,736.8;1;0;https://commons.wikimedia.org/wiki/File%3AAuto_Volvo_200_Series_Moscow_Kavkazsky_Boulevard_%D0%9D676%D0%9D%D0%9A97_2025-03_08097.JPG;CC BY 4.0;day,motion_blur
images/real/real_3d31e65005.jpg;C925XC777;type1;390.9,603.5,46.7,34.9;394.8,603.5,437.6,620.4,434.0,638.4,390.9,620.5;1;0;https://commons.wikimedia.org/wiki/File%3AMoscow%2C_ambulance_graveyard_May_2025_01.jpg;CC0;angle,day
images/real/real_23a72e6ee7.jpg;A111TA777;type1;322.2,699.4,58.5,13.7;322.5,699.5,380.7,699.4,380.7,713.1,322.2,712.7;1;0;https://commons.wikimedia.org/wiki/File%3AMoscow%2C_1st_Dobryninsky_and_1st_Lyusinovsky%2C_May_2022_01.jpg;CC0;day
images/real/real_bed1834630.jpg;C414MB790;type1;1488.7,398.4,52.7,12.8;1489.3,398.4,1541.4,399.0,1541.0,411.2,1488.7,410.9;1;0;https://commons.wikimedia.org/wiki/File%3AMoscow%2C_Yandex_self-driving_Hyundai_Sonata_%28Paveletskaya%29%2C_Aug_2025_01.jpg;CC0;day,motion_blur
images/real/real_06fe1bc594.jpg;K585TH790;type1;1323.6,802.3,44.0,11.7;1324.1,802.3,1367.6,802.7,1367.2,814.0,1323.6,812.9;1;0;https://commons.wikimedia.org/wiki/File%3AMoscow_bus_1320003_2024-10_Malygina_Street_MAZ-206_165.JPG;CC BY 4.0;day
images/real/real_2531c60976.jpg;08503A11;other;549.4,734.2,71.2,43.0;551.0,734.2,620.6,737.2,619.0,777.2,549.4,773.4;1;0;https://commons.wikimedia.org/wiki/File%3AMoscow%2C_Bakhrushina_23%2C_unknown_van%2C_Lexus_RX%2C_2023-06-17.jpg;CC0;day,dirt
images/real/real_e65c7e6c4b.jpg;M056KB197;type1;539.1,437.0,31.2,11.0;539.1,439.2,569.9,437.0,570.3,446.5,539.3,448.0;1;0;https://commons.wikimedia.org/wiki/File%3A20160803_104503_August_2016_in_Moscow.jpg;CC0;day
images/real/real_7318876ae1.jpg;A497AA177;type1;1164.8,399.5,52.4,14.7;1164.8,401.7,1217.0,399.5,1217.2,412.2,1164.9,414.2;1;0;https://commons.wikimedia.org/wiki/File%3AMoscow%2C_Exeed_RX%2C_May_2026_01.jpg;CC0;day,motion_blur
images/real/real_4d16107555.jpg;O015YT40;type1;337.1,830.8,60.8,14.7;337.4,831.9,397.8,830.8,397.9,844.8,337.1,845.5;1;0;https://commons.wikimedia.org/wiki/File%3AMoscow%2C_Nizhnye_Polya_Street%2C_27%D1%8123_water_tower%2C_June_2025_04.jpg;CC0;day
images/real/real_f7b3c98b0c.jpg;C767AM777;type1a;21.6,371.6,39.6,38.2;21.6,373.2,61.2,371.6,60.5,408.8,22.2,409.8;1;0;https://commons.wikimedia.org/wiki/File%3AMoscow%2C_Mercedes-Benz_SUV%2C_Apr_2026_04.jpg;CC0;day
images/real/real_6ab9079a15.jpg;463AAS01;other;665.9,874.6,56.6,13.2;666.1,876.5,722.5,874.6,722.5,886.1,665.9,887.8;1;0;https://commons.wikimedia.org/wiki/File%3AMangilik_El_avenue_in_Astana_%28July_2026%29_-_1.jpg;CC BY-SA 4.0;day
images/real/real_0823b47afa.jpg;P952CM47;type1;1247.9,228.6,52.5,14.3;1247.9,231.1,1299.7,228.6,1300.4,240.0,1248.2,242.9;1;0;https://commons.wikimedia.org/wiki/File%3A%D0%A1%D0%B0%D0%BD%D0%BA%D1%82-%D0%9F%D0%B5%D1%82%D0%B5%D1%80%D0%B1%D1%83%D1%80%D0%B3%2C_%D0%A2%D0%B5%D1%81%D0%BB%D0%B0_%D0%BD%D0%B0_%D0%9C%D0%B0%D0%BB%D0%BE%D0%B9_%D0%9F%D0%BE%D1%81%D0%B0%D0%B4%D1%81%D0%BA%D0%BE%D0%B9.jpg;CC BY-SA 4.0;day
images/real/real_7c231fe2bb.jpg;E734KB797;type1;1479.9,726.2,72.5,20.6;1481.1,726.2,1552.4,727.6,1551.8,746.8,1479.9,744.2;1;0;https://commons.wikimedia.org/wiki/File%3AMoscow%2C_Sadovnicheskaya_73_May_2022_11.jpg;CC0;day
images/real/real_8a03524cb1.jpg;Y744EX797;type1;489.6,1172.1,31.7,8.1;489.9,1172.1,521.3,1172.6,521.2,1180.2,489.6,1179.5;1;0;https://commons.wikimedia.org/wiki/File%3AMoscow%2C_former_ZIL_powerplant_demolition_April_2025_04.jpg;CC0;day
images/real/real_2794c4a9d4.jpg;X454XX150;type1;955.2,829.2,44.8,12.3;955.6,829.7,999.9,829.2,1000.0,841.1,955.2,841.5;1;0;https://commons.wikimedia.org/wiki/File%3ASetun%27_River_Valley_16.jpg;CC BY 4.0;day
images/real/real_389ba9c4ce.jpg;E634TM154;type1;393.7,750.5,73.2,17.9;394.7,750.6,466.9,750.5,466.5,768.4,393.7,767.7;1;0;https://commons.wikimedia.org/wiki/File%3A%D0%A3%D0%BB%D0%B8%D1%86%D0%B0_%D0%97%D0%B0%D0%BB%D0%B5%D1%81%D1%81%D0%BA%D0%BE%D0%B3%D0%BE%2C_%D0%9D%D0%BE%D0%B2%D0%BE%D1%81%D0%B8%D0%B1%D0%B8%D1%80%D1%81%D0%BA_08.jpg;CC BY-SA 4.0;day
images/real/real_57ea25c770.jpg;T051BM977;type1;1425.8,733.6,77.5,39.0;1426.2,733.6,1503.3,735.9,1502.9,772.6,1425.8,771.5;1;0;https://commons.wikimedia.org/wiki/File%3AMoscow%2C_Krzhizhanovskogo_street%2C_Yandex_robotaxi_Apr_2026_04.jpg;CC0;day
images/real/real_ac15643f0e.jpg;T115MA02;type1;14.6,786.1,34.1,13.6;14.6,787.8,48.3,786.1,48.7,798.1,15.4,799.7;1;0;https://commons.wikimedia.org/wiki/File%3AMoskvitch-2140_Ufa_2022-05.jpg;CC BY-SA 4.0;day,motion_blur
images/real/real_d9e1c01259.jpg;K791PK799;type1;1312.0,760.3,55.2,14.7;1312.0,762.5,1366.7,760.3,1367.2,772.3,1312.0,775.0;1;0;https://commons.wikimedia.org/wiki/File%3AMoscow_bus_1319005_2024-02_1707573114_Lyublinskaya_Street_NefAZ-5299-40.jpg;CC BY 4.0;day,motion_blur
images/real/real_ade83af5b5.jpg;M966PE77;type1;236.4,759.8,47.3,16.2;237.2,759.8,283.7,762.1,283.4,776.0,236.4,773.8;1;0;https://commons.wikimedia.org/wiki/File%3AFord_Fiesta_Mk_1_Moscow_2022_2.jpg;CC BY-SA 4.0;day
images/real/real_3e85aa4185.jpg;A922XT750;type1;1314.3,345.6,124.6,31.3;1315.4,345.6,1438.9,345.7,1438.5,376.9,1314.3,376.1;1;0;https://commons.wikimedia.org/wiki/File%3AMoscow%2C_Taganka%2C_cars_April_2025_04.jpg;CC0;day
images/real/real_b623d9fd7d.jpg;E937EX125;type1;557.7,809.6,46.0,10.9;558.0,811.0,603.7,809.6,603.7,819.4,557.7,820.5;1;0;https://commons.wikimedia.org/wiki/File%3AVladivostok_1st_Morskaya_street_2022-08.jpg;CC0;day
images/real/real_3962c809bf.jpg;K783EE07;type1;97.1,593.6,35.7,14.8;98.3,593.6,132.8,596.7,132.2,608.4,97.1,604.8;1;0;https://commons.wikimedia.org/wiki/File%3AMoscow%2C_east_end_of_Kozhevnicheskaya_Street_%2830302701353%29.jpg;CC BY 2.0;day
images/real/real_ee1844ced4.jpg;Y732YO799;type1;195.3,472.6,77.9,21.3;197.3,475.3,273.2,472.6,271.6,493.5,195.3,493.9;1;0;https://commons.wikimedia.org/wiki/File%3AMoscow%2C_Sharikopodshipnikovsky_overpass%2C_Scion_xB_%28XP30%29%2C_July_2025_03.jpg;CC0;angle,day
images/real/real_538075aaf0.jpg;X641AX977;type1;1099.7,669.8,104.2,54.4;1099.7,683.1,1202.3,669.8,1203.9,713.1,1101.2,724.2;1;0;https://commons.wikimedia.org/wiki/File%3AMoscow_car_meet_2025-07-12_Soviet_row_04.jpg;CC0;day
images/real/real_994d0d2297.jpg;Y058HA72;type1;315.5,486.5,56.5,27.3;318.0,486.5,372.0,494.0,370.0,513.8,315.5,505.4;1;0;https://commons.wikimedia.org/wiki/File%3AHipodromo_en_Tjumeno_01.jpg;CC BY 4.0;day
images/real/real_c941d11bb8.jpg;A401BE77;type1;1269.2,422.8,108.7,29.6;1271.3,425.9,1377.9,422.8,1376.6,450.9,1269.2,452.4;1;0;https://commons.wikimedia.org/wiki/File%3AMoscow%2C_Honda_Freed_Spike_hybrid_silver%2C_Sept_2025_02.jpg;CC0;day
images/real/real_b3250ff79b.jpg;H732HT777;type1;1433.4,386.0,40.3,10.5;1434.1,386.0,1473.7,387.0,1473.4,396.5,1433.4,395.6;1;0;https://commons.wikimedia.org/wiki/File%3A2026-05-16_Moscow_motorcycle_parade%2C_group_26.jpg;CC0;day
images/real/real_958cfbad6d.jpg;B273TT790;type1;1209.7,757.7,55.3,12.4;1210.1,757.7,1265.0,758.0,1264.4,770.1,1209.7,769.2;1;0;https://commons.wikimedia.org/wiki/File%3ARamenskoye_bus_%D0%9A860%D0%90%D0%9C550_2024-12_1735653817_Mikhalevich_street_GAZelle_City.JPG;CC BY 4.0;day,motion_blur
images/real/real_e21856fb87.jpg;E031EX799;type1;1175.7,440.3,48.2,20.3;1175.7,445.5,1222.8,440.3,1223.9,455.5,1176.0,460.6;1;0;https://commons.wikimedia.org/wiki/File%3AMoscow_car_meet_2025-07-12_M-408_01.jpg;CC0;day
images/real/real_6959da7291.jpg;P257OE797;type1;504.0,606.5,43.8,9.8;504.2,606.5,547.8,606.8,547.8,616.3,504.0,616.1;1;0;https://commons.wikimedia.org/wiki/File%3AMoscow%2C_Krestyanskaya_Square%2C_Sany_truck_with_Specpricep_trailer%2C_June_2026_03.jpg;CC0;day
images/real/real_ceb32b94da.jpg;T770PY71;type1;358.2,421.1,64.2,21.8;359.0,424.3,422.4,421.1,422.2,440.9,358.2,442.9;1;0;https://commons.wikimedia.org/wiki/File%3AMoscow_car_meet_2025-07-12_orange_Chevrolet_02.jpg;CC0;day
images/real/real_a99e2a7418.jpg;2099KO7;other;276.5,694.6,58.2,47.4;281.0,694.6,334.7,711.1,330.3,742.0,276.5,723.2;0;0;https://commons.wikimedia.org/wiki/File%3A2025.05.21_Vintage_automobiles_in_Sluck%2C_Minsk_Region%2C_Belarus_01.jpg;CC BY-SA 4.0;angle,day
images/real/real_48c3cb5aea.jpg;M753TA67;type1;159.5,788.2,105.2,44.2;163.7,788.2,264.7,796.0,261.5,832.4,159.5,822.4;1;0;https://commons.wikimedia.org/wiki/File%3AMoscow%2C_Kadashevskaya_Embankment%2C_taxi%2C_Aug_2025_03.jpg;CC0;day
images/real/real_4a7202d3fc.jpg;Y730HK69;type1;909.8,692.9,51.2,11.6;909.9,693.2,961.0,692.9,960.9,704.5,909.8,704.2;1;0;https://commons.wikimedia.org/wiki/File%3AMoscow_bus_163093_2024-11_1731232618_Pererva_Street_NefAZ-5299-40.tif;CC BY 4.0;day
images/real/real_c19487f3ce.jpg;A104CK77;type1;90.9,703.7,51.4,12.1;91.1,703.7,142.3,703.9,141.5,715.8,90.9,715.1;1;0;https://commons.wikimedia.org/wiki/File%3AMoscow%2C_Kozhevnicheskaya_Street%2C_bus_on_route_913%2C_Aug_2025_03.jpg;CC0;day
images/real/real_8e88b5d43d.jpg;A070PC777;type1;20.3,599.5,46.3,11.4;21.1,599.5,66.6,599.5,66.2,610.9,20.3,610.1;1;0;https://commons.wikimedia.org/wiki/File%3ASAZ_LE60_%D0%9C%D0%A2%D0%90_%D0%BD%D0%B0_%D1%81%D1%8A%D0%B5%D0%B7%D0%B4%D0%B5_%D0%BD%D0%B0_%D0%9C%D0%B8%D0%BD%D1%81%D0%BA%D1%83%D1%8E_%D1%83%D0%BB%D0%B8%D1%86%D1%83_%D0%BC%D0%B0%D1%80%D1%88%D1%80%D1%83%D1%82_%D0%9C%D0%9E_139_%D1%81%D0%B7%D0%B0%D0%B4%D0%B8.jpg;CC BY-SA 4.0;day
images/real/real_9f426ab62c.jpg;K964HC777;type1;875.8,849.0,40.1,9.2;875.9,849.1,915.6,849.0,915.9,858.2,875.8,858.1;1;0;https://commons.wikimedia.org/wiki/File%3AMoscow_Retro_Tram_Parade_2019%2C_Shabolovka_Street_-_5396.jpg;CC BY-SA 3.0;day
images/real/real_d9e3d6c962.jpg;K949HK977;type1;1425.7,724.6,42.6,9.8;1426.0,724.9,1468.3,724.6,1468.1,734.2,1425.7,734.4;1;0;https://commons.wikimedia.org/wiki/File%3A2026-06-27_Moscow_electric_vehicle_parade%2C_display_45_police%2C_Kamaz-52222.jpg;CC0;day,dirt
images/real/real_98bbf5c59c.jpg;A740KM977;type1;63.6,240.6,82.0,24.2;65.1,240.6,145.6,245.0,143.8,264.8,63.6,259.1;1;0;https://commons.wikimedia.org/wiki/File%3AMoscow%2C_Tagaz_Vortex_Estina_%28Chery_A5%29_decrepit_Sept_2026_02.jpg;CC0;day,glare,motion_blur
images/real/real_3076c7159a.jpg;H230CH46;type1;24.1,628.2,39.1,26.5;25.5,628.2,63.2,631.2,62.3,654.7,24.1,651.5;1;0;https://commons.wikimedia.org/wiki/File%3AMoscow%2C_Kia_K5_taxi%2C_Apr_2026_01.jpg;CC0;day
images/real/real_884360f81f.jpg;O477EX32;type1;1030.2,542.3,35.2,8.9;1030.5,542.8,1065.3,542.3,1065.4,550.8,1030.2,551.2;1;0;https://commons.wikimedia.org/wiki/File%3APAZ_Vector_Next_at_the_Bryansk-2_stop.jpg;CC0;day,motion_blur
images/real/real_0e1b29e5ad.jpg;P352YC790;type1;611.6,1445.1,35.2,9.6;612.0,1445.1,646.8,1446.3,646.1,1454.7,611.6,1453.4;1;0;https://commons.wikimedia.org/wiki/File%3AMoscow%2C_Bolshaya_Dorogomilovskaya_Street_-_City%2C_June_2025_03.jpg;CC0;day
images/real/real_c30d1396e0.jpg;014AEK02;other;661.3,233.1,49.1,12.2;661.6,233.8,710.1,233.1,710.4,244.8,661.3,245.3;1;0;https://commons.wikimedia.org/wiki/File%3A%D0%90%D0%BB%D0%BC%D0%B0%D1%82%D1%8B%2C_Porsche_911_%D1%83_Globus_%D0%BD%D0%B0_%D0%90%D0%B1%D0%B0%D1%8F.jpg;CC BY-SA 4.0;day
images/real/real_8c3f6e6b57.jpg;2154BX5;other;1499.9,385.0,35.9,9.2;1500.1,385.0,1535.6,385.3,1535.8,394.2,1499.9,393.6;1;0;https://commons.wikimedia.org/wiki/File%3AGAZ-21_%283rd_series%29_%22Volga%22_in_Minsk.jpg;CC BY-SA 2.0;day
